target_name,volatility_window,threshold_multiplier,down_share,flat_share,up_share,median_flat_boundary,median_flat_boundary_percent,flat_share_block_min,flat_share_block_max,flat_share_block_range,flat_share_by_block,decision_threshold,stage1_roc_auc,stage1_average_precision,stage1_brier_score,stage1_balanced_accuracy,stage1_macro_f1,stage1_flat_precision,stage1_flat_recall,stage1_flat_f1,stage1_move_f1,stage1_roc_auc_fold_mean,stage1_roc_auc_fold_std,stage1_flat_f1_fold_mean,stage1_flat_f1_fold_std,fold_metrics,oof_rows,neighbor_roc_auc_mean,neighbor_roc_auc_min
flat_90d_k800,90,0.8,0.16403691574873475,0.6448347722536469,0.19112831199761834,0.0071530304155903585,0.7153030415590358,0.6235119047619048,0.6666666666666666,0.04315476190476186,"[0.6235119047619048, 0.6339285714285714, 0.6339285714285714, 0.6666666666666666, 0.6661698956780924]",0.5261221826076508,0.662263136038439,0.5042288872250281,0.22559769716789937,0.62132841698648,0.6231010984278933,0.7343108504398826,0.7615571776155717,0.7476858763810093,0.49851632047477745,0.6680003911795328,0.024561036442434986,0.7471760685380149,0.012045362145540608,"[{'roc_auc': 0.6425037387836491, 'average_precision': 0.4816042455213754, 'balanced_accuracy': 0.5840135842472582, 'flat_f1': 0.7579831932773109, 'flat_recall': 0.8290441176470589}, {'roc_auc': 0.660320616532253, 'average_precision': 0.5266794731028084, 'balanced_accuracy': 0.6378058269214144, 'flat_f1': 0.7303689687795648, 'flat_recall': 0.7174721189591078}, {'roc_auc': 0.7011768182226961, 'average_precision': 0.5455159278898664, 'balanced_accuracy': 0.6435853128974652, 'flat_f1': 0.7531760435571688, 'flat_recall': 0.7384341637010676}]",2517,0.6540515540692615,0.6458399721000841
flat_60d_k800,60,0.8,0.16969336111938077,0.6305448050014886,0.19976183387913068,0.006970306593241588,0.6970306593241588,0.6101190476190477,0.6423248882265276,0.032205840607479885,"[0.6101190476190477, 0.6309523809523809, 0.6279761904761905, 0.6413690476190477, 0.6423248882265276]",0.4926213026046753,0.6593123189593922,0.5051646517660753,0.22712637226210358,0.6292117560255779,0.623523957322409,0.7407407407407407,0.6728971962616822,0.7051909892262488,0.5418569254185692,0.6663740497054156,0.03324743215859256,0.7002520017524039,0.04912889918400448,"[{'roc_auc': 0.6239563820417076, 'average_precision': 0.4671106263980404, 'balanced_accuracy': 0.6040299470282475, 'flat_f1': 0.745374449339207, 'flat_recall': 0.7818853974121996}, {'roc_auc': 0.6700146246540242, 'average_precision': 0.5556819942064801, 'balanced_accuracy': 0.6333623409115632, 'flat_f1': 0.723444976076555, 'flat_recall': 0.7241379310344828}, {'roc_auc': 0.7051511424205151, 'average_precision': 0.5518847733128626, 'balanced_accuracy': 0.6530029694236337, 'flat_f1': 0.6319365798414496, 'flat_recall': 0.514760147601476}]",2517,0.6573560966347909,0.6553998743101895
flat_60d_k775,60,0.775,0.17505209883894016,0.6189342066091098,0.20601369455194998,0.006752484512202788,0.6752484512202789,0.5952380952380952,0.6348733233979136,0.03963522815981835,"[0.5952380952380952, 0.6190476190476191, 0.6116071428571429, 0.6339285714285714, 0.6348733233979136]",0.5320824682712555,0.6553998743101895,0.5155470115952135,0.23087447753445461,0.6218945041725781,0.6230930599046274,0.7143734643734644,0.7379441624365483,0.7259675405742821,0.5202185792349727,0.6604520209444856,0.03610428975742403,0.7252159825457895,0.015521217567626375,"[{'roc_auc': 0.6175558312655087, 'average_precision': 0.479357165981497, 'balanced_accuracy': 0.5900081496618499, 'flat_f1': 0.7450302506482281, 'flat_recall': 0.8178368121442126}, {'roc_auc': 0.6579164277522935, 'average_precision': 0.5414150517789184, 'balanced_accuracy': 0.6152791714449541, 'flat_f1': 0.7071290944123314, 'flat_recall': 0.716796875}, {'roc_auc': 0.7058838038156546, 'average_precision': 0.5632591545312792, 'balanced_accuracy': 0.6626987063277714, 'flat_f1': 0.7234886025768087, 'flat_recall': 0.6797020484171322}]",2517,0.6555968177563049,0.6520782599993329
flat_60d_k750,60,0.75,0.17922000595415302,0.6073236082167311,0.2134563858291158,0.006534662431163988,0.6534662431163988,0.5818452380952381,0.6294642857142857,0.04761904761904756,"[0.5818452380952381, 0.6056547619047619, 0.5982142857142857, 0.6294642857142857, 0.6214605067064084]",0.5217037200927734,0.6520782599993329,0.5290055161176345,0.230269583423077,0.6194852720418988,0.6208929532006455,0.7033846153846154,0.7374193548387097,0.72,0.521785906401291,0.6556119274500346,0.03947944873761558,0.7195777399297972,0.008768977998348823,"[{'roc_auc': 0.6060889368332735, 'average_precision': 0.49802992643747274, 'balanced_accuracy': 0.5880978065444085, 'flat_f1': 0.7319223985890653, 'flat_recall': 0.8058252427184466}, {'roc_auc': 0.6580452934319767, 'average_precision': 0.545750578412217, 'balanced_accuracy': 0.6143338011751552, 'flat_f1': 0.7123809523809523, 'flat_recall': 0.7362204724409449}, {'roc_auc': 0.7027015520848537, 'average_precision': 0.5704585806250728, 'balanced_accuracy': 0.6595813263270569, 'flat_f1': 0.7144298688193743, 'flat_recall': 0.6717267552182163}]",2517,0.6508396681493179,0.6450408701384311
flat_90d_k700,90,0.7,0.18576957427805896,0.591247395058053,0.22298303066388805,0.006258901613641564,0.6258901613641563,0.5654761904761905,0.6205357142857143,0.055059523809523836,"[0.5654761904761905, 0.5863095238095238, 0.5714285714285714, 0.6205357142857143, 0.6125186289120715]",0.5120611488819122,0.648652580688482,0.5425464001875135,0.23106022992506162,0.616006232834689,0.617211262709655,0.6887914840325611,0.7270323859881032,0.707395498392283,0.527027027027027,0.6498679116309845,0.0543570852385389,0.7077088145041922,0.025262815293193464,"[{'roc_auc': 0.5920821079734023, 'average_precision': 0.49838505338892425, 'balanced_accuracy': 0.5692343124402084, 'flat_f1': 0.6737044145873321, 'flat_recall': 0.7005988023952096}, {'roc_auc': 0.6348559191405745, 'average_precision': 0.5477368393556227, 'balanced_accuracy': 0.6060721051454929, 'flat_f1': 0.715219421101774, 'flat_recall': 0.7706237424547284}, {'roc_auc': 0.7226657077789764, 'average_precision': 0.6171131403101455, 'balanced_accuracy': 0.6763274601462304, 'flat_f1': 0.7342026078234705, 'flat_recall': 0.7106796116504854}]",2517,0.6421970541020049,0.6378099262252322
flat_90d_k775,90,0.775,0.16880023816612086,0.6296516820482286,0.20154807978565048,0.00692949821510316,0.692949821510316,0.6086309523809523,0.65424739195231,0.045616439571357636,"[0.6086309523809523, 0.6175595238095238, 0.6160714285714286, 0.6517857142857143, 0.65424739195231]",0.5308249592781067,0.6458399721000841,0.5039382123584724,0.23177984281644015,0.6135889002099332,0.6147284396272203,0.7182587666263603,0.7392657125077785,0.7286108555657773,0.5008460236886633,0.6460596457740042,0.04270947958246638,0.7284550784679631,0.019748547298974878,"[{'roc_auc': 0.5955850966522349, 'average_precision': 0.4659781989750317, 'balanced_accuracy': 0.5803524605158851, 'flat_f1': 0.7176258992805755, 'flat_recall': 0.7542533081285444}, {'roc_auc': 0.6425673295351013, 'average_precision': 0.5202230237870762, 'balanced_accuracy': 0.6120549326400953, 'flat_f1': 0.7115749525616698, 'flat_recall': 0.7129277566539924}, {'roc_auc': 0.7000265111346765, 'average_precision': 0.5567289418904278, 'balanced_accuracy': 0.6502613240418118, 'flat_f1': 0.7561643835616438, 'flat_recall': 0.75}]",2517,0.6497625622372123,0.6411845785731136
flat_60d_k725,60,0.725,0.1845787436737124,0.5933313486156594,0.22208990771062817,0.006316840350125188,0.6316840350125188,0.5639880952380952,0.6205357142857143,0.05654761904761907,"[0.5639880952380952, 0.59375, 0.5758928571428571, 0.6205357142857143, 0.6125186289120715]",0.5102098882198334,0.6450408701384311,0.5347104212468552,0.23069761052060403,0.6163760711931443,0.6175954841706367,0.6904315196998124,0.7277521423862887,0.7086007702182285,0.5265901981230449,0.6496762555292509,0.03442173752287733,0.7079325275201563,0.012640046798992888,"[{'roc_auc': 0.6037156456318133, 'average_precision': 0.5072652339550345, 'balanced_accuracy': 0.5900299991732512, 'flat_f1': 0.7207207207207207, 'flat_recall': 0.7984031936127745}, {'roc_auc': 0.6587640886125146, 'average_precision': 0.5597381147430993, 'balanced_accuracy': 0.6226813412005794, 'flat_f1': 0.7123552123552124, 'flat_recall': 0.7409638554216867}, {'roc_auc': 0.6865490323434249, 'average_precision': 0.5686993075263492, 'balanced_accuracy': 0.6411160827048678, 'flat_f1': 0.6907216494845361, 'flat_recall': 0.6467181467181468}]",2517,0.6449039166210497,0.6375926197253852
flat_90d_k750,90,0.75,0.17415897588568027,0.6177433760047634,0.20809764810955642,0.006705966014615961,0.670596601461596,0.5967261904761905,0.6443452380952381,0.04761904761904767,"[0.5967261904761905, 0.6086309523809523, 0.5967261904761905, 0.6443452380952381, 0.6423248882265276]",0.5189135372638702,0.6411845785731136,0.5153478558645346,0.23295491700313603,0.6125649580426651,0.6125166915720868,0.7101080737444374,0.7092063492063492,0.7096569250317663,0.5153764581124072,0.6441662016359792,0.04218840123774492,0.7097066799738946,0.009669377293363816,"[{'roc_auc': 0.5959898483262969, 'average_precision': 0.4800913453115915, 'balanced_accuracy': 0.5877596555166649, 'flat_f1': 0.7079482439926063, 'flat_recall': 0.7393822393822393}, {'roc_auc': 0.6377737117162368, 'average_precision': 0.5324057481946389, 'balanced_accuracy': 0.6058939953838243, 'flat_f1': 0.6988416988416989, 'flat_recall': 0.7056530214424951}, {'roc_auc': 0.6987350448654038, 'average_precision': 0.5670377289871095, 'balanced_accuracy': 0.6486914257228316, 'flat_f1': 0.7223300970873786, 'flat_recall': 0.6838235294117647}]",2517,0.6423844020218326,0.6401286553923001
flat_90d_k725,90,0.725,0.17892229830306638,0.6064304852634713,0.21464721643346235,0.006482433814128762,0.6482433814128762,0.5803571428571429,0.6354166666666666,0.055059523809523725,"[0.5803571428571429, 0.6011904761904762, 0.5877976190476191, 0.6354166666666666, 0.6274217585692996]",0.5385101437568665,0.6401286553923001,0.5236669627748869,0.23319233763680788,0.6075212946165768,0.6090987341372311,0.6887755102040817,0.7833655705996132,0.7330316742081447,0.4851657940663176,0.6422046404278157,0.043284859275739544,0.7331325930779546,0.01750307274550981,"[{'roc_auc': 0.5911395735418985, 'average_precision': 0.4829010686879592, 'balanced_accuracy': 0.5793599540774226, 'flat_f1': 0.7119565217391305, 'flat_recall': 0.7660818713450293}, {'roc_auc': 0.6385029854651854, 'average_precision': 0.53642148160041, 'balanced_accuracy': 0.5978810333753598, 'flat_f1': 0.732620320855615, 'flat_recall': 0.8090551181102362}, {'roc_auc': 0.6969713622763631, 'average_precision': 0.5871059794046046, 'balanced_accuracy': 0.6482536484093546, 'flat_f1': 0.7548209366391184, 'flat_recall': 0.7754716981132076}]",2517,0.6433219382179652,0.6401286553923001
flat_40d_k775,40,0.775,0.1780291753498065,0.6117892229830306,0.21018160166716285,0.006593273352426877,0.6593273352426877,0.5922619047619048,0.6235119047619048,0.03125,"[0.5922619047619048, 0.6175595238095238, 0.6056547619047619, 0.6235119047619048, 0.6199701937406855]",0.5337785482406616,0.6379418887818455,0.5021519352893962,0.2387289659444072,0.6082711143224149,0.6073088311446895,0.7033618984838497,0.6852922286448297,0.6942094990240729,0.5204081632653061,0.637965126874026,0.04425291706755227,0.6940417549426022,0.010343133429367182,"[{'roc_auc': 0.5755785774869744, 'average_precision': 0.4525774728317645, 'balanced_accuracy': 0.5724312371258936, 'flat_f1': 0.6968576709796673, 'flat_recall': 0.7194656488549618}, {'roc_auc': 0.6648665668591526, 'average_precision': 0.5557366207031937, 'balanced_accuracy': 0.615013307668544, 'flat_f1': 0.6802030456852792, 'flat_recall': 0.6607495069033531}, {'roc_auc': 0.6734502362759509, 'average_precision': 0.5323022664583696, 'balanced_accuracy': 0.6361745162113243, 'flat_f1': 0.70506454816286, 'flat_recall': 0.6749049429657795}]",2517,0.6351488037313441,0.633684800670062
flat_90d_k675,90,0.675,0.19231914260196487,0.5757665972015481,0.23191426019648706,0.006035369413154365,0.6035369413154366,0.5461309523809523,0.6071428571428571,0.06101190476190477,"[0.5491071428571429, 0.5773809523809523, 0.5461309523809523, 0.6071428571428571, 0.5991058122205664]",0.5223957896232605,0.6378099262252322,0.5465964571855438,0.2348040201742847,0.6050480622252634,0.6058861740832544,0.6654228855721394,0.7259158751696065,0.6943543153796237,0.5174180327868853,0.6379023511734364,0.05756422180581345,0.6944366145503275,0.032772700734657115,"[{'roc_auc': 0.5844047507933545, 'average_precision': 0.5100470173331269, 'balanced_accuracy': 0.5666446938585028, 'flat_f1': 0.6653734238603298, 'flat_recall': 0.704312114989733}, {'roc_auc': 0.6115101642316678, 'average_precision': 0.5414039777114632, 'balanced_accuracy': 0.5850854864767484, 'flat_f1': 0.6777020447906524, 'flat_recall': 0.7219917012448133}, {'roc_auc': 0.7177921384952867, 'average_precision': 0.6209345100928101, 'balanced_accuracy': 0.665666686429122, 'flat_f1': 0.740234375, 'flat_recall': 0.7504950495049505}]",2517,0.6400639920663947,0.6337294692854698
flat_60d_k700,60,0.7,0.1878535278356654,0.5835069961298005,0.22863947603453408,0.006099018269086389,0.6099018269086389,0.5535714285714286,0.6130952380952381,0.059523809523809534,"[0.5535714285714286, 0.5863095238095238, 0.5639880952380952, 0.6130952380952381, 0.6005961251862891]",0.5240474343299866,0.6375926197253852,0.5374425160986818,0.23315477611377508,0.6114834723501339,0.6123148169422553,0.672737955346651,0.7669122572002679,0.7167449139280125,0.5078847199564981,0.6404245934879057,0.03815423345732922,0.7170255563920458,0.009158758056424167,"[{'roc_auc': 0.5884116646130376, 'average_precision': 0.5041611711568446, 'balanced_accuracy': 0.577345537757437, 'flat_f1': 0.7071622846781505, 'flat_recall': 0.7894736842105263}, {'roc_auc': 0.6539968422899246, 'average_precision': 0.5598936397693854, 'balanced_accuracy': 0.6075609613472897, 'flat_f1': 0.7146866230121609, 'flat_recall': 0.7795918367346939}, {'roc_auc': 0.678865273560755, 'average_precision': 0.5728225372840374, 'balanced_accuracy': 0.6527683514913378, 'flat_f1': 0.729227761485826, 'flat_recall': 0.7328094302554028}]",2517,0.639021760634768,0.6344317920404877
flat_30d_k750,30,0.75,0.1863649895802322,0.591247395058053,0.2223876153617148,0.006235184791880274,0.6235184791880275,0.5714285714285714,0.6130952380952381,0.04166666666666674,"[0.5714285714285714, 0.59375, 0.5863095238095238, 0.6130952380952381, 0.5916542473919523]",0.5389819741249084,0.6359942217653848,0.5140695995212881,0.23623212441036712,0.5984488410670018,0.5994589433481858,0.6719706242350061,0.7281167108753316,0.6989178866963718,0.5,0.638670972926889,0.0447573836792945,0.6985014764659457,0.012963391691096414,"[{'roc_auc': 0.575384377747677, 'average_precision': 0.4608805287585157, 'balanced_accuracy': 0.5630599320358356, 'flat_f1': 0.6923783287419651, 'flat_recall': 0.7435897435897436}, {'roc_auc': 0.6693446088794925, 'average_precision': 0.568508129390916, 'balanced_accuracy': 0.6012215175005873, 'flat_f1': 0.716528162511542, 'flat_recall': 0.7838383838383839}, {'roc_auc': 0.6712839321534975, 'average_precision': 0.5510784011586141, 'balanced_accuracy': 0.6323546867025127, 'flat_f1': 0.6865979381443299, 'flat_recall': 0.658102766798419}]",2517,0.6336893751599111,0.6325334254215642
flat_60d_k675,60,0.675,0.19470080381065794,0.567728490622209,0.23757070556713308,0.00588119618804759,0.5881196188047589,0.5416666666666666,0.5952380952380952,0.0535714285714286,"[0.5416666666666666, 0.5669642857142857, 0.5491071428571429, 0.5952380952380952, 0.5856929955290611]",0.5310050845146179,0.6344317920404877,0.5518180341869608,0.23537322384590223,0.6038957514287265,0.6036180007360313,0.6522781774580336,0.7508626639061422,0.6981071543150466,0.5091288471570161,0.6388221969100722,0.041222024467852066,0.6985010389470466,0.011911961615353357,"[{'roc_auc': 0.5868578836493274, 'average_precision': 0.5260301154182697, 'balanced_accuracy': 0.5673223834988541, 'flat_f1': 0.6834264432029795, 'flat_recall': 0.7710084033613446}, {'roc_auc': 0.6419206134102413, 'average_precision': 0.5617806792413673, 'balanced_accuracy': 0.5981184196810174, 'flat_f1': 0.6995260663507109, 'flat_recall': 0.7735849056603774}, {'roc_auc': 0.687688093670648, 'average_precision': 0.5978372745961296, 'balanced_accuracy': 0.6507570770243581, 'flat_f1': 0.7125506072874493, 'flat_recall': 0.7096774193548387}]",2517,0.6328961899588573,0.626664158110699
flat_90d_k625,90,0.625,0.20273891038999703,0.5519499851146175,0.24531110449538554,0.005588305012179967,0.5588305012179967,0.5193452380952381,0.5877976190476191,0.06845238095238093,"[0.5193452380952381, 0.5595238095238095, 0.5193452380952381, 0.5877976190476191, 0.5737704918032787]",0.5392613112926483,0.634146153727736,0.5649519261523847,0.23731465500998333,0.6022202466170969,0.6016569929613408,0.6407407407407407,0.7330508474576272,0.6837944664031621,0.5195195195195195,0.632847461988383,0.05918001943718637,0.6818435431420129,0.05246378213457276,"[{'roc_auc': 0.5830632183908047, 'average_precision': 0.5379823198561123, 'balanced_accuracy': 0.5692471264367817, 'flat_f1': 0.65748031496063, 'flat_recall': 0.7198275862068966}, {'roc_auc': 0.5994767408429648, 'average_precision': 0.5352163205749123, 'balanced_accuracy': 0.5715341268472198, 'flat_f1': 0.6333333333333333, 'flat_recall': 0.6537634408602151}, {'roc_auc': 0.7160024267313795, 'average_precision': 0.6413430826164115, 'balanced_accuracy': 0.6649389817061788, 'flat_f1': 0.7547169811320755, 'flat_recall': 0.8213552361396304}]",2517,0.6332388359568446,0.631840884857328
flat_40d_k750,40,0.75,0.1816016671628461,0.600178624590652,0.21821970824650194,0.006380587115251816,0.6380587115251816,0.5773809523809523,0.6145833333333334,0.03720238095238104,"[0.5773809523809523, 0.6026785714285714, 0.5982142857142857, 0.6145833333333334, 0.6080476900149031]",0.5411104261875153,0.6338197217421248,0.5117829690941889,0.23997802620228298,0.6058257345491388,0.6062305265910692,0.6896329684481648,0.7,0.69477781381771,0.5176832393644285,0.6339624824356975,0.045284785768735146,0.6947165720767591,0.0028519907714672395,"[{'roc_auc': 0.5700319305421017, 'average_precision': 0.4630410545915098, 'balanced_accuracy': 0.5750606919480022, 'flat_f1': 0.6969416126042632, 'flat_recall': 0.732943469785575}, {'roc_auc': 0.6626519174041298, 'average_precision': 0.5607801605227616, 'balanced_accuracy': 0.6178613569321534, 'flat_f1': 0.6906906906906907, 'flat_recall': 0.69}, {'roc_auc': 0.6692035993608612, 'average_precision': 0.5481168568435666, 'balanced_accuracy': 0.6242055816523902, 'flat_f1': 0.6965174129353234, 'flat_recall': 0.6769825918762089}]",2517,0.634942362627973,0.6330654773599488
flat_90d_k650,90,0.65,0.1979755879726109,0.5653468294135159,0.23667758261387317,0.005811837212667166,0.5811837212667166,0.5342261904761905,0.5967261904761905,0.0625,"[0.5372023809523809, 0.5729166666666666, 0.5342261904761905, 0.5967261904761905, 0.5856929955290611]",0.5390617251396179,0.6337294692854698,0.5529039900367291,0.23602977599689853,0.6024872601386045,0.6013216390348239,0.6487119437939111,0.7657221838286109,0.7023771790808241,0.5002660989888238,0.6321241571803818,0.06165598099153443,0.7026591144699991,0.028203182246617962,"[{'roc_auc': 0.5743807879089929, 'average_precision': 0.514847089591677, 'balanced_accuracy': 0.569457805491487, 'flat_f1': 0.6816901408450704, 'flat_recall': 0.7594142259414226}, {'roc_auc': 0.6044143301100984, 'average_precision': 0.5353432751038807, 'balanced_accuracy': 0.5800032347878326, 'flat_f1': 0.6837606837606838, 'flat_recall': 0.7610993657505285}, {'roc_auc': 0.717577353522054, 'average_precision': 0.6262115057372417, 'balanced_accuracy': 0.6606995908962663, 'flat_f1': 0.742526518804243, 'flat_recall': 0.7762096774193549}]",2517,0.6352285164128126,0.6337294692854698
flat_40d_k800,40,0.8,0.17415897588568027,0.6225066984221495,0.20333432569217028,0.006805959589601937,0.6805959589601938,0.6101190476190477,0.6304023845007451,0.020283336881697478,"[0.6101190476190477, 0.6264880952380952, 0.6160714285714286, 0.6294642857142857, 0.6304023845007451]",0.5322557389736176,0.633684800670062,0.48409702432293267,0.2395742752821971,0.6075074638963565,0.6044265056988125,0.7134146341463414,0.6664556962025316,0.6891361256544503,0.5197168857431749,0.6336247920740757,0.03753655995529516,0.6875222612073016,0.023745064398656545,"[{'roc_auc': 0.5812128039969631, 'average_precision': 0.43739818398778957, 'balanced_accuracy': 0.5814026107614313, 'flat_f1': 0.7204301075268817, 'flat_recall': 0.7556390977443609}, {'roc_auc': 0.6525350593311757, 'average_precision': 0.530459245243893, 'balanced_accuracy': 0.6155399736305885, 'flat_f1': 0.6768603465851172, 'flat_recall': 0.6446601941747573}, {'roc_auc': 0.6671265128940882, 'average_precision': 0.5146726747073286, 'balanced_accuracy': 0.6244129296496586, 'flat_f1': 0.6652763295099061, 'flat_recall': 0.5984990619136961}]",2517,0.6358133447259537,0.633684800670062
flat_40d_k700,40,0.7,0.19648704971717773,0.5695147365287287,0.2339982137540935,0.005955214640901695,0.5955214640901695,0.5431547619047619,0.5907738095238095,0.04761904761904767,"[0.5431547619047619, 0.5714285714285714, 0.5580357142857143, 0.5907738095238095, 0.5842026825633383]",0.5459618270397186,0.6335890481508175,0.5363477189005831,0.23843935543473624,0.5994541285531463,0.6000722230247002,0.6561696658097687,0.702200825309491,0.6784053156146179,0.5217391304347826,0.6349337238397833,0.04168267798303487,0.6783115012354871,0.005870490710266881,"[{'roc_auc': 0.5765077708188355, 'average_precision': 0.5031666460644, 'balanced_accuracy': 0.5789057063326375, 'flat_f1': 0.6831588962892483, 'flat_recall': 0.7494780793319415}, {'roc_auc': 0.6573662522860384, 'average_precision': 0.5766485636433657, 'balanced_accuracy': 0.6000821816329838, 'flat_f1': 0.6700507614213198, 'flat_recall': 0.6932773109243697}, {'roc_auc': 0.6709271484144761, 'average_precision': 0.5603220238276111, 'balanced_accuracy': 0.6223712130142638, 'flat_f1': 0.6817248459958932, 'flat_recall': 0.6653306613226453}]",2517,0.6313424485612003,0.6273728201728346
flat_40d_k725,40,0.725,0.188151235486752,0.5864840726406668,0.22536469187258112,0.006167900878076755,0.6167900878076755,0.5595238095238095,0.6011904761904762,0.04166666666666663,"[0.5595238095238095, 0.5907738095238095, 0.5818452380952381, 0.6011904761904762, 0.5991058122205664]",0.545228511095047,0.6330654773599488,0.518958634415795,0.2407709361955826,0.6025109041612637,0.6028590362586387,0.6765285996055227,0.687374749498998,0.6819085487077535,0.5238095238095238,0.6344071227694457,0.04685971017708209,0.6821405377590001,0.00826528602050526,"[{'roc_auc': 0.5689644980907231, 'average_precision': 0.47004152251786807, 'balanced_accuracy': 0.561767765732323, 'flat_f1': 0.670487106017192, 'flat_recall': 0.6992031872509961}, {'roc_auc': 0.6580898614829473, 'average_precision': 0.5719813134991283, 'balanced_accuracy': 0.6163106739611222, 'flat_f1': 0.6887550200803213, 'flat_recall': 0.7086776859504132}, {'roc_auc': 0.6761670087346666, 'average_precision': 0.5540852154645584, 'balanced_accuracy': 0.6311423082430433, 'flat_f1': 0.6871794871794872, 'flat_recall': 0.6555772994129159}]",2517,0.6334914157509637,0.6330654773599488
flat_30d_k775,30,0.775,0.18070854420958618,0.6043465317058648,0.21494492408454896,0.006443024284942951,0.6443024284942951,0.5848214285714286,0.6279761904761905,0.04315476190476186,"[0.5848214285714286, 0.6086309523809523, 0.5982142857142857, 0.6279761904761905, 0.6020864381520119]",0.5534566044807434,0.6325404782927841,0.5049650729323508,0.23785118857086957,0.5989540669780109,0.6002789804906152,0.6820058997050148,0.7501622323166774,0.7144622991347342,0.4860956618464961,0.6325948042594272,0.04534570029265562,0.714512084485524,0.0037011636390310103,"[{'roc_auc': 0.5685994701348748, 'average_precision': 0.4508746588079975, 'balanced_accuracy': 0.5640805635838151, 'flat_f1': 0.7105966162065895, 'flat_recall': 0.7687861271676301}, {'roc_auc': 0.6681697203013236, 'average_precision': 0.5546659387246653, 'balanced_accuracy': 0.6095862740904446, 'flat_f1': 0.7194780987884436, 'flat_recall': 0.7613412228796844}, {'roc_auc': 0.6610152223420832, 'average_precision': 0.5450853340331449, 'balanced_accuracy': 0.6225398537696272, 'flat_f1': 0.7134615384615385, 'flat_recall': 0.7203883495145631}]",2517,0.6322027287305109,0.6280734861333637
flat_30d_k725,30,0.725,0.19023518904435843,0.5802322119678476,0.229532598987794,0.006027345298817599,0.6027345298817599,0.5580357142857143,0.6041666666666666,0.04613095238095233,"[0.5580357142857143, 0.5863095238095238, 0.5744047619047619, 0.6041666666666666, 0.5782414307004471]",0.5319147706031799,0.6325334254215642,0.5215434227846361,0.23734062654753482,0.5998540488415127,0.6005398599446048,0.6666666666666666,0.6972972972972973,0.6816380449141347,0.5194416749750748,0.6350748331644488,0.04189227765305239,0.6806094717586553,0.02906025856975781,"[{'roc_auc': 0.5758880770000118, 'average_precision': 0.4792044835209748, 'balanced_accuracy': 0.561900643627849, 'flat_f1': 0.6627906976744186, 'flat_recall': 0.6881287726358148}, {'roc_auc': 0.6669354367513878, 'average_precision': 0.5701765795109203, 'balanced_accuracy': 0.6238562664329536, 'flat_f1': 0.7215909090909091, 'flat_recall': 0.7791411042944786}, {'roc_auc': 0.6624009857419468, 'average_precision': 0.5508173399372618, 'balanced_accuracy': 0.6142023117995659, 'flat_f1': 0.6574468085106383, 'flat_recall': 0.6255060728744939}]",2517,0.6315769666765103,0.6262032528425817
flat_90d_k600,90,0.6,0.2072045251562965,0.5385531408157189,0.2542423340279845,0.005364772811692769,0.5364772811692768,0.5,0.5758928571428571,0.0758928571428571,"[0.5, 0.5491071428571429, 0.5089285714285714, 0.5758928571428571, 0.5588673621460507]",0.5140579044818878,0.631840884857328,0.5753448024489747,0.23741476097508313,0.6027261503298318,0.6028654799669363,0.6410256410256411,0.6502890173410405,0.6456241032998565,0.560106856634016,0.6302998243241874,0.05866621970035509,0.6440723776753542,0.05158237712735584,"[{'roc_auc': 0.5768452115430807, 'average_precision': 0.54447803480397, 'balanced_accuracy': 0.5649527044802067, 'flat_f1': 0.6105717367853291, 'flat_recall': 0.6247240618101545}, {'roc_auc': 0.602076777847703, 'average_precision': 0.5592572137271551, 'balanced_accuracy': 0.5778763087133131, 'flat_f1': 0.6047032474804032, 'flat_recall': 0.5947136563876652}, {'roc_auc': 0.7119774835817784, 'average_precision': 0.6487469317725552, 'balanced_accuracy': 0.664836628560177, 'flat_f1': 0.7169421487603306, 'flat_recall': 0.7274633123689728}]",2517,0.6310187101944493,0.627069091998284
flat_30d_k675,30,0.675,0.2024412027389104,0.5567133075320035,0.24084548972908604,0.0056116663126922475,0.5611666312692247,0.5327380952380952,0.5818452380952381,0.049107142857142905,"[0.5327380952380952, 0.5610119047619048, 0.5535714285714286, 0.5818452380952381, 0.5543964232488823]",0.4986240565776825,0.6317016960468371,0.5454160370300329,0.23796786571555004,0.6033731559823847,0.5977461847183869,0.6714165968147527,0.5640845070422535,0.6130884041331802,0.5824039653035935,0.6322162191584605,0.04361964572335181,0.6136007804249624,0.022097802407459982,"[{'roc_auc': 0.5709169468223986, 'average_precision': 0.4999324406699202, 'balanced_accuracy': 0.5506186531729803, 'flat_f1': 0.5849889624724062, 'flat_recall': 0.5602536997885835}, {'roc_auc': 0.6568817390301563, 'average_precision': 0.5779546844727182, 'balanced_accuracy': 0.6218330162025024, 'flat_f1': 0.6170212765957447, 'flat_recall': 0.5553191489361702}, {'roc_auc': 0.6688499716228268, 'average_precision': 0.5878778493412532, 'balanced_accuracy': 0.6377074718834335, 'flat_f1': 0.6387921022067363, 'flat_recall': 0.5765199161425576}]",2517,0.6297645270909324,0.6262032528425817
flat_20d_k725,20,0.725,0.19231914260196487,0.5727895206906818,0.23489133670735338,0.006137406952932107,0.6137406952932107,0.5550595238095238,0.6026785714285714,0.04761904761904756,"[0.5565476190476191, 0.5788690476190477, 0.5550595238095238, 0.6026785714285714, 0.5707898658718331]",0.5590028166770935,0.6315827622135503,0.5304063235928351,0.23954924384527634,0.6003154910982973,0.6005644488389641,0.6535867565910485,0.7326460481099656,0.6908619572261827,0.5102669404517454,0.6329869147727575,0.04418328788016903,0.6909044316050738,0.004363826852667303,"[{'roc_auc': 0.5708121059855304, 'average_precision': 0.4962196706510166, 'balanced_accuracy': 0.574772605671482, 'flat_f1': 0.6884939195509823, 'flat_recall': 0.7619047619047619}, {'roc_auc': 0.669456164208422, 'average_precision': 0.5602942589873974, 'balanced_accuracy': 0.6082208817136814, 'flat_f1': 0.6871896722939425, 'flat_recall': 0.7178423236514523}, {'roc_auc': 0.6586924741243202, 'average_precision': 0.5641073458679564, 'balanced_accuracy': 0.6184959943862931, 'flat_f1': 0.697029702970297, 'flat_recall': 0.7183673469387755}]",2517,0.6266306247727083,0.6235234669877615
flat_30d_k650,30,0.65,0.20958618636498957,0.5391485561178923,0.2512652575171182,0.005403826819629572,0.5403826819629572,0.5148809523809523,0.5669642857142857,0.05208333333333337,"[0.5148809523809523, 0.5461309523809523, 0.5327380952380952, 0.5669642857142857, 0.5350223546944859]",0.5034075677394867,0.6313886323833785,0.5596428612737936,0.23780128986126575,0.5996449609934724,0.5976444203335203,0.6460674157303371,0.5854545454545454,0.6142693628386112,0.5810194778284293,0.6313732003526319,0.03825334720980868,0.6144294136252587,0.02272347832062944,"[{'roc_auc': 0.5782708404999427, 'average_precision': 0.5208469932034765, 'balanced_accuracy': 0.5544174979933494, 'flat_f1': 0.5936473165388828, 'flat_recall': 0.5904139433551199}, {'roc_auc': 0.6489755036630038, 'average_precision': 0.5798897323347856, 'balanced_accuracy': 0.6102564102564103, 'flat_f1': 0.6035928143712574, 'flat_recall': 0.5538461538461539}, {'roc_auc': 0.6668732568949489, 'average_precision': 0.6024955104044692, 'balanced_accuracy': 0.6338991610141285, 'flat_f1': 0.6460481099656358, 'flat_recall': 0.6117136659436009}]",2517,0.6268874436041149,0.617572002382129
flat_40d_k625,40,0.625,0.21434950878237571,0.5275379577255136,0.2581125334921108,0.005317155929376514,0.5317155929376514,0.5029761904761905,0.5610119047619048,0.0580357142857143,"[0.5029761904761905, 0.5282738095238095, 0.5089285714285714, 0.5610119047619048, 0.5365126676602087]",0.5344111323356628,0.6289885519425161,0.5789230896111286,0.23945313089091572,0.5954807194616978,0.5955138369234747,0.622501850481125,0.6257440476190477,0.6241187384044526,0.5669089354424968,0.629625744113668,0.029292206416603597,0.6230008106247089,0.017146457502268408,"[{'roc_auc': 0.5899259681093394, 'average_precision': 0.5623516389220516, 'balanced_accuracy': 0.5724088838268793, 'flat_f1': 0.6416243654822334, 'flat_recall': 0.7198177676537585}, {'roc_auc': 0.6392288826783779, 'average_precision': 0.5848294852208511, 'balanced_accuracy': 0.6057719728511949, 'flat_f1': 0.6002400960384153, 'flat_recall': 0.5617977528089888}, {'roc_auc': 0.6597223815532867, 'average_precision': 0.6041194222826154, 'balanced_accuracy': 0.6115779511299759, 'flat_f1': 0.6271379703534777, 'flat_recall': 0.5978260869565217}]",2517,0.6257347323699035,0.6219496005290035
flat_90d_k375,90,0.375,0.2741887466507889,0.3813635010419768,0.3444477523072343,0.0033529830073079805,0.335298300730798,0.33482142857142855,0.41220238095238093,0.07738095238095238,"[0.3601190476190476, 0.3913690476190476, 0.33482142857142855, 0.41220238095238093, 0.4083457526080477]",0.4843064248561859,0.6285951757375715,0.7137418412798955,0.23336862739259284,0.5834848140574111,0.5843667265250321,0.5022779043280182,0.450920245398773,0.47521551724137934,0.6935179358086847,0.6285891885611266,0.03289374027718515,0.46828310495670156,0.07020374789535702,"[{'roc_auc': 0.5921293990451779, 'average_precision': 0.70115633373629, 'balanced_accuracy': 0.544382220386545, 'flat_f1': 0.3705103969754253, 'flat_recall': 0.31309904153354634}, {'roc_auc': 0.621798890764408, 'average_precision': 0.7144039671058493, 'balanced_accuracy': 0.587005666747046, 'flat_f1': 0.5022288261515602, 'flat_recall': 0.5297805642633229}, {'roc_auc': 0.6718392758737938, 'average_precision': 0.7421196974489801, 'balanced_accuracy': 0.6155424497883666, 'flat_f1': 0.5321100917431193, 'flat_recall': 0.5028901734104047}]",2517,0.6280076972893696,0.6270209153877495
flat_90d_k400,90,0.4,0.2670437630247097,0.40190532896695447,0.3310509080083358,0.0035765152077951792,0.3576515207795179,0.3541666666666667,0.44494047619047616,0.09077380952380948,"[0.38244047619047616, 0.4017857142857143, 0.3541666666666667, 0.44494047619047616, 0.4262295081967213]",0.5246753394603729,0.6284070007427878,0.6980513006832583,0.23406799651140567,0.5929767386000342,0.5851141066977659,0.4972889233152595,0.6226964112512124,0.5529715762273901,0.6172566371681416,0.626621499439184,0.04103394119694832,0.5481830605793595,0.058995688957228364,"[{'roc_auc': 0.581535502675841, 'average_precision': 0.6818077471409976, 'balanced_accuracy': 0.5568138379204892, 'flat_f1': 0.48226950354609927, 'flat_recall': 0.5198776758409785}, {'roc_auc': 0.6175240779891943, 'average_precision': 0.6868008511241573, 'balanced_accuracy': 0.5823702137655626, 'flat_f1': 0.5368421052631579, 'flat_recall': 0.5930232558139535}, {'roc_auc': 0.6808049176525168, 'average_precision': 0.7369801638935998, 'balanced_accuracy': 0.6331825562514498, 'flat_f1': 0.6254375729288215, 'flat_recall': 0.7444444444444445}]",2517,0.6257622786237212,0.6202846593908047
flat_30d_k800,30,0.8,0.1753498064900268,0.6159571300982435,0.2086930634117297,0.006650863778005627,0.6650863778005627,0.6056547619047619,0.6354166666666666,0.029761904761904767,"[0.6056547619047619, 0.6175595238095238, 0.6116071428571429, 0.6354166666666666, 0.6095380029806259]",0.5319236814975739,0.6280734861333637,0.4901556292023246,0.24026399000744814,0.6050981759189118,0.6022482463786776,0.7059629883481837,0.6594110115236875,0.681893412777226,0.5226030799801291,0.6287274943666188,0.045431323197268086,0.6819775956717026,0.022636553547526778,"[{'roc_auc': 0.5647497725204732, 'average_precision': 0.4352731449809698, 'balanced_accuracy': 0.5540764331210191, 'flat_f1': 0.6536964980544747, 'flat_recall': 0.64}, {'roc_auc': 0.6658296733626131, 'average_precision': 0.5328977743674612, 'balanced_accuracy': 0.6294129646962825, 'flat_f1': 0.7091087169441724, 'flat_recall': 0.7015503875968992}, {'roc_auc': 0.6556030372167699, 'average_precision': 0.5344642121604481, 'balanced_accuracy': 0.6315111239874938, 'flat_f1': 0.6831275720164609, 'flat_recall': 0.6372360844529751}]",2517,0.6303069822130739,0.6280734861333637
flat_40d_k550,40,0.55,0.23012801428996726,0.48228639476034535,0.2875855909496874,0.004679097217851332,0.4679097217851332,0.4538690476190476,0.5238095238095238,0.06994047619047622,"[0.4642857142857143, 0.4895833333333333, 0.4538690476190476, 0.5238095238095238, 0.4798807749627422]",0.4922892898321152,0.6278312102152263,0.6197833429935322,0.23771400445059299,0.5948333809255464,0.5944686348704926,0.592788038698329,0.5488599348534202,0.5699788583509514,0.6189584113900337,0.628742636983288,0.03311323591945249,0.5704124532784368,0.013463249285325017,"[{'roc_auc': 0.5915780727115442, 'average_precision': 0.5994734943773716, 'balanced_accuracy': 0.5638417146629635, 'flat_f1': 0.5547445255474452, 'flat_recall': 0.56575682382134}, {'roc_auc': 0.6226505202114958, 'average_precision': 0.6024720373537084, 'balanced_accuracy': 0.5959605435215192, 'flat_f1': 0.5688775510204082, 'flat_recall': 0.5439024390243903}, {'roc_auc': 0.6719993180268242, 'average_precision': 0.6652421350910116, 'balanced_accuracy': 0.6259860195498977, 'flat_f1': 0.5876152832674572, 'flat_recall': 0.5373493975903615}]",2517,0.6251937662312802,0.6223397000789266
flat_40d_k675,40,0.675,0.20273891038999703,0.5546293539743972,0.24263173563560583,0.005742528403726635,0.5742528403726634,0.53125,0.5833333333333334,0.05208333333333337,"[0.53125, 0.5535714285714286, 0.5386904761904762, 0.5833333333333334, 0.5663189269746647]",0.5503402352333069,0.6273728201728346,0.5470252162113549,0.2396545025478909,0.5955927706486488,0.5950655753572263,0.6356830941983781,0.7206506364922206,0.6755054690089493,0.5146256817055033,0.6284317627777255,0.03639332950674667,0.6752973361642084,0.018501079841889645,"[{'roc_auc': 0.5779261063370249, 'average_precision': 0.5174011929587843, 'balanced_accuracy': 0.5653893433206195, 'flat_f1': 0.6641000962463908, 'flat_recall': 0.7451403887688985}, {'roc_auc': 0.6451058003198749, 'average_precision': 0.5730902056623279, 'balanced_accuracy': 0.602863339815209, 'flat_f1': 0.6604166666666667, 'flat_recall': 0.6802575107296137}, {'roc_auc': 0.662263381676277, 'average_precision': 0.5741022018970057, 'balanced_accuracy': 0.6194536664919332, 'flat_f1': 0.7013752455795678, 'flat_recall': 0.7360824742268042}]",2517,0.6290759709872811,0.6262660446381911
flat_90d_k575,90,0.575,0.21405180113128908,0.5242631735635606,0.26168502530515036,0.00514124061120557,0.514124061120557,0.48660714285714285,0.5639880952380952,0.07738095238095238,"[0.48660714285714285, 0.5297619047619048, 0.49851190476190477, 0.5639880952380952, 0.5424739195230999]",0.5137738883495331,0.627069091998284,0.588505177022686,0.2379313921770244,0.5966657190070896,0.5967838078397965,0.6225736879942487,0.642433234421365,0.6323475721066083,0.5612200435729847,0.6265729248181571,0.05633336549275235,0.6316440550761065,0.045986756482895116,"[{'roc_auc': 0.5729038505354295, 'average_precision': 0.5599735170397486, 'balanced_accuracy': 0.5501281613123719, 'flat_f1': 0.5987124463519313, 'flat_recall': 0.634090909090909}, {'roc_auc': 0.6024182969257971, 'average_precision': 0.5634462936167057, 'balanced_accuracy': 0.5824530884617578, 'flat_f1': 0.5995423340961098, 'flat_recall': 0.5887640449438202}, {'roc_auc': 0.7043966269932448, 'average_precision': 0.6627527339585075, 'balanced_accuracy': 0.6581527733100501, 'flat_f1': 0.6966773847802786, 'flat_recall': 0.7019438444924406}]",2517,0.6275180409598032,0.6236441460237978
flat_90d_k350,90,0.35,0.28252456088121464,0.36111938076808575,0.3563560583506996,0.003129450806820782,0.31294508068207816,0.3169642857142857,0.38748137108792846,0.07051708537364276,"[0.34375, 0.37202380952380953, 0.3169642857142857, 0.3854166666666667, 0.38748137108792846]",0.4861241728067398,0.6270209153877495,0.7274323935047873,0.23344795807806984,0.5855714382724433,0.5862542584236441,0.4807692307692308,0.4594594594594595,0.46987285793255945,0.7026356589147287,0.6273651713649983,0.02974024573880763,0.4665526127836914,0.05258667506210567,"[{'roc_auc': 0.59459912780946, 'average_precision': 0.7154068452863439, 'balanced_accuracy': 0.5500608793966728, 'flat_f1': 0.3926605504587156, 'flat_recall': 0.3602693602693603}, {'roc_auc': 0.6209115314516527, 'average_precision': 0.7283310486518056, 'balanced_accuracy': 0.5896569134525393, 'flat_f1': 0.4962178517397882, 'flat_recall': 0.5412541254125413}, {'roc_auc': 0.6665848548338821, 'average_precision': 0.7496706340049548, 'balanced_accuracy': 0.6163005088296917, 'flat_f1': 0.5107794361525705, 'flat_recall': 0.47384615384615386}]",2517,0.6245164702177245,0.6179333195278526
flat_60d_k625,60,0.625,0.20928847871390294,0.5385531408157189,0.2521583804703781,0.00544555202596999,0.5445552025969991,0.5119047619047619,0.5625,0.05059523809523814,"[0.5148809523809523, 0.5491071428571429, 0.5119047619047619, 0.5625, 0.5543964232488823]",0.5262005627155304,0.626983844067883,0.5712422641834044,0.2389264654030915,0.5980018332972615,0.5981973488356114,0.6310611384399156,0.6545189504373178,0.6425760286225403,0.5538186690486825,0.6266667441957086,0.048161528365618336,0.6408534714726303,0.04524754021162812,"[{'roc_auc': 0.583241865038531, 'average_precision': 0.5523846797381462, 'balanced_accuracy': 0.5684440099700441, 'flat_f1': 0.6500994035785288, 'flat_recall': 0.7234513274336283}, {'roc_auc': 0.6029368123088161, 'average_precision': 0.5568715285225406, 'balanced_accuracy': 0.571733894900242, 'flat_f1': 0.5813953488372093, 'flat_recall': 0.5592841163310962}, {'roc_auc': 0.6938215552397786, 'average_precision': 0.6204196678943412, 'balanced_accuracy': 0.6548972377222473, 'flat_f1': 0.6910656620021528, 'flat_recall': 0.678646934460888}]",2517,0.6256218910501263,0.6232176709717969
flat_60d_k375,60,0.375,0.28252456088121464,0.36766894909199166,0.3498064900267937,0.003267331215581994,0.3267331215581994,0.3273809523809524,0.40327380952380953,0.07589285714285715,"[0.3586309523809524, 0.37351190476190477, 0.3273809523809524, 0.40327380952380953, 0.37555886736214605]",0.5102015733718872,0.6266903130949719,0.7229698310968266,0.23106993273363505,0.5939183283533549,0.5921143785444767,0.47952047952047955,0.5161290322580645,0.4971517348524081,0.6870770222365453,0.6248957793731068,0.022116532798593668,0.4972500743563762,0.02428601966277859,"[{'roc_auc': 0.5941191913888159, 'average_precision': 0.7211693028454341, 'balanced_accuracy': 0.5682437585167961, 'flat_f1': 0.46296296296296297, 'flat_recall': 0.5119453924914675}, {'roc_auc': 0.6354557446087566, 'average_precision': 0.7154509781259724, 'balanced_accuracy': 0.6091015804632476, 'flat_f1': 0.5126582278481012, 'flat_recall': 0.5126582278481012}, {'roc_auc': 0.6451124021217479, 'average_precision': 0.7342511190610794, 'balanced_accuracy': 0.6053115866199978, 'flat_f1': 0.5161290322580645, 'flat_recall': 0.5233644859813084}]",2517,0.6231652945729714,0.6186662122244944
flat_60d_k650,60,0.65,0.2024412027389104,0.5519499851146175,0.24560881214647218,0.00566337410700879,0.5663374107008791,0.5252976190476191,0.5744047619047619,0.049107142857142794,"[0.53125, 0.5580357142857143, 0.5252976190476191, 0.5744047619047619, 0.5707898658718331]",0.49415989220142365,0.626664158110699,0.5594566197905044,0.23814868393286298,0.5988511837568442,0.5959423859973529,0.656,0.584045584045584,0.6179351921627732,0.5739495798319327,0.6276844530348861,0.04304706999495995,0.6123237957274604,0.06138166277395087,"[{'roc_auc': 0.5895196757265724, 'average_precision': 0.5425631058458326, 'balanced_accuracy': 0.5792225016362947, 'flat_f1': 0.6613704071499503, 'flat_recall': 0.7207792207792207}, {'roc_auc': 0.6056917557794359, 'average_precision': 0.5462572117356082, 'balanced_accuracy': 0.5731011243681876, 'flat_f1': 0.5257731958762887, 'flat_recall': 0.44541484716157204}, {'roc_auc': 0.6878419275986498, 'average_precision': 0.6100602132048256, 'balanced_accuracy': 0.6458764986613899, 'flat_f1': 0.6498277841561424, 'flat_recall': 0.5847107438016529}]",2517,0.6293599314063565,0.626664158110699
flat_40d_k650,40,0.65,0.20928847871390294,0.541827924977672,0.24888359630842513,0.005529842166551574,0.5529842166551574,0.5178571428571429,0.5714285714285714,0.05357142857142849,"[0.5178571428571429, 0.5476190476190477, 0.5252976190476191, 0.5714285714285714, 0.5469448584202683]",0.52357017993927,0.6262660446381911,0.5592232257506098,0.23943868028764814,0.5913053038124737,0.5913123094551362,0.6307023895727734,0.631159420289855,0.6309308221658819,0.5516937967443907,0.6275278683778195,0.0380072576806775,0.630770498111646,0.014982921381837187,"[{'roc_auc': 0.5772239017910311, 'average_precision': 0.5255028345647869, 'balanced_accuracy': 0.5605389125555402, 'flat_f1': 0.6326530612244898, 'flat_recall': 0.6798245614035088}, {'roc_auc': 0.6362798314323668, 'average_precision': 0.5788528602168808, 'balanced_accuracy': 0.591091796069809, 'flat_f1': 0.6115515288788222, 'flat_recall': 0.5921052631578947}, {'roc_auc': 0.6690798719100606, 'average_precision': 0.5979621400670281, 'balanced_accuracy': 0.6235658995092958, 'flat_f1': 0.6481069042316259, 'flat_recall': 0.6217948717948718}]",2517,0.6275424722511806,0.6262660446381911
flat_30d_k700,30,0.7,0.19470080381065794,0.5707055671330753,0.23459362905626674,0.005819505805754923,0.5819505805754923,0.5505952380952381,0.5952380952380952,0.044642857142857095,"[0.5505952380952381, 0.5729166666666666, 0.5639880952380952, 0.5952380952380952, 0.5707898658718331]",0.5290510654449463,0.6262032528425817,0.5275129380425225,0.23817648815606454,0.5898255178241228,0.5903079294480332,0.649869109947644,0.6829436038514443,0.6659959758551308,0.5146198830409356,0.6288327986946803,0.044039446873323854,0.6655708292289932,0.014543436477814824,"[{'roc_auc': 0.5667587637999977, 'average_precision': 0.4834024502007606, 'balanced_accuracy': 0.5558178575175743, 'flat_f1': 0.6595949855351977, 'flat_recall': 0.7037037037037037}, {'roc_auc': 0.6554743678960798, 'average_precision': 0.5690968278237744, 'balanced_accuracy': 0.5986778009742519, 'flat_f1': 0.6856023506366308, 'flat_recall': 0.7306889352818372}, {'roc_auc': 0.6642652643879637, 'average_precision': 0.5639441999438394, 'balanced_accuracy': 0.6163423897166228, 'flat_f1': 0.6515151515151515, 'flat_recall': 0.6155419222903885}]",2517,0.6301461247703277,0.6262032528425817
flat_40d_k525,40,0.525,0.23548675200952665,0.4676987198571003,0.296814528133373,0.004466410980676272,0.44664109806762714,0.43898809523809523,0.5089285714285714,0.06994047619047616,"[0.45535714285714285, 0.46875, 0.43898809523809523, 0.5089285714285714, 0.46646795827123694]",0.5083342492580414,0.6254103883996879,0.6322537623849779,0.2377029127149291,0.5910808921134496,0.5910886517545659,0.5686604886267902,0.567703952901598,0.5681818181818182,0.6139954853273137,0.6259013710482227,0.03524724758625509,0.5683444926385065,0.022581463565282373,"[{'roc_auc': 0.5850690274394079, 'average_precision': 0.610562679716818, 'balanced_accuracy': 0.5631197886284871, 'flat_f1': 0.5452292441140025, 'flat_recall': 0.5699481865284974}, {'roc_auc': 0.621556838497364, 'average_precision': 0.6164972542714552, 'balanced_accuracy': 0.5892773773329234, 'flat_f1': 0.5608194622279129, 'flat_recall': 0.5461346633416458}, {'roc_auc': 0.6710782472078965, 'average_precision': 0.674649306459685, 'balanced_accuracy': 0.6219076243496476, 'flat_f1': 0.5989847715736041, 'flat_recall': 0.5870646766169154}]",2517,0.6257723148550866,0.6240753459503459
flat_60d_k575,60,0.575,0.220601369455195,0.5099732063114022,0.2694254242334028,0.005009907863892391,0.5009907863892391,0.4806547619047619,0.5446428571428571,0.06398809523809518,"[0.4851190476190476, 0.5282738095238095, 0.4806547619047619, 0.5446428571428571, 0.511177347242921]",0.5204364955425262,0.6251548656903596,0.5940664197360463,0.23931522043611644,0.6021942888061815,0.6022042656599079,0.6153256704980843,0.617217524980784,0.6162701458173446,0.5881383855024712,0.6242981066132541,0.052201464306253276,0.6115521403257652,0.061724929296781555,"[{'roc_auc': 0.5722135632942353, 'average_precision': 0.5657047244575365, 'balanced_accuracy': 0.5759479630029921, 'flat_f1': 0.6378600823045267, 'flat_recall': 0.7159353348729792}, {'roc_auc': 0.6050315538120417, 'average_precision': 0.566393832191403, 'balanced_accuracy': 0.5733441355392574, 'flat_f1': 0.5263157894736842, 'flat_recall': 0.4662004662004662}, {'roc_auc': 0.6956492027334852, 'average_precision': 0.6576060555377583, 'balanced_accuracy': 0.6562129840546698, 'flat_f1': 0.6704805491990846, 'flat_recall': 0.6674259681093394}]",2517,0.6239878410053027,0.6232176709717969
flat_20d_k700,20,0.7,0.19857100327478416,0.5584995534385234,0.24292944328669247,0.005925772230417206,0.5925772230417207,0.5372023809523809,0.59375,0.05654761904761907,"[0.5446428571428571, 0.5669642857142857, 0.5372023809523809, 0.59375, 0.5499254843517138]",0.5456635653972626,0.624785645116813,0.5404987541687322,0.2402466191807772,0.5952255135218331,0.5955455556818512,0.6402116402116402,0.6840989399293286,0.6614280833618039,0.5296630280018985,0.625571366249699,0.03771067008901209,0.6610260406583612,0.008645777567622867,"[{'roc_auc': 0.5734244363720232, 'average_precision': 0.5101498640620035, 'balanced_accuracy': 0.570754771377501, 'flat_f1': 0.6698748796920115, 'flat_recall': 0.7404255319148936}, {'roc_auc': 0.6613229113748672, 'average_precision': 0.5687200241031374, 'balanced_accuracy': 0.61237761511107, 'flat_f1': 0.6492942453854506, 'flat_recall': 0.6334745762711864}, {'roc_auc': 0.6419667510022067, 'average_precision': 0.571377562819863, 'balanced_accuracy': 0.6029846694162364, 'flat_f1': 0.6639089968976215, 'flat_recall': 0.678646934460888}]",2517,0.6263799333921368,0.6227713928460469
flat_90d_k525,90,0.525,0.22387615361714797,0.49598094671033044,0.2801428996725216,0.004694176210231173,0.4694176210231173,0.4568452380952381,0.5357142857142857,0.07886904761904762,"[0.4568452380952381, 0.5104166666666666, 0.4642857142857143, 0.5357142857142857, 0.5126676602086438]",0.508092850446701,0.6246877202377494,0.6027507792080434,0.23854969302810394,0.5992418137865358,0.5991259435836314,0.6075745366639806,0.5909090909090909,0.5991259435836314,0.5991259435836314,0.6241135714923872,0.05719020965922226,0.5992212009730451,0.035736993242852746,"[{'roc_auc': 0.5797106390716811, 'average_precision': 0.5828381155433434, 'balanced_accuracy': 0.5688027776830669, 'flat_f1': 0.585812356979405, 'flat_recall': 0.6139088729016786}, {'roc_auc': 0.587771337652006, 'average_precision': 0.5740172459730144, 'balanced_accuracy': 0.5756534833503807, 'flat_f1': 0.5637254901960784, 'flat_recall': 0.548926014319809}, {'roc_auc': 0.7048587377534746, 'average_precision': 0.6700252863643288, 'balanced_accuracy': 0.6554226475279107, 'flat_f1': 0.6481257557436517, 'flat_recall': 0.6090909090909091}]",2517,0.6229979039127457,0.6206618454766898
flat_60d_k350,60,0.35,0.2893718368562072,0.34950878237570704,0.36111938076808575,0.0030495091345431945,0.30495091345431946,0.31398809523809523,0.38839285714285715,0.07440476190476192,"[0.3333333333333333, 0.3541666666666667, 0.31398809523809523, 0.38839285714285715, 0.35767511177347244]",0.5242940485477448,0.624139358399448,0.7347032196070655,0.23087587842839763,0.5958088996205588,0.5860776348220957,0.45127304653204564,0.5762331838565022,0.5061546036435254,0.666000666000666,0.6228407985596041,0.021343679293440002,0.5053803003891865,0.026190729886824658,"[{'roc_auc': 0.5934336682073418, 'average_precision': 0.7304879666874888, 'balanced_accuracy': 0.5765053414314272, 'flat_f1': 0.46841294298921415, 'flat_recall': 0.5390070921985816}, {'roc_auc': 0.6316499187232155, 'average_precision': 0.7306373122463322, 'balanced_accuracy': 0.6050810304911088, 'flat_f1': 0.521865889212828, 'flat_recall': 0.5907590759075908}, {'roc_auc': 0.643438808748255, 'average_precision': 0.7467220554560643, 'balanced_accuracy': 0.6044365800494722, 'flat_f1': 0.5258620689655172, 'flat_recall': 0.5960912052117264}]",2517,0.6246566336140253,0.6231402293476562
flat_40d_k500,40,0.5,0.2405477820779994,0.4519202143495088,0.30753200357249183,0.004253724743501211,0.42537247435012104,0.4255952380952381,0.5,0.07440476190476192,"[0.43452380952380953, 0.4538690476190476, 0.4255952380952381, 0.5, 0.4456035767511177]",0.4862428903579712,0.6240753459503459,0.6454895982489826,0.2377576620586433,0.5957875457875458,0.5952413479970935,0.5777331995987964,0.5,0.536063285248953,0.654419410745234,0.6247760043482962,0.034431310995967086,0.5359386473035815,0.03203586146969644,"[{'roc_auc': 0.5799712643678161, 'average_precision': 0.6206846863914276, 'balanced_accuracy': 0.5614310344827587, 'flat_f1': 0.4957983193277311, 'flat_recall': 0.472}, {'roc_auc': 0.6306655241359611, 'average_precision': 0.6380968855675602, 'balanced_accuracy': 0.5990088546129677, 'flat_f1': 0.5378151260504201, 'flat_recall': 0.493573264781491}, {'roc_auc': 0.6636912245411113, 'average_precision': 0.6868462897741034, 'balanced_accuracy': 0.6270629986056186, 'flat_f1': 0.5742024965325936, 'flat_recall': 0.5335051546391752}]",2517,0.6221648543993429,0.6170088288479949
flat_20d_k650,20,0.65,0.2134563858291158,0.5242631735635606,0.2622804406073236,0.005502502785387406,0.5502502785387406,0.49851190476190477,0.5669642857142857,0.06845238095238093,"[0.5059523809523809, 0.5357142857142857, 0.49851190476190477, 0.5669642857142857, 0.5141579731743666]",0.5116657018661499,0.6240717696315972,0.5649357301861694,0.2395796511692437,0.5917956473915776,0.5909317699198209,0.6219903691813804,0.5813953488372093,0.6010081426909655,0.5808553971486762,0.6253095791957837,0.030064595612429815,0.6007377245489627,0.02095778813139389,"[{'roc_auc': 0.5831422083775488, 'average_precision': 0.5275148623577328, 'balanced_accuracy': 0.558869338992914, 'flat_f1': 0.5920177383592018, 'flat_recall': 0.5986547085201793}, {'roc_auc': 0.6511107313738893, 'average_precision': 0.5943797797206163, 'balanced_accuracy': 0.6186147186147186, 'flat_f1': 0.6296296296296297, 'flat_recall': 0.6181818181818182}, {'roc_auc': 0.6416757978359129, 'average_precision': 0.5990783892114391, 'balanced_accuracy': 0.5981657763776651, 'flat_f1': 0.5805658056580566, 'flat_recall': 0.5279642058165548}]",2517,0.6225294882247784,0.6207453021966909
flat_90d_k550,90,0.55,0.220601369455195,0.5087823757070556,0.2706162548377493,0.0049177084107183714,0.49177084107183716,0.47619047619047616,0.5461309523809523,0.06994047619047616,"[0.47619047619047616, 0.5193452380952381, 0.4791666666666667, 0.5461309523809523, 0.5230998509687034]",0.5294297933578491,0.6236441460237978,0.5956043751797627,0.23941879844527536,0.6023974811274231,0.6021414795977315,0.6105941302791696,0.653639846743295,0.6313841598815693,0.5728987993138936,0.6244035963969711,0.05240082287178898,0.631106599043953,0.0375375363090124,"[{'roc_auc': 0.5786134921898092, 'average_precision': 0.5742293717982974, 'balanced_accuracy': 0.5750153475364361, 'flat_f1': 0.6203208556149733, 'flat_recall': 0.6791569086651054}, {'roc_auc': 0.5968385739466651, 'average_precision': 0.5697432788896052, 'balanced_accuracy': 0.5763433217717633, 'flat_f1': 0.5914844649021864, 'flat_recall': 0.5976744186046512}, {'roc_auc': 0.6977587230544392, 'average_precision': 0.6620469226860444, 'balanced_accuracy': 0.6573746346364633, 'flat_f1': 0.6815144766146993, 'flat_recall': 0.6830357142857143}]",2517,0.625133652753277,0.6236441460237978
flat_60d_k550,60,0.55,0.2250669842214945,0.49776719261685026,0.2771658231616553,0.004792085782853592,0.4792085782853592,0.46875,0.5342261904761905,0.06547619047619047,"[0.47470238095238093, 0.5178571428571429, 0.46875, 0.5342261904761905, 0.4932935916542474]",0.5186453461647034,0.6235909863537518,0.6071256863837367,0.2387968234709753,0.5976651984047806,0.597285602982915,0.5948148148148148,0.6332807570977917,0.6134453781512605,0.5811258278145696,0.6226781456575737,0.04722204980654489,0.6113448968113914,0.04180260627328881,"[{'roc_auc': 0.577994998863378, 'average_precision': 0.5798340447008887, 'balanced_accuracy': 0.5658729256649239, 'flat_f1': 0.62148070907195, 'flat_recall': 0.7028301886792453}, {'roc_auc': 0.6020378010387898, 'average_precision': 0.5865842917667342, 'balanced_accuracy': 0.5824951413276961, 'flat_f1': 0.5558375634517766, 'flat_recall': 0.5251798561151079}, {'roc_auc': 0.6880016370705533, 'average_precision': 0.6651970907675246, 'balanced_accuracy': 0.6431470407676041, 'flat_f1': 0.6567164179104478, 'flat_recall': 0.6697892271662763}]",2517,0.6222557062132291,0.6180212665955759
flat_20d_k750,20,0.75,0.18755582018457875,0.5864840726406668,0.2259601071747544,0.006349041675447007,0.6349041675447007,0.5699404761904762,0.6101190476190477,0.04017857142857151,"[0.5699404761904762, 0.5877976190476191, 0.5758928571428571, 0.6101190476190477, 0.5886736214605067]",0.506215512752533,0.6235234669877615,0.5060335427919999,0.23993239097314292,0.5937957177764442,0.5859687461508816,0.6847649918962723,0.5667337357478203,0.6201834862385321,0.5517540060632309,0.6261197082472781,0.04561144393060437,0.6197280244690692,0.026719670450944595,"[{'roc_auc': 0.5616220342964529, 'average_precision': 0.4640084331106158, 'balanced_accuracy': 0.5509601832276252, 'flat_f1': 0.6044538706256628, 'flat_recall': 0.5757575757575758}, {'roc_auc': 0.6591705847178417, 'average_precision': 0.5440901051798713, 'balanced_accuracy': 0.623345331754388, 'flat_f1': 0.6572972972972972, 'flat_recall': 0.6166328600405679}, {'roc_auc': 0.6575665057275396, 'average_precision': 0.5519453321800329, 'balanced_accuracy': 0.6086398277004639, 'flat_f1': 0.5974329054842473, 'flat_recall': 0.5089463220675944}]",2517,0.622893581056251,0.6135745139674413
flat_60d_k600,60,0.6,0.2152426317356356,0.5224769276570408,0.2622804406073236,0.00522772994493119,0.522772994493119,0.4955357142857143,0.5535714285714286,0.0580357142857143,"[0.4955357142857143, 0.5372023809523809, 0.49702380952380953, 0.5535714285714286, 0.5290611028315947]",0.5246319472789764,0.6232176709717969,0.5826428661955787,0.2394545957820247,0.5934148233004197,0.5934333028083028,0.6134574087329993,0.6429107276819205,0.6278388278388278,0.5590277777777778,0.6221335249897778,0.0537899484337327,0.6263555309101395,0.045257362681367465,"[{'roc_auc': 0.5688989163504597, 'average_precision': 0.5563606411181673, 'balanced_accuracy': 0.5673093357946194, 'flat_f1': 0.636085626911315, 'flat_recall': 0.7074829931972789}, {'roc_auc': 0.6016913439635535, 'average_precision': 0.5590054779468389, 'balanced_accuracy': 0.5633485193621868, 'flat_f1': 0.5667060212514758, 'flat_recall': 0.5466970387243736}, {'roc_auc': 0.6958103146553203, 'average_precision': 0.6428108943183868, 'balanced_accuracy': 0.6501160942021527, 'flat_f1': 0.6762749445676275, 'flat_recall': 0.673289183222958}]",2517,0.6251187935766799,0.6232176709717969
flat_60d_k325,60,0.325,0.29532598987793984,0.3343256921702888,0.37034831795177137,0.002831687053504395,0.28316870535043953,0.3020833333333333,0.36755952380952384,0.06547619047619052,"[0.3169642857142857, 0.34077380952380953, 0.3020833333333333, 0.36755952380952384, 0.3442622950819672]",0.5011758208274841,0.6231402293476562,0.745974943222511,0.23191666121874704,0.5820253034427496,0.57851183747008,0.43491735537190085,0.4929742388758782,0.4621295279912184,0.6948941469489415,0.6222991378336253,0.027121252813858993,0.46157140831533766,0.03164545235634272,"[{'roc_auc': 0.5851177173743568, 'average_precision': 0.7373467237445961, 'balanced_accuracy': 0.55360623148485, 'flat_f1': 0.4175084175084175, 'flat_recall': 0.4575645756457565}, {'roc_auc': 0.6327350941881756, 'average_precision': 0.7375582021723692, 'balanced_accuracy': 0.5986530212958086, 'flat_f1': 0.49038461538461536, 'flat_recall': 0.5257731958762887}, {'roc_auc': 0.6490446019383436, 'average_precision': 0.7693498969311898, 'balanced_accuracy': 0.5930104430141995, 'flat_f1': 0.4768211920529801, 'flat_recall': 0.4931506849315068}]",2517,0.6187795406123345,0.6090590340898997
flat_30d_k450,30,0.45,0.261982732956237,0.40369157487347423,0.3343256921702888,0.003741110875128165,0.3741110875128165,0.38095238095238093,0.4375,0.05654761904761907,"[0.3913690476190476, 0.4107142857142857, 0.38095238095238093, 0.4375, 0.3979135618479881]",0.5242830216884613,0.6230259439886134,0.6826064357020574,0.23427572370453315,0.5952446050318152,0.5938399342361778,0.512306289881495,0.548828125,0.52993870815653,0.6577411603158256,0.6236420738753332,0.02115663339135622,0.529394917931537,0.019861148789056097,"[{'roc_auc': 0.5942608386638237, 'average_precision': 0.6660163495376601, 'balanced_accuracy': 0.5806207059938404, 'flat_f1': 0.501466275659824, 'flat_recall': 0.5104477611940299}, {'roc_auc': 0.6334375951828682, 'average_precision': 0.6891290806645486, 'balanced_accuracy': 0.5969605913638387, 'flat_f1': 0.5459459459459459, 'flat_recall': 0.5821325648414986}, {'roc_auc': 0.6432277877793074, 'average_precision': 0.7090293264401568, 'balanced_accuracy': 0.607301704966642, 'flat_f1': 0.5407725321888412, 'flat_recall': 0.5526315789473685}]",2517,0.6169880970183995,0.6090367131070185
flat_20d_k675,20,0.675,0.20571598690086335,0.5421256326287586,0.2521583804703781,0.005714137507902307,0.5714137507902307,0.5208333333333334,0.5744047619047619,0.05357142857142849,"[0.5297619047619048, 0.5505952380952381, 0.5208333333333334, 0.5744047619047619, 0.5350223546944859]",0.5172598361968994,0.6227713928460469,0.5513778482690609,0.24040674186059846,0.5948735350592598,0.5926571680357456,0.6415247364152473,0.5761107064821559,0.6070606293169608,0.5782537067545305,0.6226411935086811,0.03337242649948585,0.6065582808025114,0.012694832244836482,"[{'roc_auc': 0.5760136102741531, 'average_precision': 0.5176957689492372, 'balanced_accuracy': 0.5696896445060547, 'flat_f1': 0.6204690831556503, 'flat_recall': 0.6367614879649891}, {'roc_auc': 0.6522779304029305, 'average_precision': 0.5699322582981942, 'balanced_accuracy': 0.6206730769230769, 'flat_f1': 0.6094316807738815, 'flat_recall': 0.5538461538461539}, {'roc_auc': 0.6396320398489597, 'average_precision': 0.5870014027917133, 'balanced_accuracy': 0.5943773026202528, 'flat_f1': 0.5897740784780023, 'flat_recall': 0.5379609544468547}]",2517,0.6238762691981523,0.6227713928460469
flat_40d_k575,40,0.575,0.22476927657040785,0.49866031557011015,0.276570407859482,0.004891783455026392,0.48917834550263917,0.46726190476190477,0.5372023809523809,0.06994047619047616,"[0.4791666666666667, 0.5059523809523809, 0.46726190476190477, 0.5372023809523809, 0.503725782414307]",0.49933843314647675,0.6223397000789266,0.5986391174081771,0.23889464681223485,0.59383772691397,0.593020037696633,0.6053540587219344,0.55327545382794,0.5781443298969072,0.6078957454963587,0.6235883239224673,0.03251681085514518,0.5784715216880131,0.018083654801744425,"[{'roc_auc': 0.5864656525001706, 'average_precision': 0.5859407703258689, 'balanced_accuracy': 0.5626605953111854, 'flat_f1': 0.5594237695078031, 'flat_recall': 0.5669099756690997}, {'roc_auc': 0.6186455125072452, 'average_precision': 0.5867068703444452, 'balanced_accuracy': 0.5937418313652842, 'flat_f1': 0.5732165206508135, 'flat_recall': 0.5439429928741093}, {'roc_auc': 0.6656538067599863, 'average_precision': 0.6325878722230098, 'balanced_accuracy': 0.6274354159553885, 'flat_f1': 0.6027742749054225, 'flat_recall': 0.5494252873563218}]",2517,0.6240401702743854,0.6219496005290035
flat_40d_k600,40,0.6,0.2197082465019351,0.5114617445668354,0.26883000893122955,0.005104469692201453,0.5104469692201453,0.4806547619047619,0.5505952380952381,0.06994047619047622,"[0.48660714285714285, 0.5148809523809523, 0.4806547619047619, 0.5505952380952381, 0.5245901639344263]",0.5180664956569672,0.6219496005290035,0.5891477249608187,0.2394267174603049,0.5924321139532267,0.592457240874195,0.6057619408642911,0.6132003069838834,0.6094584286803967,0.5754560530679934,0.6235222658966032,0.030413333231104334,0.6090917794448811,0.015489286426705787,"[{'roc_auc': 0.588828650663757, 'average_precision': 0.5807719818613926, 'balanced_accuracy': 0.5603575650118203, 'flat_f1': 0.6109936575052854, 'flat_recall': 0.6832151300236406}, {'roc_auc': 0.6188526920234237, 'average_precision': 0.5766047750509176, 'balanced_accuracy': 0.600397976007732, 'flat_f1': 0.589242053789731, 'flat_recall': 0.5617715617715617}, {'roc_auc': 0.6628854550026287, 'average_precision': 0.6150309598937129, 'balanced_accuracy': 0.6203911125334309, 'flat_f1': 0.627039627039627, 'flat_recall': 0.5964523281596452}]",2517,0.6244259508501487,0.6219496005290035
flat_90d_k450,90,0.45,0.25007442691277165,0.4388210777016969,0.3111044953855314,0.004023579608769577,0.4023579608769577,0.3913690476190476,0.4836309523809524,0.09226190476190477,"[0.41220238095238093, 0.4479166666666667, 0.3913690476190476, 0.4836309523809524, 0.45901639344262296]",0.5196384489536285,0.620948275862069,0.6616109310331085,0.23721733020655372,0.5918314176245211,0.5883155736040417,0.5344563552833078,0.6204444444444445,0.5742492801316331,0.6023818670764503,0.6200889743550412,0.051705272211067396,0.573016933670813,0.051183444666651805,"[{'roc_auc': 0.5621402179830199, 'average_precision': 0.6338055932338542, 'balanced_accuracy': 0.5486813301365578, 'flat_f1': 0.519546027742749, 'flat_recall': 0.569060773480663}, {'roc_auc': 0.6104419985017, 'average_precision': 0.6562788168846794, 'balanced_accuracy': 0.5806690485794963, 'flat_f1': 0.5575, 'flat_recall': 0.6027027027027027}, {'roc_auc': 0.6876847065804037, 'average_precision': 0.7149832915893675, 'balanced_accuracy': 0.6449297687102773, 'flat_f1': 0.6420047732696897, 'flat_recall': 0.6844783715012722}]",2517,0.6186217548300392,0.614632329237244
flat_20d_k625,20,0.625,0.21851741589758858,0.5111640369157487,0.2703185471866627,0.0052908680628725065,0.5290868062872507,0.4895833333333333,0.5461309523809523,0.05654761904761901,"[0.4895833333333333, 0.5282738095238095, 0.49107142857142855, 0.5461309523809523, 0.5007451564828614]",0.5384937822818756,0.6207453021966909,0.5735172523080033,0.23986166335492748,0.5898647674865488,0.5887254901960784,0.5946317962835512,0.6641045349730976,0.6274509803921569,0.55,0.6203534184938421,0.03605723167983588,0.6275393727754497,0.00371854414396326,"[{'roc_auc': 0.5708371298405467, 'average_precision': 0.5268512134631139, 'balanced_accuracy': 0.5616856492027335, 'flat_f1': 0.6230529595015576, 'flat_recall': 0.683371298405467}, {'roc_auc': 0.6556609136594128, 'average_precision': 0.6000092341839379, 'balanced_accuracy': 0.6070531186756714, 'flat_f1': 0.6274065685164213, 'flat_recall': 0.647196261682243}, {'roc_auc': 0.6345622119815668, 'average_precision': 0.6100846229200599, 'balanced_accuracy': 0.5997809637594584, 'flat_f1': 0.6321585903083701, 'flat_recall': 0.6612903225806451}]",2517,0.6209002382925778,0.6178836430494452
flat_30d_k600,30,0.6,0.22268532301280142,0.5072938374516225,0.27002083953557604,0.00498814783350422,0.49881478335042195,0.4806547619047619,0.5476190476190477,0.06696428571428575,"[0.4806547619047619, 0.5089285714285714, 0.4880952380952381, 0.5476190476190477, 0.511177347242921]",0.507942259311676,0.6206999297277075,0.579473544275741,0.23954165594957258,0.5929509054509055,0.5918815506220945,0.6136939983093829,0.5601851851851852,0.5857200484066156,0.5980430528375734,0.6213581567739224,0.023569632998883434,0.5854776862708847,0.023619181888634936,"[{'roc_auc': 0.5909127074335077, 'average_precision': 0.5621301313525779, 'balanced_accuracy': 0.5653301886792452, 'flat_f1': 0.5521472392638037, 'flat_recall': 0.5306603773584906}, {'roc_auc': 0.6248293981165551, 'average_precision': 0.582631449642729, 'balanced_accuracy': 0.6034871024976116, 'flat_f1': 0.6040428061831153, 'flat_recall': 0.5893271461716937}, {'roc_auc': 0.6483323647717043, 'average_precision': 0.6086548817543864, 'balanced_accuracy': 0.6104473615241741, 'flat_f1': 0.6002430133657352, 'flat_recall': 0.5600907029478458}]",2517,0.6182893502640292,0.6165961186822512
flat_90d_k500,90,0.5,0.23310509080083358,0.47514141113426617,0.29175349806490025,0.004470644009743974,0.4470644009743974,0.43601190476190477,0.5163690476190477,0.0803571428571429,"[0.4419642857142857, 0.48660714285714285, 0.43601190476190477, 0.5163690476190477, 0.4947839046199702]",0.5346010625362396,0.6206618454766898,0.6216473491387586,0.238739241957586,0.600103527912718,0.5978171349077765,0.5745140388768899,0.6551724137931034,0.6121979286536249,0.5834363411619283,0.6214799197396198,0.049059585239012604,0.6114944159256205,0.04170493716734692,"[{'roc_auc': 0.578207321245296, 'average_precision': 0.6053036428240474, 'balanced_accuracy': 0.5723400615805678, 'flat_f1': 0.6019629225736096, 'flat_recall': 0.6987341772151898}, {'roc_auc': 0.5961494645705172, 'average_precision': 0.601489782601583, 'balanced_accuracy': 0.5759540897698792, 'flat_f1': 0.5658536585365853, 'flat_recall': 0.581453634085213}, {'roc_auc': 0.6900829734030461, 'average_precision': 0.6764538457833, 'balanced_accuracy': 0.6540293248465561, 'flat_f1': 0.6666666666666666, 'flat_recall': 0.6839622641509434}]",2517,0.6199939649838944,0.614632329237244
flat_90d_k425,90,0.425,0.25930336409645727,0.4203632033343257,0.32033343256921704,0.003800047408282378,0.3800047408282378,0.37797619047619047,0.46279761904761907,0.0848214285714286,"[0.40029761904761907, 0.4226190476190476, 0.37797619047619047, 0.46279761904761907, 0.43815201192250375]",0.5277442038059235,0.6202846593908047,0.6812583003836596,0.23596495361683525,0.5877536324463699,0.5808148201453641,0.5078888054094666,0.6294227188081937,0.5621621621621622,0.599467478128566,0.6189317952731361,0.04236228429419423,0.5593613282497593,0.05109381306858655,"[{'roc_auc': 0.5706697758777044, 'average_precision': 0.6669883544115089, 'balanced_accuracy': 0.5515257510982345, 'flat_f1': 0.5058670143415906, 'flat_recall': 0.5689149560117303}, {'roc_auc': 0.6123231268847135, 'average_precision': 0.6703086089086763, 'balanced_accuracy': 0.5808107167710508, 'flat_f1': 0.5440414507772021, 'flat_recall': 0.5833333333333334}, {'roc_auc': 0.6738024830569906, 'average_precision': 0.7246216067324498, 'balanced_accuracy': 0.6274867965343061, 'flat_f1': 0.628175519630485, 'flat_recall': 0.7292225201072386}]",2517,0.6232133119985538,0.6202846593908047
flat_30d_k475,30,0.475,0.2521583804703781,0.4275081869604049,0.32033343256921704,0.00394895036819084,0.39489503681908406,0.40029761904761907,0.45982142857142855,0.05952380952380948,"[0.41964285714285715, 0.43452380952380953, 0.40029761904761907, 0.45982142857142855, 0.4232488822652757]",0.5375835299491882,0.6189016339595664,0.6600102653252797,0.23614883802058315,0.5925756921947356,0.5887489768336094,0.5206677265500795,0.6053604436229205,0.5598290598290598,0.6176688938381588,0.6193343623851852,0.0262962538437947,0.559091520593329,0.02420275203012314,"[{'roc_auc': 0.5869831528840769, 'average_precision': 0.6457097207307222, 'balanced_accuracy': 0.5751236699645323, 'flat_f1': 0.5254691689008043, 'flat_recall': 0.5568181818181818}, {'roc_auc': 0.6196263629418709, 'average_precision': 0.655421054414165, 'balanced_accuracy': 0.5962856216866912, 'flat_f1': 0.5703517587939698, 'flat_recall': 0.6253443526170799}, {'roc_auc': 0.651393571329608, 'average_precision': 0.6954783321754794, 'balanced_accuracy': 0.6052712095321664, 'flat_f1': 0.581453634085213, 'flat_recall': 0.6321525885558583}]",2517,0.6160277457772358,0.6061556593835276
flat_60d_k400,60,0.4,0.27508186960404885,0.385233700506103,0.33968442988984815,0.003485153296620794,0.3485153296620794,0.3482142857142857,0.41964285714285715,0.07142857142857145,"[0.37202380952380953, 0.3913690476190476, 0.3482142857142857, 0.41964285714285715, 0.3949329359165425]",0.5075577199459076,0.6186662122244944,0.6991853469392494,0.23402026005979482,0.5870505905755071,0.5865451480698043,0.49204771371769385,0.5061349693251533,0.49899193548387094,0.6740983606557377,0.6178362547263154,0.028594410496609882,0.4991598680980802,0.023750568598003577,"[{'roc_auc': 0.5789384288747347, 'average_precision': 0.6874573569443507, 'balanced_accuracy': 0.559538974825599, 'flat_f1': 0.47128129602356406, 'flat_recall': 0.5095541401273885}, {'roc_auc': 0.6277102094021694, 'average_precision': 0.699816136704543, 'balanced_accuracy': 0.5927929059185113, 'flat_f1': 0.496875, 'flat_recall': 0.48773006134969327}, {'roc_auc': 0.6468601259020421, 'average_precision': 0.7187935651656641, 'balanced_accuracy': 0.6096564267913877, 'flat_f1': 0.5293233082706766, 'flat_recall': 0.5207100591715976}]",2517,0.6197605012725776,0.6139249784982668
flat_40d_k450,40,0.45,0.25960107174754393,0.4132182197082465,0.3271807085442096,0.0038283522691510896,0.38283522691510896,0.3794642857142857,0.4538690476190476,0.07440476190476192,"[0.4017857142857143, 0.41964285714285715, 0.3794642857142857, 0.4538690476190476, 0.4113263785394933]",0.4975774586200714,0.6186194439571435,0.674015719130139,0.23451905847378512,0.5855827144611426,0.5850304379723483,0.5413173652694611,0.43170964660936006,0.48034006376195537,0.6897208121827412,0.6194522782418431,0.017088603083848446,0.4804081143986773,0.006556640969188028,"[{'roc_auc': 0.5953300499592531, 'average_precision': 0.667808917576063, 'balanced_accuracy': 0.5726387461762865, 'flat_f1': 0.4744186046511628, 'flat_recall': 0.4526627218934911}, {'roc_auc': 0.6327858349350574, 'average_precision': 0.6778059469268736, 'balanced_accuracy': 0.5961325645057953, 'flat_f1': 0.4895330112721417, 'flat_recall': 0.4293785310734463}, {'roc_auc': 0.6302409498312187, 'average_precision': 0.6841383920552913, 'balanced_accuracy': 0.5892736584798044, 'flat_f1': 0.4772727272727273, 'flat_recall': 0.4140845070422535}]",2517,0.6138308846704372,0.6058643812061733
flat_60d_k525,60,0.525,0.23102113724322715,0.4819886871092587,0.28699017564751417,0.004574263701814792,0.45742637018147925,0.4523809523809524,0.5193452380952381,0.06696428571428575,"[0.4568452380952381, 0.5014880952380952, 0.4523809523809524, 0.5193452380952381, 0.4798807749627422]",0.5329790711402893,0.6180212665955759,0.6148892655221068,0.2392868330250713,0.5899025996998013,0.5883376923700503,0.5706997084548106,0.6371033360455655,0.6020761245674741,0.5745992601726264,0.6174796404649183,0.04014657297113463,0.6016839632302874,0.030331610898692695,"[{'roc_auc': 0.5802603900164875, 'average_precision': 0.5944898772496139, 'balanced_accuracy': 0.567678662800614, 'flat_f1': 0.6071044133476857, 'flat_recall': 0.6878048780487804}, {'roc_auc': 0.5989588667008021, 'average_precision': 0.6028485185166134, 'balanced_accuracy': 0.5676082380383456, 'flat_f1': 0.5621230398069964, 'flat_recall': 0.5753086419753086}, {'roc_auc': 0.6732196646774653, 'average_precision': 0.6582419322633835, 'balanced_accuracy': 0.6342597328786588, 'flat_f1': 0.6358244365361803, 'flat_recall': 0.6473429951690821}]",2517,0.6175968399412657,0.6111782668744694
flat_60d_k450,60,0.45,0.25662399523667756,0.426615064007145,0.31676094075617744,0.003920797458698393,0.3920797458698393,0.3943452380952381,0.46279761904761907,0.06845238095238099,"[0.40773809523809523, 0.43601190476190477, 0.3943452380952381, 0.46279761904761907, 0.43219076005961254]",0.5277130901813507,0.618000669361275,0.6649480034672017,0.23640383720369101,0.5936594109620781,0.5906589078342185,0.5246963562753036,0.5972350230414747,0.5586206896551724,0.6226971260132645,0.6187937433144365,0.034682267852868966,0.5586872586872588,0.019890728760449842,"[{'roc_auc': 0.5765293602103418, 'average_precision': 0.6495061020016694, 'balanced_accuracy': 0.5725270230791704, 'flat_f1': 0.5571428571428572, 'flat_recall': 0.6685714285714286}, {'roc_auc': 0.6183717938316392, 'average_precision': 0.6699438993946633, 'balanced_accuracy': 0.5849076832137601, 'flat_f1': 0.5351351351351351, 'flat_recall': 0.5484764542936288}, {'roc_auc': 0.6614800759013282, 'average_precision': 0.6897258200126551, 'balanced_accuracy': 0.6274797308952906, 'flat_f1': 0.5837837837837838, 'flat_recall': 0.5775401069518716}]",2517,0.6147087232576279,0.612200521913342
flat_30d_k200,30,0.2,0.35486752009526645,0.20571598690086335,0.4394164930038702,0.0016627159445014067,0.16627159445014067,0.19076005961251863,0.22470238095238096,0.03394232133986233,"[0.20386904761904762, 0.21279761904761904, 0.19642857142857142, 0.22470238095238096, 0.19076005961251863]",0.46234549582004547,0.6179865493609784,0.8488450114506375,0.22658798913778522,0.5936653766140185,0.5853626677870425,0.326984126984127,0.3992248062015504,0.35951134380453753,0.8112139917695473,0.6158985524702761,0.023975649083652954,0.3550869544930377,0.04811587407904779,"[{'roc_auc': 0.6060143071624127, 'average_precision': 0.8506909570594434, 'balanced_accuracy': 0.5735714916541552, 'flat_f1': 0.3333333333333333, 'flat_recall': 0.40236686390532544}, {'roc_auc': 0.6489293542404316, 'average_precision': 0.8572475655135235, 'balanced_accuracy': 0.6311372449839825, 'flat_f1': 0.4218009478672986, 'flat_recall': 0.49444444444444446}, {'roc_auc': 0.592751996007984, 'average_precision': 0.8404342215173563, 'balanced_accuracy': 0.5723018249215854, 'flat_f1': 0.310126582278481, 'flat_recall': 0.2934131736526946}]",2517,0.6028855366822926,0.588487181836354
flat_90d_k325,90,0.325,0.2920512057159869,0.3411729681452813,0.3667758261387318,0.002905918606333583,0.2905918606333583,0.3005952380952381,0.37555886736214605,0.07496362926690797,"[0.31994047619047616, 0.34523809523809523, 0.3005952380952381, 0.3645833333333333, 0.37555886736214605]",0.4792766124010086,0.6179333195278526,0.7368515250610193,0.2347755447738436,0.5826205906429416,0.5827281499471256,0.4570446735395189,0.4544419134396355,0.4557395773843518,0.7097167225098995,0.6195412836594217,0.028815546356145562,0.4550841894862006,0.03513555343717165,"[{'roc_auc': 0.5874776777111143, 'average_precision': 0.7312146217902522, 'balanced_accuracy': 0.5554203013990776, 'flat_f1': 0.40714285714285714, 'flat_recall': 0.41155234657039713}, {'roc_auc': 0.6137912720191201, 'average_precision': 0.7336707825161319, 'balanced_accuracy': 0.5826104275471364, 'flat_f1': 0.46774193548387094, 'flat_recall': 0.506993006993007}, {'roc_auc': 0.657354901248031, 'average_precision': 0.7543982844166215, 'balanced_accuracy': 0.6115351993214588, 'flat_f1': 0.4903677758318739, 'flat_recall': 0.4444444444444444}]",2517,0.6166096167816234,0.6048746154292679
flat_20d_k600,20,0.6,0.22566239952366776,0.49508782375707056,0.2792497767192617,0.005079233340357606,0.5079233340357605,0.47172619047619047,0.53125,0.059523809523809534,"[0.4806547619047619, 0.5089285714285714, 0.47172619047619047, 0.53125, 0.4828614008941878]",0.5042905211448669,0.6178836430494452,0.5869162047399817,0.23969339699187908,0.5882820352869274,0.5869121652191656,0.5990990990990991,0.5294585987261147,0.5621301775147929,0.6116941529235382,0.6178653263298036,0.03591484208962251,0.5626522519075049,0.022118267502524505,"[{'roc_auc': 0.5675929082850324, 'average_precision': 0.5484494469775949, 'balanced_accuracy': 0.5446670076145017, 'flat_f1': 0.5330073349633252, 'flat_recall': 0.5202863961813843}, {'roc_auc': 0.6492726446187067, 'average_precision': 0.601496836246707, 'balanced_accuracy': 0.6162973065121036, 'flat_f1': 0.5861182519280206, 'flat_recall': 0.5428571428571428}, {'roc_auc': 0.6367304260856718, 'average_precision': 0.6239786030829847, 'balanced_accuracy': 0.6038221555457056, 'flat_f1': 0.5688311688311688, 'flat_recall': 0.5251798561151079}]",2517,0.6147258601255808,0.6055486351306063
flat_30d_k625,30,0.625,0.21643346233998215,0.5218815123548676,0.26168502530515036,0.005195987326566896,0.5195987326566895,0.49702380952380953,0.5565476190476191,0.059523809523809534,"[0.49702380952380953, 0.5223214285714286, 0.5133928571428571, 0.5565476190476191, 0.5201192250372578]",0.49916601181030273,0.617572002382129,0.5652435296769915,0.23988499822014328,0.5913236020830958,0.5887647686077156,0.6276870163370594,0.5480480480480481,0.5851703406813628,0.5923591965340685,0.6190923021172766,0.03530620813001966,0.5850428042819011,0.024665478618654438,"[{'roc_auc': 0.5697209567198178, 'average_precision': 0.5337889858158014, 'balanced_accuracy': 0.5526537585421412, 'flat_f1': 0.5555555555555556, 'flat_recall': 0.5353075170842825}, {'roc_auc': 0.6373246664385905, 'average_precision': 0.5812465124000061, 'balanced_accuracy': 0.6100952218040825, 'flat_f1': 0.6159250585480094, 'flat_recall': 0.5923423423423423}, {'roc_auc': 0.6502312831934214, 'average_precision': 0.6031344323104192, 'balanced_accuracy': 0.6121980469419223, 'flat_f1': 0.5836477987421383, 'flat_recall': 0.5167037861915368}]",2517,0.6232201881644049,0.617572002382129
flat_30d_k350,30,0.35,0.29770765108663294,0.32598987793986306,0.376302470973504,0.0029097529028774614,0.29097529028774616,0.30654761904761907,0.3601190476190476,0.05357142857142855,"[0.3244047619047619, 0.3244047619047619, 0.30654761904761907, 0.3601190476190476, 0.3144560357675112]",0.5004776120185852,0.6173916661047998,0.7465002487209813,0.231098974372937,0.583263279303266,0.5797751120683179,0.426264800861141,0.48116646415552855,0.4520547945205479,0.7074954296160878,0.6174257848941369,0.017907458426248912,0.45193383038210627,0.029518967618753608,"[{'roc_auc': 0.5949294151541342, 'average_precision': 0.7375275445554565, 'balanced_accuracy': 0.553266022367146, 'flat_f1': 0.4103448275862069, 'flat_recall': 0.44569288389513106}, {'roc_auc': 0.6186017002918411, 'average_precision': 0.7419219069812945, 'balanced_accuracy': 0.5924660576069027, 'flat_f1': 0.46959459459459457, 'flat_recall': 0.4894366197183099}, {'roc_auc': 0.6387462392364354, 'average_precision': 0.7725288101549408, 'balanced_accuracy': 0.6037646540097521, 'flat_f1': 0.47586206896551725, 'flat_recall': 0.5073529411764706}]",2517,0.6115376147157169,0.6084274111175562
flat_40d_k475,40,0.475,0.24918130395951177,0.4331646323310509,0.31765406370943733,0.00404103850632615,0.40410385063261495,0.40922619047619047,0.4836309523809524,0.07440476190476192,"[0.41220238095238093, 0.43601190476190477, 0.40922619047619047, 0.4836309523809524, 0.4247391952309985]",0.5084791779518127,0.6170088288479949,0.6541557658150088,0.23691147604577062,0.5803362369806853,0.5802927371541502,0.540650406504065,0.4810126582278481,0.509090909090909,0.6514945652173914,0.6170426410354675,0.026044186159034092,0.5089342313434028,0.014968793495240761,"[{'roc_auc': 0.5838320575272559, 'average_precision': 0.6371905427073943, 'balanced_accuracy': 0.5691051960102065, 'flat_f1': 0.4890190336749634, 'flat_recall': 0.4638888888888889}, {'roc_auc': 0.6198550974642056, 'average_precision': 0.6501669706500481, 'balanced_accuracy': 0.577724110171928, 'flat_f1': 0.5126760563380282, 'flat_recall': 0.48663101604278075}, {'roc_auc': 0.647440768114941, 'average_precision': 0.6869036001427019, 'balanced_accuracy': 0.5939334806935139, 'flat_f1': 0.5251076040172167, 'flat_recall': 0.49193548387096775}]",2517,0.6199012062518281,0.6170088288479949
flat_40d_k375,40,0.375,0.2866924679964275,0.3554629353974397,0.35784459660613277,0.003190293557625908,0.3190293557625908,0.33035714285714285,0.3958333333333333,0.06547619047619047,"[0.34672619047619047, 0.3541666666666667, 0.33035714285714285, 0.3958333333333333, 0.3502235469448584]",0.49468326568603516,0.616836896425381,0.7202575404302594,0.23281345332160217,0.5813932904362575,0.5821904678559968,0.46900584795321637,0.4440753045404208,0.45620022753128553,0.7081807081807082,0.6160215824581122,0.028356017198488227,0.45358128697504635,0.04774920344782227,"[{'roc_auc': 0.5761122052214311, 'average_precision': 0.7050851212065058, 'balanced_accuracy': 0.5479630611523507, 'flat_f1': 0.38817005545286504, 'flat_recall': 0.36585365853658536}, {'roc_auc': 0.6393713813068652, 'average_precision': 0.7265105503273758, 'balanced_accuracy': 0.6054286478859534, 'flat_f1': 0.5008130081300813, 'flat_recall': 0.4935897435897436}, {'roc_auc': 0.6325811608460403, 'average_precision': 0.7439235472467935, 'balanced_accuracy': 0.5877582390555829, 'flat_f1': 0.4717607973421927, 'flat_recall': 0.46710526315789475}]",2517,0.6140430779107101,0.6103053101803647
flat_30d_k575,30,0.575,0.22863947603453408,0.4906222089907711,0.28073831497469487,0.0047803083404415435,0.47803083404415436,0.46726190476190477,0.5342261904761905,0.0669642857142857,"[0.46726190476190477, 0.4955357142857143, 0.46726190476190477, 0.5342261904761905, 0.488822652757079]",0.5146578848361969,0.6165961186822512,0.5952157876964392,0.23985053039908333,0.5872633527634942,0.5871629411299475,0.5829457364341085,0.6001596169193935,0.5914274478961856,0.5828984343637094,0.6170394320478217,0.0260226492198241,0.5909712357877535,0.0207948841401888,"[{'roc_auc': 0.5813979924746218, 'average_precision': 0.5686176221316217, 'balanced_accuracy': 0.5608424558651344, 'flat_f1': 0.5743944636678201, 'flat_recall': 0.6029055690072639}, {'roc_auc': 0.6269208037825059, 'average_precision': 0.6007288851189196, 'balanced_accuracy': 0.5979752000363703, 'flat_f1': 0.5782227784730913, 'flat_recall': 0.5552884615384616}, {'roc_auc': 0.6427994998863379, 'average_precision': 0.6298268318388698, 'balanced_accuracy': 0.6026824278245055, 'flat_f1': 0.6202964652223489, 'flat_recall': 0.6415094339622641}]",2517,0.6174245795562657,0.6149776902588385
flat_40d_k350,40,0.35,0.2962191128311998,0.3337302768681155,0.3700506103006847,0.0029776073204508475,0.29776073204508474,0.3080357142857143,0.37351190476190477,0.06547619047619047,"[0.32589285714285715, 0.3392857142857143, 0.3080357142857143, 0.37351190476190477, 0.32190760059612517]",0.517161637544632,0.6149870271263848,0.7402074520552563,0.23068820383329774,0.5816135144115546,0.5751474240126608,0.42565597667638483,0.5171192443919717,0.4669509594882729,0.6833438885370487,0.6155143410886322,0.018748062727897058,0.4637667667928121,0.03986550733824172,"[{'roc_auc': 0.5890351333090795, 'average_precision': 0.7321635744580123, 'balanced_accuracy': 0.5589236526168079, 'flat_f1': 0.40933572710951527, 'flat_recall': 0.42066420664206644}, {'roc_auc': 0.6275820018913941, 'average_precision': 0.732256677599427, 'balanced_accuracy': 0.5947128067293813, 'flat_f1': 0.5037037037037037, 'flat_recall': 0.5743243243243243}, {'roc_auc': 0.629925888065423, 'average_precision': 0.7669476996395794, 'balanced_accuracy': 0.5871645796064401, 'flat_f1': 0.4782608695652174, 'flat_recall': 0.55}]",2517,0.6145206692649606,0.6117380842431159
flat_30d_k550,30,0.55,0.2342959214051801,0.4748437034831795,0.29086037511164037,0.004572468847378869,0.4572468847378869,0.44494047619047616,0.5238095238095238,0.07886904761904767,"[0.4583333333333333, 0.47470238095238093, 0.44494047619047616, 0.5238095238095238, 0.47242921013412814]",0.5059398114681244,0.6149776902588385,0.6164930847270317,0.23947704254866764,0.5827044490480418,0.5827296886864085,0.5675902602854744,0.5591397849462365,0.5633333333333334,0.6021260440394837,0.6155878075727318,0.026950885796208482,0.5631152219213275,0.020700888076238037,"[{'roc_auc': 0.5796791382831845, 'average_precision': 0.6023206571059585, 'balanced_accuracy': 0.548893757345474, 'flat_f1': 0.5443645083932853, 'flat_recall': 0.5776081424936387}, {'roc_auc': 0.6224763855695915, 'average_precision': 0.6009545559432639, 'balanced_accuracy': 0.5997780812564015, 'flat_f1': 0.553020134228188, 'flat_recall': 0.5099009900990099}, {'roc_auc': 0.6446078988654194, 'average_precision': 0.6488867573289074, 'balanced_accuracy': 0.6005235215206566, 'flat_f1': 0.5919610231425091, 'flat_recall': 0.5898058252427184}]",2517,0.6127171200147976,0.6065775511033034
flat_90d_k475,90,0.475,0.2423340279845192,0.45698124441798155,0.30068472759749926,0.004247111809256775,0.4247111809256775,0.41220238095238093,0.49702380952380953,0.0848214285714286,"[0.42857142857142855, 0.46875, 0.41220238095238093, 0.49702380952380953, 0.4783904619970194]",0.5268400311470032,0.614632329237244,0.6399662483591195,0.23871364936339542,0.5846049528750892,0.5823877319537991,0.5446969696969697,0.6150556030795552,0.57774206508638,0.5870333988212181,0.6162141573441454,0.04813842835417161,0.5773842119562363,0.04459506883269155,"[{'roc_auc': 0.5635781427538478, 'average_precision': 0.6143704390649198, 'balanced_accuracy': 0.542262048227341, 'flat_f1': 0.5347721822541966, 'flat_recall': 0.58994708994709}, {'roc_auc': 0.6051416591244974, 'average_precision': 0.6370891931657594, 'balanced_accuracy': 0.5739256704893054, 'flat_f1': 0.5584255842558425, 'flat_recall': 0.5942408376963351}, {'roc_auc': 0.679922670154091, 'average_precision': 0.6909519786031575, 'balanced_accuracy': 0.6381531813271166, 'flat_f1': 0.6389548693586699, 'flat_recall': 0.6577017114914425}]",2517,0.6187474835253343,0.614632329237244
flat_40d_k300,40,0.3,0.31021137243227154,0.296814528133373,0.39297409943435546,0.0025522348461007264,0.25522348461007266,0.27976190476190477,0.3273809523809524,0.047619047619047616,"[0.29464285714285715, 0.2961309523809524, 0.27976190476190477, 0.3273809523809524, 0.28614008941877794]",0.48261670768260956,0.6139854297704985,0.7700243821527075,0.2315741622142266,0.5820770494003465,0.5805302509700357,0.40703517587939697,0.43142476697736354,0.4188752424046542,0.7421852595354173,0.6131453031556539,0.027926237845614075,0.4176897544531661,0.03224343890889094,"[{'roc_auc': 0.57365339092155, 'average_precision': 0.7547763693702088, 'balanced_accuracy': 0.5563596218004624, 'flat_f1': 0.3796477495107632, 'flat_recall': 0.40082644628099173}, {'roc_auc': 0.6325690925688279, 'average_precision': 0.7782653206347352, 'balanced_accuracy': 0.5993854763385238, 'flat_f1': 0.4584837545126354, 'flat_recall': 0.4847328244274809}, {'roc_auc': 0.6332134259765838, 'average_precision': 0.7880921897236914, 'balanced_accuracy': 0.5884088795273006, 'flat_f1': 0.4149377593360996, 'flat_recall': 0.4048582995951417}]",2517,0.6096345768268914,0.6031802164670598
flat_20d_k400,20,0.4,0.2834176838344745,0.3572491813039595,0.35933313486156593,0.0033861555602384043,0.3386155560238404,0.33979135618479883,0.38839285714285715,0.04860150095805832,"[0.35267857142857145, 0.3556547619047619, 0.34970238095238093, 0.38839285714285715, 0.33979135618479883]",0.4961904436349869,0.6139366094842882,0.7145253067722958,0.23472990940933222,0.5866936728871543,0.5867147535020663,0.4700665188470067,0.4695459579180509,0.4698060941828255,0.7036234128213069,0.6147086410061599,0.018435792216561653,0.4680384265413519,0.025666053966928046,"[{'roc_auc': 0.5890081628089008, 'average_precision': 0.6940809758317512, 'balanced_accuracy': 0.5745741548324574, 'flat_f1': 0.45544554455445546, 'flat_recall': 0.46464646464646464}, {'roc_auc': 0.6313577901198479, 'average_precision': 0.7269753173115902, 'balanced_accuracy': 0.5957657361395303, 'flat_f1': 0.5038167938931297, 'flat_recall': 0.5305466237942122}, {'roc_auc': 0.6237599700897307, 'average_precision': 0.7414498596853119, 'balanced_accuracy': 0.5874376869391824, 'flat_f1': 0.44485294117647056, 'flat_recall': 0.4101694915254237}]",2517,0.6087830817147328,0.6025957862857891
flat_60d_k425,60,0.425,0.26287585590949686,0.4078594819886871,0.32926466210181604,0.003702975377659593,0.3702975377659593,0.36607142857142855,0.44345238095238093,0.07738095238095238,"[0.38839285714285715, 0.4226190476190476, 0.36607142857142855, 0.44345238095238093, 0.4187779433681073]",0.5207886099815369,0.6139249784982668,0.6777321945586401,0.23678921860936183,0.5938224869034898,0.5887769504374154,0.5048701298701299,0.5998071359691417,0.5482591449977964,0.6292947558770343,0.6144858210812306,0.0388848796038519,0.5475553390240258,0.03550497321763671,"[{'roc_auc': 0.5690002369106847, 'average_precision': 0.6592121829574686, 'balanced_accuracy': 0.569938995498697, 'flat_f1': 0.5419198055893074, 'flat_recall': 0.6656716417910448}, {'roc_auc': 0.6104639533105063, 'average_precision': 0.6750846547282603, 'balanced_accuracy': 0.5786914469271771, 'flat_f1': 0.5071633237822349, 'flat_recall': 0.5175438596491229}, {'roc_auc': 0.6639932730225007, 'average_precision': 0.7126277926152894, 'balanced_accuracy': 0.6350556715379263, 'flat_f1': 0.5935828877005348, 'flat_recall': 0.6166666666666667}]",2517,0.6168639533613454,0.6139249784982668
flat_20d_k775,20,0.775,0.1833879130693659,0.6007740398928253,0.21583804703780887,0.006560676397961908,0.6560676397961908,0.5848214285714286,0.6235119047619048,0.038690476190476164,"[0.5848214285714286, 0.6011904761904762, 0.5982142857142857, 0.6235119047619048, 0.5961251862891207]",0.5381034016609192,0.6135745139674413,0.4867293760222735,0.24046023365747607,0.5773669901371277,0.5775099689560124,0.6671001300390117,0.6719056974459725,0.6694942903752039,0.4855256475368207,0.6160545131035905,0.04853384031386873,0.6687061860472459,0.020816290318549292,"[{'roc_auc': 0.5474543673547401, 'average_precision': 0.4349036903487107, 'balanced_accuracy': 0.545417622324159, 'flat_f1': 0.6577437858508605, 'flat_recall': 0.671875}, {'roc_auc': 0.6484012591119948, 'average_precision': 0.5243082721876076, 'balanced_accuracy': 0.5835729669601439, 'flat_f1': 0.6978484565014031, 'flat_recall': 0.7415506958250497}, {'roc_auc': 0.6523079128440368, 'average_precision': 0.53224687033117, 'balanced_accuracy': 0.6045101060779816, 'flat_f1': 0.6505263157894737, 'flat_recall': 0.603515625}]",2517,0.6160393429842476,0.61102004799754
flat_15d_k750,15,0.75,0.18874665078892527,0.5811253349211075,0.23012801428996726,0.006217694503499231,0.6217694503499231,0.5610119047619048,0.6056547619047619,0.044642857142857095,"[0.5758928571428571, 0.5907738095238095, 0.5610119047619048, 0.6056547619047619, 0.5722801788375559]",0.542071521282196,0.6129394360165588,0.5092447170352402,0.2412879835828263,0.5870193617877211,0.587512291052114,0.6514657980456026,0.6825938566552902,0.6666666666666666,0.5083579154375615,0.6150378891901346,0.045347071363929285,0.6661969354692518,0.01923816894613729,"[{'roc_auc': 0.551346593909523, 'average_precision': 0.4567488124083012, 'balanced_accuracy': 0.5612450859590448, 'flat_f1': 0.6555446516192346, 'flat_recall': 0.6761133603238867}, {'roc_auc': 0.6533719496591993, 'average_precision': 0.5411205207052063, 'balanced_accuracy': 0.6027112848070346, 'flat_f1': 0.6932038834951456, 'flat_recall': 0.7391304347826086}, {'roc_auc': 0.6403951240016814, 'average_precision': 0.5574374572229073, 'balanced_accuracy': 0.5972251412825184, 'flat_f1': 0.6498422712933754, 'flat_recall': 0.6331967213114754}]",2517,0.6100967784017771,0.6060642123847513
flat_30d_k400,30,0.4,0.2810360226257815,0.36201250372134564,0.3569514736528729,0.0033254318890028134,0.33254318890028134,0.34077380952380953,0.3869047619047619,0.046130952380952384,"[0.3541666666666667, 0.37351190476190477, 0.34077380952380953, 0.3869047619047619, 0.35469448584202684]",0.5003781914710999,0.6122757142604106,0.7116784495467361,0.2345029512359574,0.5803279827670071,0.5795472145929612,0.46282722513089003,0.48148148148148145,0.4719701014415376,0.6871243277443847,0.612344417407486,0.01819165697907895,0.47157667061133496,0.01519468216555115,"[{'roc_auc': 0.5867133296494136, 'average_precision': 0.6926962106944481, 'balanced_accuracy': 0.5654233437711058, 'flat_f1': 0.462015503875969, 'flat_recall': 0.4885245901639344}, {'roc_auc': 0.6270809195682663, 'average_precision': 0.725591887945878, 'balanced_accuracy': 0.5901000060979329, 'flat_f1': 0.4930232558139535, 'flat_recall': 0.5129032258064516}, {'roc_auc': 0.6232390030047781, 'average_precision': 0.730099422922265, 'balanced_accuracy': 0.5849280823604749, 'flat_f1': 0.45969125214408235, 'flat_recall': 0.44224422442244227}]",2517,0.6100353980974079,0.6087937669247946
flat_60d_k475,60,0.475,0.24709735040190534,0.44417981542125634,0.3087228341768383,0.004138619539737192,0.4138619539737192,0.41517857142857145,0.4791666666666667,0.06398809523809523,"[0.4255952380952381, 0.4479166666666667, 0.41517857142857145, 0.4791666666666667, 0.45305514157973176]",0.5034514367580414,0.612200521913342,0.6443311303968167,0.23883435984231913,0.585438107330394,0.5856027775888897,0.5461187214611872,0.5292035398230088,0.5375280898876404,0.6336774652901388,0.612634213814969,0.03158984291334021,0.5353878603365447,0.024519484218916938,"[{'roc_auc': 0.574712510968457, 'average_precision': 0.6315434203639632, 'balanced_accuracy': 0.5709226204221124, 'flat_f1': 0.5663924794359577, 'flat_recall': 0.6566757493188011}, {'roc_auc': 0.6111418111487188, 'average_precision': 0.6501049342198773, 'balanced_accuracy': 0.5773036540719763, 'flat_f1': 0.5064377682403434, 'flat_recall': 0.47580645161290325}, {'roc_auc': 0.6520483193277311, 'average_precision': 0.6614707197402327, 'balanced_accuracy': 0.6141075995615638, 'flat_f1': 0.5333333333333333, 'flat_recall': 0.46035805626598464}]",2517,0.6137931527163621,0.6111782668744694
flat_15d_k675,15,0.675,0.21047930931824949,0.5314081571896397,0.2581125334921108,0.005595925053149309,0.5595925053149309,0.5089285714285714,0.5595238095238095,0.05059523809523814,"[0.5133928571428571, 0.5476190476190477, 0.5089285714285714, 0.5595238095238095, 0.5275707898658718]",0.5242101848125458,0.61175219778476,0.5471566845907121,0.241590902608133,0.5875549842902028,0.5875279304461495,0.6178438661710037,0.6155555555555555,0.6166975881261596,0.5583582727661394,0.6129909342086612,0.041488634697301775,0.6164329264989142,0.02753129689428236,"[{'roc_auc': 0.5550124625551669, 'average_precision': 0.5032095231165459, 'balanced_accuracy': 0.5474777617708262, 'flat_f1': 0.5852585258525853, 'flat_recall': 0.588495575221239}, {'roc_auc': 0.6497797105419348, 'average_precision': 0.5862733729859236, 'balanced_accuracy': 0.6134747523170342, 'flat_f1': 0.6522210184182016, 'flat_recall': 0.6733780760626398}, {'roc_auc': 0.6341806295288819, 'average_precision': 0.5805977225950147, 'balanced_accuracy': 0.6019612773447323, 'flat_f1': 0.6118192352259559, 'flat_recall': 0.5853658536585366}]",2517,0.6103515602064168,0.6090335249042146
flat_40d_k325,40,0.325,0.3036618041083656,0.31676094075617744,0.379577255135457,0.002764921083275787,0.2764921083275787,0.2976190476190476,0.3556547619047619,0.0580357142857143,"[0.3080357142857143, 0.31845238095238093, 0.2976190476190476, 0.3556547619047619, 0.30402384500745155]",0.5000158548355103,0.6117380842431159,0.7503424432775865,0.2307844875226443,0.5817584581470929,0.5786822068450231,0.41917502787068006,0.46766169154228854,0.442092886537331,0.7152715271527152,0.6111645489436884,0.024037647955188736,0.44008697953334625,0.04414283901959418,"[{'roc_auc': 0.5788208434058555, 'average_precision': 0.7437103490915655, 'balanced_accuracy': 0.5479619930163846, 'flat_f1': 0.3787878787878788, 'flat_recall': 0.39215686274509803}, {'roc_auc': 0.6363987586294257, 'average_precision': 0.7485111074009467, 'balanced_accuracy': 0.6048704794477168, 'flat_f1': 0.4809688581314879, 'flat_recall': 0.48771929824561405}, {'roc_auc': 0.618274044795784, 'average_precision': 0.7674686268541482, 'balanced_accuracy': 0.5907740447957839, 'flat_f1': 0.46050420168067224, 'flat_recall': 0.5189393939393939}]",2517,0.6135701803799997,0.6117380842431159
flat_15d_k725,15,0.725,0.19410538850848466,0.5686216135754689,0.23727299791604645,0.006010438020049257,0.6010438020049257,0.5446428571428571,0.5922619047619048,0.04761904761904767,"[0.5639880952380952, 0.5818452380952381, 0.5446428571428571, 0.5922619047619048, 0.5603576751117735]",0.5346884727478027,0.6112866868040215,0.5179171975721921,0.2424333707185099,0.5927312307186975,0.5923715229074367,0.65149359886202,0.6383275261324042,0.6448433650123196,0.5398996808025536,0.6131398495581405,0.04710372695892982,0.6446220436895181,0.022221437574748877,"[{'roc_auc': 0.5469211966010943, 'average_precision': 0.468019384275173, 'balanced_accuracy': 0.5589308578745198, 'flat_f1': 0.6206896551724138, 'flat_recall': 0.6136363636363636}, {'roc_auc': 0.6525308271371173, 'average_precision': 0.5563943588543373, 'balanced_accuracy': 0.6134282778367894, 'flat_f1': 0.6742268041237114, 'flat_recall': 0.6927966101694916}, {'roc_auc': 0.6399675249362097, 'average_precision': 0.5631018610793119, 'balanced_accuracy': 0.6061905590350267, 'flat_f1': 0.6389496717724289, 'flat_recall': 0.6096033402922756}]",2517,0.6110865492415983,0.6090335249042146
flat_60d_k500,60,0.5,0.23727299791604645,0.4656147662994939,0.29711223578445967,0.004356441620775992,0.4356441620775992,0.4375,0.5029761904761905,0.06547619047619047,"[0.44345238095238093, 0.47470238095238093, 0.4375, 0.5029761904761905, 0.46944858420268254]",0.5155027806758881,0.6111782668744694,0.6260432387966964,0.23989508740114834,0.5861434219029156,0.5860685532216976,0.5608333333333333,0.5679324894514768,0.5643605870020965,0.6077765194412986,0.6103130382063814,0.037774033966669916,0.5632706778121651,0.028801093973482073,"[{'roc_auc': 0.5744015995429876, 'average_precision': 0.611569076723657, 'balanced_accuracy': 0.5664124535846902, 'flat_f1': 0.5842696629213483, 'flat_recall': 0.6683804627249358}, {'roc_auc': 0.594018313847278, 'average_precision': 0.6170878810169661, 'balanced_accuracy': 0.5666503014249178, 'flat_f1': 0.5225464190981433, 'flat_recall': 0.5038363171355499}, {'roc_auc': 0.6625192012288785, 'average_precision': 0.6566815805259428, 'balanced_accuracy': 0.6284178187403994, 'flat_f1': 0.582995951417004, 'flat_recall': 0.5333333333333333}]",2517,0.6138000184611291,0.6111782668744694
flat_20d_k800,20,0.8,0.17594522179220007,0.6138731765406371,0.21018160166716285,0.006772311120476809,0.6772311120476808,0.6056547619047619,0.6324404761904762,0.0267857142857143,"[0.6056547619047619, 0.6145833333333334, 0.6086309523809523, 0.6324404761904762, 0.6080476900149031]",0.5293726325035095,0.61102004799754,0.47794163706911463,0.24118179493887792,0.575754223181876,0.573352345155723,0.6800276434001382,0.6327974276527332,0.6555629580279814,0.4911417322834646,0.6133665227558335,0.05409265228913164,0.6549297761206538,0.02815928770177719,"[{'roc_auc': 0.5371578284967446, 'average_precision': 0.4214549160264831, 'balanced_accuracy': 0.5318301183532202, 'flat_f1': 0.6228855721393035, 'flat_recall': 0.5984703632887189}, {'roc_auc': 0.6457090353682402, 'average_precision': 0.5080570856584481, 'balanced_accuracy': 0.5868932270536013, 'flat_f1': 0.6914285714285714, 'flat_recall': 0.7103718199608611}, {'roc_auc': 0.6572327044025158, 'average_precision': 0.5269278573686654, 'balanced_accuracy': 0.6100508214729776, 'flat_f1': 0.6504751847940866, 'flat_recall': 0.5911708253358925}]",2517,0.6122972809824907,0.61102004799754
flat_40d_k225,40,0.225,0.341470675796368,0.23131884489431379,0.42721047930931827,0.0019141761345755448,0.19141761345755448,0.22172619047619047,0.25148809523809523,0.029761904761904767,"[0.2261904761904762, 0.23363095238095238, 0.22172619047619047, 0.25148809523809523, 0.22354694485842028]",0.46211931109428406,0.6110141140955592,0.8274602112779179,0.23200192523257454,0.5727798324668332,0.5670101938962637,0.32667617689015693,0.3901192504258944,0.3555900621118012,0.7784303256807261,0.6116542937287381,0.02279066204932749,0.3499743459374877,0.03897867429974208,"[{'roc_auc': 0.5813053454851012, 'average_precision': 0.8146652770122389, 'balanced_accuracy': 0.5487403852368948, 'flat_f1': 0.3049095607235142, 'flat_recall': 0.3089005235602094}, {'roc_auc': 0.6362270347306132, 'average_precision': 0.8390261747354502, 'balanced_accuracy': 0.5873416054775846, 'flat_f1': 0.4, 'flat_recall': 0.5221674876847291}, {'roc_auc': 0.6174305009705001, 'average_precision': 0.8380798085920201, 'balanced_accuracy': 0.5775678146906431, 'flat_f1': 0.3450134770889488, 'flat_recall': 0.3316062176165803}]",2517,0.6049480279391731,0.6003157947372673
flat_40d_k400,40,0.4,0.2774635308127419,0.37481393271807084,0.34772253646918727,0.0034029797948009685,0.3402979794800969,0.34077380952380953,0.41517857142857145,0.07440476190476192,"[0.36755952380952384, 0.37797619047619047, 0.34077380952380953, 0.41517857142857145, 0.37257824143070045]",0.5144023001194,0.6103053101803647,0.7024369385523128,0.23399084285948993,0.5825449232526114,0.5809984242624817,0.4730656219392752,0.508421052631579,0.4901065449010654,0.6718903036238981,0.6098868168646967,0.02306441194341597,0.4904469092247535,0.01770940924954661,"[{'roc_auc': 0.577337754036962, 'average_precision': 0.6909824685622865, 'balanced_accuracy': 0.5614539203045373, 'flat_f1': 0.472992700729927, 'flat_recall': 0.5311475409836065}, {'roc_auc': 0.6279969760241918, 'average_precision': 0.7121282372954547, 'balanced_accuracy': 0.6058031535747714, 'flat_f1': 0.5147286821705427, 'flat_recall': 0.5139318885448917}, {'roc_auc': 0.6243257205329362, 'average_precision': 0.7155153703976763, 'balanced_accuracy': 0.5820758797169528, 'flat_f1': 0.4836193447737909, 'flat_recall': 0.4813664596273292}]",2517,0.6110021959373063,0.6058643812061733
flat_15d_k650,15,0.65,0.2170288776421554,0.5147365287287883,0.2682345936290563,0.005388668569699335,0.5388668569699334,0.49107142857142855,0.5520833333333334,0.06101190476190482,"[0.49851190476190477, 0.5327380952380952, 0.49107142857142855, 0.5520833333333334, 0.4992548435171386]",0.5272933840751648,0.6102689579302758,0.5638273659135191,0.24138980148043745,0.5857165889002693,0.5856151994793813,0.5972222222222222,0.6260536398467433,0.6112981668537224,0.5599322321050403,0.6108236201368054,0.036282133105769776,0.6114967211052506,0.01454632326783017,"[{'roc_auc': 0.5610574021567086, 'average_precision': 0.5243478310059926, 'balanced_accuracy': 0.5509400015941881, 'flat_f1': 0.5943600867678959, 'flat_recall': 0.6255707762557078}, {'roc_auc': 0.6465271928426708, 'average_precision': 0.5899522261402095, 'balanced_accuracy': 0.6064607189200264, 'flat_f1': 0.6299212598425197, 'flat_recall': 0.6422018348623854}, {'roc_auc': 0.6248862654110368, 'average_precision': 0.5961113219705355, 'balanced_accuracy': 0.5992220554114918, 'flat_f1': 0.6102088167053364, 'flat_recall': 0.6102088167053364}]",2517,0.6095901147951551,0.6067491886704297
flat_20d_k425,20,0.425,0.276570407859482,0.376302470973504,0.347127121167014,0.0035977902827533043,0.3597790282753304,0.35714285714285715,0.40476190476190477,0.047619047619047616,"[0.37202380952380953, 0.37648809523809523, 0.35714285714285715, 0.40476190476190477, 0.3710879284649776]",0.5077743232250214,0.6098168493741212,0.695553217244125,0.23688851951653347,0.5879513800758226,0.5860562073594084,0.4786821705426357,0.519453207150368,0.4982349974785678,0.6738774172402491,0.6112741540929806,0.01901922071657559,0.49715141367764115,0.024226435417958846,"[{'roc_auc': 0.5843770961644003, 'average_precision': 0.6823920397941308, 'balanced_accuracy': 0.5682998963351424, 'flat_f1': 0.46489859594383776, 'flat_recall': 0.4806451612903226}, {'roc_auc': 0.6246370029039767, 'average_precision': 0.7035650250056396, 'balanced_accuracy': 0.5863633090935273, 'flat_f1': 0.5232876712328767, 'flat_recall': 0.5913312693498453}, {'roc_auc': 0.6248083632105651, 'average_precision': 0.7145784931629302, 'balanced_accuracy': 0.6077813590217168, 'flat_f1': 0.5032679738562091, 'flat_recall': 0.48427672955974843}]",2517,0.6098233173226154,0.6057164931094369
flat_60d_k300,60,0.3,0.30782971122357844,0.30455492706162546,0.38761536171479605,0.002613864972465595,0.2613864972465595,0.27380952380952384,0.34226190476190477,0.06845238095238093,"[0.28869047619047616, 0.30952380952380953, 0.27380952380952384, 0.34226190476190477, 0.30849478390462]",0.46941791474819183,0.6090590340898997,0.7611868558442831,0.23515615615263682,0.5772366870562599,0.5774264192315933,0.41612483745123535,0.41237113402061853,0.41423948220064727,0.7406133562625394,0.6082979167604597,0.014956232284439567,0.4120580316460249,0.038721913030045095,"[{'roc_auc': 0.5871676539468247, 'average_precision': 0.7593605318384742, 'balanced_accuracy': 0.5554862928778068, 'flat_f1': 0.3677685950413223, 'flat_recall': 0.36475409836065575}, {'roc_auc': 0.6196799455226422, 'average_precision': 0.7679311220894371, 'balanced_accuracy': 0.6007143605458212, 'flat_f1': 0.4620938628158845, 'flat_recall': 0.4794007490636704}, {'roc_auc': 0.6180461508119124, 'average_precision': 0.7647623703088927, 'balanced_accuracy': 0.5732594832686871, 'flat_f1': 0.40631163708086787, 'flat_recall': 0.3886792452830189}]",2517,0.6115306685050115,0.6023927420774784
flat_30d_k425,30,0.425,0.27180708544209586,0.38195891634415,0.3462339982137541,0.0035332713820654888,0.3533271382065489,0.35714285714285715,0.41220238095238093,0.05505952380952378,"[0.37202380952380953, 0.39732142857142855, 0.35714285714285715, 0.41220238095238093, 0.3710879284649776]",0.5350496768951416,0.6090367131070185,0.6909613957751977,0.23388928671169168,0.5847219385609765,0.5799247268489647,0.4723441615452151,0.556935817805383,0.5111638954869359,0.6486855582109935,0.6099964830317995,0.020828809696038845,0.5112109453355744,0.008416588150605088,"[{'roc_auc': 0.5806841554505107, 'average_precision': 0.6700243032140936, 'balanced_accuracy': 0.5703219908827385, 'flat_f1': 0.5, 'flat_recall': 0.557632398753894}, {'roc_auc': 0.627172479923289, 'average_precision': 0.7062444204209701, 'balanced_accuracy': 0.5880079108234448, 'flat_f1': 0.5202797202797202, 'flat_recall': 0.5740740740740741}, {'roc_auc': 0.6221328137215988, 'average_precision': 0.7135483374739409, 'balanced_accuracy': 0.5957252312392499, 'flat_f1': 0.5133531157270029, 'flat_recall': 0.5389408099688473}]",2517,0.6147794571186809,0.6090367131070185
flat_15d_k700,15,0.7,0.2006549568323906,0.5510568621613575,0.24828818100625186,0.0058031815365992825,0.5803181536599282,0.5238095238095238,0.5788690476190477,0.055059523809523836,"[0.5446428571428571, 0.5625, 0.5238095238095238, 0.5788690476190477, 0.5454545454545454]",0.5370477437973022,0.6090335249042146,0.5314979651420373,0.24293260812723835,0.583117816091954,0.5832040775355767,0.6266002844950214,0.6329022988505747,0.629735525375268,0.5366726296958855,0.6107672015264786,0.047199955283804766,0.62954651533031,0.027841316408225687,"[{'roc_auc': 0.5467080673911793, 'average_precision': 0.4878907880328377, 'balanced_accuracy': 0.5427634983612213, 'flat_f1': 0.5929108485499462, 'flat_recall': 0.5935483870967742}, {'roc_auc': 0.659047127622979, 'average_precision': 0.5785175405421614, 'balanced_accuracy': 0.6078374039674349, 'flat_f1': 0.6603575184016824, 'flat_recall': 0.6840958605664488}, {'roc_auc': 0.6265464095652775, 'average_precision': 0.5656308009706723, 'balanced_accuracy': 0.5993071394014791, 'flat_f1': 0.6353711790393013, 'flat_recall': 0.6217948717948718}]",2517,0.610690803164332,0.6090335249042146
flat_60d_k225,60,0.225,0.33908901458767493,0.23667758261387317,0.4242334027984519,0.0019603987293491964,0.19603987293491965,0.21875,0.2544642857142857,0.0357142857142857,"[0.2425595238095238, 0.23809523809523808, 0.21875, 0.2544642857142857, 0.22950819672131148]",0.4690191149711609,0.608997760583824,0.8241683812654002,0.2268420286323132,0.5759059655315506,0.573072654539895,0.34150076569678406,0.37542087542087543,0.35765838011226947,0.7884869289675205,0.6073469203681997,0.04133540053378543,0.3577134195800979,0.05747504367967637,"[{'roc_auc': 0.561021190586952, 'average_precision': 0.808801463204964, 'balanced_accuracy': 0.5339875519337813, 'flat_f1': 0.30275229357798167, 'flat_recall': 0.34196891191709844}, {'roc_auc': 0.661386444341516, 'average_precision': 0.8408149113716122, 'balanced_accuracy': 0.6270649992280377, 'flat_f1': 0.43705463182897863, 'flat_recall': 0.45098039215686275}, {'roc_auc': 0.5996331261761311, 'average_precision': 0.8272204651380421, 'balanced_accuracy': 0.5652861457690909, 'flat_f1': 0.3333333333333333, 'flat_recall': 0.3299492385786802}]",2517,0.6040374317453726,0.5981286308763545
flat_15d_k800,15,0.8,0.18041083655849954,0.6046442393569514,0.21494492408454896,0.006632207470399181,0.6632207470399181,0.5877976190476191,0.6235119047619048,0.0357142857142857,"[0.6011904761904762, 0.6116071428571429, 0.5877976190476191, 0.6235119047619048, 0.5991058122205664]",0.5352996289730072,0.6088948095989511,0.4873347847788908,0.24164108323957584,0.5810357542165235,0.5796456630248019,0.6726395589248794,0.6404199475065617,0.6561344537815126,0.5031568722680914,0.6140037667794249,0.05327894249162751,0.653976566722483,0.04590561013700427,"[{'roc_auc': 0.538760389227679, 'average_precision': 0.41903118281792473, 'balanced_accuracy': 0.5361863866536764, 'flat_f1': 0.5970772442588727, 'flat_recall': 0.5521235521235521}, {'roc_auc': 0.6550597197404309, 'average_precision': 0.5428739464749881, 'balanced_accuracy': 0.5969005689833538, 'flat_f1': 0.7094972067039106, 'flat_recall': 0.7681451612903226}, {'roc_auc': 0.648191191370165, 'average_precision': 0.5359390165628801, 'balanced_accuracy': 0.6144913284462721, 'flat_f1': 0.6553552492046659, 'flat_recall': 0.6058823529411764}]",2517,0.6074795109918512,0.6060642123847513
flat_30d_k375,30,0.375,0.28877642155403394,0.343852337005061,0.36737124144090505,0.003117592395940137,0.31175923959401375,0.31994047619047616,0.37351190476190477,0.0535714285714286,"[0.34226190476190477, 0.34672619047619047, 0.31994047619047616, 0.37351190476190477, 0.33681073025335323]",0.4813681095838547,0.6087937669247946,0.7245557821327261,0.23458242380531452,0.5782648609826372,0.5796074928747154,0.45897435897435895,0.41244239631336405,0.4344660194174757,0.7247489663319551,0.6095928825412527,0.019456691716814013,0.4325043102401593,0.042250942636423865,"[{'roc_auc': 0.5837057692552554, 'average_precision': 0.712744261826903, 'balanced_accuracy': 0.5444503864420591, 'flat_f1': 0.37735849056603776, 'flat_recall': 0.3546099290780142}, {'roc_auc': 0.6144594779281126, 'average_precision': 0.7279656365642675, 'balanced_accuracy': 0.5957452756345745, 'flat_f1': 0.48, 'flat_recall': 0.48484848484848486}, {'roc_auc': 0.63061340044039, 'average_precision': 0.7463117858734056, 'balanced_accuracy': 0.59268637936458, 'flat_f1': 0.44015444015444016, 'flat_recall': 0.3944636678200692}]",2517,0.6128203824300017,0.6087937669247946
flat_30d_k325,30,0.325,0.30723429592140516,0.30455492706162546,0.3882107770169693,0.002701913409814786,0.2701913409814786,0.28763040238450077,0.3318452380952381,0.04421483571073731,"[0.30654761904761907, 0.3080357142857143, 0.28869047619047616, 0.3318452380952381, 0.28763040238450077]",0.48117999732494354,0.6084274111175562,0.7580842823711073,0.23413678724264,0.5774835118462706,0.5759973750995565,0.4059040590405904,0.4308093994778068,0.41798606713109565,0.7340086830680174,0.6102399543267274,0.019099991655379064,0.4142309684182253,0.0438815568874292,"[{'roc_auc': 0.5832761289454202, 'average_precision': 0.7430330667048461, 'balanced_accuracy': 0.5473282185880611, 'flat_f1': 0.35802469135802467, 'flat_recall': 0.3425196850393701}, {'roc_auc': 0.6223331220954795, 'average_precision': 0.763707048451628, 'balanced_accuracy': 0.593416640261935, 'flat_f1': 0.46511627906976744, 'flat_recall': 0.532319391634981}, {'roc_auc': 0.6251106119392824, 'average_precision': 0.7793608170540129, 'balanced_accuracy': 0.5890306990674563, 'flat_f1': 0.4195519348268839, 'flat_recall': 0.41365461847389556}]",2517,0.6089611175002775,0.6010642752784766
flat_15d_k625,15,0.625,0.22387615361714797,0.49836260791902354,0.2777612384638285,0.00518141208624936,0.518141208624936,0.4732142857142857,0.53125,0.0580357142857143,"[0.4880952380952381, 0.5193452380952381, 0.4732142857142857, 0.53125, 0.4798807749627422]",0.5368586182594299,0.6067491886704297,0.5790864755665273,0.2418009422125433,0.5819742773800053,0.5806504130964432,0.5741797432239658,0.6388888888888888,0.6048084147257701,0.5564924114671164,0.6070888786917316,0.036895647820910135,0.6051025209606372,0.014045319067945186,"[{'roc_auc': 0.5570501454809966, 'average_precision': 0.534465466364197, 'balanced_accuracy': 0.5498982769594472, 'flat_f1': 0.5897714907508161, 'flat_recall': 0.640661938534279}, {'roc_auc': 0.644915552827787, 'average_precision': 0.6085303873154849, 'balanced_accuracy': 0.6099944308056011, 'flat_f1': 0.6237054085155351, 'flat_recall': 0.640661938534279}, {'roc_auc': 0.6193009377664109, 'average_precision': 0.6113355299783703, 'balanced_accuracy': 0.585868144359193, 'flat_f1': 0.6018306636155606, 'flat_recall': 0.6352657004830918}]",2517,0.6068427623354405,0.6035101404056162
flat_30d_k525,30,0.525,0.24025007442691276,0.46025602857993453,0.2994938969931527,0.004364629354316193,0.4364629354316193,0.42857142857142855,0.5074404761904762,0.07886904761904762,"[0.4479166666666667, 0.46726190476190477, 0.42857142857142855, 0.5074404761904762, 0.45007451564828616]",0.5131420493125916,0.6065775511033034,0.6258649468423645,0.24008314128218158,0.5848288178965647,0.5849042274645382,0.5567190226876091,0.5462328767123288,0.5514261019878998,0.6183823529411765,0.6061364365661868,0.03132428181866977,0.5488483012308674,0.042966299553685694,"[{'roc_auc': 0.5631640477254753, 'average_precision': 0.6046039550888451, 'balanced_accuracy': 0.5556482022716593, 'flat_f1': 0.4930747922437673, 'flat_recall': 0.4671916010498688}, {'roc_auc': 0.6183034950193407, 'average_precision': 0.6142383063407031, 'balanced_accuracy': 0.5977418729104622, 'flat_f1': 0.5558510638297872, 'flat_recall': 0.5318066157760815}, {'roc_auc': 0.6369417669537443, 'average_precision': 0.6683364239477492, 'balanced_accuracy': 0.5994267951862202, 'flat_f1': 0.5976190476190476, 'flat_recall': 0.6370558375634517}]",2517,0.6092369669152231,0.6061556593835276
flat_30d_k500,30,0.5,0.2450133968442989,0.4447752307234296,0.31021137243227154,0.0041567898612535166,0.41567898612535165,0.4211309523809524,0.4791666666666667,0.0580357142857143,"[0.4375, 0.45089285714285715, 0.4211309523809524, 0.4791666666666667, 0.43517138599105815]",0.5224242508411407,0.6061556593835276,0.6365618389484909,0.23956615013737748,0.585033129749353,0.584653002691029,0.5381974248927038,0.5568383658969804,0.5473592317765168,0.6219467736055414,0.6072169370827049,0.031364651555170764,0.5437675043853445,0.05132247748643835,"[{'roc_auc': 0.5648388398777604, 'average_precision': 0.6157411488929956, 'balanced_accuracy': 0.553845932076342, 'flat_f1': 0.4731494920174166, 'flat_recall': 0.44173441734417346}, {'roc_auc': 0.617062057409129, 'average_precision': 0.6319768982829701, 'balanced_accuracy': 0.5899843909605298, 'flat_f1': 0.5645569620253165, 'flat_recall': 0.58994708994709}, {'roc_auc': 0.6397499139612252, 'average_precision': 0.6796008937528515, 'balanced_accuracy': 0.6092463003326832, 'flat_f1': 0.5935960591133005, 'flat_recall': 0.6358839050131926}]",2517,0.6105449481487991,0.6061556593835276
flat_20d_k500,20,0.5,0.25334921107472463,0.42869901756475143,0.31795177136052394,0.004232694450298005,0.4232694450298005,0.39732142857142855,0.46130952380952384,0.06398809523809529,"[0.42857142857142855, 0.43898809523809523, 0.39732142857142855, 0.46130952380952384, 0.4172876304023845]",0.49170009791851044,0.6061373986370215,0.6440544675880142,0.2396765856516798,0.5820638926735078,0.5822621342188377,0.5337487019730011,0.4763670064874884,0.5034280117531832,0.661096256684492,0.6078189391276548,0.029906485102594596,0.5009446398392471,0.049763940470082535,"[{'roc_auc': 0.5680902217215066, 'average_precision': 0.618303548396029, 'balanced_accuracy': 0.5423988664212128, 'flat_f1': 0.4369230769230769, 'flat_recall': 0.39664804469273746}, {'roc_auc': 0.6402458826258409, 'average_precision': 0.6725645777110105, 'balanced_accuracy': 0.6065704012990025, 'flat_f1': 0.5582655826558266, 'flat_recall': 0.5722222222222222}, {'roc_auc': 0.615120713035617, 'average_precision': 0.6608253769169836, 'balanced_accuracy': 0.5970717092224064, 'flat_f1': 0.5076452599388379, 'flat_recall': 0.4598337950138504}]",2517,0.6050150661049967,0.6032315072918648
flat_15d_k775,15,0.775,0.18547186662697232,0.591247395058053,0.2232807383149747,0.006424950986949206,0.6424950986949206,0.5729166666666666,0.6130952380952381,0.04017857142857151,"[0.5833333333333334, 0.6026785714285714, 0.5729166666666666, 0.6130952380952381, 0.5842026825633383]",0.5461059212684631,0.6060642123847513,0.49202597450391855,0.24254596065971007,0.5797528280912836,0.5801646428662579,0.6558230318802862,0.675603217158177,0.6655661934631891,0.4947630922693267,0.611282341512584,0.049328362623283765,0.6645833559515788,0.02569806103537493,"[{'roc_auc': 0.5420420420420421, 'average_precision': 0.43094725252401056, 'balanced_accuracy': 0.5464100464100464, 'flat_f1': 0.6382556987115956, 'flat_recall': 0.6363636363636364}, {'roc_auc': 0.653269087175658, 'average_precision': 0.5426698912744161, 'balanced_accuracy': 0.583086382303528, 'flat_f1': 0.699443413729128, 'flat_recall': 0.7741273100616016}, {'roc_auc': 0.6385358953200518, 'average_precision': 0.5426176499256936, 'balanced_accuracy': 0.6125604149475421, 'flat_f1': 0.6560509554140127, 'flat_recall': 0.6192384769539078}]",2517,0.609299486000087,0.6060642123847513
flat_20d_k275,20,0.275,0.32956236975290265,0.25960107174754393,0.4108365584995534,0.002327981947663903,0.2327981947663903,0.23695976154992549,0.29017857142857145,0.05321880987864597,"[0.25744047619047616, 0.2619047619047619, 0.25148809523809523, 0.29017857142857145, 0.23695976154992549]",0.4307279884815216,0.6058918839298866,0.7923119365830162,0.23918031376149804,0.5724934943781608,0.575394311409516,0.388086642599278,0.3272450532724505,0.3550784475639967,0.7957101752550353,0.6057665047149313,0.016430285324208246,0.34658458024970645,0.05082570404109306,"[{'roc_auc': 0.5828251583443806, 'average_precision': 0.7716803222390441, 'balanced_accuracy': 0.5645308587420828, 'flat_f1': 0.33505154639175255, 'flat_recall': 0.2968036529680365}, {'roc_auc': 0.6140430608419019, 'average_precision': 0.8002321032364528, 'balanced_accuracy': 0.5888555927966824, 'flat_f1': 0.41379310344827586, 'flat_recall': 0.4396551724137931}, {'roc_auc': 0.6204312949585116, 'average_precision': 0.8195504832612232, 'balanced_accuracy': 0.5564732587923127, 'flat_f1': 0.2909090909090909, 'flat_recall': 0.23300970873786409}]",2517,0.6013198211281552,0.5985541422888636
flat_40d_k425,40,0.425,0.2673414706757964,0.3950580529919619,0.3376004763322417,0.003615666031976029,0.3615666031976029,0.3645833333333333,0.43898809523809523,0.07440476190476192,"[0.38244047619047616, 0.3958333333333333, 0.3645833333333333, 0.43898809523809523, 0.39344262295081966]",0.5252200663089752,0.6058643812061733,0.6804785796624274,0.2362380806440519,0.578755368479815,0.5759525005213306,0.48278905560458957,0.5448207171314741,0.5119326158165652,0.639972385226096,0.6073229650290901,0.020403601391931456,0.5112017179789783,0.021336363718363092,"[{'roc_auc': 0.5818770226537217, 'average_precision': 0.6721752189398469, 'balanced_accuracy': 0.5768278796595949, 'flat_f1': 0.5218543046357615, 'flat_recall': 0.6080246913580247}, {'roc_auc': 0.6318289085545723, 'average_precision': 0.706654609834104, 'balanced_accuracy': 0.5952861356932153, 'flat_f1': 0.5303244005641748, 'flat_recall': 0.5545722713864307}, {'roc_auc': 0.6082629638789763, 'average_precision': 0.6801268994484745, 'balanced_accuracy': 0.5668539259678008, 'flat_f1': 0.4814264487369985, 'flat_recall': 0.4750733137829912}]",2517,0.6115963784478938,0.6058643812061733
flat_20d_k450,20,0.45,0.26585293242036323,0.3944626376897886,0.33968442988984815,0.0038094250052682047,0.3809425005268205,0.37202380952380953,0.4226190476190476,0.05059523809523808,"[0.3943452380952381, 0.40327380952380953, 0.37202380952380953, 0.4226190476190476, 0.38002980625931443]",0.48755551874637604,0.6057164931094369,0.676389799999191,0.23712324778437002,0.5854469456348761,0.5859232551444278,0.5214723926380368,0.4271356783919598,0.4696132596685083,0.7022332506203474,0.6081297968999811,0.027704539202066968,0.465752556575359,0.05753388837601988,"[{'roc_auc': 0.5696410305207318, 'average_precision': 0.6539332521785748, 'balanced_accuracy': 0.5479845136427433, 'flat_f1': 0.38848920863309355, 'flat_recall': 0.32628398791540786}, {'roc_auc': 0.633720311631811, 'average_precision': 0.6864581873560079, 'balanced_accuracy': 0.6087578469504771, 'flat_f1': 0.5264750378214826, 'flat_recall': 0.516320474777448}, {'roc_auc': 0.6210280485474007, 'average_precision': 0.7051607200379928, 'balanced_accuracy': 0.5985372467507646, 'flat_f1': 0.4822934232715008, 'flat_recall': 0.43730886850152906}]",2517,0.6070698782898872,0.6056762923861037
flat_20d_k475,20,0.475,0.25900565644537066,0.4147067579636797,0.32628758559094967,0.004021059727783104,0.4021059727783104,0.3898809523809524,0.44345238095238093,0.05357142857142855,"[0.41369047619047616, 0.4255952380952381, 0.3898809523809524, 0.44345238095238093, 0.4008941877794337]",0.5022442936897278,0.6056762923861037,0.6583123551283,0.23896367837309215,0.5787806194091949,0.5788832612884746,0.5082125603864734,0.5033492822966508,0.5057692307692307,0.6519972918077184,0.6076736052607251,0.03217915471890617,0.502702856238928,0.0521803626854846,"[{'roc_auc': 0.5634407846993001, 'average_precision': 0.6310997242034577, 'balanced_accuracy': 0.540434721539434, 'flat_f1': 0.43057722308892354, 'flat_recall': 0.39655172413793105}, {'roc_auc': 0.6390550134648341, 'average_precision': 0.678521124864399, 'balanced_accuracy': 0.5993978712738549, 'flat_f1': 0.5522788203753352, 'flat_recall': 0.5835694050991501}, {'roc_auc': 0.6205250176180409, 'average_precision': 0.682163974111625, 'balanced_accuracy': 0.5958480150340616, 'flat_f1': 0.5252525252525253, 'flat_recall': 0.5290697674418605}]",2517,0.605843394710854,0.6056762923861037
flat_90d_k275,90,0.275,0.31378386424531113,0.29443286692467996,0.3917832688300089,0.0024588542053591857,0.24588542053591858,0.2604166666666667,0.3174366616989568,0.057019995032290105,"[0.28125, 0.2961309523809524, 0.2604166666666667, 0.3169642857142857, 0.3174366616989568]",0.45727817714214325,0.6056452935450334,0.7694608865920656,0.23568098028494305,0.5699562627604562,0.5717007536995762,0.4101796407185629,0.363395225464191,0.3853727144866385,0.7580287929125138,0.6041329170850032,0.026306611394400534,0.38242224871274083,0.04998145113618419,"[{'roc_auc': 0.5731553852822326, 'average_precision': 0.7660499110360836, 'balanced_accuracy': 0.5372418518156015, 'flat_f1': 0.3181818181818182, 'flat_recall': 0.29411764705882354}, {'roc_auc': 0.6017792869269949, 'average_precision': 0.7635082432161857, 'balanced_accuracy': 0.5727945670628183, 'flat_f1': 0.3890063424947146, 'flat_recall': 0.368}, {'roc_auc': 0.637464079045782, 'average_precision': 0.7839203515152784, 'balanced_accuracy': 0.5962156700652154, 'flat_f1': 0.4400785854616896, 'flat_recall': 0.42105263157894735}]",2517,0.6048638538194436,0.6040716524840297
flat_20d_k575,20,0.575,0.23459362905626674,0.4778207799940459,0.2875855909496874,0.004867598617842706,0.48675986178427055,0.4523809523809524,0.5163690476190477,0.06398809523809529,"[0.46577380952380953, 0.49107142857142855, 0.4523809523809524, 0.5163690476190477, 0.46348733233979134]",0.49467605352401733,0.6055486351306063,0.5959052487917473,0.2413563534373061,0.5796853560295169,0.5777051650220837,0.5789990186457311,0.48760330578512395,0.5293853746074473,0.6260249554367201,0.6062041626168695,0.033088556093940354,0.529185377833019,0.026184989955539847,"[{'roc_auc': 0.560970473740524, 'average_precision': 0.5656765517465532, 'balanced_accuracy': 0.5503477360165729, 'flat_f1': 0.4932249322493225, 'flat_recall': 0.45161290322580644}, {'roc_auc': 0.6391995358308967, 'average_precision': 0.6244531483769755, 'balanced_accuracy': 0.595803137692124, 'flat_f1': 0.5548216644649934, 'flat_recall': 0.5172413793103449}, {'roc_auc': 0.6184424782791877, 'average_precision': 0.6174589492896674, 'balanced_accuracy': 0.5927732039763605, 'flat_f1': 0.5395095367847411, 'flat_recall': 0.4937655860349127}]",2517,0.6072438105224848,0.598299153387403
flat_30d_k275,30,0.275,0.3253944626376898,0.2649598094671033,0.4096457278952069,0.0022862344236894345,0.22862344236894344,0.2459016393442623,0.29017857142857145,0.04427693208430916,"[0.2663690476190476, 0.2663690476190476, 0.25595238095238093, 0.29017857142857145, 0.2459016393442623]",0.4722965657711029,0.6053053800808719,0.791061114590214,0.23485842982770747,0.5753077347797139,0.572070243945244,0.3633916554508748,0.40601503759398494,0.3835227272727273,0.7606177606177607,0.6064489310432611,0.027640782669277084,0.37936788650867753,0.046841010281541993,"[{'roc_auc': 0.5673589630284284, 'average_precision': 0.769977647105602, 'balanced_accuracy': 0.5499926351450877, 'flat_f1': 0.3407079646017699, 'flat_recall': 0.3515981735159817}, {'roc_auc': 0.626003930280246, 'average_precision': 0.8027738027773716, 'balanced_accuracy': 0.6065625712007291, 'flat_f1': 0.44528301886792454, 'flat_recall': 0.5108225108225108}, {'roc_auc': 0.6259838998211091, 'average_precision': 0.8197007342353827, 'balanced_accuracy': 0.5654442456768038, 'flat_f1': 0.352112676056338, 'flat_recall': 0.3488372093023256}]",2517,0.601954035365738,0.5994924507378657
flat_60d_k200,60,0.2,0.34831795177136055,0.2161357546888955,0.43554629353974395,0.001742576648310397,0.1742576648310397,0.20386904761904762,0.23363095238095238,0.029761904761904767,"[0.21279761904761904, 0.21577380952380953, 0.20386904761904762, 0.23363095238095238, 0.21460506706408347]",0.4525875598192215,0.6049859037759393,0.8389818275326457,0.2261602082411082,0.5680593427924389,0.567789376958858,0.3237410071942446,0.32727272727272727,0.325497287522604,0.810081466395112,0.6029153850705729,0.02589977233419319,0.32205260893922294,0.05567905287548904,"[{'roc_auc': 0.574699509057051, 'average_precision': 0.8333286573089091, 'balanced_accuracy': 0.5347892331132555, 'flat_f1': 0.2616279069767442, 'flat_recall': 0.25139664804469275}, {'roc_auc': 0.6372494340736853, 'average_precision': 0.8502953199187379, 'balanced_accuracy': 0.6092360814933893, 'flat_f1': 0.39598997493734334, 'flat_recall': 0.42245989304812837}, {'roc_auc': 0.5967972120809824, 'average_precision': 0.83567806649883, 'balanced_accuracy': 0.5582807832724859, 'flat_f1': 0.3085399449035813, 'flat_recall': 0.30434782608695654}]",2517,0.6005650656768818,0.5877115326708823
flat_90d_k300,90,0.3,0.30395951175945224,0.314676987198571,0.3813635010419768,0.0026823864058463844,0.2682386405846384,0.27827380952380953,0.34277198211624443,0.0644981725924349,"[0.29910714285714285, 0.31398809523809523, 0.27827380952380953, 0.3392857142857143, 0.34277198211624443]",0.4728262424468994,0.6048746154292679,0.7530917828887013,0.2324779633674485,0.5709402391594589,0.5724372079657806,0.4281729428172943,0.3813664596273292,0.40341655716162944,0.7414578587699316,0.6036862680376651,0.024810125688677864,0.40083386833735507,0.05321330885958194,"[{'roc_auc': 0.5709413926894017, 'average_precision': 0.7522539740296186, 'balanced_accuracy': 0.5315158940848138, 'flat_f1': 0.3305439330543933, 'flat_recall': 0.3172690763052209}, {'roc_auc': 0.6091434247327286, 'average_precision': 0.7555377065792079, 'balanced_accuracy': 0.5784431607287555, 'flat_f1': 0.4126984126984127, 'flat_recall': 0.3880597014925373}, {'roc_auc': 0.630973986690865, 'average_precision': 0.7592813167919099, 'balanced_accuracy': 0.5991253276870336, 'flat_f1': 0.45925925925925926, 'flat_recall': 0.4305555555555556}]",2517,0.6094844095007179,0.6048746154292679
flat_90d_k250,90,0.25,0.32420363203334324,0.2703185471866627,0.40547782077999406,0.002235322004871987,0.2235322004871987,0.24553571428571427,0.28912071535022354,0.04358500106450927,"[0.25892857142857145, 0.2693452380952381, 0.24553571428571427, 0.28869047619047616, 0.28912071535022354]",0.4808589518070221,0.6040716524840297,0.7892174086156059,0.23413671912083095,0.5739257106994994,0.5694859359991301,0.3681592039800995,0.4265129682997118,0.3951935914552737,0.7437782805429864,0.6021002216907473,0.027331156656688057,0.39413158562490613,0.041046646957089296,"[{'roc_auc': 0.5644136843488545, 'average_precision': 0.7798163929346555, 'balanced_accuracy': 0.5373757063384292, 'flat_f1': 0.3360995850622407, 'flat_recall': 0.36486486486486486}, {'roc_auc': 0.6283786678089527, 'average_precision': 0.8044729007683291, 'balanced_accuracy': 0.5991647033626044, 'flat_f1': 0.4219409282700422, 'flat_recall': 0.43478260869565216}, {'roc_auc': 0.6135083129144345, 'average_precision': 0.7866037570469993, 'balanced_accuracy': 0.5826619322507857, 'flat_f1': 0.42435424354243545, 'flat_recall': 0.47520661157024796}]",2517,0.603141340366283,0.599707075069786
flat_40d_k250,40,0.25,0.3313486156594225,0.2518606728192915,0.4167907115212861,0.0021268623717506053,0.21268623717506052,0.2414307004470939,0.27529761904761907,0.03386691860052518,"[0.24702380952380953, 0.25, 0.24553571428571427, 0.27529761904761907, 0.2414307004470939]",0.45059506595134735,0.6035141749846931,0.8038077847480338,0.23303735863988304,0.5707347835589196,0.5717039497744728,0.3639344262295082,0.34796238244514105,0.3557692307692308,0.7876386687797148,0.603374473096538,0.022081214399357667,0.34772816532038614,0.055001461125656605,"[{'roc_auc': 0.5845795180907682, 'average_precision': 0.7964707379690779, 'balanced_accuracy': 0.5461050016104542, 'flat_f1': 0.30612244897959184, 'flat_recall': 0.2912621359223301}, {'roc_auc': 0.6343689942344651, 'average_precision': 0.819285368448125, 'balanced_accuracy': 0.5994882359792674, 'flat_f1': 0.4254473161033797, 'flat_recall': 0.4798206278026906}, {'roc_auc': 0.5911749069643807, 'average_precision': 0.8053014598661254, 'balanced_accuracy': 0.5609440267335004, 'flat_f1': 0.311614730878187, 'flat_recall': 0.2631578947368421}]",2517,0.6059028351824374,0.6031802164670598
flat_15d_k600,15,0.6,0.22804406073236083,0.4873474248288181,0.28460851443882107,0.004974155602799385,0.4974155602799385,0.45982142857142855,0.5193452380952381,0.05952380952380959,"[0.47470238095238093, 0.5104166666666666, 0.45982142857142855, 0.5193452380952381, 0.47242921013412814]",0.5242739319801331,0.6035101404056162,0.580144327245131,0.2424340802059999,0.5781594421671603,0.5780541443622353,0.5682715074980268,0.582995951417004,0.5755395683453237,0.580568720379147,0.6041252105642273,0.036771652463874704,0.5758800694405383,0.015457090822516102,"[{'roc_auc': 0.5523045010229597, 'average_precision': 0.5371437015454701, 'balanced_accuracy': 0.5438224596499205, 'flat_f1': 0.5541327124563445, 'flat_recall': 0.5734939759036145}, {'roc_auc': 0.6338028169014085, 'average_precision': 0.5988306259312474, 'balanced_accuracy': 0.6015528197433186, 'flat_f1': 0.5886699507389163, 'flat_recall': 0.5786924939467313}, {'roc_auc': 0.6262683137683138, 'average_precision': 0.6226250381734288, 'balanced_accuracy': 0.5890350577850578, 'flat_f1': 0.5848375451263538, 'flat_recall': 0.597051597051597}]",2517,0.6021113681023821,0.5960747752311004
flat_20d_k525,20,0.525,0.24739505805299197,0.4459660613277761,0.3066388806192319,0.004444329172812906,0.4444329172812906,0.4181547619047619,0.48214285714285715,0.06398809523809523,"[0.4375, 0.4568452380952381, 0.4181547619047619, 0.48214285714285715, 0.43517138599105815]",0.5116339325904846,0.6032315072918648,0.6229811381056061,0.2408403015091325,0.58114202823786,0.5812300649731839,0.5382538253825383,0.5310834813499112,0.5346446133214126,0.6278155166249553,0.605007406188871,0.025826570503691033,0.5330831265122348,0.03938321633193252,"[{'roc_auc': 0.5692714622505894, 'average_precision': 0.6003575214584799, 'balanced_accuracy': 0.5495917428554999, 'flat_f1': 0.4780763790664781, 'flat_recall': 0.45187165775401067}, {'roc_auc': 0.6294117647058823, 'average_precision': 0.6506161284515958, 'balanced_accuracy': 0.5959778046115807, 'flat_f1': 0.5681528662420382, 'flat_recall': 0.5962566844919787}, {'roc_auc': 0.6163389916101413, 'average_precision': 0.6396269648116584, 'balanced_accuracy': 0.5978663820312411, 'flat_f1': 0.553020134228188, 'flat_recall': 0.544973544973545}]",2517,0.6025560197720964,0.598299153387403
flat_40d_k275,40,0.275,0.3191426019648705,0.27508186960404885,0.40577552843108067,0.002339548608925666,0.2339548608925666,0.2604166666666667,0.30357142857142855,0.04315476190476186,"[0.2693452380952381, 0.2767857142857143, 0.2604166666666667, 0.30357142857142855, 0.26527570789865873]",0.4651130437850952,0.6031802164670598,0.7810950019565166,0.2380990781840525,0.5741965184434913,0.5716973118113886,0.37516339869281046,0.41117478510028654,0.3923444976076555,0.7510501260151218,0.6040603861897883,0.026200360640533195,0.39059025732053315,0.030651692728233364,"[{'roc_auc': 0.5670501956141997, 'average_precision': 0.7645369617523878, 'balanced_accuracy': 0.551715052909671, 'flat_f1': 0.36105476673427994, 'flat_recall': 0.3938053097345133}, {'roc_auc': 0.624105835888088, 'average_precision': 0.7932546809278156, 'balanced_accuracy': 0.5901931946861104, 'flat_f1': 0.43283582089552236, 'flat_recall': 0.4773662551440329}, {'roc_auc': 0.621025127067077, 'average_precision': 0.8014194663217262, 'balanced_accuracy': 0.5782196291788961, 'flat_f1': 0.3778801843317972, 'flat_recall': 0.35807860262008734}]",2517,0.6068932737407505,0.6031802164670598
flat_20d_k375,20,0.375,0.2929443286692468,0.3343256921702888,0.3727299791604644,0.0031745208377235035,0.31745208377235035,0.3174366616989568,0.3586309523809524,0.04119429068199559,"[0.3392857142857143, 0.33779761904761907, 0.31845238095238093, 0.3586309523809524, 0.3174366616989568]",0.48976610600948334,0.6025957862857891,0.729027704229007,0.23400925385180474,0.5746401521081379,0.5742880981101373,0.4300822561692127,0.43779904306220097,0.4339063426200356,0.714669853600239,0.6037295214313086,0.011525901150893098,0.4324267240945578,0.023632404657685364,"[{'roc_auc': 0.5883107672469374, 'average_precision': 0.7192934908084099, 'balanced_accuracy': 0.5593584784010316, 'flat_f1': 0.41415929203539825, 'flat_recall': 0.4254545454545455}, {'roc_auc': 0.6160177750845831, 'average_precision': 0.7385360378003003, 'balanced_accuracy': 0.5824622531939605, 'flat_f1': 0.46579804560260585, 'flat_recall': 0.49825783972125437}, {'roc_auc': 0.6068600219624056, 'average_precision': 0.7399195935688518, 'balanced_accuracy': 0.5801563206511208, 'flat_f1': 0.41732283464566927, 'flat_recall': 0.38686131386861317}]",2517,0.6051439634458758,0.5988994945675501
flat_20d_k225,20,0.225,0.3462339982137541,0.22030366180410837,0.43346233998213757,0.0019047125026341023,0.19047125026341025,0.20119225037257824,0.2425595238095238,0.04136727343694557,"[0.2261904761904762, 0.21875, 0.21279761904761904, 0.2425595238095238, 0.20119225037257824]",0.4434391260147095,0.6024966492582151,0.8298976000127032,0.2390896023141258,0.5687706243934002,0.5646795782254412,0.312202852614897,0.35818181818181816,0.3336155800169348,0.7957435764339476,0.6010997220978314,0.014125158023369635,0.326494867617625,0.04189002823848804,"[{'roc_auc': 0.5921314317768447, 'average_precision': 0.8224025526517422, 'balanced_accuracy': 0.5670672627445648, 'flat_f1': 0.3273657289002558, 'flat_recall': 0.3595505617977528}, {'roc_auc': 0.621042116199153, 'average_precision': 0.839507099714908, 'balanced_accuracy': 0.5823463597858227, 'flat_f1': 0.37735849056603776, 'flat_recall': 0.4639175257731959}, {'roc_auc': 0.5901256183174964, 'average_precision': 0.837375224855583, 'balanced_accuracy': 0.5511949888660355, 'flat_f1': 0.2747603833865815, 'flat_recall': 0.24157303370786518}]",2517,0.5976457353027711,0.5909271194843828
flat_60d_k275,60,0.275,0.31586781780291756,0.2831199761833879,0.4010122060136945,0.002396042891426796,0.2396042891426796,0.2604166666666667,0.31101190476190477,0.05059523809523808,"[0.27232142857142855, 0.28422619047619047, 0.2604166666666667, 0.31101190476190477, 0.28763040238450077]",0.4788590222597122,0.6023927420774784,0.7754852875481076,0.2346775430307483,0.575902606810017,0.5714928985950615,0.3800959232613909,0.43966712898751736,0.4077170418006431,0.7352687553894798,0.6009303994740135,0.025886590113154657,0.40729324225004665,0.03597465848573138,"[{'roc_auc': 0.5653804853604409, 'average_precision': 0.7656594258569978, 'balanced_accuracy': 0.5437719235449925, 'flat_f1': 0.3575638506876228, 'flat_recall': 0.39737991266375544}, {'roc_auc': 0.6262767518063039, 'average_precision': 0.7872297732441056, 'balanced_accuracy': 0.5988325861336184, 'flat_f1': 0.44145873320537427, 'flat_recall': 0.46747967479674796}, {'roc_auc': 0.6111339612552955, 'average_precision': 0.7836249358552122, 'balanced_accuracy': 0.5839571422695677, 'flat_f1': 0.4228571428571429, 'flat_recall': 0.45121951219512196}]",2517,0.6031934690145775,0.5981286308763545
flat_30d_k225,30,0.225,0.3444477523072343,0.2241738612682346,0.43137838642453114,0.0018705554375640825,0.18705554375640826,0.20864381520119224,0.24702380952380953,0.038379994322617295,"[0.22023809523809523, 0.2261904761904762, 0.21875, 0.24702380952380953, 0.20864381520119224]",0.4678201675415039,0.6021828788495455,0.8231410125774411,0.23811674208505035,0.5834106634106634,0.5665997613074043,0.3146341463414634,0.455026455026455,0.3720259552992069,0.7611735673156018,0.6012598058812125,0.01646117418071605,0.3682289246482025,0.03259062674925843,"[{'roc_auc': 0.5986719689110638, 'average_precision': 0.8215179825372889, 'balanced_accuracy': 0.5646519784616905, 'flat_f1': 0.3522267206477733, 'flat_recall': 0.46774193548387094}, {'roc_auc': 0.6225895100502513, 'average_precision': 0.8324345404878489, 'balanced_accuracy': 0.6027755967336683, 'flat_f1': 0.41366223908918404, 'flat_recall': 0.5477386934673367}, {'roc_auc': 0.5825179386823223, 'average_precision': 0.8207347295342956, 'balanced_accuracy': 0.5774833994012076, 'flat_f1': 0.33879781420765026, 'flat_recall': 0.34065934065934067}]",2517,0.6065539596494632,0.5994924507378657
flat_30d_k300,30,0.3,0.31676094075617744,0.28460851443882107,0.3986305448050015,0.00249407391675211,0.24940739167521098,0.26527570789865873,0.30952380952380953,0.044248101625150804,"[0.28720238095238093, 0.28720238095238093, 0.27380952380952384, 0.30952380952380953, 0.26527570789865873]",0.48221051692962646,0.6010642752784766,0.771490281000413,0.232381503052981,0.5851303900067932,0.5836353808584452,0.4,0.42178770949720673,0.4106050305914344,0.7566657311254561,0.602084072162535,0.022520070251155534,0.40699046872778627,0.046428878993746675,"[{'roc_auc': 0.5705033853400059, 'average_precision': 0.7499567207040208, 'balanced_accuracy': 0.5537764413978721, 'flat_f1': 0.35294117647058826, 'flat_recall': 0.34177215189873417}, {'roc_auc': 0.6214416989993874, 'average_precision': 0.7800358146882711, 'balanced_accuracy': 0.6112654005853924, 'flat_f1': 0.4663023679417122, 'flat_recall': 0.5140562248995983}, {'roc_auc': 0.6143071321482116, 'average_precision': 0.8022422583952947, 'balanced_accuracy': 0.587231384307846, 'flat_f1': 0.4017278617710583, 'flat_recall': 0.4043478260869565}]",2517,0.6049323554923016,0.6010642752784766
flat_5d_k800,5,0.8,0.20214349508782375,0.5635605835069961,0.2342959214051801,0.006093187708567268,0.6093187708567268,0.5401785714285714,0.5848214285714286,0.044642857142857206,"[0.5848214285714286, 0.5758928571428571, 0.5401785714285714, 0.5699404761904762, 0.5469448584202683]",0.5225755572319031,0.6009484609878311,0.5301744643720994,0.2432078693477851,0.5741240796604969,0.5735598364939258,0.6236959761549925,0.5991410164638511,0.6111719605695509,0.5359477124183006,0.6044795766948798,0.02705567247882539,0.6086065798610211,0.044755555815182965,"[{'roc_auc': 0.5671680587807161, 'average_precision': 0.4973995504125346, 'balanced_accuracy': 0.5508785914809552, 'flat_f1': 0.5934782608695652, 'flat_recall': 0.5771670190274841}, {'roc_auc': 0.630477140139142, 'average_precision': 0.5621468213074889, 'balanced_accuracy': 0.6050183956263109, 'flat_f1': 0.6693961105424769, 'flat_recall': 0.7139737991266376}, {'roc_auc': 0.6157935311647815, 'average_precision': 0.5514717848489623, 'balanced_accuracy': 0.5679647677455729, 'flat_f1': 0.5629453681710214, 'flat_recall': 0.5085836909871244}]",2517,0.600700336082808,0.6004522111777849
flat_90d_k200,90,0.2,0.3462339982137541,0.22179220005954153,0.43197380172670435,0.0017882576038975896,0.17882576038975895,0.19940476190476192,0.23809523809523808,0.038690476190476164,"[0.21428571428571427, 0.22916666666666666, 0.19940476190476192, 0.23809523809523808, 0.22801788375558868]",0.4742741137742996,0.6005820105820106,0.8328352711104301,0.22667566308788287,0.5650847917514584,0.562040546696346,0.31545741324921134,0.3527336860670194,0.33305578684429643,0.7910253065483955,0.5996170057835315,0.024673774305784935,0.3324530132799732,0.023640758128238935,"[{'roc_auc': 0.5838829655343416, 'average_precision': 0.8334470595426104, 'balanced_accuracy': 0.5504339201586907, 'flat_f1': 0.3002680965147453, 'flat_recall': 0.3027027027027027}, {'roc_auc': 0.6344566544566546, 'average_precision': 0.8491452145521561, 'balanced_accuracy': 0.5849409849409849, 'flat_f1': 0.35638297872340424, 'flat_recall': 0.3544973544973545}, {'roc_auc': 0.5805113973595983, 'average_precision': 0.8170255170249399, 'balanced_accuracy': 0.5586149922199586, 'flat_f1': 0.3407079646017699, 'flat_recall': 0.39896373056994816}]",2517,0.5951779792956468,0.5852448522351434
flat_5d_k775,5,0.775,0.20660910985412326,0.5510568621613575,0.2423340279845192,0.005902775592674541,0.5902775592674542,0.53125,0.5714285714285714,0.0401785714285714,"[0.5714285714285714, 0.5595238095238095, 0.53125, 0.5580357142857143, 0.5350223546944859]",0.5276049673557281,0.6004522111777849,0.5401779934683999,0.24361627047832343,0.5680979264959614,0.5678387127487385,0.6073573573573574,0.591374269005848,0.5992592592592593,0.5364181662382177,0.6045675361942359,0.02713889083060277,0.597146480440404,0.04210162930584643,"[{'roc_auc': 0.5671781609195403, 'average_precision': 0.5100205696969281, 'balanced_accuracy': 0.5512040229885058, 'flat_f1': 0.5899122807017544, 'flat_recall': 0.5797413793103449}, {'roc_auc': 0.6307658933138472, 'average_precision': 0.568972899866226, 'balanced_accuracy': 0.5991790738034344, 'flat_f1': 0.6519453207150369, 'flat_recall': 0.6919642857142857}, {'roc_auc': 0.6157585543493198, 'average_precision': 0.5639615633730974, 'balanced_accuracy': 0.5550650451193258, 'flat_f1': 0.5495818399044206, 'flat_recall': 0.5043859649122807}]",2517,0.597363031986918,0.590688423795138
flat_40d_k200,40,0.2,0.35189044358440014,0.2072045251562965,0.44090503125930336,0.0017014898974004843,0.17014898974004844,0.19225037257824143,0.22172619047619047,0.029475817897949036,"[0.20833333333333334, 0.21428571428571427, 0.19940476190476192, 0.22172619047619047, 0.19225037257824143]",0.47745275497436523,0.6003157947372673,0.8424020677778916,0.22049032788046338,0.5747497874828351,0.5679760816651768,0.30441640378548895,0.3704414587332054,0.3341991341991342,0.8017530291312194,0.5986249421927812,0.027290480791035302,0.33151629072681704,0.045171426423473625,"[{'roc_auc': 0.5831822460862592, 'average_precision': 0.8394752110395862, 'balanced_accuracy': 0.5455745964227189, 'flat_f1': 0.2957393483709273, 'flat_recall': 0.3430232558139535}, {'roc_auc': 0.6369779383478014, 'average_precision': 0.8542820209232996, 'balanced_accuracy': 0.6100615518423738, 'flat_f1': 0.3952380952380952, 'flat_recall': 0.45604395604395603}, {'roc_auc': 0.5757146421442829, 'average_precision': 0.8423121346226656, 'balanced_accuracy': 0.5648969917308241, 'flat_f1': 0.30357142857142855, 'flat_recall': 0.30538922155688625}]",2517,0.603407915991876,0.5988938391428018
flat_15d_k275,15,0.275,0.3301577850550759,0.2551354569812444,0.4147067579636797,0.0022798213179497187,0.22798213179497187,0.23397913561847988,0.28125,0.04727086438152012,"[0.25595238095238093, 0.2604166666666667, 0.24404761904761904, 0.28125, 0.23397913561847988]",0.4325867295265198,0.5999206645898234,0.7938525688736455,0.2403273321933727,0.5652573208722742,0.5675082052894004,0.3667262969588551,0.31931464174454827,0.34138218151540384,0.7936342290633969,0.6009358067206111,0.008693573834367075,0.3407925561029009,0.013001460600259114,"[{'roc_auc': 0.5887729623684679, 'average_precision': 0.7802211871933554, 'balanced_accuracy': 0.5625520183104452, 'flat_f1': 0.3253333333333333, 'flat_recall': 0.2824074074074074}, {'roc_auc': 0.6085716586858791, 'average_precision': 0.806068119208696, 'balanced_accuracy': 0.5693596333230828, 'flat_f1': 0.35714285714285715, 'flat_recall': 0.3393665158371041}, {'roc_auc': 0.6054627991074862, 'average_precision': 0.8087277578553366, 'balanced_accuracy': 0.5641917365545895, 'flat_f1': 0.3399014778325123, 'flat_recall': 0.33658536585365856}]",2517,0.5965206866494296,0.5936087263074945
flat_90d_k225,90,0.225,0.3340279845192021,0.2467996427508187,0.41917237272997915,0.0020117898043847883,0.20117898043847884,0.22321428571428573,0.26785714285714285,0.04464285714285712,"[0.23809523809523808, 0.24404761904761904, 0.22321428571428573, 0.26785714285714285, 0.2608047690014903]",0.4890909492969513,0.599707075069786,0.8052361124519767,0.22941767250776932,0.5737316249686992,0.5676760457715058,0.3425559947299078,0.4120443740095087,0.37410071942446044,0.7612513721185511,0.598148024224144,0.028083643623275926,0.37447183307690235,0.03132600909641061,"[{'roc_auc': 0.5732550860719874, 'average_precision': 0.8097421246867355, 'balanced_accuracy': 0.544612676056338, 'flat_f1': 0.33047210300429186, 'flat_recall': 0.385}, {'roc_auc': 0.637395478008875, 'average_precision': 0.827123319032227, 'balanced_accuracy': 0.5995109729223896, 'flat_f1': 0.4009433962264151, 'flat_recall': 0.4028436018957346}, {'roc_auc': 0.58379350859157, 'average_precision': 0.7815785939637536, 'balanced_accuracy': 0.5757159641650756, 'flat_f1': 0.392, 'flat_recall': 0.44545454545454544}]",2517,0.6014535793786088,0.599707075069786
flat_20d_k250,20,0.25,0.3376004763322417,0.23995236677582613,0.42244715689193213,0.0021163472251490025,0.21163472251490026,0.21609538002980627,0.2663690476190476,0.050273667589241344,"[0.24107142857142858, 0.24553571428571427, 0.23065476190476192, 0.2663690476190476, 0.21609538002980627]",0.43887168169021606,0.5995134371657153,0.8086200058355597,0.24069944436364157,0.5634548211435871,0.5636326828452232,0.337228714524207,0.3344370860927152,0.33582709891936824,0.7914382667710781,0.5992888649180926,0.017291433780651327,0.3332118618751289,0.02923606722872019,"[{'roc_auc': 0.575469791877147, 'average_precision': 0.7896536689942864, 'balanced_accuracy': 0.5467149540699753, 'flat_f1': 0.31, 'flat_recall': 0.3069306930693069}, {'roc_auc': 0.6064047240517829, 'average_precision': 0.8181475669572021, 'balanced_accuracy': 0.5759898554016201, 'flat_f1': 0.3744493392070485, 'flat_recall': 0.40476190476190477}, {'roc_auc': 0.6159920788253478, 'average_precision': 0.8341916793150299, 'balanced_accuracy': 0.5644038189077795, 'flat_f1': 0.3151862464183381, 'flat_recall': 0.2864583333333333}]",2517,0.602633990117939,0.5995134371657153
flat_30d_k250,30,0.25,0.3337302768681155,0.24471568919321227,0.42155403393867225,0.0020783949306267583,0.20783949306267582,0.22652757078986588,0.27232142857142855,0.04579385778156267,"[0.24404761904761904, 0.24404761904761904, 0.23660714285714285, 0.27232142857142855, 0.22652757078986588]",0.4392056316137314,0.5994924507378657,0.8053159736772657,0.23675603187667524,0.5638330632090762,0.5656552594645647,0.3518850987432675,0.31766612641815234,0.3339011925042589,0.7974093264248705,0.5986041195820911,0.013616924613944936,0.3312327358875593,0.032624096333614495,"[{'roc_auc': 0.5828225642945148, 'average_precision': 0.7953388634568925, 'balanced_accuracy': 0.5536424460768259, 'flat_f1': 0.3133159268929504, 'flat_recall': 0.29850746268656714}, {'roc_auc': 0.6160519803814068, 'average_precision': 0.8108670170217724, 'balanced_accuracy': 0.5796153333234548, 'flat_f1': 0.37701149425287356, 'flat_recall': 0.3778801843317972}, {'roc_auc': 0.5969378140703517, 'average_precision': 0.8234981652879241, 'balanced_accuracy': 0.555209641959799, 'flat_f1': 0.30337078651685395, 'flat_recall': 0.271356783919598}]",2517,0.6023269032227611,0.5994924507378657
flat_15d_k350,15,0.35,0.30753200357249183,0.30753200357249183,0.3849359928550164,0.0029015907682996413,0.2901590768299641,0.27529761904761907,0.3392857142857143,0.06398809523809523,"[0.32142857142857145, 0.30952380952380953, 0.27529761904761907, 0.3392857142857143, 0.29210134128166915]",0.4783608615398407,0.5990957113438984,0.7535698855127858,0.23498915510968968,0.5741158563882174,0.5736909621640274,0.40512820512820513,0.4130718954248366,0.4090614886731392,0.7383204356549155,0.60367642344497,0.01318522417018381,0.40837726457727636,0.018164501648594567,"[{'roc_auc': 0.5917017726228252, 'average_precision': 0.7494899871860389, 'balanced_accuracy': 0.5780583214793741, 'flat_f1': 0.42391304347826086, 'flat_recall': 0.47368421052631576}, {'roc_auc': 0.5972850975606556, 'average_precision': 0.7548062918329106, 'balanced_accuracy': 0.5623810835990499, 'flat_f1': 0.38289205702647655, 'flat_recall': 0.3533834586466165}, {'roc_auc': 0.6220424001514291, 'average_precision': 0.7722446629302728, 'balanced_accuracy': 0.5848239636570131, 'flat_f1': 0.41832669322709165, 'flat_recall': 0.4166666666666667}]",2517,0.595254851603933,0.5928806969544244
flat_20d_k350,20,0.35,0.3024709735040191,0.31616552545400417,0.3813635010419768,0.002962886115208603,0.29628861152086033,0.29464285714285715,0.34672619047619047,0.052083333333333315,"[0.3169642857142857, 0.3244047619047619, 0.29464285714285715, 0.34672619047619047, 0.29806259314456035]",0.4496113806962967,0.5988994945675501,0.7462286934163198,0.23660799939068344,0.5622125736176525,0.5634220997857362,0.4276315789473684,0.32663316582914576,0.37037037037037035,0.756473829201102,0.60040952550582,0.011203914008761045,0.36693893382794457,0.03220789140274401,"[{'roc_auc': 0.5870159752810467, 'average_precision': 0.7330162277127286, 'balanced_accuracy': 0.5538228913286437, 'flat_f1': 0.3317757009345794, 'flat_recall': 0.2679245283018868}, {'roc_auc': 0.5997747835203665, 'average_precision': 0.7490730141750195, 'balanced_accuracy': 0.5637207315652546, 'flat_f1': 0.4095940959409594, 'flat_recall': 0.4065934065934066}, {'roc_auc': 0.6144378177160469, 'average_precision': 0.7705770552193265, 'balanced_accuracy': 0.566825441300084, 'flat_f1': 0.35944700460829493, 'flat_recall': 0.3023255813953488}]",2517,0.599612581527445,0.5973424637289956
flat_40d_k175,40,0.175,0.3605239654659125,0.1899374813932718,0.4495385531408157,0.0014888036602254237,0.14888036602254237,0.1800595238095238,0.21279761904761904,0.03273809523809523,"[0.18601190476190477, 0.19047619047619047, 0.1800595238095238, 0.21279761904761904, 0.18032786885245902]",0.4458504319190979,0.5988938391428018,0.8537948699811787,0.22703824144036922,0.5601338607562674,0.5591523637458597,0.2848605577689243,0.2966804979253112,0.29065040650406504,0.8276543209876543,0.5966164748112123,0.028012832197666565,0.28339008839611834,0.06859790509214471,"[{'roc_auc': 0.5777211846821355, 'average_precision': 0.8528598229899915, 'balanced_accuracy': 0.5391199773627617, 'flat_f1': 0.25157232704402516, 'flat_recall': 0.25806451612903225}, {'roc_auc': 0.636218790489197, 'average_precision': 0.8656798059735579, 'balanced_accuracy': 0.6080514409776937, 'flat_f1': 0.37866666666666665, 'flat_recall': 0.4152046783625731}, {'roc_auc': 0.5759094492623043, 'average_precision': 0.8464711072458044, 'balanced_accuracy': 0.5271614671321846, 'flat_f1': 0.21993127147766323, 'flat_recall': 0.20512820512820512}]",2517,0.5928350669536052,0.5792955669807465
flat_20d_k300,20,0.3,0.3191426019648705,0.27805894611491516,0.40279845192021435,0.002539616670178803,0.25396166701788025,0.2563338301043219,0.31398809523809523,0.05765426513377331,"[0.27827380952380953, 0.28125, 0.2604166666666667, 0.31398809523809523, 0.2563338301043219]",0.4492993503808975,0.5985541422888636,0.7726687973711208,0.237615028437511,0.5758937829532386,0.5780779211891349,0.40192926045016075,0.3566333808844508,0.3779289493575208,0.7782268930207491,0.5998296042658937,0.019800355740570843,0.3706846526489384,0.04674051120382006,"[{'roc_auc': 0.5749446117139124, 'average_precision': 0.756679651168006, 'balanced_accuracy': 0.5594855990456172, 'flat_f1': 0.3229166666666667, 'flat_recall': 0.2672413793103448}, {'roc_auc': 0.6011530182755453, 'average_precision': 0.7738559324398019, 'balanced_accuracy': 0.5894069016575494, 'flat_f1': 0.43413729128014844, 'flat_recall': 0.47560975609756095}, {'roc_auc': 0.6233911828082233, 'average_precision': 0.8016016848946428, 'balanced_accuracy': 0.5731538640731466, 'flat_f1': 0.355, 'flat_recall': 0.3183856502242152}]",2517,0.6005961633159153,0.5973424637289956
flat_20d_k550,20,0.55,0.23995236677582613,0.45966061327776125,0.30038701994641265,0.004655963895327806,0.4655963895327806,0.43452380952380953,0.5,0.06547619047619047,"[0.4494047619047619, 0.47023809523809523, 0.43452380952380953, 0.5, 0.44411326378539495]",0.4813442677259445,0.598299153387403,0.6080905863610482,0.24207572506479244,0.5795980971857911,0.575405414612352,0.5753424657534246,0.43373493975903615,0.4946025515210991,0.6562082777036048,0.5992554623153267,0.031580320871323925,0.4917722946831522,0.049244679589400514,"[{'roc_auc': 0.5556070064713818, 'average_precision': 0.5785346276493616, 'balanced_accuracy': 0.5505247993414283, 'flat_f1': 0.42586750788643535, 'flat_recall': 0.3488372093023256}, {'roc_auc': 0.6292701863354038, 'average_precision': 0.6313195497134122, 'balanced_accuracy': 0.5950401899890392, 'flat_f1': 0.54421768707483, 'flat_recall': 0.5115089514066496}, {'roc_auc': 0.6128891941391942, 'average_precision': 0.6325472149019741, 'balanced_accuracy': 0.5925795558608059, 'flat_f1': 0.5052316890881914, 'flat_recall': 0.4401041666666667}]",2517,0.602359765269958,0.598299153387403
flat_60d_k250,60,0.25,0.3283715391485561,0.25721941053885083,0.414409050312593,0.002178220810387996,0.2178220810387996,0.23958333333333334,0.2767857142857143,0.03720238095238096,"[0.25595238095238093, 0.25744047619047616, 0.23958333333333334, 0.2767857142857143, 0.2563338301043219]",0.44944682717323303,0.5981286308763545,0.8003260772945291,0.2316653937720163,0.5646256849738371,0.5667709721060404,0.36795774647887325,0.32153846153846155,0.34318555008210183,0.790356394129979,0.5990453284488328,0.03333476822432834,0.3354920547613851,0.06875877438237116,"[{'roc_auc': 0.5611057445588191, 'average_precision': 0.7879957919774314, 'balanced_accuracy': 0.5221646994898421, 'flat_f1': 0.25925925925925924, 'flat_recall': 0.23222748815165878}, {'roc_auc': 0.6422483855379344, 'average_precision': 0.8192498211178931, 'balanced_accuracy': 0.6045556385362211, 'flat_f1': 0.42588726513569936, 'flat_recall': 0.46153846153846156}, {'roc_auc': 0.5937818552497451, 'average_precision': 0.8056436186772367, 'balanced_accuracy': 0.5645895197151679, 'flat_f1': 0.32132963988919666, 'flat_recall': 0.26605504587155965}]",2517,0.6031730445125524,0.5981286308763545
flat_20d_k325,20,0.325,0.31050908008335815,0.29770765108663294,0.3917832688300089,0.002751251392693703,0.2751251392693703,0.2786885245901639,0.3318452380952381,0.05315671350507417,"[0.2961309523809524, 0.29910714285714285, 0.28273809523809523, 0.3318452380952381, 0.2786885245901639]",0.44861991703510284,0.5973424637289956,0.7582730717222839,0.23690080281372616,0.566501365487768,0.5686055006101085,0.41459369817578773,0.33288948069241014,0.36927621861152143,0.7679347826086956,0.5977195203991892,0.010589812042307824,0.36581781651550654,0.031279849220793784,"[{'roc_auc': 0.5827497538023855, 'average_precision': 0.7475089321318675, 'balanced_accuracy': 0.5577504376846483, 'flat_f1': 0.3341404358353511, 'flat_recall': 0.2793522267206478}, {'roc_auc': 0.6048226385013951, 'average_precision': 0.7647099229800827, 'balanced_accuracy': 0.5701906470041185, 'flat_f1': 0.4083969465648855, 'flat_recall': 0.4115384615384615}, {'roc_auc': 0.605586168893787, 'average_precision': 0.7754735531027301, 'balanced_accuracy': 0.5684460669513707, 'flat_f1': 0.354916067146283, 'flat_recall': 0.30327868852459017}]",2517,0.5982653668618031,0.5973424637289956
flat_15d_k575,15,0.575,0.23518904435844,0.4709735040190533,0.2938374516225067,0.00476689911934941,0.47668991193494104,0.44345238095238093,0.5104166666666666,0.0669642857142857,"[0.4568452380952381, 0.4895833333333333, 0.44345238095238093, 0.5104166666666666, 0.45454545454545453]",0.5090469419956207,0.5960747752311004,0.5904513621464837,0.2429855619601996,0.5760845890844625,0.5759398869096739,0.5591397849462365,0.5234899328859061,0.5407279029462738,0.6111518708730741,0.5968429286193095,0.042145510008717045,0.5399588406131595,0.04240735713786349,"[{'roc_auc': 0.5384843338614268, 'average_precision': 0.551639282630731, 'balanced_accuracy': 0.5309988944231054, 'flat_f1': 0.48, 'flat_recall': 0.4534005037783375}, {'roc_auc': 0.6365137384848382, 'average_precision': 0.6253411197036506, 'balanced_accuracy': 0.6050484519295369, 'flat_f1': 0.5688073394495413, 'flat_recall': 0.5411471321695761}, {'roc_auc': 0.6155307135116638, 'average_precision': 0.6204565211344866, 'balanced_accuracy': 0.5925654480123197, 'flat_f1': 0.5710691823899371, 'flat_recall': 0.5761421319796954}]",2517,0.5967457931587974,0.5906524638396754
flat_15d_k250,15,0.25,0.3417683834474546,0.23489133670735338,0.423340279845192,0.002072564834499744,0.20725648344997438,0.21460506706408347,0.25744047619047616,0.04283540912639269,"[0.23065476190476192, 0.24107142857142858, 0.23065476190476192, 0.25744047619047616, 0.21460506706408347]",0.47126947343349457,0.5960326690509711,0.8093420901894381,0.24000006638623544,0.581828714836611,0.5656774503671429,0.3235638921453693,0.4638655462184874,0.3812154696132597,0.7501394311210262,0.5979041851218447,0.0059481322085375935,0.37796229473566223,0.022825132109420714,"[{'roc_auc': 0.5947743910968805, 'average_precision': 0.7951586918595426, 'balanced_accuracy': 0.5720658408070006, 'flat_f1': 0.371900826446281, 'flat_recall': 0.44554455445544555}, {'roc_auc': 0.5927071514058784, 'average_precision': 0.8203978822236339, 'balanced_accuracy': 0.5908963737818052, 'flat_f1': 0.4084507042253521, 'flat_recall': 0.5742574257425742}, {'roc_auc': 0.6062310128627755, 'average_precision': 0.8263329018474084, 'balanced_accuracy': 0.5790794066317626, 'flat_f1': 0.35353535353535354, 'flat_recall': 0.36649214659685864}]",2517,0.5944956068641973,0.5875334869517975
flat_15d_k325,15,0.325,0.3149746948496576,0.2884787139029473,0.39654659124739505,0.0026943342848496673,0.2694334284849667,0.2604166666666667,0.31845238095238093,0.058035714285714246,"[0.2916666666666667, 0.29464285714285715, 0.2604166666666667, 0.31845238095238093, 0.27719821162444114]",0.4323844909667969,0.5937881465134761,0.7641698330429347,0.2364819341109575,0.5602697551678639,0.5607571097520356,0.4260089686098655,0.2631578947368421,0.3253424657534247,0.7961717537506466,0.5942005247994319,0.012614592765005277,0.3248605191823084,0.008717398589308067,"[{'roc_auc': 0.5889100798191708, 'average_precision': 0.7627269097960967, 'balanced_accuracy': 0.5591262273080455, 'flat_f1': 0.3155080213903743, 'flat_recall': 0.25213675213675213}, {'roc_auc': 0.5820910761690832, 'average_precision': 0.7575689222376294, 'balanced_accuracy': 0.5561296031583962, 'flat_f1': 0.33649289099526064, 'flat_recall': 0.285140562248996}, {'roc_auc': 0.6116004184100419, 'average_precision': 0.781071936207556, 'balanced_accuracy': 0.564689679218968, 'flat_f1': 0.3225806451612903, 'flat_recall': 0.2510460251046025}]",2517,0.5954975280549564,0.5936087263074945
flat_15d_k300,15,0.3,0.3218219708246502,0.273295623697529,0.4048824054778208,0.0024870778013996926,0.24870778013996925,0.25297619047619047,0.29910714285714285,0.046130952380952384,"[0.27827380952380953, 0.28273809523809523, 0.25297619047619047, 0.29910714285714285, 0.2533532041728763]",0.47906558215618134,0.5936087263074945,0.7759419347363479,0.2350283050604587,0.5648311654750624,0.5609342212049409,0.35361216730038025,0.40789473684210525,0.3788187372708758,0.7430497051390059,0.5949370664995205,0.010709512576474796,0.37868838919039144,0.009581142958189976,"[{'roc_auc': 0.5833488438685661, 'average_precision': 0.7655183163371109, 'balanced_accuracy': 0.5656131433889326, 'flat_f1': 0.3858267716535433, 'flat_recall': 0.4279475982532751}, {'roc_auc': 0.592285746409197, 'average_precision': 0.7757599959280832, 'balanced_accuracy': 0.5554290693425528, 'flat_f1': 0.3651452282157676, 'flat_recall': 0.3728813559322034}, {'roc_auc': 0.6091766092207984, 'average_precision': 0.7967393284827899, 'balanced_accuracy': 0.5744255413168361, 'flat_f1': 0.38509316770186336, 'flat_recall': 0.4246575342465753}]",2517,0.5957725124702646,0.5936087263074945
flat_15d_k375,15,0.375,0.29800535873771955,0.3283715391485561,0.37362310211372435,0.0031088472517496156,0.3108847251749616,0.3005952380952381,0.3586309523809524,0.0580357142857143,"[0.34077380952380953, 0.3333333333333333, 0.3005952380952381, 0.3586309523809524, 0.30849478390462]",0.4693719446659088,0.5928806969544244,0.72993842769753,0.2385317163747071,0.560704874361005,0.5618512449019667,0.4171270718232044,0.36964504283965727,0.39195327709279687,0.7317492127111366,0.593405399993152,0.014016946641657278,0.3898853286958744,0.021399219871672183,"[{'roc_auc': 0.5787653671684965, 'average_precision': 0.7224779132988737, 'balanced_accuracy': 0.566004864900401, 'flat_f1': 0.3877551020408163, 'flat_recall': 0.3584905660377358}, {'roc_auc': 0.5891511229539398, 'average_precision': 0.7225826692324094, 'balanced_accuracy': 0.5535274711331049, 'flat_f1': 0.4170940170940171, 'flat_recall': 0.4295774647887324}, {'roc_auc': 0.6122997098570195, 'average_precision': 0.7560198594739853, 'balanced_accuracy': 0.5596328776433072, 'flat_f1': 0.3648068669527897, 'flat_recall': 0.31716417910447764}]",2517,0.5949317966388917,0.5928189816183528
flat_15d_k400,15,0.4,0.2902649598094671,0.3462339982137541,0.3635010419767788,0.0033161037351995904,0.33161037351995903,0.31845238095238093,0.37202380952380953,0.0535714285714286,"[0.35714285714285715, 0.35267857142857145, 0.31845238095238093, 0.37202380952380953, 0.33084947839046197]",0.4714003801345825,0.5928189816183528,0.715231891337179,0.2381278266377801,0.5714084049202677,0.5727035801438959,0.4585714285714286,0.3719582850521437,0.4107485604606526,0.7346585998271391,0.5948241288134078,0.017845830151765944,0.4087605357314587,0.03336042450143155,"[{'roc_auc': 0.5741657150107855, 'average_precision': 0.7061814448606816, 'balanced_accuracy': 0.5540699149854079, 'flat_f1': 0.36174636174636177, 'flat_recall': 0.30633802816901406}, {'roc_auc': 0.5925981401735007, 'average_precision': 0.7074965985011487, 'balanced_accuracy': 0.567362541346814, 'flat_f1': 0.43567753001715265, 'flat_recall': 0.43197278911564624}, {'roc_auc': 0.6177085312559376, 'average_precision': 0.7466131183634406, 'balanced_accuracy': 0.5911489011337007, 'flat_f1': 0.4288577154308617, 'flat_recall': 0.37543859649122807}]",2517,0.5899384291100206,0.5841156087572845
flat_15d_k475,15,0.475,0.26525751711818996,0.40547782077999406,0.32926466210181604,0.003937873185549513,0.3937873185549513,0.38392857142857145,0.4330357142857143,0.04910714285714285,"[0.4017857142857143, 0.4181547619047619, 0.38392857142857145, 0.4330357142857143, 0.39046199701937406]",0.5064981281757355,0.5911456900729564,0.6502172850088827,0.2419608042337958,0.5683828441196117,0.5658445537162423,0.47739130434782606,0.538235294117647,0.5059907834101383,0.6256983240223464,0.5922692247681214,0.028301177884192612,0.5021695514266574,0.04823978672557761,"[{'roc_auc': 0.5536906385249304, 'average_precision': 0.6324064511774874, 'balanced_accuracy': 0.5374933301713405, 'flat_f1': 0.45348837209302323, 'flat_recall': 0.46706586826347307}, {'roc_auc': 0.6207891471779385, 'average_precision': 0.6699184342204649, 'balanced_accuracy': 0.5942072242900953, 'flat_f1': 0.5679012345679012, 'flat_recall': 0.6609195402298851}, {'roc_auc': 0.6023278886014952, 'average_precision': 0.6642713500054009, 'balanced_accuracy': 0.570465577720299, 'flat_f1': 0.4851190476190476, 'flat_recall': 0.4822485207100592}]",2517,0.5887438826739285,0.5862706598892973
flat_20d_k200,20,0.2,0.3572491813039595,0.19767788032152425,0.4450729383745162,0.0016930777801192022,0.1693077780119202,0.18032786885245902,0.22172619047619047,0.04139832162373144,"[0.19047619047619047, 0.19940476190476192, 0.19642857142857142, 0.22172619047619047, 0.18032786885245902]",0.4351053684949875,0.5909271194843828,0.8419448922624232,0.23266545663534322,0.5502459097669807,0.5505428883816699,0.2804878048780488,0.276,0.2782258064516129,0.8228599703117269,0.5898974040486679,0.011750905181944278,0.27141313316135135,0.03557842363870736,"[{'roc_auc': 0.5862422444024817, 'average_precision': 0.8348384887267477, 'balanced_accuracy': 0.5462233612085244, 'flat_f1': 0.2591362126245847, 'flat_recall': 0.23636363636363636}, {'roc_auc': 0.6057644110275688, 'average_precision': 0.8534766732965638, 'balanced_accuracy': 0.5586941491660185, 'flat_f1': 0.3198090692124105, 'flat_recall': 0.3850574712643678}, {'roc_auc': 0.577685556715953, 'average_precision': 0.8428207605711409, 'balanced_accuracy': 0.5411192949669287, 'flat_f1': 0.23529411764705882, 'flat_recall': 0.19875776397515527}]",2517,0.594012558236034,0.5886139059655041
flat_5d_k750,5,0.75,0.21286097052694256,0.5367668949091992,0.2503721345638583,0.0057123634767818135,0.5712363476781813,0.5171385991058122,0.5580357142857143,0.04089711517990213,"[0.5580357142857143, 0.5491071428571429, 0.5193452380952381, 0.5401785714285714, 0.5171385991058122]",0.523887038230896,0.590688423795138,0.5436597144182698,0.24465222185970592,0.5636408046268324,0.563608182733507,0.5898791540785498,0.5858964741185296,0.5878810688746707,0.5393352965923432,0.5957231867406597,0.02304333516418413,0.5846933247688727,0.045294521103431296,"[{'roc_auc': 0.5639056845769777, 'average_precision': 0.5110721000038547, 'balanced_accuracy': 0.5516152489579039, 'flat_f1': 0.58006718924972, 'flat_recall': 0.5679824561403509}, {'roc_auc': 0.6177334016043693, 'average_precision': 0.5702866010088491, 'balanced_accuracy': 0.5869374751095181, 'flat_f1': 0.6423357664233577, 'flat_recall': 0.7096774193548387}, {'roc_auc': 0.6055304740406321, 'average_precision': 0.5726026554253296, 'balanced_accuracy': 0.5546663018446314, 'flat_f1': 0.5316770186335403, 'flat_recall': 0.48306997742663654}]",2517,0.5930234494513448,0.5879297133811117
flat_15d_k550,15,0.55,0.2423340279845192,0.4563858291158083,0.30128014289967253,0.004559642635899437,0.45596426358994374,0.42857142857142855,0.4880952380952381,0.059523809523809534,"[0.4538690476190476, 0.47619047619047616, 0.42857142857142855, 0.4880952380952381, 0.43517138599105815]",0.5065363943576813,0.5906524638396754,0.6056098515363535,0.2425065129784304,0.5735353255129129,0.5725947653757696,0.5491388044579534,0.4721254355400697,0.507728337236534,0.6374611935150052,0.5911763441123944,0.036604377284644184,0.5062991863412031,0.046105678634198996,"[{'roc_auc': 0.5418556181576657, 'average_precision': 0.5728271130369504, 'balanced_accuracy': 0.5346382437817783, 'flat_f1': 0.4411764705882353, 'flat_recall': 0.391644908616188}, {'roc_auc': 0.629453613789475, 'average_precision': 0.6330816930502483, 'balanced_accuracy': 0.5991690400210457, 'flat_f1': 0.5416666666666666, 'flat_recall': 0.5051813471502591}, {'roc_auc': 0.6022198003900425, 'average_precision': 0.6276395508521662, 'balanced_accuracy': 0.5870683721463806, 'flat_f1': 0.5360544217687074, 'flat_recall': 0.5197889182058048}]",2517,0.5915485055161459,0.587918277477662
flat_15d_k175,15,0.175,0.3727299791604644,0.17207502232807384,0.4551949985114617,0.0014507953841498206,0.14507953841498206,0.15946348733233978,0.19345238095238096,0.03398889362004118,"[0.16071428571428573, 0.17559523809523808, 0.17113095238095238, 0.19345238095238096, 0.15946348733233978]",0.4482308030128479,0.5903186058792467,0.8608046846400603,0.22345754614580388,0.5554534853018835,0.5536073607360736,0.2584745762711864,0.2791762013729977,0.2684268426842684,0.8387878787878787,0.5901619568441615,0.026177742006159233,0.2602095778165581,0.048766711280142275,"[{'roc_auc': 0.5775179856115107, 'average_precision': 0.85371193998537, 'balanced_accuracy': 0.5445793365307754, 'flat_f1': 0.23107569721115537, 'flat_recall': 0.2013888888888889}, {'roc_auc': 0.6266171261358385, 'average_precision': 0.8768510095040111, 'balanced_accuracy': 0.5861119667334052, 'flat_f1': 0.32891246684350134, 'flat_recall': 0.4105960264900662}, {'roc_auc': 0.5663507587851354, 'average_precision': 0.8575239501344252, 'balanced_accuracy': 0.531680037181482, 'flat_f1': 0.2206405693950178, 'flat_recall': 0.21830985915492956}]",2517,0.5837081721066976,0.5746804808875816
flat_10d_k575,10,0.575,0.23965465912473952,0.46025602857993453,0.300089312295326,0.004651290023901559,0.4651290023901559,0.4330357142857143,0.4791666666666667,0.046130952380952384,"[0.46130952380952384, 0.46726190476190477, 0.4330357142857143, 0.4791666666666667, 0.46050670640834573]",0.5032700002193451,0.59004329004329,0.6063319953518032,0.2428735361455328,0.5729971203539486,0.5729527481681038,0.5436802973977695,0.5064935064935064,0.5244285073957866,0.621476988940421,0.5922304011325102,0.04080034663822849,0.5245464981907207,0.03018427855248349,"[{'roc_auc': 0.5366938303017799, 'average_precision': 0.5766937029389262, 'balanced_accuracy': 0.533163703881993, 'flat_f1': 0.4819277108433735, 'flat_recall': 0.47244094488188976}, {'roc_auc': 0.6335548439669915, 'average_precision': 0.6631713748050907, 'balanced_accuracy': 0.5996912623810671, 'flat_f1': 0.547945205479452, 'flat_recall': 0.5291005291005291}, {'roc_auc': 0.6064425291287594, 'average_precision': 0.6113399496290792, 'balanced_accuracy': 0.5861521535900769, 'flat_f1': 0.5437665782493368, 'flat_recall': 0.5176767676767676}]",2517,0.585846889369941,0.5814532416402496
flat_15d_k450,15,0.45,0.273295623697529,0.3849359928550164,0.3417683834474546,0.003730616702099539,0.3730616702099539,0.36160714285714285,0.4181547619047619,0.05654761904761907,"[0.3869047619047619, 0.3958333333333333, 0.36160714285714285, 0.4181547619047619, 0.3621460506706408]",0.4899236857891083,0.5888152980595318,0.6716598477904657,0.24214132720645773,0.5620064797870127,0.56124938349527,0.45722713864306785,0.48037190082644626,0.46851385390428213,0.6539849130862578,0.589430331057037,0.025021207997292166,0.4672090654171499,0.02932504689967962,"[{'roc_auc': 0.5563298770195322, 'average_precision': 0.65311338754344, 'balanced_accuracy': 0.5390221847118399, 'flat_f1': 0.43167701863354035, 'flat_recall': 0.43573667711598746}, {'roc_auc': 0.6168138969585581, 'average_precision': 0.6806803224417154, 'balanced_accuracy': 0.5704511768542124, 'flat_f1': 0.5034965034965035, 'flat_recall': 0.5389221556886228}, {'roc_auc': 0.5951472191930207, 'average_precision': 0.6943475410458491, 'balanced_accuracy': 0.5743032836544286, 'flat_f1': 0.46645367412140576, 'flat_recall': 0.4634920634920635}]",2517,0.5880255322965909,0.5841156087572845
flat_20d_k175,20,0.175,0.3700506103006847,0.17386126823459364,0.45608812146472166,0.0014814430576043016,0.14814430576043017,0.15648286140089418,0.19642857142857142,0.039945710027677245,"[0.16666666666666666, 0.18303571428571427, 0.16666666666666666, 0.19642857142857142, 0.15648286140089418]",0.47655221819877625,0.5886139059655041,0.8602644955197527,0.21975798495667512,0.5624691138389768,0.5528199211698621,0.2512820512820513,0.3356164383561644,0.2873900293255132,0.818249813014211,0.5868929584213116,0.04374418841884996,0.276230142865977,0.07122671949832698,"[{'roc_auc': 0.5763028674197264, 'average_precision': 0.8587721866596761, 'balanced_accuracy': 0.534807121062097, 'flat_f1': 0.2389937106918239, 'flat_recall': 0.2676056338028169}, {'roc_auc': 0.6449726466704394, 'average_precision': 0.8833392217533504, 'balanced_accuracy': 0.6185719675532918, 'flat_f1': 0.3759036144578313, 'flat_recall': 0.5032258064516129}, {'roc_auc': 0.539403361173769, 'average_precision': 0.8472071279038045, 'balanced_accuracy': 0.525401857383812, 'flat_f1': 0.21379310344827587, 'flat_recall': 0.2198581560283688}]",2517,0.586554183161316,0.5801215240340613
flat_30d_k175,30,0.175,0.3658827031854719,0.1833879130693659,0.45072938374516225,0.0014548764514387307,0.14548764514387308,0.17138599105812222,0.2113095238095238,0.03992353275140159,"[0.17261904761904762, 0.1875, 0.17410714285714285, 0.2113095238095238, 0.17138599105812222]",0.4440956264734268,0.588487181836354,0.8532941614859496,0.2263977867177391,0.5594750508062367,0.5580488832701223,0.2776659959758551,0.2942430703624733,0.2857142857142857,0.8303834808259587,0.5877810581547295,0.03287376053740024,0.2742625364426859,0.09409527280930513,"[{'roc_auc': 0.5858055152394775, 'average_precision': 0.8579624562236956, 'balanced_accuracy': 0.5450701499758104, 'flat_f1': 0.2634730538922156, 'flat_recall': 0.29333333333333333}, {'roc_auc': 0.6289944324101757, 'average_precision': 0.8660395469552292, 'balanced_accuracy': 0.6225138294634706, 'flat_f1': 0.39452054794520547, 'flat_recall': 0.43373493975903615}, {'roc_auc': 0.5485432268145354, 'average_precision': 0.846590050275623, 'balanced_accuracy': 0.5048400312505955, 'flat_f1': 0.1647940074906367, 'flat_recall': 0.1437908496732026}]",2517,0.5911332045194345,0.5669258823609711
flat_10d_k400,10,0.4,0.2947305745757666,0.33879130693658827,0.3664781184876451,0.0032356800166271718,0.32356800166271715,0.3055141579731744,0.37202380952380953,0.06650965155063515,"[0.35714285714285715, 0.34970238095238093, 0.30952380952380953, 0.37202380952380953, 0.3055141579731744]",0.47234128415584564,0.5884173920464243,0.7194690790089514,0.24216330751797358,0.564128904249872,0.5644010448061081,0.4197080291970803,0.4121863799283154,0.4159132007233273,0.7128888888888889,0.5917492619857709,0.026263166935442048,0.41696365342397845,0.028715183682795953,"[{'roc_auc': 0.5563420995156545, 'average_precision': 0.6986089074371944, 'balanced_accuracy': 0.5277117566196025, 'flat_f1': 0.3784722222222222, 'flat_recall': 0.3935018050541516}, {'roc_auc': 0.5997378784458324, 'average_precision': 0.7227148795170726, 'balanced_accuracy': 0.5676060400832769, 'flat_f1': 0.425, 'flat_recall': 0.40893470790378006}, {'roc_auc': 0.6191678079958259, 'average_precision': 0.7554613578464895, 'balanced_accuracy': 0.5972966803626166, 'flat_f1': 0.4474187380497132, 'flat_recall': 0.4349442379182156}]",2517,0.5850086712351401,0.5821272478517794
flat_10d_k250,10,0.25,0.3444477523072343,0.22536469187258112,0.4301875558201846,0.0020223000103919823,0.20223000103919822,0.20417287630402384,0.24107142857142858,0.03689855226740474,"[0.22767857142857142, 0.23809523809523808, 0.21577380952380953, 0.24107142857142858, 0.20417287630402384]",0.47531357407569885,0.5881903817730859,0.8105756486541283,0.23118738823839538,0.5660794631281933,0.5598631824194985,0.3081395348837209,0.375886524822695,0.33865814696485624,0.7810682178741407,0.5879581323004869,0.014947633706302749,0.3362946500692534,0.025008655868988365,"[{'roc_auc': 0.5751712056059882, 'average_precision': 0.7924647088123128, 'balanced_accuracy': 0.5567447045707915, 'flat_f1': 0.3348623853211009, 'flat_recall': 0.37435897435897436}, {'roc_auc': 0.6089296102385108, 'average_precision': 0.8304394047068295, 'balanced_accuracy': 0.5794631891926831, 'flat_f1': 0.3676148796498906, 'flat_recall': 0.4397905759162304}, {'roc_auc': 0.5797735810569618, 'average_precision': 0.8186177999049903, 'balanced_accuracy': 0.5591842458651346, 'flat_f1': 0.3064066852367688, 'flat_recall': 0.3089887640449438}]",2517,0.5823547906952787,0.5775990909441084
flat_10d_k300,10,0.3,0.32628758559094967,0.2640666865138434,0.4096457278952069,0.0024267600124703785,0.24267600124703784,0.23845007451564829,0.2857142857142857,0.04726421119863741,"[0.27232142857142855, 0.27380952380952384, 0.25, 0.2857142857142857, 0.23845007451564829]",0.4703375846147537,0.5879631368923459,0.7833578223289909,0.23619943001109878,0.5585031141224186,0.5562511068261617,0.3402203856749311,0.37481031866464337,0.35667870036101085,0.7558235132913127,0.5902498924171263,0.01725533472132491,0.3553780845947651,0.01664839854362253,"[{'roc_auc': 0.5670386152967535, 'average_precision': 0.7641759409519085, 'balanced_accuracy': 0.5624990847720717, 'flat_f1': 0.37890625, 'flat_recall': 0.43891402714932126}, {'roc_auc': 0.5953326998934669, 'average_precision': 0.7919110015588025, 'balanced_accuracy': 0.5508911347211425, 'flat_f1': 0.3443708609271523, 'flat_recall': 0.3436123348017621}, {'roc_auc': 0.6083783620611585, 'average_precision': 0.8078016039762603, 'balanced_accuracy': 0.5615396806230567, 'flat_f1': 0.34285714285714286, 'flat_recall': 0.3412322274881517}]",2517,0.585087519402684,0.5812748993686416
flat_5d_k725,5,0.725,0.2188151235486752,0.5236677582613873,0.2575171181899375,0.005521951360889087,0.5521951360889087,0.5081967213114754,0.5401785714285714,0.03198185011709598,"[0.5357142857142857, 0.5401785714285714, 0.5104166666666666, 0.5238095238095238, 0.5081967213114754]",0.5244308710098267,0.5879297133811117,0.5526057462048836,0.24516814667115067,0.5634255559657898,0.5633787196287197,0.5799689440993789,0.5728527607361963,0.5763888888888888,0.5503685503685504,0.5928628821036237,0.027575670533175542,0.5737374400447791,0.04583436633658284,"[{'roc_auc': 0.5578338410981413, 'average_precision': 0.521890202046932, 'balanced_accuracy': 0.550203105923162, 'flat_f1': 0.5775280898876405, 'flat_recall': 0.5762331838565022}, {'roc_auc': 0.6252216312056739, 'average_precision': 0.589561126142179, 'balanced_accuracy': 0.5952730041825787, 'flat_f1': 0.6278814489571899, 'flat_recall': 0.6761229314420804}, {'roc_auc': 0.5955331740070559, 'average_precision': 0.5755252828095364, 'balanced_accuracy': 0.5463639467395015, 'flat_f1': 0.515802781289507, 'flat_recall': 0.4689655172413793}]",2517,0.5879974847916496,0.5853743171986991
flat_15d_k525,15,0.525,0.2494790116105984,0.44179815421256324,0.3087228341768383,0.0043523861524494625,0.4352386152449462,0.41964285714285715,0.47172619047619047,0.052083333333333315,"[0.4419642857142857, 0.45535714285714285, 0.41964285714285715, 0.47172619047619047, 0.4202682563338301]",0.5012646913528442,0.587918277477662,0.6145181393379232,0.24236992092369603,0.5671881000537649,0.5664082687338501,0.5294117647058824,0.45323741007194246,0.4883720930232558,0.6444444444444445,0.5888001298982921,0.03454186668964388,0.4850391533459155,0.05991622662632264,"[{'roc_auc': 0.5431759211209133, 'average_precision': 0.5878731646447062, 'balanced_accuracy': 0.5275067750677507, 'flat_f1': 0.40873634945397813, 'flat_recall': 0.35501355013550134}, {'roc_auc': 0.6267295922468337, 'average_precision': 0.6431765716715803, 'balanced_accuracy': 0.6038903625110521, 'flat_f1': 0.5551020408163265, 'flat_recall': 0.5411140583554377}, {'roc_auc': 0.5964948763271295, 'average_precision': 0.6301276355695387, 'balanced_accuracy': 0.5691407017179034, 'flat_f1': 0.49127906976744184, 'flat_recall': 0.46174863387978143}]",2517,0.5882804670688783,0.5862706598892973
flat_60d_k175,60,0.175,0.3608216731169991,0.19231914260196487,0.44685918428103605,0.0015247545672715972,0.15247545672715973,0.18303571428571427,0.20982142857142858,0.0267857142857143,"[0.1875, 0.19196428571428573, 0.18303571428571427, 0.20982142857142858, 0.18926974664679583]",0.45028696954250336,0.5877115326708823,0.8483873261190703,0.22875839364265113,0.5580713640469738,0.5542531169583425,0.2764084507042254,0.31910569105691056,0.2962264150943396,0.8122798188223452,0.5879061185895985,0.022732322888180292,0.2898015464941826,0.05047429497183639,"[{'roc_auc': 0.5734628129602357, 'average_precision': 0.8481523896699812, 'balanced_accuracy': 0.5265233799705449, 'flat_f1': 0.23270440251572327, 'flat_recall': 0.23125}, {'roc_auc': 0.6200010692899914, 'average_precision': 0.8622960274180395, 'balanced_accuracy': 0.5906223267750214, 'flat_f1': 0.35545023696682465, 'flat_recall': 0.4491017964071856}, {'roc_auc': 0.5702544735185684, 'average_precision': 0.8397467192473766, 'balanced_accuracy': 0.554761262476396, 'flat_f1': 0.28125, 'flat_recall': 0.2727272727272727}]",2517,0.5889752771695166,0.5742283950617284
flat_15d_k225,15,0.225,0.35129502828222686,0.2134563858291158,0.43524858588865734,0.0018653083510497695,0.18653083510497695,0.19672131147540983,0.23660714285714285,0.03988583138173302,"[0.20982142857142858, 0.21279761904761904, 0.2113095238095238, 0.23660714285714285, 0.19672131147540983]",0.4354529529809952,0.5875334869517975,0.8256248382059721,0.23412205156938326,0.5515581970437813,0.5535242922817782,0.3072033898305085,0.26851851851851855,0.2865612648221344,0.8204873197414222,0.5876920142992166,0.015939300044816997,0.2782582156851163,0.04584731607833311,"[{'roc_auc': 0.5771965464702895, 'average_precision': 0.816334524796106, 'balanced_accuracy': 0.5428390045708481, 'flat_f1': 0.2654320987654321, 'flat_recall': 0.24022346368715083}, {'roc_auc': 0.6102162002558971, 'average_precision': 0.8425516842116474, 'balanced_accuracy': 0.5671401856894459, 'flat_f1': 0.3397129186602871, 'flat_recall': 0.37967914438502676}, {'roc_auc': 0.5756632961714632, 'average_precision': 0.8274820193068578, 'balanced_accuracy': 0.5402082793189871, 'flat_f1': 0.22962962962962963, 'flat_recall': 0.1781609195402299}]",2517,0.5898971951853444,0.5861254295532645
flat_10d_k350,10,0.35,0.30991366478118487,0.30336409645727896,0.38672223876153616,0.002831220014548775,0.28312200145487754,0.2727272727272727,0.3318452380952381,0.059117965367965375,"[0.30952380952380953, 0.31547619047619047, 0.28720238095238093, 0.3318452380952381, 0.2727272727272727]",0.48702916502952576,0.5874882524608003,0.7486873039923754,0.24298127954780369,0.5726458830776979,0.56119739675024,0.37721021611001965,0.5059288537549407,0.4321890827236916,0.6902057107767885,0.5884478354719639,0.012806117820440928,0.4322079868735549,0.006023711966443365,"[{'roc_auc': 0.573549556809025, 'average_precision': 0.7370589601938824, 'balanced_accuracy': 0.5653035186677411, 'flat_f1': 0.423728813559322, 'flat_recall': 0.49019607843137253}, {'roc_auc': 0.5869792424623282, 'average_precision': 0.7470287861810129, 'balanced_accuracy': 0.559894558588117, 'flat_f1': 0.43573667711598746, 'flat_recall': 0.5305343511450382}, {'roc_auc': 0.6048147071445381, 'average_precision': 0.7691915352316743, 'balanced_accuracy': 0.5913174688871354, 'flat_f1': 0.4371584699453552, 'flat_recall': 0.49586776859504134}]",2517,0.5859980494050271,0.5844813738072165
flat_5d_k450,5,0.45,0.2804406073236082,0.35814230425721943,0.36141708841917236,0.0034274180860690883,0.34274180860690884,0.32589285714285715,0.38095238095238093,0.05505952380952378,"[0.36607142857142855, 0.38095238095238093, 0.32589285714285715, 0.37797619047619047, 0.33979135618479883]",0.47802311182022095,0.5873863110570913,0.7010839839798055,0.23824022107868506,0.5631782490694254,0.5639177571710976,0.4519621109607578,0.3752808988764045,0.41006752608962554,0.7177679882525697,0.5888140308922803,0.02861782839202557,0.40539481390103793,0.05553586971720273,"[{'roc_auc': 0.551262936871793, 'average_precision': 0.6830721325242497, 'balanced_accuracy': 0.5378166660454483, 'flat_f1': 0.33195020746887965, 'flat_recall': 0.26936026936026936}, {'roc_auc': 0.6206627051569924, 'average_precision': 0.7292113969594821, 'balanced_accuracy': 0.5873661749928668, 'flat_f1': 0.46621621621621623, 'flat_recall': 0.46308724832214765}, {'roc_auc': 0.5945164506480558, 'average_precision': 0.7168428882813538, 'balanced_accuracy': 0.5642572283150549, 'flat_f1': 0.418018018018018, 'flat_recall': 0.39322033898305087}]",2517,0.5843433823595794,0.5813990278331767
flat_10d_k700,10,0.7,0.21137243227150937,0.535278356653766,0.25334921107472463,0.00566244002909755,0.5662440029097551,0.5178571428571429,0.5505952380952381,0.03273809523809523,"[0.5386904761904762, 0.5491071428571429, 0.5178571428571429, 0.5505952380952381, 0.5201192250372578]",0.5247612297534943,0.586791298393335,0.5334803337948439,0.24464074066481645,0.5623822265055352,0.5619413156274509,0.5864453665283541,0.6328358208955224,0.6087580760947595,0.5151245551601423,0.5901645412347108,0.04146597009122024,0.6073861417217099,0.03377648103502103,"[{'roc_auc': 0.5344606800667718, 'average_precision': 0.48908949068217866, 'balanced_accuracy': 0.529567126294848, 'flat_f1': 0.582441113490364, 'flat_recall': 0.6017699115044248}, {'roc_auc': 0.6338894016568101, 'average_precision': 0.5803566136472595, 'balanced_accuracy': 0.5886974555316263, 'flat_f1': 0.6551373346897253, 'flat_recall': 0.7301587301587301}, {'roc_auc': 0.6021435419805506, 'average_precision': 0.5626856456299136, 'balanced_accuracy': 0.5698306168104825, 'flat_f1': 0.5845799769850403, 'flat_recall': 0.5682326621923938}]",2517,0.5844816393574811,0.5832951114168865
flat_15d_k500,15,0.5,0.25662399523667756,0.42512652575171184,0.3182494790116106,0.004145129668999488,0.41451296689994876,0.40922619047619047,0.44494047619047616,0.0357142857142857,"[0.42410714285714285, 0.4375, 0.40922619047619047, 0.44494047619047616, 0.4098360655737705]",0.4902430921792984,0.5862706598892973,0.6279313172830965,0.24245898592326262,0.5677486129859393,0.5674835516985255,0.5151187904967602,0.4457943925233645,0.4779559118236473,0.6570111915734036,0.5868986508565303,0.030707495669822,0.47314753364798284,0.06054542894441916,"[{'roc_auc': 0.5451880801172447, 'average_precision': 0.6046845765360029, 'balanced_accuracy': 0.5309308628189917, 'flat_f1': 0.39935064935064934, 'flat_recall': 0.3455056179775281}, {'roc_auc': 0.618222778183166, 'average_precision': 0.6485826860898095, 'balanced_accuracy': 0.5941369285474363, 'flat_f1': 0.5476510067114094, 'flat_recall': 0.56353591160221}, {'roc_auc': 0.5972850942691804, 'average_precision': 0.643714891869612, 'balanced_accuracy': 0.5765178738099683, 'flat_f1': 0.47244094488188976, 'flat_recall': 0.42613636363636365}]",2517,0.5884448758133053,0.5862706598892973
flat_5d_k525,5,0.525,0.258707948794284,0.40815718963977377,0.33313486156594224,0.00399865443374727,0.39986544337472696,0.37797619047619047,0.4330357142857143,0.055059523809523836,"[0.41369047619047616, 0.4270833333333333, 0.37797619047619047, 0.4330357142857143, 0.3889716840536513]",0.4916219115257263,0.5862558163324189,0.6507658330431578,0.24144664696764465,0.5656963599070436,0.5657353551352866,0.4948453608247423,0.4251968503937008,0.45738485971413445,0.6740858505564388,0.5891973470069475,0.03092251368280382,0.4466238582864477,0.07306986178136589,"[{'roc_auc': 0.5466532281970712, 'average_precision': 0.6331202877466855, 'balanced_accuracy': 0.5495345941779807, 'flat_f1': 0.344, 'flat_recall': 0.25748502994011974}, {'roc_auc': 0.6017057744756888, 'average_precision': 0.6637853800632053, 'balanced_accuracy': 0.5743322674691997, 'flat_f1': 0.5084269662921348, 'flat_recall': 0.5276967930029155}, {'roc_auc': 0.6192330383480825, 'average_precision': 0.6943727004166921, 'balanced_accuracy': 0.5703628318584071, 'flat_f1': 0.4874446085672083, 'flat_recall': 0.48672566371681414}]",2517,0.582255414185357,0.5793114536701521
flat_15d_k200,15,0.2,0.3605239654659125,0.19202143495087823,0.44745459958320927,0.0016580518675997952,0.16580518675997952,0.17138599105812222,0.21726190476190477,0.04587591370378255,"[0.19196428571428573, 0.19196428571428573, 0.1875, 0.21726190476190477, 0.17138599105812222]",0.44909416139125824,0.5861254295532645,0.8431588378272786,0.2294343741325558,0.5591203362788414,0.55769309124723,0.28094302554027506,0.29791666666666666,0.2891809908998989,0.8262051915945612,0.5840856941095504,0.023204114407519745,0.2849970381702218,0.029287867487800764,"[{'roc_auc': 0.5721370267291779, 'average_precision': 0.833671623785251, 'balanced_accuracy': 0.5562975138689131, 'flat_f1': 0.27741935483870966, 'flat_recall': 0.27388535031847133}, {'roc_auc': 0.6165282804627066, 'average_precision': 0.8613167462985246, 'balanced_accuracy': 0.5690156837697822, 'flat_f1': 0.3240506329113924, 'flat_recall': 0.38095238095238093}, {'roc_auc': 0.5635917751367667, 'average_precision': 0.8420699763412482, 'balanced_accuracy': 0.5481465761177137, 'flat_f1': 0.2535211267605634, 'flat_recall': 0.23225806451612904}]",2517,0.5879925074614363,0.5861254295532645
flat_10d_k600,10,0.6,0.23459362905626674,0.47603453408752605,0.2893718368562072,0.004853520024940757,0.4853520024940757,0.4538690476190476,0.49702380952380953,0.04315476190476192,"[0.47172619047619047, 0.48214285714285715, 0.4538690476190476, 0.49702380952380953, 0.47540983606557374]",0.5268531143665314,0.5860441364262834,0.5845847635912846,0.24443184401569262,0.5658417295140994,0.5641303875967769,0.5380597014925373,0.6013344453711427,0.5679401339109886,0.5603206412825651,0.5888548386883765,0.043229887897817315,0.5670012643929607,0.04552098549239067,"[{'roc_auc': 0.5282039582501569, 'average_precision': 0.5526564808188795, 'balanced_accuracy': 0.5149575086978839, 'flat_f1': 0.5084337349397591, 'flat_recall': 0.5355329949238579}, {'roc_auc': 0.6258389452933603, 'average_precision': 0.6302061700017008, 'balanced_accuracy': 0.6068921706035848, 'flat_f1': 0.6194285714285714, 'flat_recall': 0.6809045226130653}, {'roc_auc': 0.6125216125216124, 'average_precision': 0.6104727805188154, 'balanced_accuracy': 0.576019201019201, 'flat_f1': 0.5731414868105515, 'flat_recall': 0.5872235872235873}]",2517,0.5854194094767529,0.5801708019606853
flat_10d_k325,10,0.325,0.31973801726704376,0.282226853230128,0.3980351295028282,0.002628990013509577,0.26289900135095773,0.2608047690014903,0.30357142857142855,0.04276665956993825,"[0.2916666666666667, 0.2916666666666667, 0.26339285714285715, 0.30357142857142855, 0.2608047690014903]",0.4907781630754471,0.5860245219470646,0.7659029704299807,0.24187874610526244,0.5727406284432706,0.5559782775764113,0.35276967930029157,0.5134370579915134,0.4182027649769585,0.6937537901758641,0.5889127286183614,0.012376772384107886,0.4164006092988819,0.018017934849619315,"[{'roc_auc': 0.5714717373584057, 'average_precision': 0.7513127503860311, 'balanced_accuracy': 0.575860106248419, 'flat_f1': 0.4393939393939394, 'flat_recall': 0.614406779661017}, {'roc_auc': 0.5989121338912133, 'average_precision': 0.7809039973390758, 'balanced_accuracy': 0.5730857740585774, 'flat_f1': 0.4144144144144144, 'flat_recall': 0.4811715481171548}, {'roc_auc': 0.5963543146054651, 'average_precision': 0.7783317808326715, 'balanced_accuracy': 0.568770238027609, 'flat_f1': 0.39539347408829173, 'flat_recall': 0.44396551724137934}]",2517,0.5871586371000702,0.5860245219470646
flat_10d_k650,10,0.65,0.22357844596606133,0.5052098838940161,0.2712116701399226,0.005257980027019154,0.5257980027019155,0.48214285714285715,0.5252976190476191,0.04315476190476192,"[0.5059523809523809, 0.5193452380952381, 0.48214285714285715, 0.5252976190476191, 0.4932935916542474]",0.5297693610191345,0.5858553586988092,0.5593484987146093,0.2451455365477104,0.5654396443950549,0.5639910303027613,0.5609065155807366,0.6260869565217392,0.5917071348524467,0.5362749257530759,0.5883617582082773,0.03512260645881185,0.5906516612032475,0.03226814196237756,"[{'roc_auc': 0.5401663938897981, 'average_precision': 0.5317895686144439, 'balanced_accuracy': 0.5372937124931806, 'flat_f1': 0.5529953917050692, 'flat_recall': 0.5673758865248227}, {'roc_auc': 0.622866234799409, 'average_precision': 0.5886178165179023, 'balanced_accuracy': 0.5889362427548586, 'flat_f1': 0.6318036286019211, 'flat_recall': 0.7064439140811456}, {'roc_auc': 0.6020526459356247, 'average_precision': 0.5872700913232749, 'balanced_accuracy': 0.5706293189670849, 'flat_f1': 0.5871559633027523, 'flat_recall': 0.6052009456264775}]",2517,0.5831282229739055,0.5801708019606853
flat_10d_k800,10,0.8,0.18725811253349212,0.5921405180113128,0.220601369455195,0.0064713600332543435,0.6471360033254343,0.5752608047690015,0.6056547619047619,0.03039395713576032,"[0.6026785714285714, 0.6056547619047619, 0.5773809523809523, 0.5997023809523809, 0.5752608047690015]",0.537901371717453,0.585597779998591,0.47366665921143675,0.24587724029260227,0.5680168978950692,0.5683633608329406,0.6433203631647212,0.6684636118598383,0.6556510244547257,0.4810756972111554,0.5905761327822244,0.03925293125814922,0.6545442369629058,0.03048191655586724,"[{'roc_auc': 0.5360659641602668, 'average_precision': 0.4252200761167338, 'balanced_accuracy': 0.5376853009465976, 'flat_f1': 0.6288557213930348, 'flat_recall': 0.6208251473477406}, {'roc_auc': 0.6269235246187871, 'average_precision': 0.5124014914643169, 'balanced_accuracy': 0.5888982656268187, 'flat_f1': 0.6973684210526315, 'flat_recall': 0.7665289256198347}, {'roc_auc': 0.6087389095676194, 'average_precision': 0.5129438907559902, 'balanced_accuracy': 0.5792687922841023, 'flat_f1': 0.6374085684430512, 'flat_recall': 0.6211812627291242}]",2517,0.5837339607988955,0.5818701415992
flat_5d_k700,5,0.7,0.2232807383149747,0.5132479904733551,0.26347127121167013,0.005331539244996359,0.5331539244996358,0.49702380952380953,0.5357142857142857,0.038690476190476164,"[0.5282738095238095, 0.5357142857142857, 0.49702380952380953, 0.5074404761904762, 0.4977645305514158]",0.5088551044464111,0.5853743171986991,0.5612964910268214,0.2453552456194961,0.5672700577815668,0.565560002714808,0.5819964349376114,0.5121568627450981,0.5448477263245723,0.5862722791050436,0.5916574391084993,0.023153298022862583,0.5413412654971864,0.050106321405720945,"[{'roc_auc': 0.5634429906967741, 'average_precision': 0.531748802287986, 'balanced_accuracy': 0.564829364943805, 'flat_f1': 0.5507955936352509, 'flat_recall': 0.5136986301369864}, {'roc_auc': 0.6201546421058616, 'average_precision': 0.6011753055816356, 'balanced_accuracy': 0.5895843993404969, 'flat_f1': 0.5974329054842473, 'flat_recall': 0.624390243902439}, {'roc_auc': 0.5913746845228622, 'average_precision': 0.5848250866655791, 'balanced_accuracy': 0.5509197153316205, 'flat_f1': 0.47579529737206083, 'flat_recall': 0.4028103044496487}]",2517,0.585460701684782,0.5830780744745352
flat_90d_k175,90,0.175,0.35844001190830604,0.20005954153021732,0.44150044656147663,0.001564725403410391,0.15647254034103908,0.18601190476190477,0.21577380952380953,0.029761904761904767,"[0.19047619047619047, 0.20535714285714285, 0.18601190476190477, 0.21577380952380953, 0.20268256333830104]",0.45226265490055084,0.5852448522351434,0.8396027548815582,0.22772268585371022,0.5485063480209111,0.5478116817952929,0.27902621722846443,0.28932038834951457,0.2840800762631077,0.811543287327478,0.5867047435485239,0.025506474270964488,0.2801877224971123,0.04456689851144854,"[{'roc_auc': 0.5789765233447639, 'average_precision': 0.8455866720164019, 'balanced_accuracy': 0.5325419854040271, 'flat_f1': 0.24203821656050956, 'flat_recall': 0.2235294117647059}, {'roc_auc': 0.6210823966102882, 'average_precision': 0.8626793736502691, 'balanced_accuracy': 0.5813854746647057, 'flat_f1': 0.34271099744245526, 'flat_recall': 0.391812865497076}, {'roc_auc': 0.5600553106905195, 'average_precision': 0.8175008292178663, 'balanced_accuracy': 0.5316999395039322, 'flat_f1': 0.2558139534883721, 'flat_recall': 0.25287356321839083}]",2517,0.5886996645722186,0.5802721308995018
flat_10d_k375,10,0.375,0.3018755582018458,0.32063114022030365,0.37749330157785055,0.0030334500155879737,0.30334500155879734,0.293591654247392,0.35267857142857145,0.05908691718117948,"[0.3288690476190476, 0.3318452380952381, 0.2961309523809524, 0.35267857142857145, 0.293591654247392]",0.4758884012699127,0.5844813738072165,0.7300217077880963,0.24432464227332387,0.5609258095213151,0.5583218937217717,0.39241917502787066,0.4394506866416979,0.41460541813898705,0.7020383693045563,0.585761826849678,0.02043659189989478,0.41388168617192234,0.013879020650773823,"[{'roc_auc': 0.5584839918480048, 'average_precision': 0.7166046273673812, 'balanced_accuracy': 0.5498783774899744, 'flat_f1': 0.40347826086956523, 'flat_recall': 0.4377358490566038}, {'roc_auc': 0.5911290322580646, 'average_precision': 0.7254550671785374, 'balanced_accuracy': 0.5597734254992319, 'flat_f1': 0.43349753694581283, 'flat_recall': 0.4731182795698925}, {'roc_auc': 0.6076724564429647, 'average_precision': 0.7563268512623693, 'balanced_accuracy': 0.5708913313811224, 'flat_f1': 0.4046692607003891, 'flat_recall': 0.4046692607003891}]",2517,0.5867956727714804,0.5844813738072165
flat_5d_k625,5,0.625,0.23667758261387317,0.47424828818100623,0.28907412920512054,0.004760302897318178,0.4760302897318178,0.4538690476190476,0.4880952380952381,0.034226190476190466,"[0.4880952380952381, 0.4851190476190476, 0.4538690476190476, 0.47470238095238093, 0.46944858420268254]",0.5131424963474274,0.5842931937172775,0.5927737784022836,0.24402326664374047,0.5754547874700506,0.5749447245959611,0.5579641847313855,0.5016949152542373,0.5283355644801427,0.6215538847117794,0.5874919208776562,0.029823815596517457,0.5258460975569194,0.046458417873908024,"[{'roc_auc': 0.5456209373930893, 'average_precision': 0.5697966017782766, 'balanced_accuracy': 0.5528965674535294, 'flat_f1': 0.4666666666666667, 'flat_recall': 0.40759493670886077}, {'roc_auc': 0.6128212175346983, 'average_precision': 0.6258844353365185, 'balanced_accuracy': 0.6057641656360222, 'flat_f1': 0.5801526717557252, 'flat_recall': 0.5953002610966057}, {'roc_auc': 0.6040336077051811, 'average_precision': 0.6148065284712163, 'balanced_accuracy': 0.5694212006329906, 'flat_f1': 0.530718954248366, 'flat_recall': 0.5049751243781094}]",2517,0.5818599329949906,0.5779132091496517
flat_5d_k425,5,0.425,0.28907412920512054,0.341470675796368,0.3694551949985115,0.003237005970176361,0.3237005970176361,0.30952380952380953,0.36755952380952384,0.0580357142857143,"[0.34672619047619047, 0.36755952380952384, 0.30952380952380953, 0.3601190476190476, 0.323397913561848]",0.4716373682022095,0.5842448081884701,0.7121541192420786,0.23998432059565905,0.555743771940955,0.5565817309095153,0.42318059299191374,0.3685446009389671,0.39397741530740277,0.7191860465116279,0.5855109743909891,0.03661638624922969,0.391171588283829,0.047522224343636885,"[{'roc_auc': 0.5386292599314377, 'average_precision': 0.6868488208012693, 'balanced_accuracy': 0.5298384250857028, 'flat_f1': 0.3319838056680162, 'flat_recall': 0.2847222222222222}, {'roc_auc': 0.6279969950469206, 'average_precision': 0.7500480166047312, 'balanced_accuracy': 0.582426117626087, 'flat_f1': 0.44833625218914186, 'flat_recall': 0.45390070921985815}, {'roc_auc': 0.589906668194609, 'average_precision': 0.7211008709650746, 'balanced_accuracy': 0.5560309153647325, 'flat_f1': 0.3931947069943289, 'flat_recall': 0.36879432624113473}]",2517,0.5827502947841782,0.5766197651069731
flat_15d_k425,15,0.425,0.2831199761833879,0.3632033343256922,0.3536766894909199,0.0035233602186495643,0.35233602186495644,0.33482142857142855,0.3898809523809524,0.055059523809523836,"[0.37351190476190477, 0.375, 0.33482142857142855, 0.3898809523809524, 0.34277198211624443]",0.47322526574134827,0.5841156087572845,0.6921689339006865,0.24238967442386508,0.5669040656864827,0.5677301566364098,0.45410628019323673,0.4145534729878721,0.4334293948126801,0.7020309184601394,0.5870186330557972,0.024852455097335645,0.4288163168864923,0.04933565125480704,"[{'roc_auc': 0.5521846905175922, 'average_precision': 0.6782015205109355, 'balanced_accuracy': 0.5378975668109561, 'flat_f1': 0.36363636363636365, 'flat_recall': 0.31788079470198677}, {'roc_auc': 0.6003841697664491, 'average_precision': 0.6951101420111193, 'balanced_accuracy': 0.571976949814013, 'flat_f1': 0.482962962962963, 'flat_recall': 0.5258064516129032}, {'roc_auc': 0.60848703888335, 'average_precision': 0.7206739781771687, 'balanced_accuracy': 0.5880109670987039, 'flat_f1': 0.4398496240601504, 'flat_recall': 0.39661016949152544}]",2517,0.5885832961450564,0.5841156087572845
flat_5d_k650,5,0.65,0.2339982137540935,0.48496576362012506,0.2810360226257815,0.004950715013210905,0.4950715013210905,0.4642857142857143,0.5029761904761905,0.038690476190476164,"[0.5029761904761905, 0.5, 0.4642857142857143, 0.4836309523809524, 0.47391952309985097]",0.5144203901290894,0.5833733961180427,0.5897349977361427,0.24412591277995266,0.5639889123080466,0.5639014563613902,0.5483028720626631,0.5232558139534884,0.5354866128346791,0.5923162998881014,0.5866062205520979,0.02961105442973792,0.5342410549433773,0.03169007108278215,"[{'roc_auc': 0.5447545607570174, 'average_precision': 0.5580969558020431, 'balanced_accuracy': 0.5436826122560393, 'flat_f1': 0.4980237154150198, 'flat_recall': 0.4632352941176471}, {'roc_auc': 0.6087773399577409, 'average_precision': 0.6190722520694734, 'balanced_accuracy': 0.5814659356975616, 'flat_f1': 0.5752105896510229, 'flat_recall': 0.6128205128205129}, {'roc_auc': 0.6062867609415352, 'average_precision': 0.6167273467823607, 'balanced_accuracy': 0.5697846391881591, 'flat_f1': 0.5294888597640891, 'flat_recall': 0.4975369458128079}]",2517,0.5835815547699518,0.5830780744745352
flat_10d_k675,10,0.675,0.21762429294432867,0.5183090205418279,0.2640666865138434,0.005460210028058353,0.5460210028058352,0.49702380952380953,0.5357142857142857,0.038690476190476164,"[0.5193452380952381, 0.5342261904761905, 0.49702380952380953, 0.5357142857142857, 0.5052160953800298]",0.49851997196674347,0.583358508262222,0.5449505327948467,0.24541104210143766,0.5636819313109965,0.5609715946154302,0.5877587758775877,0.5030816640986132,0.5421336654213367,0.5798095238095238,0.586017763265914,0.03950987027404133,0.5400161929545794,0.0511964544823062,"[{'roc_auc': 0.5337487196995562, 'average_precision': 0.5045979198061599, 'balanced_accuracy': 0.5224934562421759, 'flat_f1': 0.49051833122629585, 'flat_recall': 0.4459770114942529}, {'roc_auc': 0.6292550651476909, 'average_precision': 0.5897702455436007, 'balanced_accuracy': 0.60296007003661, 'flat_f1': 0.6105263157894737, 'flat_recall': 0.6098130841121495}, {'roc_auc': 0.5950495049504951, 'average_precision': 0.5675139417244365, 'balanced_accuracy': 0.5666951177876409, 'flat_f1': 0.5190039318479686, 'flat_recall': 0.45517241379310347}]",2517,0.5853350551181221,0.583358508262222
flat_10d_k725,10,0.725,0.20392974099434355,0.5486752009526645,0.24739505805299197,0.005864670030136749,0.5864670030136748,0.5267857142857143,0.5699404761904762,0.04315476190476186,"[0.5491071428571429, 0.5669642857142857, 0.5267857142857143, 0.5699404761904762, 0.5305514157973175]",0.516092449426651,0.5832951114168865,0.5123444086249238,0.2454902695508041,0.561481863700646,0.5614224088203248,0.6032210834553441,0.59840232389252,0.6008020415603355,0.5220427760803142,0.5878796185073705,0.03553904608669856,0.598575128928556,0.03540421498579908,"[{'roc_auc': 0.5378959601422176, 'average_precision': 0.47184733258385364, 'balanced_accuracy': 0.5411637459871821, 'flat_f1': 0.5669291338582677, 'flat_recall': 0.5407725321888412}, {'roc_auc': 0.6174278846153846, 'average_precision': 0.5422367916898986, 'balanced_accuracy': 0.5682835393772894, 'flat_f1': 0.648, 'flat_recall': 0.7120879120879121}, {'roc_auc': 0.6083150107645092, 'average_precision': 0.5545105515613524, 'balanced_accuracy': 0.5761073702533095, 'flat_f1': 0.5807962529274004, 'flat_recall': 0.543859649122807}]",2517,0.5834873721410739,0.5803757066130004
flat_5d_k575,5,0.575,0.24709735040190534,0.44179815421256324,0.3111044953855314,0.004379478665532724,0.43794786655327234,0.4226190476190476,0.46279761904761907,0.04017857142857145,"[0.4494047619047619, 0.46279761904761907, 0.4226190476190476, 0.4494047619047619, 0.4247391952309985]",0.5235366523265839,0.5831426441013821,0.6193828661234992,0.2439793137155945,0.5664256260660094,0.5644366362651474,0.5036674816625917,0.5623293903548681,0.531384350816853,0.5974889217134417,0.5868952674193721,0.026573720397137342,0.5274548691238884,0.044999298057803845,"[{'roc_auc': 0.5494032174364297, 'average_precision': 0.5969788309447954, 'balanced_accuracy': 0.5502623536873666, 'flat_f1': 0.46402349486049926, 'flat_recall': 0.4281842818428184}, {'roc_auc': 0.6034044274897405, 'average_precision': 0.640384324915733, 'balanced_accuracy': 0.5725478296052251, 'flat_f1': 0.5636147443519619, 'flat_recall': 0.6493150684931507}, {'roc_auc': 0.6078781573319462, 'average_precision': 0.654505645820837, 'balanced_accuracy': 0.5776313507889718, 'flat_f1': 0.554726368159204, 'flat_recall': 0.6109589041095891}]",2517,0.5807516086015112,0.5779132091496517
flat_5d_k675,5,0.675,0.22893718368562072,0.4992557308722834,0.27180708544209586,0.005141127129103633,0.5141127129103633,0.47619047619047616,0.5223214285714286,0.04613095238095244,"[0.5223214285714286, 0.5148809523809523, 0.47619047619047616, 0.49255952380952384, 0.4903129657228018]",0.5176537334918976,0.5830780744745352,0.5769512784849162,0.2448392036144027,0.563272408043654,0.563117542539536,0.558748943364328,0.534357316087308,0.5462809917355372,0.5799540933435348,0.5873413028726465,0.03078540879401601,0.5455104962746855,0.028575040952319955,"[{'roc_auc': 0.5440121836180345, 'average_precision': 0.5425588709978655, 'balanced_accuracy': 0.5378692306818053, 'flat_f1': 0.5125628140703518, 'flat_recall': 0.4834123222748815}, {'roc_auc': 0.6126872563102812, 'average_precision': 0.6166739163135646, 'balanced_accuracy': 0.5814864217798755, 'flat_f1': 0.5822485207100592, 'flat_recall': 0.6212121212121212}, {'roc_auc': 0.6053244686896238, 'average_precision': 0.6056142647289083, 'balanced_accuracy': 0.5744090237526992, 'flat_f1': 0.5417201540436457, 'flat_recall': 0.5035799522673031}]",2517,0.583941929263759,0.5830780744745352
flat_10d_k525,10,0.525,0.25543316463233107,0.4292944328669247,0.3152724025007443,0.004246830021823163,0.4246830021823163,0.4017857142857143,0.45535714285714285,0.05357142857142855,"[0.43601190476190477, 0.43601190476190477, 0.4017857142857143, 0.45535714285714285, 0.4172876304023845]",0.49246077239513397,0.582392320404896,0.6290260820664106,0.24350118886806596,0.5638095207354232,0.564011664176937,0.5039761431411531,0.47294776119402987,0.4879692011549567,0.6400541271989174,0.5845194469567933,0.03324583425633611,0.4883286647992531,0.01689200747690886,"[{'roc_auc': 0.5380061650553454, 'average_precision': 0.6060277519463619, 'balanced_accuracy': 0.5346229741721545, 'flat_f1': 0.4649859943977591, 'flat_recall': 0.47293447293447294}, {'roc_auc': 0.6137186629526462, 'average_precision': 0.6650876694271621, 'balanced_accuracy': 0.5822626508820798, 'flat_f1': 0.5043988269794721, 'flat_recall': 0.479108635097493}, {'roc_auc': 0.6018335128623881, 'average_precision': 0.642878117176586, 'balanced_accuracy': 0.5751444919327751, 'flat_f1': 0.49560117302052786, 'flat_recall': 0.46685082872928174}]",2517,0.5791858215986905,0.5737119027509259
flat_10d_k425,10,0.425,0.2872878832986008,0.3566537660017862,0.356058350699613,0.00343791001766637,0.34379100176663696,0.3288690476190476,0.38244047619047616,0.05357142857142855,"[0.37202380952380953, 0.3705357142857143, 0.3288690476190476, 0.38244047619047616, 0.3293591654247392]",0.4707249701023102,0.5821272478517794,0.7017426646721445,0.24103788572561324,0.5584812263744245,0.5591259408000231,0.44129554655870445,0.37032842582106457,0.4027093596059113,0.7155425219941349,0.583467455019785,0.020380874836527934,0.402340715127865,0.027970607954993,"[{'roc_auc': 0.5546824948181647, 'average_precision': 0.6879932722828569, 'balanced_accuracy': 0.5327774637271528, 'flat_f1': 0.37318840579710144, 'flat_recall': 0.35517241379310344}, {'roc_auc': 0.5991404187388715, 'average_precision': 0.7053849130744668, 'balanced_accuracy': 0.5789801682323326, 'flat_f1': 0.4400715563506261, 'flat_recall': 0.40327868852459015}, {'roc_auc': 0.5965794515023191, 'average_precision': 0.7253263217259246, 'balanced_accuracy': 0.5628245361968138, 'flat_f1': 0.3937621832358674, 'flat_recall': 0.3506944444444444}]",2517,0.582037258805749,0.5755671365190431
flat_10d_k775,10,0.775,0.19380768085739802,0.5760643048526347,0.23012801428996726,0.006269130032215145,0.6269130032215144,0.5603576751117735,0.5892857142857143,0.028928039173940823,"[0.5863095238095238, 0.5803571428571429, 0.5639880952380952, 0.5892857142857143, 0.5603576751117735]",0.5247927904129028,0.5818701415992,0.4882658906409585,0.24573498475585434,0.5628658516917717,0.5629079946289315,0.6263812154696132,0.628987517337032,0.6276816608996539,0.498134328358209,0.58611600524766,0.035467083819625496,0.6255248763692229,0.03680374618133774,"[{'roc_auc': 0.5368971426572937, 'average_precision': 0.4507800983934157, 'balanced_accuracy': 0.5374771214399795, 'flat_f1': 0.6010471204188481, 'flat_recall': 0.5905349794238683}, {'roc_auc': 0.619091960670908, 'average_precision': 0.5233521144281137, 'balanced_accuracy': 0.5776229034123771, 'flat_f1': 0.6775431861804223, 'flat_recall': 0.7431578947368421}, {'roc_auc': 0.6023589124147783, 'average_precision': 0.5183811460790535, 'balanced_accuracy': 0.5750328110663305, 'flat_f1': 0.5979843225083986, 'flat_recall': 0.5550935550935551}]",2517,0.5826145427369305,0.5803757066130004
flat_10d_k550,10,0.55,0.24650193509973206,0.4465614766299494,0.30693658827031856,0.004449060022862362,0.44490600228623617,0.4181547619047619,0.46726190476190477,0.04910714285714285,"[0.4479166666666667, 0.45535714285714285, 0.4181547619047619, 0.46726190476190477, 0.44411326378539495]",0.5086886286735535,0.5814532416402496,0.6117014193944853,0.24348673499542542,0.5648682764086308,0.5649852821404064,0.5193726937269373,0.5026785714285714,0.5108892921960072,0.6190812720848057,0.583087502471193,0.0433992622818698,0.510847395789879,0.025553049026982504,"[{'roc_auc': 0.5237502162255665, 'average_precision': 0.5826397937082168, 'balanced_accuracy': 0.53103557631321, 'flat_f1': 0.4756756756756757, 'flat_recall': 0.47696476964769646}, {'roc_auc': 0.6263413874273055, 'average_precision': 0.6639038313870733, 'balanced_accuracy': 0.5865180467091295, 'flat_f1': 0.5212464589235127, 'flat_recall': 0.5}, {'roc_auc': 0.5991709037607073, 'average_precision': 0.6156004689377299, 'balanced_accuracy': 0.576416563602217, 'flat_f1': 0.5356200527704486, 'flat_recall': 0.5300261096605744}]",2517,0.5846296173628119,0.5814532416402496
flat_5d_k475,5,0.475,0.27240250074426914,0.376302470973504,0.35129502828222686,0.003617830201961815,0.3617830201961815,0.33779761904761907,0.40476190476190477,0.0669642857142857,"[0.38392857142857145, 0.40327380952380953, 0.33779761904761907, 0.40476190476190477, 0.35171385991058124]",0.4978695958852768,0.5813990278331767,0.6757653311569051,0.24063290307579938,0.5713839518108128,0.5714751357279213,0.46178686759956944,0.4588235294117647,0.46030042918454933,0.6826498422712933,0.5858986429344973,0.03170641640376873,0.4491157113406978,0.07710788949416691,"[{'roc_auc': 0.5411862015277574, 'average_precision': 0.6538236010141093, 'balanced_accuracy': 0.5416362574806598, 'flat_f1': 0.340080971659919, 'flat_recall': 0.2692307692307692}, {'roc_auc': 0.6053319456882155, 'average_precision': 0.6991460433963317, 'balanced_accuracy': 0.586386959362974, 'flat_f1': 0.5022156573116692, 'flat_recall': 0.5379746835443038}, {'roc_auc': 0.6111777815875192, 'average_precision': 0.7191244762429192, 'balanced_accuracy': 0.5867080159682594, 'flat_f1': 0.5050505050505051, 'flat_recall': 0.5700325732899023}]",2517,0.5826989308534735,0.5793114536701521
flat_10d_k275,10,0.275,0.3355165227746353,0.24382256623995235,0.4206609109854123,0.002224530011431181,0.22245300114311808,0.22056631892697467,0.25892857142857145,0.03836225250159678,"[0.25148809523809523, 0.25744047619047616, 0.23065476190476192, 0.25892857142857145, 0.22056631892697467]",0.44956113398075104,0.5812748993686416,0.7954686950888811,0.23388077778676286,0.548545583937581,0.5504204374748104,0.3300395256916996,0.2746710526315789,0.2998204667863555,0.8010204081632653,0.581911401284852,0.010373211447324124,0.2991831177671886,0.013664440673044606,"[{'roc_auc': 0.5676810313300013, 'average_precision': 0.7758541758701071, 'balanced_accuracy': 0.5500426673168353, 'flat_f1': 0.3176178660049628, 'flat_recall': 0.3076923076923077}, {'roc_auc': 0.5859398887054363, 'average_precision': 0.8093171217131447, 'balanced_accuracy': 0.5394117287347888, 'flat_f1': 0.2849462365591398, 'flat_recall': 0.2560386473429952}, {'roc_auc': 0.5921132838191181, 'average_precision': 0.8138598988734311, 'balanced_accuracy': 0.5552302731837212, 'flat_f1': 0.2949852507374631, 'flat_recall': 0.25906735751295334}]",2517,0.5858094726780244,0.5812748993686416
flat_5d_k550,5,0.55,0.2512652575171182,0.42631735635605833,0.32241738612682347,0.004189066549639997,0.41890665496399965,0.4038748137108793,0.44642857142857145,0.04255375771769215,"[0.4375, 0.44642857142857145, 0.40476190476190477, 0.43898809523809523, 0.4038748137108793]",0.48273317515850067,0.5811989725534998,0.632410168973887,0.24418342709935248,0.563456673544807,0.5625456183073689,0.5097142857142857,0.421152030217186,0.4612202688728025,0.6638709677419354,0.5856583629891525,0.02782456070501456,0.4516558115905784,0.07854428011359056,"[{'roc_auc': 0.547025845022914, 'average_precision': 0.6077905487321884, 'balanced_accuracy': 0.5353798822899947, 'flat_f1': 0.3438077634011091, 'flat_recall': 0.2612359550561798}, {'roc_auc': 0.5984973012042574, 'average_precision': 0.6522727920787283, 'balanced_accuracy': 0.5824007041350447, 'flat_f1': 0.5286103542234333, 'flat_recall': 0.5495750708215298}, {'roc_auc': 0.6114519427402862, 'average_precision': 0.6734085405024165, 'balanced_accuracy': 0.5737686240140227, 'flat_f1': 0.48254931714719274, 'flat_recall': 0.4542857142857143}]",2517,0.5835324776624335,0.5811989725534998
flat_10d_k750,10,0.75,0.1979755879726109,0.5629651682048229,0.23905924382256624,0.006066900031175947,0.6066900031175947,0.5446428571428571,0.5788690476190477,0.03422619047619058,"[0.5654761904761905, 0.5758928571428571, 0.5446428571428571, 0.5788690476190477, 0.5499254843517138]",0.5232982337474823,0.5803757066130004,0.497022439927183,0.24645464737613848,0.560050888954405,0.5600449111797788,0.6137491141034727,0.613314447592068,0.6135317038611406,0.506558118498417,0.5862687632982858,0.03766047269270704,0.6107689169524158,0.043247638264088666,"[{'roc_auc': 0.5348230739809223, 'average_precision': 0.45913156585586, 'balanced_accuracy': 0.5379234808006583, 'flat_f1': 0.5776805251641138, 'flat_recall': 0.5523012552301255}, {'roc_auc': 0.6239277963415895, 'average_precision': 0.5389191974283347, 'balanced_accuracy': 0.5815994350477109, 'flat_f1': 0.6718597857838364, 'flat_recall': 0.7467532467532467}, {'roc_auc': 0.6000554195723456, 'average_precision': 0.5254589338716672, 'balanced_accuracy': 0.5637988962268508, 'flat_f1': 0.5827664399092971, 'flat_recall': 0.5444915254237288}]",2517,0.581846986543029,0.5803757066130004
flat_90d_k150,90,0.15,0.37094373325394464,0.17445668353676688,0.4545995832092885,0.0013411932029231922,0.1341193202923192,0.15625,0.1949404761904762,0.03869047619047619,"[0.16517857142857142, 0.18154761904761904, 0.15625, 0.1949404761904762, 0.17436661698956782]",0.44189292192459106,0.5802721308995018,0.8604847402806162,0.22671375451497697,0.5484161722270855,0.547670120735783,0.2543103448275862,0.2639821029082774,0.25905598243688255,0.8362842590346835,0.5813094081027508,0.03485339912928497,0.24958235380230265,0.07161321888254643,"[{'roc_auc': 0.5539544169681156, 'average_precision': 0.8588442258713636, 'balanced_accuracy': 0.509868746170116, 'flat_f1': 0.16600790513833993, 'flat_recall': 0.14383561643835616}, {'roc_auc': 0.6304963037116895, 'average_precision': 0.8805112632452594, 'balanced_accuracy': 0.5962045664561836, 'flat_f1': 0.3409090909090909, 'flat_recall': 0.3973509933774834}, {'roc_auc': 0.5594775036284471, 'average_precision': 0.8481940920047393, 'balanced_accuracy': 0.5369762941461055, 'flat_f1': 0.24183006535947713, 'flat_recall': 0.24666666666666667}]",2517,0.577003805441421,0.5654944331896179
flat_10d_k625,10,0.625,0.2307234295921405,0.4900267936885978,0.2792497767192617,0.0050557500259799555,0.5055750025979956,0.47023809523809523,0.5059523809523809,0.0357142857142857,"[0.48660714285714285, 0.5014880952380952, 0.47023809523809523, 0.5059523809523809, 0.4858420268256334]",0.5203942060470581,0.5801708019606853,0.5662202844562378,0.24627082932131605,0.5594809616453584,0.5594812661906868,0.5509031198686372,0.5446428571428571,0.5477551020408163,0.5712074303405573,0.5822521939123378,0.03894907593848858,0.5463938671059047,0.04740338111450941,"[{'roc_auc': 0.527736089319417, 'average_precision': 0.5348349226037032, 'balanced_accuracy': 0.5150220569843327, 'flat_f1': 0.48346055979643765, 'flat_recall': 0.46228710462287104}, {'roc_auc': 0.6163323814832933, 'average_precision': 0.6040091223224886, 'balanced_accuracy': 0.5967189615353986, 'flat_f1': 0.597864768683274, 'flat_recall': 0.6206896551724138}, {'roc_auc': 0.6026881109343032, 'average_precision': 0.5936075143996907, 'balanced_accuracy': 0.5671771993634918, 'flat_f1': 0.5578562728380024, 'flat_recall': 0.5518072289156627}]",2517,0.584023432361926,0.5801708019606853
flat_20d_k150,20,0.15,0.3822566239952367,0.15331944030961595,0.46442393569514734,0.0012698083350894014,0.12698083350894013,0.14285714285714285,0.17113095238095238,0.028273809523809534,"[0.14285714285714285, 0.15625, 0.14583333333333334, 0.17113095238095238, 0.15052160953800298]",0.4405440092086792,0.5801215240340613,0.8689945031209662,0.21220568119340744,0.5513200644039045,0.5533637633966084,0.2528409090909091,0.22646310432569974,0.2389261744966443,0.8678013522965726,0.585215545075786,0.04783306474604399,0.2273002371548928,0.08132639563855129,"[{'roc_auc': 0.5859838096080686, 'average_precision': 0.8752149043608141, 'balanced_accuracy': 0.5254965495886048, 'flat_f1': 0.16748768472906403, 'flat_recall': 0.13385826771653545}, {'roc_auc': 0.6434109352701869, 'average_precision': 0.8952484911833952, 'balanced_accuracy': 0.6109927793989223, 'flat_f1': 0.3422818791946309, 'flat_recall': 0.38345864661654133}, {'roc_auc': 0.5262518903491022, 'average_precision': 0.8517398285180071, 'balanced_accuracy': 0.5152079916505143, 'flat_f1': 0.1721311475409836, 'flat_recall': 0.15789473684210525}]",2517,0.5711551263311306,0.5447299489938268
flat_5d_k500,5,0.5,0.26615064007144984,0.39327180708544207,0.3405775528431081,0.0038082423178545425,0.38082423178545427,0.3556547619047619,0.4181547619047619,0.0625,"[0.39880952380952384, 0.4181547619047619, 0.3556547619047619, 0.41517857142857145, 0.37853949329359166]",0.49494366347789764,0.5793114536701521,0.660169773390118,0.24117506733057534,0.5617881900843906,0.5621687964301388,0.47398843930635837,0.41922290388548056,0.4449267498643516,0.679410842995926,0.5827730608607522,0.02907506760755218,0.4348571937758405,0.0750242766452018,"[{'roc_auc': 0.5416761448668064, 'average_precision': 0.6411710713367607, 'balanced_accuracy': 0.537632445375636, 'flat_f1': 0.3293172690763052, 'flat_recall': 0.2523076923076923}, {'roc_auc': 0.6021717552230953, 'average_precision': 0.6826118761623705, 'balanced_accuracy': 0.5788905631495234, 'flat_f1': 0.4970588235294118, 'flat_recall': 0.5184049079754601}, {'roc_auc': 0.6044712824923548, 'average_precision': 0.6930577591140625, 'balanced_accuracy': 0.5683145785550459, 'flat_f1': 0.4781954887218045, 'flat_recall': 0.48623853211009177}]",2517,0.5823220992785826,0.5793114536701521
flat_40d_k150,40,0.15,0.3760047633224174,0.16433462339982138,0.45966061327776125,0.0012761174230503632,0.12761174230503633,0.15178571428571427,0.18452380952380953,0.03273809523809526,"[0.15178571428571427, 0.16666666666666666, 0.15625, 0.18452380952380953, 0.16244411326378538]",0.4650163948535919,0.5792955669807465,0.8651606517455053,0.2246675374466332,0.5549543782641386,0.5443036297800936,0.233502538071066,0.3262411347517731,0.27218934911242604,0.8164179104477612,0.5811834886048456,0.03733645283768643,0.2670200540653118,0.04947277027259889,"[{'roc_auc': 0.5618670326699524, 'average_precision': 0.8605404108978447, 'balanced_accuracy': 0.5313130367874893, 'flat_f1': 0.23668639053254437, 'flat_recall': 0.291970802919708}, {'roc_auc': 0.6333995826294345, 'average_precision': 0.8865125242785181, 'balanced_accuracy': 0.5973367782967306, 'flat_f1': 0.33678756476683935, 'flat_recall': 0.4482758620689655}, {'roc_auc': 0.5482838505151497, 'average_precision': 0.8581694454376319, 'balanced_accuracy': 0.5339267207218192, 'flat_f1': 0.22758620689655173, 'flat_recall': 0.23404255319148937}]",2517,0.5796611126950714,0.560793931961666
flat_10d_k200,10,0.2,0.3655849955343852,0.18666269723131884,0.44775230723429593,0.0016178400083135859,0.16178400083135858,0.17585692995529062,0.20535714285714285,0.02950021290185223,"[0.1875, 0.18601190476190477, 0.17857142857142858, 0.20535714285714285, 0.17585692995529062]",0.4390006959438324,0.5785780430729186,0.8454331668903844,0.22398853779096628,0.5516089774874547,0.553885892900079,0.28255528255528256,0.24572649572649571,0.26285714285714284,0.8449146429430151,0.580465652576502,0.014758996089513723,0.25513151590137,0.0410666103598393,"[{'roc_auc': 0.5717541139772494, 'average_precision': 0.8379465866241146, 'balanced_accuracy': 0.5354007508825672, 'flat_f1': 0.2134387351778656, 'flat_recall': 0.17197452229299362}, {'roc_auc': 0.6012477352111624, 'average_precision': 0.8636291221018497, 'balanced_accuracy': 0.5688775986700786, 'flat_f1': 0.3109919571045576, 'flat_recall': 0.36942675159235666}, {'roc_auc': 0.568395108541094, 'average_precision': 0.845102332157215, 'balanced_accuracy': 0.5499573419281448, 'flat_f1': 0.24096385542168675, 'flat_recall': 0.19480519480519481}]",2517,0.5764198148004149,0.5730823103842178
flat_5d_k375,5,0.375,0.3087228341768383,0.30425721941053885,0.38701994641262283,0.0028561817383909067,0.28561817383909066,0.2846497764530551,0.3229166666666667,0.03826689021361157,"[0.3080357142857143, 0.31845238095238093, 0.28720238095238093, 0.3229166666666667, 0.2846497764530551]",0.4460749626159668,0.5781838167664939,0.7410043160824995,0.24270850216787648,0.5566087892859546,0.5580098970280403,0.39717425431711145,0.3320209973753281,0.36168691922802,0.7543328748280606,0.5782552150166903,0.022957295833683555,0.35261039890466805,0.06561901024859844,"[{'roc_auc': 0.5475252600196954, 'average_precision': 0.7238510038374278, 'balanced_accuracy': 0.5273745767513389, 'flat_f1': 0.31533477321814257, 'flat_recall': 0.2885375494071146}, {'roc_auc': 0.6026925983375094, 'average_precision': 0.7595666600284057, 'balanced_accuracy': 0.5894384122817484, 'flat_f1': 0.4448462929475588, 'flat_recall': 0.47126436781609193}, {'roc_auc': 0.5845477866928661, 'average_precision': 0.756527403188846, 'balanced_accuracy': 0.5489295071229736, 'flat_f1': 0.29765013054830286, 'flat_recall': 0.22983870967741934}]",2517,0.5741227865231393,0.5675647776959508
flat_5d_k600,5,0.6,0.24263173563560583,0.4566835367668949,0.30068472759749926,0.0045698907814254505,0.456989078142545,0.43452380952380953,0.47470238095238093,0.0401785714285714,"[0.46875, 0.47470238095238093, 0.43452380952380953, 0.46130952380952384, 0.44411326378539495]",0.5092016756534576,0.5779132091496517,0.6024975097824239,0.24478085264331703,0.564859767318191,0.5648976662202312,0.5262172284644194,0.49559082892416223,0.5104450499545867,0.6193502824858758,0.5798817192880933,0.029661833372805778,0.5067939542316975,0.04730254500302244,"[{'roc_auc': 0.5379545715269015, 'average_precision': 0.5789212080230751, 'balanced_accuracy': 0.5475823104278995, 'flat_f1': 0.44036697247706424, 'flat_recall': 0.37994722955145116}, {'roc_auc': 0.5996954022988507, 'average_precision': 0.6232023648031174, 'balanced_accuracy': 0.5781810344827586, 'flat_f1': 0.5468549422336328, 'flat_recall': 0.568}, {'roc_auc': 0.6019951840385276, 'average_precision': 0.6367578231664177, 'balanced_accuracy': 0.5693011122577687, 'flat_f1': 0.5331599479843954, 'flat_recall': 0.5394736842105263}]",2517,0.5817830156561038,0.5779132091496517
flat_5d_k300,5,0.3,0.33224173861268236,0.25275379577255136,0.4150044656147663,0.0022849453907127252,0.2284945390712725,0.22503725782414308,0.27529761904761907,0.05026036122347599,"[0.2693452380952381, 0.2604166666666667, 0.23363095238095238, 0.27529761904761907, 0.22503725782414308]",0.4590504467487335,0.5777592128469322,0.7874449836796051,0.24179300441672097,0.561976911976912,0.5599802035781294,0.33480176211453744,0.36363636363636365,0.3486238532110092,0.7713365539452496,0.5780496444318929,0.013190720310269249,0.34765359377124977,0.01751353415731845,"[{'roc_auc': 0.5600265644338455, 'average_precision': 0.7744177647930799, 'balanced_accuracy': 0.5472462040027772, 'flat_f1': 0.32558139534883723, 'flat_recall': 0.33175355450236965}, {'roc_auc': 0.5828935599284436, 'average_precision': 0.8006816526180969, 'balanced_accuracy': 0.5609868813357185, 'flat_f1': 0.3684210526315789, 'flat_recall': 0.4232558139534884}, {'roc_auc': 0.5912288089333895, 'average_precision': 0.7954061980183614, 'balanced_accuracy': 0.5757575757575758, 'flat_f1': 0.3489583333333333, 'flat_recall': 0.3333333333333333}]",2517,0.5725881377603996,0.5690738730043834
flat_10d_k225,10,0.225,0.35397439714200657,0.20631140220303662,0.4397142006549568,0.0018200700093527842,0.1820070009352784,0.18926974664679583,0.22470238095238096,0.03543263430558513,"[0.20386904761904762, 0.21577380952380953, 0.19791666666666666, 0.22470238095238096, 0.18926974664679583]",0.454372301697731,0.5775990909441084,0.8236826391562397,0.22608866870870795,0.5571800007703863,0.5584001608591772,0.30327868852459017,0.2846153846153846,0.29365079365079366,0.8231495280675608,0.5792200119542888,0.01657897680806741,0.28366863665199177,0.04873344202279159,"[{'roc_auc': 0.5712956799289944, 'average_precision': 0.8108054934612491, 'balanced_accuracy': 0.5452148087459675, 'flat_f1': 0.2582781456953642, 'flat_recall': 0.22033898305084745}, {'roc_auc': 0.6022923174082987, 'average_precision': 0.8436060218761122, 'balanced_accuracy': 0.5794928909143666, 'flat_f1': 0.35185185185185186, 'flat_recall': 0.4293785310734463}, {'roc_auc': 0.5640720385255733, 'average_precision': 0.8296144315358938, 'balanced_accuracy': 0.5436769365724413, 'flat_f1': 0.24087591240875914, 'flat_recall': 0.19879518072289157}]",2517,0.5814558385967042,0.5775990909441084
flat_10d_k475,10,0.475,0.2694254242334028,0.3923786841321822,0.338195891634415,0.003842370019744766,0.38423700197447663,0.3601190476190476,0.4211309523809524,0.06101190476190477,"[0.40029761904761907, 0.40476190476190477, 0.3601190476190476, 0.4211309523809524, 0.37555886736214605]",0.5019490122795105,0.577027858102068,0.6617721434062305,0.24185037054567018,0.5556202356110306,0.5554860107884587,0.45610494450050454,0.4616956077630235,0.4588832487309645,0.652088772845953,0.5778800906745668,0.030817028072759857,0.456649203912099,0.0417488292427005,"[{'roc_auc': 0.5357418111753371, 'average_precision': 0.6431039901250419, 'balanced_accuracy': 0.5281761801541426, 'flat_f1': 0.3980263157894737, 'flat_recall': 0.378125}, {'roc_auc': 0.6085829150510265, 'average_precision': 0.6853983951710886, 'balanced_accuracy': 0.5670213145562243, 'flat_f1': 0.4798807749627422, 'flat_recall': 0.486404833836858}, {'roc_auc': 0.5893155457973367, 'average_precision': 0.6736532268175688, 'balanced_accuracy': 0.5703009402892463, 'flat_f1': 0.492040520984081, 'flat_recall': 0.5182926829268293}]",2517,0.5754356324573456,0.5737119027509259
flat_5d_k400,5,0.4,0.29770765108663294,0.3250967549866032,0.37719559392676394,0.003046593854283634,0.3046593854283634,0.3020833333333333,0.34672619047619047,0.04464285714285715,"[0.33035714285714285, 0.34375, 0.3020833333333333, 0.34672619047619047, 0.3025335320417288]",0.4505741447210312,0.5766197651069731,0.7216071319734638,0.24317550623194645,0.5505680915302718,0.5506857182772833,0.41262135922330095,0.31403940886699505,0.35664335664335667,0.7447280799112098,0.576626689279481,0.03153788823307858,0.35033663954290845,0.05738532014341533,"[{'roc_auc': 0.5372901538979278, 'average_precision': 0.6986868449286974, 'balanced_accuracy': 0.5300191563442447, 'flat_f1': 0.30357142857142855, 'flat_recall': 0.2490842490842491}, {'roc_auc': 0.6145003223726628, 'average_precision': 0.7502459563147024, 'balanced_accuracy': 0.5762927143778207, 'flat_f1': 0.4311594202898551, 'flat_recall': 0.43272727272727274}, {'roc_auc': 0.5780895915678524, 'average_precision': 0.7352885772133471, 'balanced_accuracy': 0.543570487483531, 'flat_f1': 0.31627906976744186, 'flat_recall': 0.25757575757575757}]",2517,0.5796827966873124,0.5766197651069731
flat_10d_k450,10,0.45,0.27597499255730873,0.3780887168800238,0.34593629056266745,0.0036401400187055684,0.3640140018705568,0.35267857142857145,0.40029761904761907,0.047619047619047616,"[0.3913690476190476, 0.3913690476190476, 0.35267857142857145, 0.40029761904761907, 0.35469448584202684]",0.49757856130599976,0.5755671365190431,0.6762940514010534,0.24265666079815731,0.5568914831326911,0.5553352455131757,0.4384765625,0.47816826411075614,0.4574630667345899,0.6532074242917616,0.5762355451648514,0.021396309732266538,0.45702097326176316,0.030042308571888506,"[{'roc_auc': 0.5483177627160042, 'average_precision': 0.6619609075426849, 'balanced_accuracy': 0.5276118947304146, 'flat_f1': 0.41910631741140214, 'flat_recall': 0.4401294498381877}, {'roc_auc': 0.6003014227152158, 'average_precision': 0.6921008668897658, 'balanced_accuracy': 0.5784573185435254, 'flat_f1': 0.49258160237388726, 'flat_recall': 0.5203761755485894}, {'roc_auc': 0.5800874500633343, 'average_precision': 0.6890632913520693, 'balanced_accuracy': 0.5639859202962096, 'flat_f1': 0.459375, 'flat_recall': 0.47266881028938906}]",2517,0.5782407474909635,0.5755671365190431
flat_15d_k150,15,0.15,0.3831497469484966,0.1491515331944031,0.4676987198571003,0.0012435389006998463,0.12435389006998462,0.13541666666666666,0.16964285714285715,0.03422619047619049,"[0.13541666666666666, 0.15773809523809523, 0.13839285714285715, 0.16964285714285715, 0.14456035767511177]",0.4762970209121704,0.5746804808875816,0.8702613949980024,0.20764975828336454,0.5542338270595921,0.5466529535833266,0.22289156626506024,0.2898172323759791,0.25198637911464244,0.8413195280520106,0.5776205809875622,0.04550608026595724,0.24078742694849523,0.07028644087798587,"[{'roc_auc': 0.5537879820138983, 'average_precision': 0.8658253012395691, 'balanced_accuracy': 0.5208702366353273, 'flat_f1': 0.184, 'flat_recall': 0.18699186991869918}, {'roc_auc': 0.6413076292750248, 'average_precision': 0.8978690231118547, 'balanced_accuracy': 0.6148865743735714, 'flat_f1': 0.3398328690807799, 'flat_recall': 0.46564885496183206}, {'roc_auc': 0.5377661316737635, 'average_precision': 0.8599622040054776, 'balanced_accuracy': 0.5229610219456272, 'flat_f1': 0.19852941176470587, 'flat_recall': 0.20930232558139536}]",2517,0.5713891779454982,0.5491684470696662
flat_60d_k150,60,0.15,0.3754093480202441,0.1682048228639476,0.4563858291158083,0.0013069324862327975,0.13069324862327975,0.15625,0.1875,0.03125,"[0.15625, 0.17261904761904762, 0.15625, 0.1875, 0.16840536512667661]",0.4662199765443802,0.5742283950617284,0.8636073107787055,0.2302293859751517,0.5492339461763922,0.535397528691687,0.2252663622526636,0.3425925925925926,0.27180899908172634,0.7989860583016477,0.5751629528520291,0.02537813577437641,0.2654000817918151,0.03774007426213979,"[{'roc_auc': 0.5519108931126099, 'average_precision': 0.8596587085381546, 'balanced_accuracy': 0.5270079705702023, 'flat_f1': 0.2222222222222222, 'flat_recall': 0.24285714285714285}, {'roc_auc': 0.6104655735126421, 'average_precision': 0.8788479335831476, 'balanced_accuracy': 0.5724214541307853, 'flat_f1': 0.3141592920353982, 'flat_recall': 0.48299319727891155}, {'roc_auc': 0.5631123919308357, 'average_precision': 0.8588386167199586, 'balanced_accuracy': 0.5452499254695419, 'flat_f1': 0.2598187311178248, 'flat_recall': 0.296551724137931}]",2517,0.5750877439611363,0.5633233041507981
flat_10d_k500,10,0.5,0.26287585590949686,0.41292051205715985,0.32420363203334324,0.004044600020783965,0.40446000207839644,0.3794642857142857,0.43452380952380953,0.055059523809523836,"[0.4181547619047619, 0.43005952380952384, 0.3794642857142857, 0.43452380952380953, 0.40238450074515647]",0.49312064051628113,0.5737119027509259,0.6374952977164847,0.2433387997425829,0.5541934877479169,0.5541735652992474,0.48148148148148145,0.42870999030067897,0.45356593124679323,0.6547811993517018,0.5755426523416372,0.03302137445504839,0.4524189700578634,0.040033631576333994,"[{'roc_auc': 0.5288989744194271, 'average_precision': 0.6153801588202052, 'balanced_accuracy': 0.5200282918778734, 'flat_f1': 0.3961661341853035, 'flat_recall': 0.36470588235294116}, {'roc_auc': 0.6008373670635623, 'average_precision': 0.6694148718982584, 'balanced_accuracy': 0.575283538847472, 'flat_f1': 0.475, 'flat_recall': 0.44574780058651026}, {'roc_auc': 0.5968916155419223, 'average_precision': 0.6489089540716146, 'balanced_accuracy': 0.5663862109260882, 'flat_f1': 0.486090775988287, 'flat_recall': 0.4742857142857143}]",2517,0.57771069375263,0.5737119027509259
flat_10d_k175,10,0.175,0.37392080976481096,0.16880023816612086,0.45727895206906816,0.0014156100072743876,0.14156100072743877,0.15797317436661698,0.18601190476190477,0.028038730395287786,"[0.16815476190476192, 0.17113095238095238, 0.16071428571428573, 0.18601190476190477, 0.15797317436661698]",0.4576975554227829,0.5730823103842178,0.8598194648518757,0.22049172541123,0.548326412939022,0.5457218817884123,0.23890063424947147,0.2684085510688836,0.25279642058165547,0.8386473429951691,0.5752352660536654,0.02464594921144672,0.2472492384373873,0.0428671532969923,"[{'roc_auc': 0.5724562580015851, 'average_precision': 0.8556553914531184, 'balanced_accuracy': 0.5534099453352029, 'flat_f1': 0.24267782426778242, 'flat_recall': 0.20567375886524822}, {'roc_auc': 0.6067136725935008, 'average_precision': 0.8809257405437736, 'balanced_accuracy': 0.5748211731044349, 'flat_f1': 0.3018867924528302, 'flat_recall': 0.4}, {'roc_auc': 0.5465358675659104, 'average_precision': 0.8508859004067624, 'balanced_accuracy': 0.5170243204577969, 'flat_f1': 0.19718309859154928, 'flat_recall': 0.2}]",2517,0.5715817291748012,0.5630848340672674
flat_5d_k275,5,0.275,0.3399821375409348,0.23548675200952665,0.42453111044953856,0.0020945332748199983,0.20945332748199982,0.21460506706408347,0.25595238095238093,0.04134731388829746,"[0.24553571428571427, 0.2425595238095238, 0.21875, 0.25595238095238093, 0.21460506706408347]",0.48175038397312164,0.5709313274298833,0.799910065669964,0.2342091753111033,0.5543543233778737,0.5465411991796356,0.2979002624671916,0.38605442176870747,0.3362962962962963,0.756786102062975,0.5728029127230715,0.014260340875477411,0.33723010541623316,0.016505442912147804,"[{'roc_auc': 0.5549803810334232, 'average_precision': 0.7865563451629665, 'balanced_accuracy': 0.5419286468428435, 'flat_f1': 0.3298538622129436, 'flat_recall': 0.398989898989899}, {'roc_auc': 0.573540806806142, 'average_precision': 0.8151508987600037, 'balanced_accuracy': 0.5406209972010058, 'flat_f1': 0.3217391304347826, 'flat_recall': 0.3756345177664975}, {'roc_auc': 0.5898875503296491, 'average_precision': 0.8077483854293036, 'balanced_accuracy': 0.5802547362004523, 'flat_f1': 0.36009732360097324, 'flat_recall': 0.38341968911917096}]",2517,0.5714225563834904,0.5655771288736557
flat_5d_k325,5,0.325,0.3245013396844299,0.2706162548377493,0.4048824054778208,0.0024753575066054525,0.24753575066054526,0.2459016393442623,0.2931547619047619,0.04725312256049963,"[0.27976190476190477, 0.2767857142857143, 0.25744047619047616, 0.2931547619047619, 0.2459016393442623]",0.437995120882988,0.5690738730043834,0.7681469288213187,0.24362955143434536,0.5469501749306309,0.5482589461835052,0.3476027397260274,0.30074074074074075,0.32247815726767276,0.7740397350993378,0.5703349916955494,0.018389831686945426,0.31930391215442283,0.03072254165416029,"[{'roc_auc': 0.5501409026530582, 'average_precision': 0.7574644683078446, 'balanced_accuracy': 0.5380802196037204, 'flat_f1': 0.3148148148148148, 'flat_recall': 0.3063063063063063}, {'roc_auc': 0.5946245673518401, 'average_precision': 0.7868469315802806, 'balanced_accuracy': 0.5555202373384192, 'flat_f1': 0.358974358974359, 'flat_recall': 0.358974358974359}, {'roc_auc': 0.5662395050817499, 'average_precision': 0.77239566562223, 'balanced_accuracy': 0.5446641626159965, 'flat_f1': 0.2841225626740947, 'flat_recall': 0.2328767123287671}]",2517,0.5714659545157555,0.5675647776959508
flat_5d_k350,5,0.35,0.314676987198571,0.2893718368562072,0.3959511759452218,0.0026657696224981794,0.2665769622498179,0.27123695976154993,0.30654761904761907,0.035310659286069135,"[0.29464285714285715, 0.29910714285714285, 0.27529761904761907, 0.30654761904761907, 0.27123695976154993]",0.4389553517103195,0.5675647776959508,0.7518213737606954,0.24667830397203983,0.5497784508817285,0.5509609406676578,0.36850393700787404,0.32320441988950277,0.3443708609271523,0.7575510204081632,0.5678883499527696,0.02466082882699736,0.33712038034894576,0.05182382291869601,"[{'roc_auc': 0.5396931659693166, 'average_precision': 0.7365952419958768, 'balanced_accuracy': 0.5377545327754533, 'flat_f1': 0.33189655172413796, 'flat_recall': 0.32217573221757323}, {'roc_auc': 0.5997625675454397, 'average_precision': 0.7779624114541308, 'balanced_accuracy': 0.5681936029692702, 'flat_f1': 0.40304182509505704, 'flat_recall': 0.4274193548387097}, {'roc_auc': 0.5642093163435524, 'average_precision': 0.7540618377751505, 'balanced_accuracy': 0.5403191892005551, 'flat_f1': 0.2764227642276423, 'flat_recall': 0.21518987341772153}]",2517,0.5716074891556093,0.5675647776959508
flat_30d_k150,30,0.15,0.37719559392676394,0.1625483774933016,0.46025602857993453,0.001247036958376055,0.12470369583760549,0.15029761904761904,0.18452380952380953,0.03422619047619049,"[0.15029761904761904, 0.1636904761904762, 0.15327380952380953, 0.18452380952380953, 0.16095380029806258]",0.4641847014427185,0.5669258823609711,0.8559206428057834,0.21836652345045177,0.5574191581481169,0.5497910016185059,0.24074074074074073,0.31026252983293556,0.2711157455683003,0.8284662576687116,0.5709365882817293,0.04320874334126252,0.25682645086582734,0.06739819244409562,"[{'roc_auc': 0.5365241402393105, 'average_precision': 0.8481948860113089, 'balanced_accuracy': 0.5235126767634507, 'flat_f1': 0.19123505976095617, 'flat_recall': 0.17647058823529413}, {'roc_auc': 0.6318730171560207, 'average_precision': 0.8842574520706589, 'balanced_accuracy': 0.611483824034595, 'flat_f1': 0.34951456310679613, 'flat_recall': 0.5070422535211268}, {'roc_auc': 0.5444126074498568, 'average_precision': 0.849337710378865, 'balanced_accuracy': 0.5338911581214818, 'flat_f1': 0.22972972972972974, 'flat_recall': 0.24113475177304963}]",2517,0.5678198254651122,0.5480464121980116
flat_5d_k250,5,0.25,0.34682941351592733,0.2170288776421554,0.4361417088419172,0.0019041211589272712,0.19041211589272714,0.19523099850968703,0.23809523809523808,0.04286423958555105,"[0.22470238095238096, 0.23065476190476192, 0.19642857142857142, 0.23809523809523808, 0.19523099850968703]",0.45715591311454773,0.5655771288736557,0.8130486438114588,0.2262340136918462,0.545579299093746,0.5478014668258571,0.30414746543778803,0.24399260628465805,0.27076923076923076,0.8248337028824834,0.5663012454858486,0.01117388456096266,0.27044655664318024,0.01616918117845987,"[{'roc_auc': 0.5626082900173264, 'average_precision': 0.8039238313512298, 'balanced_accuracy': 0.5543532586965214, 'flat_f1': 0.2830188679245283, 'flat_recall': 0.2459016393442623}, {'roc_auc': 0.5814539286973752, 'average_precision': 0.8293622909322061, 'balanced_accuracy': 0.5467304236846966, 'flat_f1': 0.2807017543859649, 'flat_recall': 0.26519337016574585}, {'roc_auc': 0.554841517742844, 'average_precision': 0.8181901466186299, 'balanced_accuracy': 0.5353960776281428, 'flat_f1': 0.24761904761904763, 'flat_recall': 0.22033898305084745}]",2517,0.5633423442969562,0.5535185765873297
flat_90d_k125,90,0.125,0.3849359928550164,0.14706757963679667,0.467996427508187,0.0011176610024359935,0.11176610024359936,0.1324404761904762,0.16071428571428573,0.028273809523809534,"[0.1324404761904762, 0.16071428571428573, 0.13392857142857142, 0.15773809523809523, 0.15052160953800298]",0.4226800352334976,0.5654944331896179,0.8765109554295238,0.23042124571841685,0.5333452065569878,0.5311871816618482,0.2,0.2275132275132275,0.21287128712871287,0.8495030761949834,0.5681623388780285,0.03862141641111249,0.2049448408658289,0.06195849892202938,"[{'roc_auc': 0.5303294949756329, 'average_precision': 0.8599642719870361, 'balanced_accuracy': 0.5006199594600422, 'flat_f1': 0.14225941422594143, 'flat_recall': 0.1297709923664122}, {'roc_auc': 0.6211951447245565, 'average_precision': 0.9035704310129485, 'balanced_accuracy': 0.5870273109243698, 'flat_f1': 0.2893081761006289, 'flat_recall': 0.3865546218487395}, {'roc_auc': 0.5529623769338959, 'average_precision': 0.8708028108811434, 'balanced_accuracy': 0.519520261954993, 'flat_f1': 0.18326693227091634, 'flat_recall': 0.1796875}]",2517,0.5691665882622994,0.5617332006977783
flat_60d_k125,60,0.125,0.3858291158082763,0.1455790413813635,0.4685918428103602,0.001089110405193998,0.1089110405193998,0.125,0.16071428571428573,0.035714285714285726,"[0.125, 0.15922619047619047, 0.13690476190476192, 0.16071428571428573, 0.14605067064083457]",0.4366396814584732,0.5633233041507981,0.8733499910259394,0.22616073203308748,0.536461714274431,0.5318153804780207,0.2,0.25065963060686014,0.2224824355971897,0.8411483253588516,0.5649625321468253,0.034537934820945304,0.2137370463405631,0.055817583772946246,"[{'roc_auc': 0.5424282126869746, 'average_precision': 0.8649902239258747, 'balanced_accuracy': 0.5053390108090403, 'flat_f1': 0.16279069767441862, 'flat_recall': 0.16279069767441862}, {'roc_auc': 0.6137591036414566, 'average_precision': 0.8929911155061683, 'balanced_accuracy': 0.5821512605042016, 'flat_f1': 0.2914285714285714, 'flat_recall': 0.408}, {'roc_auc': 0.5387002801120448, 'average_precision': 0.8685843551960062, 'balanced_accuracy': 0.5233725490196078, 'flat_f1': 0.18699186991869918, 'flat_recall': 0.184}]",2517,0.5662458308628707,0.5611857933760855
flat_10d_k150,10,0.15,0.385233700506103,0.14676987198571004,0.467996427508187,0.0012133800062351892,0.12133800062351892,0.13690476190476192,0.16666666666666666,0.02976190476190474,"[0.14136904761904762, 0.15178571428571427, 0.13690476190476192, 0.16666666666666666, 0.13710879284649777]",0.4117210805416107,0.5630848340672674,0.8735363173736195,0.21157225109620612,0.539239304366175,0.5427792915531335,0.24324324324324326,0.16981132075471697,0.2,0.885558583106267,0.5660880703470879,0.030913827173223375,0.19374851041517707,0.04144752365493752,"[{'roc_auc': 0.5563697478991597, 'average_precision': 0.8685169651460338, 'balanced_accuracy': 0.5237871148459384, 'flat_f1': 0.15135135135135136, 'flat_recall': 0.112}, {'roc_auc': 0.6078614933453643, 'average_precision': 0.8933456748525015, 'balanced_accuracy': 0.5591021881344462, 'flat_f1': 0.25, 'flat_recall': 0.25806451612903225}, {'roc_auc': 0.5340329697967396, 'average_precision': 0.866670808391585, 'balanced_accuracy': 0.5348046276607906, 'flat_f1': 0.17989417989417988, 'flat_recall': 0.13934426229508196}]",2517,0.5629994730054454,0.5528312745648511
flat_90d_k100,90,0.1,0.39654659124739505,0.12235784459660613,0.4810955641559988,0.0008941288019487948,0.08941288019487947,0.10863095238095238,0.13690476190476192,0.028273809523809534,"[0.10863095238095238, 0.13690476190476192, 0.10863095238095238, 0.1324404761904762, 0.12518628912071536]",0.42939674854278564,0.5617332006977783,0.8956444564154817,0.22109961098771921,0.543436702564768,0.5378563090070383,0.185,0.23492063492063492,0.206993006993007,0.8687196110210696,0.5612096898094828,0.0375122109702816,0.20678385278161895,0.04016901867447092,"[{'roc_auc': 0.5281136106572828, 'average_precision': 0.8823980841762689, 'balanced_accuracy': 0.5124984290561769, 'flat_f1': 0.16033755274261605, 'flat_recall': 0.1743119266055046}, {'roc_auc': 0.6136636636636636, 'average_precision': 0.9191896444800949, 'balanced_accuracy': 0.5822413322413322, 'flat_f1': 0.25833333333333336, 'flat_recall': 0.31313131313131315}, {'roc_auc': 0.5418517951075021, 'average_precision': 0.8880170513731824, 'balanced_accuracy': 0.5390621010162913, 'flat_f1': 0.20168067226890757, 'flat_recall': 0.22429906542056074}]",2517,0.5636138169436982,0.5617332006977783
flat_60d_k100,60,0.1,0.3983328371539149,0.1184876451324799,0.48317951771360523,0.0008712883241551985,0.08712883241551984,0.1056547619047619,0.1324404761904762,0.026785714285714288,"[0.1056547619047619, 0.1324404761904762, 0.1056547619047619, 0.12648809523809523, 0.12220566318926974]",0.4611956626176834,0.5611857933760855,0.8992157451741453,0.2151332169074855,0.5553654958991834,0.5337034374965633,0.17463235294117646,0.31353135313531355,0.2243211334120425,0.8430857415810843,0.5590812842999363,0.02874397866034284,0.2246744291371606,0.03244345326249237,"[{'roc_auc': 0.5230846348670325, 'average_precision': 0.8862149839525445, 'balanced_accuracy': 0.5238299387927395, 'flat_f1': 0.1891891891891892, 'flat_recall': 0.27184466019417475}, {'roc_auc': 0.5934352009054895, 'average_precision': 0.9139334202225776, 'balanced_accuracy': 0.5985215053763441, 'flat_f1': 0.2676056338028169, 'flat_recall': 0.4}, {'roc_auc': 0.5607240171272868, 'average_precision': 0.8979204976308546, 'balanced_accuracy': 0.5474957830543662, 'flat_f1': 0.21722846441947566, 'flat_recall': 0.2761904761904762}]",2517,0.5622545487634418,0.5611857933760855
flat_40d_k125,40,0.125,0.388508484668056,0.141113426615064,0.47037808871688,0.0010634311858753027,0.10634311858753026,0.12053571428571429,0.15625,0.03571428571428571,"[0.12053571428571429, 0.15178571428571427, 0.13988095238095238, 0.15625, 0.13710879284649777]",0.4620029181241989,0.560793931961666,0.8754739371814519,0.21981993141322398,0.5486839714765863,0.536640771077393,0.20255474452554745,0.3008130081300813,0.2420937840785169,0.8311877580762691,0.564651871139986,0.028709547542355374,0.23068709345377827,0.05469205460282001,"[{'roc_auc': 0.5376780063291139, 'average_precision': 0.8607588010774931, 'balanced_accuracy': 0.5163941631504922, 'flat_f1': 0.183206106870229, 'flat_recall': 0.1875}, {'roc_auc': 0.604419312349548, 'average_precision': 0.8927065228003922, 'balanced_accuracy': 0.5992244629150202, 'flat_f1': 0.30730478589420657, 'flat_recall': 0.4959349593495935}, {'roc_auc': 0.5518582947412962, 'average_precision': 0.8812609006239649, 'balanced_accuracy': 0.5311126260607912, 'flat_f1': 0.20155038759689922, 'flat_recall': 0.22033898305084745}]",2517,0.5605619080004653,0.5415962250589834
flat_5d_k150,5,0.15,0.38672223876153616,0.13992259601071746,0.47335516522774634,0.0011424726953563626,0.11424726953563626,0.12797619047619047,0.15476190476190477,0.0267857142857143,"[0.14434523809523808, 0.14434523809523808, 0.12797619047619047, 0.15476190476190477, 0.12816691505216096]",0.41477274894714355,0.5584601115648438,0.8789294743629874,0.2060983509735374,0.5452898550724637,0.5500059849731137,0.24896265560165975,0.17391304347826086,0.20477815699658702,0.8952338129496403,0.5590332741084348,0.02466740637577805,0.2039855569267334,0.041259518712948764,"[{'roc_auc': 0.5636476367625316, 'average_precision': 0.8773342650638658, 'balanced_accuracy': 0.5459352792483426, 'flat_f1': 0.20320855614973263, 'flat_recall': 0.16379310344827586}, {'roc_auc': 0.5866719130061526, 'average_precision': 0.8923148267169153, 'balanced_accuracy': 0.5691920637191777, 'flat_f1': 0.2549019607843137, 'flat_recall': 0.22413793103448276}, {'roc_auc': 0.5267802725566201, 'average_precision': 0.8714922529905357, 'balanced_accuracy': 0.520228430727224, 'flat_f1': 0.15384615384615385, 'flat_recall': 0.13274336283185842}]",2517,0.5508142635886818,0.5433065340432348
flat_5d_k225,5,0.225,0.35814230425721943,0.19589163441500446,0.4459660613277761,0.0017137090430345441,0.17137090430345442,0.17708333333333334,0.21726190476190477,0.040178571428571425,"[0.20386904761904762, 0.20386904761904762, 0.17708333333333334, 0.21726190476190477, 0.17734724292101342]",0.4562121480703354,0.5535185765873297,0.825682163656194,0.22391885218418522,0.5376887751489465,0.5394883466648035,0.2675,0.21971252566735114,0.24126268320180383,0.8377140101278032,0.5535965943023594,0.015556801545899564,0.24004328986554388,0.03047191149648813,"[{'roc_auc': 0.5395934959349593, 'average_precision': 0.8113686940885079, 'balanced_accuracy': 0.5558536585365854, 'flat_f1': 0.26855123674911663, 'flat_recall': 0.23170731707317074}, {'roc_auc': 0.575293586269196, 'average_precision': 0.8471902633157038, 'balanced_accuracy': 0.5354561878952122, 'flat_f1': 0.2537764350453172, 'flat_recall': 0.25609756097560976}, {'roc_auc': 0.5459027007029227, 'average_precision': 0.8314861709365522, 'balanced_accuracy': 0.5209350721420644, 'flat_f1': 0.1978021978021978, 'flat_recall': 0.16981132075471697}]",2517,0.5541275234190796,0.5432868647962533
flat_10d_k125,10,0.125,0.3947603453408753,0.12771658231616553,0.4775230723429592,0.0010111500051959911,0.10111500051959911,0.1130952380952381,0.1488095238095238,0.03571428571428571,"[0.11904761904761904, 0.13839285714285715, 0.1130952380952381, 0.1488095238095238, 0.11922503725782414]",0.40451402962207794,0.5528312745648511,0.886994582304984,0.20869209276945,0.5274880685008422,0.5297117465626416,0.19736842105263158,0.13846153846153847,0.162748643761302,0.8966748493639812,0.5554814653230608,0.03396493363674583,0.16095378753826067,0.0302023405148786,"[{'roc_auc': 0.5333956852475371, 'average_precision': 0.8766161435531026, 'balanced_accuracy': 0.5259134555430852, 'flat_f1': 0.1564245810055866, 'flat_recall': 0.12727272727272726}, {'roc_auc': 0.6034646966459883, 'average_precision': 0.9091517250288381, 'balanced_accuracy': 0.543862132873433, 'flat_f1': 0.2, 'flat_recall': 0.18867924528301888}, {'roc_auc': 0.5295840140756567, 'average_precision': 0.8827268835591802, 'balanced_accuracy': 0.5134724142264673, 'flat_f1': 0.12643678160919541, 'flat_recall': 0.10091743119266056}]",2517,0.5518378717503244,0.5395975066188545
flat_5d_k175,5,0.175,0.37481393271807084,0.15986900863352188,0.4653170586484073,0.0013328848112490897,0.13328848112490896,0.14157973174366617,0.17708333333333334,0.03550360158966717,"[0.16666666666666666, 0.16517857142857142, 0.1488095238095238, 0.17708333333333334, 0.14157973174366617]",0.4692106693983078,0.5506761451579669,0.8564554182874138,0.2220526717503566,0.5542221934704792,0.5460478434076458,0.2254335260115607,0.29770992366412213,0.2565789473684211,0.8355167394468704,0.5495358271876203,0.019424702046543823,0.2550094020833527,0.01758660101558779,"[{'roc_auc': 0.547743295916846, 'average_precision': 0.8488400221072094, 'balanced_accuracy': 0.5579245564335769, 'flat_f1': 0.25735294117647056, 'flat_recall': 0.2631578947368421}, {'roc_auc': 0.5741716947178999, 'average_precision': 0.8752823542436405, 'balanced_accuracy': 0.5601407854345295, 'flat_f1': 0.2752808988764045, 'flat_recall': 0.3656716417910448}, {'roc_auc': 0.5266924909281151, 'average_precision': 0.8557721731792762, 'balanced_accuracy': 0.5432945969411608, 'flat_f1': 0.2323943661971831, 'flat_recall': 0.2619047619047619}]",2517,0.5508077071730213,0.5432868647962533
flat_15d_k125,15,0.125,0.39386722238761535,0.12831199761833878,0.4778207799940459,0.001036282417249872,0.10362824172498719,0.11922503725782414,0.14136904761904762,0.022144010361223473,"[0.12053571428571429, 0.13839285714285715, 0.12202380952380952, 0.14136904761904762, 0.11922503725782414]",0.41720016300678253,0.5491684470696662,0.883036136425825,0.20685536931290036,0.5325688073394496,0.5345196211096076,0.1978021978021978,0.1651376146788991,0.18,0.8890392422192152,0.5529169654495456,0.03221867920413873,0.17544323772393947,0.031455973790365875,"[{'roc_auc': 0.5356663984982569, 'average_precision': 0.8701964761973564, 'balanced_accuracy': 0.5294741461274044, 'flat_f1': 0.1693121693121693, 'flat_recall': 0.1415929203539823}, {'roc_auc': 0.5980645488169428, 'average_precision': 0.9054477005551994, 'balanced_accuracy': 0.5478669503977301, 'flat_f1': 0.21666666666666667, 'flat_recall': 0.24074074074074073}, {'roc_auc': 0.5250199490334371, 'average_precision': 0.884787215323263, 'balanced_accuracy': 0.5204509768591212, 'flat_f1': 0.14035087719298245, 'flat_recall': 0.11320754716981132}]",2517,0.5513869593695749,0.530311950151477
flat_30d_k125,30,0.125,0.38999702292348915,0.13783864245311103,0.4721643346233998,0.0010391974653133791,0.10391974653133791,0.11607142857142858,0.15625,0.040178571428571425,"[0.11607142857142858, 0.15029761904761904, 0.12946428571428573, 0.15625, 0.13710879284649777]",0.4444773495197296,0.5480464121980116,0.8715052269195649,0.21593958439368993,0.5359971410910215,0.5321208771885755,0.19362186788154898,0.2361111111111111,0.2127659574468085,0.8514757969303424,0.5538538786111463,0.036104955498611604,0.196287879708507,0.08342565222218225,"[{'roc_auc': 0.5407237735675314, 'average_precision': 0.8647661394321536, 'balanced_accuracy': 0.5302320495407353, 'flat_f1': 0.19672131147540983, 'flat_recall': 0.19834710743801653}, {'roc_auc': 0.6031512605042018, 'average_precision': 0.895255194877765, 'balanced_accuracy': 0.5948412698412698, 'flat_f1': 0.2982456140350877, 'flat_recall': 0.42857142857142855}, {'roc_auc': 0.517686601761706, 'average_precision': 0.8666152662547185, 'balanced_accuracy': 0.4839476124246639, 'flat_f1': 0.09389671361502347, 'flat_recall': 0.08333333333333333}]",2517,0.5505407027382078,0.5366498136556406
flat_5d_k100,5,0.1,0.4096457278952069,0.09437332539446264,0.49598094671033044,0.0007616484635709085,0.07616484635709085,0.08494783904619971,0.10416666666666667,0.019218827620466963,"[0.09523809523809523, 0.10416666666666667, 0.08928571428571429, 0.09821428571428571, 0.08494783904619971]",0.46275435388088226,0.5454305513438233,0.9188053375969024,0.1844594331012858,0.5299538394150746,0.524663267357494,0.13333333333333333,0.1794871794871795,0.15300546448087432,0.8963210702341137,0.5557654354924347,0.026806960878123936,0.15124346840185351,0.024569952378182602,"[{'roc_auc': 0.5401494796009759, 'average_precision': 0.9059417894303182, 'balanced_accuracy': 0.5149788443126718, 'flat_f1': 0.12422360248447205, 'flat_recall': 0.11627906976744186}, {'roc_auc': 0.5934904013961606, 'average_precision': 0.9336188358266788, 'balanced_accuracy': 0.5525916230366492, 'flat_f1': 0.1836734693877551, 'flat_recall': 0.24}, {'roc_auc': 0.5336564254801675, 'average_precision': 0.9274365813644193, 'balanced_accuracy': 0.5273525519510712, 'flat_f1': 0.14583333333333334, 'flat_recall': 0.1917808219178082}]",2517,0.5443685426935291,0.5433065340432348
flat_20d_k125,20,0.125,0.3920809764810956,0.13277761238463828,0.47514141113426617,0.0010581736125745012,0.10581736125745013,0.12351190476190477,0.14285714285714285,0.019345238095238082,"[0.12351190476190477, 0.14136904761904762, 0.12351190476190477, 0.14285714285714285, 0.13263785394932937]",0.4569321274757385,0.5447299489938268,0.8757657274606214,0.20658783672389325,0.5320725354916828,0.5275034205282811,0.17824074074074073,0.22713864306784662,0.19974059662775617,0.855266244428806,0.549527159116813,0.03454906851345618,0.19327168999695576,0.042218494283339646,"[{'roc_auc': 0.5427456161422051, 'average_precision': 0.8695823575185476, 'balanced_accuracy': 0.5280506846024502, 'flat_f1': 0.1784037558685446, 'flat_recall': 0.16521739130434782}, {'roc_auc': 0.5948221691592309, 'average_precision': 0.9028394794503511, 'balanced_accuracy': 0.5670478823677265, 'flat_f1': 0.2507836990595611, 'flat_recall': 0.3669724770642202}, {'roc_auc': 0.5110136920490032, 'average_precision': 0.8652924151484586, 'balanced_accuracy': 0.5050564496757146, 'flat_f1': 0.1506276150627615, 'flat_recall': 0.1565217391304348}]",2517,0.547069494010652,0.5163570090040679
flat_5d_k125,5,0.125,0.39922596010717476,0.11789222983030664,0.4828818100625186,0.0009520605794636356,0.09520605794636357,0.1056547619047619,0.13392857142857142,0.02827380952380952,"[0.11458333333333333, 0.12648809523809523, 0.1056547619047619, 0.13392857142857142, 0.10879284649776454]",0.4549431800842285,0.5433065340432348,0.8959590455630553,0.20216438446945148,0.5338433843384338,0.5306298660721825,0.1671388101983003,0.2,0.18209876543209877,0.8791609667122663,0.5480171424794064,0.030904735040822234,0.17824074074074078,0.05082059814837997,"[{'roc_auc': 0.5340189445196212, 'average_precision': 0.8868710231595008, 'balanced_accuracy': 0.5172259810554805, 'flat_f1': 0.14583333333333334, 'flat_recall': 0.14}, {'roc_auc': 0.5908727863615082, 'average_precision': 0.9147599388521489, 'balanced_accuracy': 0.5774876752320361, 'flat_f1': 0.25, 'flat_recall': 0.30612244897959184}, {'roc_auc': 0.51915969655709, 'average_precision': 0.8979608515144697, 'balanced_accuracy': 0.5072387250951733, 'flat_f1': 0.1388888888888889, 'flat_recall': 0.15463917525773196}]",2517,0.5490657323173006,0.5433065340432348
flat_5d_k200,5,0.2,0.3652872878832986,0.1783268830008931,0.4563858291158083,0.001523296927141817,0.1523296927141817,0.15946348733233978,0.19940476190476192,0.039941274572422136,"[0.18601190476190477, 0.18601190476190477, 0.16071428571428573, 0.19940476190476192, 0.15946348733233978]",0.44839395582675934,0.5432868647962533,0.8391860881269134,0.21968044657435135,0.5329704118702675,0.5346917882911153,0.24225352112676057,0.19545454545454546,0.21635220125786164,0.8530313753243689,0.5432670473930133,0.023263474173100027,0.2094681147312726,0.05705698409704464,"[{'roc_auc': 0.5380079790354755, 'average_precision': 0.8320990713765483, 'balanced_accuracy': 0.5437037978644346, 'flat_f1': 0.23015873015873015, 'flat_recall': 0.19594594594594594}, {'roc_auc': 0.5740220237178499, 'average_precision': 0.8562953772731909, 'balanced_accuracy': 0.5504100569844448, 'flat_f1': 0.26666666666666666, 'flat_recall': 0.2781456953642384}, {'roc_auc': 0.5177711394257147, 'average_precision': 0.8401405496505002, 'balanced_accuracy': 0.5016155581296105, 'flat_f1': 0.13157894736842105, 'flat_recall': 0.10638297872340426}]",2517,0.5491605288471834,0.5432868647962533
flat_40d_k100,40,0.1,0.40190532896695447,0.11253349211074724,0.4855611789222983,0.0008507449487002421,0.08507449487002422,0.09970238095238096,0.125,0.02529761904761904,"[0.09970238095238096, 0.125, 0.10863095238095238, 0.11904761904761904, 0.11028315946348734]",0.44718706607818604,0.5415962250589834,0.8984937620747985,0.2135066423120336,0.5350072655114764,0.5241827594229874,0.15367483296213807,0.24041811846689895,0.1875,0.8608655188459748,0.547348707215907,0.02388326322864066,0.17689240869267853,0.06019495823232812,"[{'roc_auc': 0.5308080808080808, 'average_precision': 0.8918999803423611, 'balanced_accuracy': 0.49271771771771766, 'flat_f1': 0.10837438423645321, 'flat_recall': 0.1111111111111111}, {'roc_auc': 0.5811223761245181, 'average_precision': 0.9119884308230257, 'balanced_accuracy': 0.5913394259603026, 'flat_f1': 0.2549019607843137, 'flat_recall': 0.4148936170212766}, {'roc_auc': 0.5301156647151222, 'average_precision': 0.8984053077324483, 'balanced_accuracy': 0.52455376267314, 'flat_f1': 0.16740088105726872, 'flat_recall': 0.20212765957446807}]",2517,0.5511950785103248,0.5415962250589834
flat_10d_k100,10,0.1,0.40547782077999406,0.10419767788032153,0.4903245013396844,0.0008089200041567929,0.08089200041567929,0.09821428571428571,0.11458333333333333,0.016369047619047616,"[0.09821428571428571, 0.11160714285714286, 0.09821428571428571, 0.11458333333333333, 0.09836065573770492]",0.45598699152469635,0.5395975066188545,0.9026415754533605,0.19614964890581466,0.5336145648312611,0.5280548228096176,0.15056818181818182,0.2,0.17179902755267423,0.884310618066561,0.5454687368688558,0.026416050264734668,0.16922692092640004,0.02486076812966331,"[{'roc_auc': 0.5331000999571612, 'average_precision': 0.8918943778830344, 'balanced_accuracy': 0.5147865200628302, 'flat_f1': 0.13829787234042554, 'flat_recall': 0.13829787234042554}, {'roc_auc': 0.5821813075362772, 'average_precision': 0.922114656422035, 'balanced_accuracy': 0.5536433140895616, 'flat_f1': 0.1991701244813278, 'flat_recall': 0.2823529411764706}, {'roc_auc': 0.5211248031131288, 'average_precision': 0.9055958751226896, 'balanced_accuracy': 0.5359183421353346, 'flat_f1': 0.1702127659574468, 'flat_recall': 0.18604651162790697}]",2517,0.5462143905918528,0.5395975066188545
flat_30d_k100,30,0.1,0.4039892825245609,0.1122357844596606,0.4837749330157785,0.0008313579722507034,0.08313579722507033,0.10119047619047619,0.12202380952380952,0.02083333333333333,"[0.10119047619047619, 0.12202380952380952, 0.11160714285714286, 0.12053571428571429, 0.10581222056631892]",0.4252130091190338,0.5366498136556406,0.8964362816061658,0.2086450468745466,0.5223291947854924,0.5212742444745151,0.14968152866242038,0.16433566433566432,0.15666666666666668,0.8858818222823636,0.5461707825569212,0.026148750679956766,0.14477838971938106,0.06733261247879108,"[{'roc_auc': 0.5304194857916102, 'average_precision': 0.8870817682791273, 'balanced_accuracy': 0.49290257104194857, 'flat_f1': 0.0967741935483871, 'flat_recall': 0.09}, {'roc_auc': 0.5830215621876339, 'average_precision': 0.9091005663799421, 'balanced_accuracy': 0.5750107096958447, 'flat_f1': 0.24, 'flat_recall': 0.3191489361702128}, {'roc_auc': 0.5250712996915197, 'average_precision': 0.901888786075824, 'balanced_accuracy': 0.500640242127932, 'flat_f1': 0.0975609756097561, 'flat_recall': 0.08695652173913043}]",2517,0.5423481129268262,0.5366498136556406
flat_15d_k100,15,0.1,0.40547782077999406,0.10598392378684132,0.48853825543316465,0.0008290259337998976,0.08290259337998976,0.09538002980625931,0.12053571428571429,0.025155684479454973,"[0.09970238095238096, 0.11607142857142858, 0.09821428571428571, 0.12053571428571429, 0.09538002980625931]",0.44155964255332947,0.530311950151477,0.8988039735497003,0.20137307995512188,0.5298489198163754,0.5256671189507011,0.14868804664723032,0.1895910780669145,0.16666666666666666,0.8846675712347354,0.5347107955296498,0.013670477185429698,0.1623280299788644,0.029284316730096387,"[{'roc_auc': 0.5373607135910191, 'average_precision': 0.8870220712593149, 'balanced_accuracy': 0.5189304471058993, 'flat_f1': 0.14736842105263157, 'flat_recall': 0.14432989690721648}, {'roc_auc': 0.5499706599956762, 'average_precision': 0.9139636990547895, 'balanced_accuracy': 0.5557074029463541, 'flat_f1': 0.2032520325203252, 'flat_recall': 0.29069767441860467}, {'roc_auc': 0.5168010130022545, 'average_precision': 0.9034478831998349, 'balanced_accuracy': 0.5179746131752061, 'flat_f1': 0.13636363636363635, 'flat_recall': 0.13953488372093023}]",2517,0.5397401986105717,0.530311950151477
flat_20d_k100,20,0.1,0.40577552843108067,0.10806787734444775,0.48615659422447155,0.0008465388900596011,0.0846538890059601,0.09687034277198212,0.12053571428571429,0.023665371513732172,"[0.10119047619047619, 0.11755952380952381, 0.10416666666666667, 0.12053571428571429, 0.09687034277198212]",0.41311363875865936,0.5163570090040679,0.8960229894127016,0.20583385910040128,0.5129037629037629,0.5128828396802626,0.13138686131386862,0.13186813186813187,0.1316270566727605,0.8941386226877647,0.5227955583478715,0.027748114972264273,0.12166349048393664,0.05961963421976802,"[{'roc_auc': 0.5310945619251397, 'average_precision': 0.8884386260582449, 'balanced_accuracy': 0.5021535554505794, 'flat_f1': 0.09815950920245399, 'flat_recall': 0.08247422680412371}, {'roc_auc': 0.5518617415813677, 'average_precision': 0.9072858972282716, 'balanced_accuracy': 0.5523438658952677, 'flat_f1': 0.20353982300884957, 'flat_recall': 0.25555555555555554}, {'roc_auc': 0.48543037153710733, 'average_precision': 0.9011349598175915, 'balanced_accuracy': 0.48458105562247134, 'flat_f1': 0.06329113924050633, 'flat_recall': 0.05813953488372093}]",2517,0.5305434789989474,0.5163570090040679
