candidate_name,groups,group_count,feature_count,training_rows,training_start,training_end,stage1_roc_auc,matched_base_roc_auc,delta_roc_auc_vs_matched_base,stage1_roc_auc_fold_std,stage1_balanced_accuracy,stage1_flat_precision,stage1_flat_recall,stage1_flat_f1,matched_base_flat_f1,delta_flat_f1_vs_matched_base,stage1_move_f1,stage1_brier_score
breadth+equity_rotation+flat_regime_state+macro_cross_asset+trend_direction+volatility_options_core,breadth|equity_rotation|flat_regime_state|macro_cross_asset|trend_direction|volatility_options_core,6,119,2875,2008-04-10,2020-10-26,0.598968388030888,0.5530848107824211,0.04588357724846692,0.007017014566386982,0.5679375212923007,0.5114093959731544,0.4252232142857143,0.4643510054844607,0.4275184275184275,0.036832577966033175,0.6704161979752531,0.24266284890501105
equity_rotation+flat_regime_state+futures_core+trend_direction+volatility_options_core,equity_rotation|flat_regime_state|futures_core|trend_direction|volatility_options_core,5,106,2881,2008-04-10,2020-10-26,0.5981023157642092,0.5665393955223617,0.03156292024184759,0.011075744069435806,0.5745802434711402,0.494,0.5501113585746102,0.5205479452054794,0.45278592375366566,0.06776202145181376,0.6242774566473989,0.24242834788270273
equity_rotation+flat_regime_state+macro_cross_asset+trend_direction+volatility_options_core,equity_rotation|flat_regime_state|macro_cross_asset|trend_direction|volatility_options_core,5,104,2875,2008-04-10,2020-10-26,0.5783334871110607,0.5530848107824211,0.025248676328639585,0.004203081886261827,0.5697278489098342,0.5068493150684932,0.45424107142857145,0.4791053560918187,0.4275184275184275,0.0515869285733912,0.6607895745496358,0.2453600887062412
breadth+calendar+equity_rotation+flat_regime_state+futures_core+interaction_consensus+macro_cross_asset+rates_credit+technical_dynamics+trend_direction+volatility_options_core,breadth|calendar|equity_rotation|flat_regime_state|futures_core|interaction_consensus|macro_cross_asset|rates_credit|technical_dynamics|trend_direction|volatility_options_core,11,187,2875,2008-04-10,2020-10-26,0.5779688564615035,0.5530848107824211,0.024884045679082423,0.004871747862504229,0.5641510404837611,0.4891067538126362,0.5011160714285714,0.49503858875413453,0.4275184275184275,0.06752016123570703,0.6327185244587009,0.2504289346636166
breadth+equity_rotation+flat_regime_state+technical_dynamics+trend_direction+volatility_options_core,breadth|equity_rotation|flat_regime_state|technical_dynamics|trend_direction|volatility_options_core,6,132,2883,2008-04-10,2020-10-26,0.5877687754294756,0.5653201994801086,0.022448575949367,0.013603681239872847,0.5667735646473779,0.48798328108672934,0.5212053571428571,0.5040474905558554,0.5159332321699545,-0.011885741614099055,0.6274827725982975,0.24477852127298447
flat_regime_state+futures_core+macro_cross_asset+rates_credit+trend_direction+volatility_options_core,flat_regime_state|futures_core|macro_cross_asset|rates_credit|trend_direction|volatility_options_core,6,120,2875,2008-04-10,2020-10-26,0.5751414163638429,0.5530848107824211,0.02205660558142175,0.046566657133136895,0.5571813607199636,0.47741273100616016,0.5189732142857143,0.49732620320855614,0.4275184275184275,0.06980777569012864,0.6144380639868745,0.24979007201417205
calendar+equity_rotation+flat_regime_state+interaction_consensus+trend_direction+volatility_options_core,calendar|equity_rotation|flat_regime_state|interaction_consensus|trend_direction|volatility_options_core,6,117,2883,2008-04-10,2020-10-26,0.5865202588155516,0.5653201994801086,0.021200059335443,0.015511832103500458,0.5740986663652803,0.49533678756476685,0.5334821428571429,0.5137023105857066,0.5159332321699545,-0.002230921584247869,0.6319642130947539,0.2467043625013035
breadth+flat_regime_state+futures_core+interaction_consensus+trend_direction+volatility_options_core,breadth|flat_regime_state|futures_core|interaction_consensus|trend_direction|volatility_options_core,6,123,2881,2008-04-10,2020-10-26,0.5875091328149542,0.5665393955223617,0.02096973729259255,0.007038123416143632,0.5701391364504322,0.5156037991858887,0.42316258351893093,0.4648318042813456,0.45278592375366566,0.012045880527679909,0.6741154562383612,0.24855194229399413
calendar+equity_rotation+flat_regime_state+macro_cross_asset+trend_direction+volatility_options_core,calendar|equity_rotation|flat_regime_state|macro_cross_asset|trend_direction|volatility_options_core,6,113,2875,2008-04-10,2020-10-26,0.5730609811492164,0.5530848107824211,0.01997617036679533,0.01575182199660577,0.5653913169997729,0.48530901722391084,0.5345982142857143,0.5087626128518322,0.4275184275184275,0.08124418533340472,0.6185567010309279,0.2510388638183041
calendar+flat_regime_state+interaction_consensus+trend_direction,calendar|flat_regime_state|interaction_consensus|trend_direction,4,93,2943,2008-04-10,2020-10-26,0.5907306399818243,0.570775078925327,0.019955561056497317,0.04654954977126596,0.5734603203130564,0.4929718875502008,0.5377875136911281,0.5144054478784704,0.48488063660477454,0.029524811273695883,0.6293482606957217,0.24681405475122922
equity_rotation+flat_regime_state+interaction_consensus+trend_direction,equity_rotation|flat_regime_state|interaction_consensus|trend_direction,4,94,2943,2008-04-10,2020-10-26,0.5902944737011655,0.570775078925327,0.019519394775838528,0.010294096397211516,0.5724451422351382,0.49731471535982813,0.5071193866374589,0.5021691973969631,0.48488063660477454,0.017288560792188545,0.642244738893219,0.24558329223820585
flat_regime_state+rates_credit+technical_dynamics+trend_direction,flat_regime_state|rates_credit|technical_dynamics|trend_direction,4,109,2943,2008-04-10,2020-10-26,0.5893695807717219,0.570775078925327,0.018594501846394884,0.007420098098497281,0.5776948209386943,0.5159313725490197,0.4611171960569551,0.4869866975130133,0.48488063660477454,0.0021060609082387827,0.6691533010070869,0.2459267915284442
breadth+flat_regime_state+futures_core+macro_cross_asset+technical_dynamics+trend_direction,breadth|flat_regime_state|futures_core|macro_cross_asset|technical_dynamics|trend_direction,6,126,2935,2008-04-10,2020-10-26,0.6014471639471639,0.5829669842827738,0.018480179664390084,0.006583739594104203,0.5780873001267738,0.520253164556962,0.4506578947368421,0.48296122209165687,0.47131608548931386,0.01164513660234301,0.6735905044510386,0.2436824208212057
flat_regime_state+futures_core+macro_cross_asset+technical_dynamics+trend_direction+volatility_options_core,flat_regime_state|futures_core|macro_cross_asset|technical_dynamics|trend_direction|volatility_options_core,6,125,2875,2008-04-10,2020-10-26,0.5701146590392914,0.5530848107824211,0.01702984825687026,0.011390962262276831,0.5612331081081081,0.5048543689320388,0.40625,0.45021645021645024,0.4275184275184275,0.022698022698022735,0.6696395392047566,0.25069020999633307
equity_rotation+flat_regime_state+interaction_consensus+technical_dynamics+trend_direction+volatility_options_core,equity_rotation|flat_regime_state|interaction_consensus|technical_dynamics|trend_direction|volatility_options_core,6,129,2883,2008-04-10,2020-10-26,0.5822846617879747,0.5653201994801086,0.01696446230786608,0.009199162259764077,0.5676635962929475,0.49185667752442996,0.5055803571428571,0.49862410566868465,0.5159332321699545,-0.01730912650126981,0.6360367558929285,0.2474841545009379
flat_regime_state+futures_core+macro_cross_asset+trend_direction+volatility_options_core,flat_regime_state|futures_core|macro_cross_asset|trend_direction|volatility_options_core,5,104,2875,2008-04-10,2020-10-26,0.5699700488303429,0.5530848107824211,0.016885238047921747,0.026236895332753682,0.5615737849193732,0.4897025171624714,0.47767857142857145,0.48361581920903957,0.4275184275184275,0.056097391690612064,0.6398739164696612,0.24976349126733646
flat_regime_state+futures_core+technical_dynamics+trend_direction,flat_regime_state|futures_core|technical_dynamics|trend_direction,4,103,2941,2008-04-10,2020-10-26,0.5995945673379244,0.5837641337859987,0.015830433551925704,0.018147291398624785,0.579637771679715,0.507057546145494,0.5109409190371991,0.508991825613079,0.534838076545633,-0.025846250932553994,0.6500970873786408,0.24440444835144037
calendar+equity_rotation+flat_regime_state+technical_dynamics+trend_direction,calendar|equity_rotation|flat_regime_state|technical_dynamics|trend_direction,5,112,2943,2008-04-10,2020-10-26,0.5855928639975042,0.570775078925327,0.014817785072177236,0.006165990666063453,0.5661357786903313,0.5058365758754864,0.42716319824753557,0.46318289786223277,0.48488063660477454,-0.021697738742541772,0.6683785766691123,0.24597211909889183
equity_rotation+flat_regime_state+technical_dynamics+trend_direction,equity_rotation|flat_regime_state|technical_dynamics|trend_direction,4,103,2943,2008-04-10,2020-10-26,0.5855691270570602,0.570775078925327,0.01479404813173324,0.022981548883216067,0.5749786367536004,0.5082159624413145,0.47426067907995617,0.4906515580736544,0.48488063660477454,0.005770921468879864,0.6601134215500946,0.2451239364162511
equity_rotation+flat_regime_state+rates_credit+technical_dynamics+trend_direction,equity_rotation|flat_regime_state|rates_credit|technical_dynamics|trend_direction,5,119,2943,2008-04-10,2020-10-26,0.5848061539713596,0.570775078925327,0.014031075046032626,0.027749283130705404,0.5665452409129905,0.4898828541001065,0.5038335158817087,0.49676025917926564,0.48488063660477454,0.0118796225744911,0.6356528537920251,0.24772469135167402
flat_regime_state+trend_direction,flat_regime_state|trend_direction,2,72,2943,2008-04-10,2020-10-26,0.5847993719883757,0.570775078925327,0.014024293063048754,0.007987548938327834,0.5690571178606914,0.49208025343189016,0.5104052573932092,0.5010752688172043,0.48488063660477454,0.016194632212429783,0.636078431372549,0.2463186746121293
equity_rotation+technical_dynamics+trend_direction,equity_rotation|technical_dynamics|trend_direction,3,70,3157,2008-04-10,2020-10-26,0.603763440860215,0.5900327448117174,0.013730696048497637,0.005559929276745154,0.5782424001061994,0.5248407643312102,0.42386831275720166,0.46898121798520204,0.4675467546754675,0.0014344633097345127,0.6865972455492106,0.24119677326098315
calendar+flat_regime_state+futures_core+macro_cross_asset+trend_direction+volatility_options_core,calendar|flat_regime_state|futures_core|macro_cross_asset|trend_direction|volatility_options_core,6,113,2875,2008-04-10,2020-10-26,0.5667424909152851,0.5530848107824211,0.013657680132863947,0.011517250545728296,0.5690411722121281,0.5011792452830188,0.47433035714285715,0.4873853211009174,0.4275184275184275,0.05986689358248992,0.6513260530421217,0.25090496786969035
flat_regime_state+interaction_consensus+trend_direction,flat_regime_state|interaction_consensus|trend_direction,3,84,2943,2008-04-10,2020-10-26,0.5843644773295263,0.570775078925327,0.013589398404199371,0.009812761108921524,0.5622658096500835,0.499359795134443,0.42716319824753557,0.4604486422668241,0.48488063660477454,-0.024431994337950458,0.6634756995581738,0.24900380510386708
flat_regime_state+futures_core+trend_direction,flat_regime_state|futures_core|trend_direction,3,82,2941,2008-04-10,2020-10-26,0.5963495805839789,0.5837641337859987,0.012585446797980238,0.02159854614554619,0.5753635249590245,0.5142150803461063,0.4551422319474836,0.4828786999419617,0.534838076545633,-0.05195937660367128,0.6684034238928173,0.247487279012255
equity_rotation+futures_core+macro_cross_asset+trend_direction+volatility_options_core,equity_rotation|futures_core|macro_cross_asset|trend_direction|volatility_options_core,5,81,3078,2008-04-10,2020-10-26,0.5969458235243845,0.5850352345212844,0.011910589003100158,0.020111687827538558,0.5830582942917745,0.5073839662447257,0.508994708994709,0.5081880612783941,0.5077928607340372,0.00039520054435693286,0.6578463800073502,0.2417089088351679
breadth+futures_core+interaction_consensus+trend_direction+volatility_options_core,breadth|futures_core|interaction_consensus|trend_direction|volatility_options_core,5,90,3084,2008-04-10,2020-10-26,0.599658936829102,0.5877804765298755,0.011878460299226457,0.026663112481019272,0.5798510670206138,0.4912923923006416,0.5659978880675819,0.5260058881256133,0.4749455337690632,0.05106035435655015,0.6267387944358578,0.24746524540694678
equity_rotation+flat_regime_state+interaction_consensus+rates_credit+technical_dynamics+trend_direction,equity_rotation|flat_regime_state|interaction_consensus|rates_credit|technical_dynamics|trend_direction,6,131,2943,2008-04-10,2020-10-26,0.5824515342541006,0.570775078925327,0.011676455328773594,0.022306185508717578,0.567932580307156,0.4919614147909968,0.5027382256297919,0.49729144095341277,0.48488063660477454,0.012410804348638227,0.6380655226209049,0.24803274799901529
equity_rotation+flat_regime_state+interaction_consensus+trend_direction+volatility_options_core,equity_rotation|flat_regime_state|interaction_consensus|trend_direction|volatility_options_core,5,108,2883,2008-04-10,2020-10-26,0.5769065042947559,0.5653201994801086,0.011586304814647286,0.004717795126411068,0.5631498643761301,0.4981132075471698,0.4419642857142857,0.4683619160260201,0.5159332321699545,-0.04757131614393434,0.6580448839863066,0.24626126040433313
equity_rotation+flat_regime_state+technical_dynamics+trend_direction+volatility_options_core,equity_rotation|flat_regime_state|technical_dynamics|trend_direction|volatility_options_core,5,117,2883,2008-04-10,2020-10-26,0.5755290743670887,0.5653201994801086,0.01020887488698008,0.005208981766971993,0.5478286053345389,0.470917225950783,0.46986607142857145,0.47039106145251397,0.5159332321699545,-0.04554217071744049,0.6252964426877471,0.24747075836171073
flat_regime_state+futures_core+macro_cross_asset+technical_dynamics+trend_direction,flat_regime_state|futures_core|macro_cross_asset|technical_dynamics|trend_direction,5,111,2935,2008-04-10,2020-10-26,0.5927668213852424,0.5829669842827738,0.009799837102468567,0.007429054896921087,0.5770738764159817,0.508551881413911,0.48903508771929827,0.4986025712688653,0.47131608548931386,0.02728648577955145,0.6561901111536987,0.24806607270202938
equity_rotation+flat_regime_state+interaction_consensus+rates_credit+trend_direction+volatility_options_core,equity_rotation|flat_regime_state|interaction_consensus|rates_credit|trend_direction|volatility_options_core,6,124,2883,2008-04-10,2020-10-26,0.5747388180944846,0.5653201994801086,0.009418618614375984,0.026723725452263355,0.5698392292043399,0.4803220035778175,0.5993303571428571,0.5332671300893744,0.5159332321699545,0.01733389791941997,0.5923677363399826,0.2551854136502616
flat_regime_state+futures_core+interaction_consensus+trend_direction+volatility_options_core,flat_regime_state|futures_core|interaction_consensus|trend_direction|volatility_options_core,5,108,2881,2008-04-10,2020-10-26,0.5759532541057959,0.5665393955223617,0.009413858583434243,0.006378936871609073,0.5577361560643657,0.47178538390379277,0.5679287305122495,0.515411824153613,0.45278592375366566,0.06262590039994731,0.5903460059803503,0.24793637994555073
flat_regime_state+futures_core+trend_direction+volatility_options_core,flat_regime_state|futures_core|trend_direction|volatility_options_core,4,96,2881,2008-04-10,2020-10-26,0.5756920644220825,0.5665393955223617,0.009152668899720884,0.03128459074019578,0.5590112205676288,0.4779116465863454,0.5300668151447662,0.5026399155227033,0.45278592375366566,0.0498539917690376,0.6117065127782357,0.25306135406552815
futures_core+interaction_consensus+trend_direction+volatility_options_core,futures_core|interaction_consensus|trend_direction|volatility_options_core,4,75,3084,2008-04-10,2020-10-26,0.5968559108597543,0.5877804765298755,0.009075434329878784,0.0006123536328079553,0.5827109110839346,0.4880952380952381,0.6061246040126715,0.5407442298634009,0.4749455337690632,0.0657986960943377,0.6104674390731123,0.24382433143172033
equity_rotation+flat_regime_state+futures_core+macro_cross_asset+trend_direction+volatility_options_core,equity_rotation|flat_regime_state|futures_core|macro_cross_asset|trend_direction|volatility_options_core,6,114,2875,2008-04-10,2020-10-26,0.5621433539632068,0.5530848107824211,0.009058543180785694,0.02049154542110739,0.5526771519418578,0.4768211920529801,0.48214285714285715,0.4794672586015538,0.4275184275184275,0.05194883108312631,0.6256983240223464,0.25039212902891295
equity_rotation+flat_regime_state+macro_cross_asset+rates_credit+trend_direction+volatility_options_core,equity_rotation|flat_regime_state|macro_cross_asset|rates_credit|trend_direction|volatility_options_core,6,120,2875,2008-04-10,2020-10-26,0.5619765642743584,0.5530848107824211,0.008891753491937271,0.04462890994515524,0.5439526317283669,0.4586815227483751,0.5513392857142857,0.5007602635580335,0.4275184275184275,0.07324183603960599,0.5781584582441114,0.25392596958151986
equity_rotation+interaction_consensus+trend_direction,equity_rotation|interaction_consensus|trend_direction,3,61,3153,2008-04-10,2020-10-26,0.6112329719416054,0.6026375926282004,0.008595379313405038,0.005054227288767668,0.5804604416571758,0.5140924464487034,0.47010309278350515,0.4911147011308562,0.5045965270684372,-0.01348182593758096,0.670846394984326,0.23953411985326153
equity_rotation+futures_core+interaction_consensus+trend_direction+volatility_options_core,equity_rotation|futures_core|interaction_consensus|trend_direction|volatility_options_core,5,85,3084,2008-04-10,2020-10-26,0.5959781292855144,0.5877804765298755,0.008197652755638885,0.021458588379132754,0.5758247127014338,0.4863883847549909,0.5659978880675819,0.5231820400195217,0.4749455337690632,0.048236506250458555,0.6208769887466046,0.24510093166055766
breadth+equity_rotation+flat_regime_state+technical_dynamics+trend_direction,breadth|equity_rotation|flat_regime_state|technical_dynamics|trend_direction,5,118,2943,2008-04-10,2020-10-26,0.5789702576136236,0.570775078925327,0.008195178688296667,0.01854072781386711,0.5627621660297254,0.5061728395061729,0.40416210295728366,0.44945188794153473,0.48488063660477454,-0.035428748663239806,0.6734104046242775,0.24651933380504434
futures_core+technical_dynamics+trend_direction+volatility_options_core,futures_core|technical_dynamics|trend_direction|volatility_options_core,4,84,3084,2008-04-10,2020-10-26,0.5958842054975177,0.5877804765298755,0.00810372896764222,0.01775682072707836,0.5810821257233678,0.49571836346336823,0.5501583949313622,0.5215215215215215,0.4749455337690632,0.04657598775245836,0.6362252663622526,0.242683092242653
calendar+equity_rotation+flat_regime_state+rates_credit+technical_dynamics+trend_direction,calendar|equity_rotation|flat_regime_state|rates_credit|technical_dynamics|trend_direction,6,128,2943,2008-04-10,2020-10-26,0.5788337702060706,0.570775078925327,0.008058691280743657,0.014841079357565071,0.5553291126792562,0.4870530209617756,0.43263964950711936,0.4582366589327146,0.48488063660477454,-0.02664397767205995,0.652271034996277,0.2503394062725199
equity_rotation+flat_regime_state+futures_core+rates_credit+trend_direction+volatility_options_core,equity_rotation|flat_regime_state|futures_core|rates_credit|trend_direction|volatility_options_core,6,122,2881,2008-04-10,2020-10-26,0.5744902389179688,0.5665393955223617,0.007950843395607143,0.016164638455144934,0.5586264952226995,0.4826086956521739,0.49443207126948774,0.4884488448844885,0.45278592375366566,0.03566292113082281,0.6282973621103117,0.24936411900259517
flat_regime_state+rates_credit+trend_direction,flat_regime_state|rates_credit|trend_direction,3,88,2943,2008-04-10,2020-10-26,0.5784065052780782,0.570775078925327,0.007631426352751269,0.00839486489779358,0.5636679846320265,0.49467455621301776,0.4578313253012048,0.47554038680318544,0.48488063660477454,-0.009340249801589096,0.6523378582202112,0.24861738820252768
equity_rotation+flat_regime_state+interaction_consensus+rates_credit+trend_direction,equity_rotation|flat_regime_state|interaction_consensus|rates_credit|trend_direction,5,110,2943,2008-04-10,2020-10-26,0.5776554006625997,0.570775078925327,0.00688032173727271,0.02712994911392897,0.559287247498296,0.47979274611398964,0.5071193866374589,0.49307774227902024,0.48488063660477454,0.008197105674245697,0.6240126382306477,0.2509542249358307
macro_cross_asset+technical_dynamics,macro_cross_asset|technical_dynamics,2,50,3356,2007-06-08,2020-10-26,0.6093373239207522,0.6028146654087642,0.0065226585119880776,0.0067624673651379445,0.5831666612446729,0.5004255319148936,0.564299424184261,0.530446549391069,0.5385288966725044,-0.00808234728143531,0.630457933972311,0.24043391734554956
flat_regime_state+futures_core+technical_dynamics+trend_direction+volatility_options_core,flat_regime_state|futures_core|technical_dynamics|trend_direction|volatility_options_core,5,117,2881,2008-04-10,2020-10-26,0.5730422244890035,0.5665393955223617,0.006502828966641894,0.01687696225867793,0.5554463343439726,0.47925764192139736,0.4888641425389755,0.48401323042998895,0.45278592375366566,0.031227306676323285,0.6264964086193137,0.2473538462686982
calendar+equity_rotation+volatility_options_core,calendar|equity_rotation|volatility_options_core,3,54,3301,2007-06-08,2020-10-26,0.5996487804878049,0.5933476871320437,0.006301093355761234,0.005601302492868257,0.5778721614802355,0.521889400921659,0.4419512195121951,0.4786053882725832,0.48807157057654077,-0.009466182303957571,0.677134445534838,0.24106749050862852
equity_rotation+macro_cross_asset+trend_direction+volatility_options_core,equity_rotation|macro_cross_asset|trend_direction|volatility_options_core,4,71,3078,2008-04-10,2020-10-26,0.5907069435703798,0.5850352345212844,0.005671709049095419,0.02902945822855421,0.5776402582569984,0.4870420017873101,0.5767195767195767,0.5281007751937985,0.5077928607340372,0.020307914459761323,0.6180392156862745,0.2456727271411505
flat_regime_state+futures_core+rates_credit+trend_direction+volatility_options_core,flat_regime_state|futures_core|rates_credit|trend_direction|volatility_options_core,5,112,2881,2008-04-10,2020-10-26,0.5721607093064708,0.5665393955223617,0.005621313784109128,0.017325778559245872,0.5491504276098673,0.47362514029180697,0.46993318485523383,0.47177193963107883,0.45278592375366566,0.018986015877413165,0.6266297905966022,0.24937425950552675
futures_core+technical_dynamics+trend_direction,futures_core|technical_dynamics|trend_direction,3,70,3151,2008-04-10,2020-10-26,0.6019299324820089,0.5963665537661105,0.005563378715898404,0.004840262143970429,0.5775022790101314,0.5107102593010147,0.4670103092783505,0.4878836833602585,0.5344906349931475,-0.04660695163288903,0.6680628272251309,0.24387487592686619
calendar+macro_cross_asset+technical_dynamics+trend_direction,calendar|macro_cross_asset|technical_dynamics|trend_direction,4,77,3145,2008-04-10,2020-10-26,0.5872153516855937,0.5818493965158452,0.005365955169748471,0.02821304981616911,0.5674780010702182,0.49157894736842106,0.4824380165289256,0.4869655891553702,0.46212534059945504,0.024840248555915156,0.6483202287348105,0.24501695509076557
breadth+equity_rotation+futures_core+macro_cross_asset+trend_direction+volatility_options_core,breadth|equity_rotation|futures_core|macro_cross_asset|trend_direction|volatility_options_core,6,96,3078,2008-04-10,2020-10-26,0.5899750600191129,0.5850352345212844,0.004939825497828565,0.020676720131495782,0.567412535253945,0.48846960167714887,0.4931216931216931,0.4907846234860453,0.5077928607340372,-0.017008237247991886,0.6438305709023942,0.24237513861287058
flat_regime_state+rates_credit,flat_regime_state|rates_credit,2,70,3132,2007-06-11,2020-10-26,0.5957335685994223,0.5908495637154174,0.004884004884004867,0.011899523314738111,0.5693770660234075,0.507847533632287,0.4603658536585366,0.48294243070362475,0.5346171480972031,-0.05167471739357832,0.6562721474131822,0.24199600789811987
futures_core+interaction_consensus+technical_dynamics+trend_direction+volatility_options_core,futures_core|interaction_consensus|technical_dynamics|trend_direction|volatility_options_core,5,96,3084,2008-04-10,2020-10-26,0.592595713364698,0.5877804765298755,0.004815236834822434,0.02924883004223455,0.5672123265115545,0.48798328108672934,0.4931362196409715,0.49054621848739494,0.4749455337690632,0.015600684718331759,0.6436443791329904,0.24066173781313915
equity_rotation+flat_regime_state+rates_credit+trend_direction,equity_rotation|flat_regime_state|rates_credit|trend_direction,4,98,2943,2008-04-10,2020-10-26,0.575196931830898,0.570775078925327,0.0044218529055710665,0.01219899513439506,0.5587760555308767,0.4804646251319958,0.49835706462212487,0.489247311827957,0.48488063660477454,0.004366675223182459,0.6274509803921569,0.24817948980747415
breadth+flat_regime_state+futures_core+technical_dynamics+trend_direction,breadth|flat_regime_state|futures_core|technical_dynamics|trend_direction,5,118,2941,2008-04-10,2020-10-26,0.5878434609576143,0.5837641337859987,0.004079327171615632,0.0046636927242641665,0.5661065413305717,0.48760330578512395,0.5164113785557987,0.5015940488841658,0.534838076545633,-0.03324402766146717,0.6289556962025317,0.24665045700721144
calendar+equity_rotation+flat_regime_state+interaction_consensus+technical_dynamics+trend_direction,calendar|equity_rotation|flat_regime_state|interaction_consensus|technical_dynamics|trend_direction,6,124,2943,2008-04-10,2020-10-26,0.5745501002037986,0.570775078925327,0.003775021278471624,0.02259110282580865,0.5644568140278536,0.4895947426067908,0.4895947426067908,0.4895947426067908,0.48488063660477454,0.004714106002016272,0.6393188854489165,0.251398032093095
equity_rotation+interaction_consensus+trend_direction+volatility_options_core,equity_rotation|interaction_consensus|trend_direction|volatility_options_core,4,75,3086,2008-04-10,2020-10-26,0.5966858430954807,0.5931430223515425,0.003542820743938191,0.021117097517212538,0.572087860099165,0.5072815533980582,0.44139387539598735,0.4720496894409938,0.5248780487804878,-0.052828359339494035,0.6725043782837128,0.24696501714030766
futures_core+macro_cross_asset+technical_dynamics+trend_direction+volatility_options_core,futures_core|macro_cross_asset|technical_dynamics|trend_direction|volatility_options_core,5,92,3078,2008-04-10,2020-10-26,0.5885516941317235,0.5850352345212844,0.0035164596104391155,0.023417190738562802,0.5840617206255972,0.5145413870246085,0.48677248677248675,0.5002718868950516,0.5077928607340372,-0.007520973838985534,0.6688288288288289,0.24598198135948957
equity_rotation+flat_regime_state+interaction_consensus+technical_dynamics+trend_direction,equity_rotation|flat_regime_state|interaction_consensus|technical_dynamics|trend_direction,5,115,2943,2008-04-10,2020-10-26,0.573681158633973,0.570775078925327,0.002906079708645981,0.012174885100095354,0.5703783329207628,0.5061124694376528,0.4534501642935378,0.4783362218370884,0.48488063660477454,-0.006544414767686135,0.6629339305711086,0.24654394888086847
equity_rotation+flat_regime_state+interaction_consensus+macro_cross_asset+trend_direction+volatility_options_core,equity_rotation|flat_regime_state|interaction_consensus|macro_cross_asset|trend_direction|volatility_options_core,6,116,2875,2008-04-10,2020-10-26,0.555987217522144,0.5530848107824211,0.0029024067397228626,0.021997116376704644,0.5441779752441517,0.46531483457844186,0.48660714285714285,0.4757228587015821,0.4275184275184275,0.048204431183154595,0.6117171717171718,0.2513926023195135
calendar+flat_regime_state+interaction_consensus+rates_credit+trend_direction,calendar|flat_regime_state|interaction_consensus|rates_credit|trend_direction,5,109,2943,2008-04-10,2020-10-26,0.5735082180678809,0.570775078925327,0.0027331391425539087,0.030908847975662096,0.559214341181218,0.4774774774774775,0.5224534501642936,0.4989539748953975,0.48488063660477454,0.014073338290622961,0.6164931945556446,0.24904063328044593
calendar+equity_rotation+flat_regime_state+technical_dynamics+trend_direction+volatility_options_core,calendar|equity_rotation|flat_regime_state|technical_dynamics|trend_direction|volatility_options_core,6,126,2883,2008-04-10,2020-10-26,0.5678728596858047,0.5653201994801086,0.002552660205696111,0.035130634928862405,0.5583182640144666,0.4742468415937804,0.5446428571428571,0.507012987012987,0.5159332321699545,-0.008920245156967432,0.6037578288100208,0.25086997090707286
breadth+flat_regime_state+rates_credit+trend_direction,breadth|flat_regime_state|rates_credit|trend_direction,4,103,2943,2008-04-10,2020-10-26,0.5727935666109414,0.570775078925327,0.002018487685614412,0.017422775926907445,0.5633538940450799,0.4975369458128079,0.4424972617743702,0.46840579710144925,0.48488063660477454,-0.01647483950332529,0.6584729981378026,0.24920067132419038
flat_regime_state+macro_cross_asset+rates_credit+technical_dynamics+trend_direction,flat_regime_state|macro_cross_asset|rates_credit|technical_dynamics|trend_direction,5,117,2935,2008-04-10,2020-10-26,0.5849623086465192,0.5829669842827738,0.0019953243637453877,0.006811994938898298,0.571960751237067,0.4864612511671335,0.5712719298245614,0.5254664649520928,0.47131608548931386,0.05415037946277895,0.610351966873706,0.24618468094203674
calendar+macro_cross_asset+trend_direction+volatility_options_core,calendar|macro_cross_asset|trend_direction|volatility_options_core,4,70,3078,2008-04-10,2020-10-26,0.5867864718084982,0.5850352345212844,0.0017512372872138249,0.011302824415517287,0.5663543341957439,0.48739495798319327,0.491005291005291,0.48919346336320507,0.5077928607340372,-0.018599397370832105,0.6433566433566433,0.24809363072059717
breadth+calendar+futures_core+interaction_consensus+trend_direction+volatility_options_core,breadth|calendar|futures_core|interaction_consensus|trend_direction|volatility_options_core,6,99,3084,2008-04-10,2020-10-26,0.5893984393963522,0.5877804765298755,0.001617962866476641,0.032195241227780634,0.5683459827674973,0.4881565396498455,0.5005279831045406,0.4942648592283629,0.4749455337690632,0.019319325459299708,0.6418020679468243,0.2462608825190721
flat_regime_state+macro_cross_asset+rates_credit+trend_direction,flat_regime_state|macro_cross_asset|rates_credit|trend_direction,4,96,2935,2008-04-10,2020-10-26,0.5845005384479068,0.5829669842827738,0.001533554165133011,0.01329422394984797,0.573388234572445,0.4968553459119497,0.5197368421052632,0.5080385852090032,0.47131608548931386,0.03672249971968938,0.6374407582938388,0.24761267352041774
macro_cross_asset+trend_direction+volatility_options_core,macro_cross_asset|trend_direction|volatility_options_core,3,61,3078,2008-04-10,2020-10-26,0.5865261947493959,0.5850352345212844,0.0014909602281115708,0.009858122383118322,0.5637636062746195,0.48055832502492524,0.5100529100529101,0.4948665297741273,0.5077928607340372,-0.01292633095990986,0.6309077269317329,0.24331783462703432
calendar+flat_regime_state+rates_credit+technical_dynamics+trend_direction,calendar|flat_regime_state|rates_credit|technical_dynamics|trend_direction,5,118,2943,2008-04-10,2020-10-26,0.5721590273280004,0.570775078925327,0.0013839484026734183,0.00798901937739338,0.56851710246559,0.4842105263157895,0.5542168674698795,0.5168539325842697,0.48488063660477454,0.031973295979495164,0.6141924959216966,0.24995383969152934
calendar+futures_core+interaction_consensus+trend_direction,calendar|futures_core|interaction_consensus|trend_direction,4,70,3151,2008-04-10,2020-10-26,0.5972199782104397,0.5963665537661105,0.0008534244443292316,0.006348286176789047,0.5682639501359995,0.5094816687737042,0.4154639175257732,0.45769449176604204,0.5344906349931475,-0.07679614322710548,0.6774738264099966,0.24448104907401594
futures_core+interaction_consensus+trend_direction,futures_core|interaction_consensus|trend_direction,3,61,3151,2008-04-10,2020-10-26,0.5970495156640258,0.5963665537661105,0.0006829618979152796,0.0033539502975509384,0.5736168446641517,0.49643947100712105,0.5030927835051546,0.49974398361495137,0.5344906349931475,-0.03474665137819616,0.6471650415312387,0.2400985169952677
futures_core+rates_credit+technical_dynamics+trend_direction+volatility_options_core,futures_core|rates_credit|technical_dynamics|trend_direction|volatility_options_core,5,100,3084,2008-04-10,2020-10-26,0.5882698078698085,0.5877804765298755,0.0004893313399330079,0.014333127857904691,0.5691912968594668,0.48697394789579157,0.5131995776135164,0.4997429305912596,0.4749455337690632,0.02479739682219645,0.6370757180156658,0.24647073139908546
equity_rotation+flat_regime_state+macro_cross_asset+technical_dynamics+trend_direction+volatility_options_core,equity_rotation|flat_regime_state|macro_cross_asset|technical_dynamics|trend_direction|volatility_options_core,6,125,2875,2008-04-10,2020-10-26,0.5530950133431751,0.5530848107824211,1.020256075401349e-05,0.008177656455745046,0.5584917243924596,0.5272727272727272,0.3236607142857143,0.40110650069156295,0.4275184275184275,-0.02641192682686455,0.6974143955276031,0.25268392238624543
base_only,,0,21,3368,2007-06-08,2020-10-26,0.6085387355804779,0.6085387355804779,0.0,0.014694820437846218,0.5853188453006964,0.5008375209380235,0.5727969348659003,0.5344057193923145,0.5344057193923145,0.0,0.6297085998578535,0.23859126463935526
breadth+calendar+equity_rotation+flat_regime_state+technical_dynamics+trend_direction,breadth|calendar|equity_rotation|flat_regime_state|technical_dynamics|trend_direction,6,127,2943,2008-04-10,2020-10-26,0.5701994581195595,0.570775078925327,-0.0005756208057674517,0.013266221475468354,0.5627117250312819,0.48605150214592274,0.49616648411829134,0.49105691056910566,0.48488063660477454,0.006176273964331125,0.6339181286549708,0.25294346414704816
breadth+equity_rotation+flat_regime_state+interaction_consensus+trend_direction,breadth|equity_rotation|flat_regime_state|interaction_consensus|trend_direction,5,109,2943,2008-04-10,2020-10-26,0.5699544589842624,0.570775078925327,-0.0008206199410645265,0.024063596958204325,0.5532186443494214,0.4905913978494624,0.39978094194961666,0.4405552202776101,0.48488063660477454,-0.04432541632716441,0.6632764257173992,0.24956776342046572
rates_credit+trend_direction,rates_credit|trend_direction,2,55,3157,2008-04-10,2020-10-26,0.5891809372096111,0.5900327448117174,-0.000851807602106347,0.021869780817169,0.576161555821054,0.5060109289617486,0.4763374485596708,0.4907260201377848,0.4675467546754675,0.0231792654623173,0.662451703547594,0.24724524487766414
macro_cross_asset+technical_dynamics+trend_direction,macro_cross_asset|technical_dynamics|trend_direction,3,68,3145,2008-04-10,2020-10-26,0.5809575480111778,0.5818493965158452,-0.0008918485046673919,0.006216373116425981,0.5636044057316131,0.48383838383838385,0.49483471074380164,0.48927477017364657,0.46212534059945504,0.02714942957419153,0.6374184191443075,0.24778533154581614
flat_regime_state+trend_direction+volatility_options_core,flat_regime_state|trend_direction|volatility_options_core,3,86,2883,2008-04-10,2020-10-26,0.5643891098270797,0.5653201994801086,-0.0009310896530289048,0.02400780812949299,0.5517913652802894,0.4792408066429419,0.45089285714285715,0.46463484761357104,0.5159332321699545,-0.051298384556383414,0.6392870980240217,0.2536214300945195
calendar+flat_regime_state+interaction_consensus+technical_dynamics+trend_direction,calendar|flat_regime_state|interaction_consensus|technical_dynamics|trend_direction,5,114,2943,2008-04-10,2020-10-26,0.5697315012936632,0.570775078925327,-0.001043577631663739,0.019049484432126684,0.5584106761976134,0.48664343786295006,0.4589266155531216,0.47237880496054113,0.48488063660477454,-0.012501831644233408,0.644916540212443,0.24921264219885989
calendar+equity_rotation+flat_regime_state+interaction_consensus+trend_direction,calendar|equity_rotation|flat_regime_state|interaction_consensus|trend_direction,5,103,2943,2008-04-10,2020-10-26,0.5696560517329662,0.570775078925327,-0.0011190271923607886,0.017411680251445336,0.5664129922448025,0.5165945165945166,0.39211391018619934,0.44582814445828145,0.48488063660477454,-0.03905249214649309,0.6825962910128388,0.24893268789487955
calendar+volatility_options_core,calendar|volatility_options_core,2,44,3301,2007-06-08,2020-10-26,0.591019007569386,0.5933476871320437,-0.0023286795626576984,0.03197882850915958,0.568183347350715,0.4950592885375494,0.48878048780487804,0.49189985272459497,0.48807157057654077,0.003828282148054196,0.6446961894953656,0.24553609177623972
breadth+calendar+flat_regime_state+interaction_consensus+trend_direction,breadth|calendar|flat_regime_state|interaction_consensus|trend_direction,5,108,2943,2008-04-10,2020-10-26,0.5681618961068027,0.570775078925327,-0.0026131828185242956,0.02154622561289317,0.551284083703234,0.4766248574686431,0.4578313253012048,0.4670391061452514,0.48488063660477454,-0.017841530459523136,0.6358778625954199,0.2492302501192607
equity_rotation+flat_regime_state+macro_cross_asset+technical_dynamics+trend_direction,equity_rotation|flat_regime_state|macro_cross_asset|technical_dynamics|trend_direction,5,111,2935,2008-04-10,2020-10-26,0.5802121246200194,0.5829669842827738,-0.002754859662754461,0.01486419398138391,0.5668795751032594,0.5198821796759941,0.38706140350877194,0.4437460716530484,0.47131608548931386,-0.02757001383626545,0.6847167794798718,0.25241923245139536
technical_dynamics,technical_dynamics,1,42,3368,2007-06-08,2020-10-26,0.605757596910047,0.6085387355804779,-0.0027811386704308383,0.03603602329178386,0.5802348488373896,0.49869678540399653,0.5498084291187739,0.5230068337129841,0.5344057193923145,-0.01139888567933045,0.6335316765838291,0.2379213355020256
flat_regime_state+macro_cross_asset+trend_direction+volatility_options_core,flat_regime_state|macro_cross_asset|trend_direction|volatility_options_core,4,94,2875,2008-04-10,2020-10-26,0.5502028091642062,0.5530848107824211,-0.0028820016182149466,0.02389947829928259,0.5515335779582103,0.48855989232839836,0.40513392857142855,0.4429530201342282,0.4275184275184275,0.015434592615800713,0.6579243162233046,0.25842557331813854
flat_regime_state+rates_credit+technical_dynamics,flat_regime_state|rates_credit|technical_dynamics,3,91,3132,2007-06-11,2020-10-26,0.5877475505524286,0.5908495637154174,-0.003102013162988859,0.028694158001729177,0.5654203520057179,0.49261083743842365,0.508130081300813,0.5002501250625313,0.5346171480972031,-0.03436702303467176,0.6298629121896999,0.24616502751153443
flat_regime_state+futures_core+interaction_consensus+trend_direction,flat_regime_state|futures_core|interaction_consensus|trend_direction,4,94,2941,2008-04-10,2020-10-26,0.5802695652616076,0.5837641337859987,-0.0034945685243911173,0.03425469871407138,0.5650179580228039,0.5,0.44529540481400437,0.4710648148148148,0.534838076545633,-0.06377326173081815,0.6592095451155854,0.24748215214152902
calendar+equity_rotation+flat_regime_state+futures_core+trend_direction+volatility_options_core,calendar|equity_rotation|flat_regime_state|futures_core|trend_direction|volatility_options_core,6,115,2881,2008-04-10,2020-10-26,0.5628522972338601,0.5665393955223617,-0.0036870982885015557,0.02142469334287836,0.5524276522224065,0.4824242424242424,0.44320712694877507,0.4619849100406268,0.45278592375366566,0.009198986286961142,0.6430496726992684,0.2538106295384329
futures_core,futures_core,1,31,3362,2007-06-08,2020-10-26,0.6049104070188744,0.6097478306265405,-0.004837423607666036,0.004256251462397444,0.5787461138281487,0.5153439153439153,0.4673704414587332,0.490186210367388,0.5228758169934641,-0.03268960662607606,0.6681952178185392,0.2391560287304688
calendar+equity_rotation+technical_dynamics+volatility_options_core,calendar|equity_rotation|technical_dynamics|volatility_options_core,4,75,3301,2007-06-08,2020-10-26,0.5882698065601345,0.5933476871320437,-0.005077880571909166,0.0035397391105570193,0.5660639192598822,0.48070469798657717,0.5590243902439025,0.516914749661705,0.48807157057654077,0.02884317908516426,0.6081229418221734,0.24649950727378703
trend_direction,trend_direction,1,39,3157,2008-04-10,2020-10-26,0.5849359116185081,0.5900327448117174,-0.005096833193209305,0.009330943309535454,0.5658967210938537,0.484375,0.5102880658436214,0.4969939879759519,0.4675467546754675,0.029447233300484377,0.633308984660336,0.24340952876027214
breadth+futures_core+interaction_consensus+technical_dynamics+trend_direction+volatility_options_core,breadth|futures_core|interaction_consensus|technical_dynamics|trend_direction|volatility_options_core,6,111,3084,2008-04-10,2020-10-26,0.5824600611316308,0.5877804765298755,-0.005320415398244682,0.027042621283105448,0.573930003200366,0.48810656517602286,0.5417106652587117,0.5135135135135135,0.4749455337690632,0.03856797974445031,0.6301369863013698,0.2509790083879723
breadth+flat_regime_state+rates_credit,breadth|flat_regime_state|rates_credit,3,85,3132,2007-06-11,2020-10-26,0.5850367789392179,0.5908495637154174,-0.005812784776199509,0.021614675788023837,0.5667694094523363,0.485589519650655,0.5650406504065041,0.5223109441052137,0.5346171480972031,-0.01230620399198934,0.6041261191124951,0.24617659935851544
equity_rotation+flat_regime_state+futures_core+technical_dynamics+trend_direction,equity_rotation|flat_regime_state|futures_core|technical_dynamics|trend_direction,5,113,2941,2008-04-10,2020-10-26,0.5777491707444402,0.5837641337859987,-0.006014963041558463,0.01326188411640269,0.5637836087913801,0.5019206145966709,0.4288840262582057,0.4625368731563422,0.534838076545633,-0.0723012033892908,0.6644567219152855,0.25066124519446437
breadth+futures_core+interaction_consensus+macro_cross_asset+trend_direction+volatility_options_core,breadth|futures_core|interaction_consensus|macro_cross_asset|trend_direction|volatility_options_core,6,98,3078,2008-04-10,2020-10-26,0.5790154534647927,0.5850352345212844,-0.006019781056491702,0.03214151398357934,0.56407710416521,0.47910592808551994,0.5216931216931217,0.49949341438703143,0.5077928607340372,-0.008299446347005746,0.6257575757575757,0.24963137031347257
futures_core+trend_direction+volatility_options_core,futures_core|trend_direction|volatility_options_core,3,63,3084,2008-04-10,2020-10-26,0.5813132632757216,0.5877804765298755,-0.006467213254153892,0.017101289224538796,0.5634031951094696,0.48642779587404994,0.4730728616684266,0.4796573875802998,0.4749455337690632,0.0047118538112366215,0.6475707034082668,0.24781737722190333
breadth+equity_rotation+flat_regime_state+futures_core+trend_direction+volatility_options_core,breadth|equity_rotation|flat_regime_state|futures_core|trend_direction|volatility_options_core,6,121,2881,2008-04-10,2020-10-26,0.5600330369653994,0.5665393955223617,-0.006506358556962244,0.02185377964179218,0.547693589205101,0.46842105263157896,0.4955456570155902,0.4816017316017316,0.45278592375366566,0.028815807848065922,0.6124595469255664,0.2516459729542255
equity_rotation+macro_cross_asset+technical_dynamics+trend_direction+volatility_options_core,equity_rotation|macro_cross_asset|technical_dynamics|trend_direction|volatility_options_core,5,92,3078,2008-04-10,2020-10-26,0.5783612645580339,0.5850352345212844,-0.006673969963250426,0.035244731725874175,0.5645199636389064,0.47884615384615387,0.526984126984127,0.5017632241813602,0.5077928607340372,-0.006029636552676965,0.6238113351084063,0.24735812319041692
flat_regime_state+rates_credit+technical_dynamics+trend_direction+volatility_options_core,flat_regime_state|rates_credit|technical_dynamics|trend_direction|volatility_options_core,5,123,2883,2008-04-10,2020-10-26,0.55859375,0.5653201994801086,-0.006726449480108587,0.025246221460190753,0.5491848440325497,0.46078431372549017,0.5770089285714286,0.512388503468781,0.5159332321699545,-0.003544728701173505,0.5725456125108601,0.2587387069039016
futures_core+volatility_options_core,futures_core|volatility_options_core,2,45,3295,2007-06-08,2020-10-26,0.6005443269531077,0.6073693703194439,-0.00682504336633627,0.02082315575228416,0.5789132118940712,0.5032925682031985,0.52297165200391,0.5129434324065196,0.5386715195632393,-0.025728087156719703,0.6437587657784011,0.2424007370567893
flat_regime_state+futures_core+interaction_consensus+macro_cross_asset+trend_direction+volatility_options_core,flat_regime_state|futures_core|interaction_consensus|macro_cross_asset|trend_direction|volatility_options_core,6,116,2875,2008-04-10,2020-10-26,0.5461461822904838,0.5530848107824211,-0.006938628491937271,0.02348376465757399,0.5449578057574381,0.48588410104011887,0.36495535714285715,0.4168260038240918,0.4275184275184275,-0.010692423694335706,0.6659364731653888,0.25293072291929536
equity_rotation+flat_regime_state+rates_credit+technical_dynamics+trend_direction+volatility_options_core,equity_rotation|flat_regime_state|rates_credit|technical_dynamics|trend_direction|volatility_options_core,6,133,2883,2008-04-10,2020-10-26,0.5583606464737794,0.5653201994801086,-0.006959553006329222,0.00590878823550031,0.546288709312839,0.4607379375591296,0.5435267857142857,0.4987199180747568,0.5159332321699545,-0.017213314095197663,0.5863962822137727,0.2568108560348824
equity_rotation+macro_cross_asset+trend_direction,equity_rotation|macro_cross_asset|trend_direction,3,57,3145,2008-04-10,2020-10-26,0.5748803436589571,0.5818493965158452,-0.006969052856888092,0.017988954397763945,0.5641135025863606,0.4704918032786885,0.5929752066115702,0.5246800731261426,0.46212534059945504,0.06255473252668758,0.5886075949367089,0.24560861518271088
futures_core+macro_cross_asset+trend_direction+volatility_options_core,futures_core|macro_cross_asset|trend_direction|volatility_options_core,4,71,3078,2008-04-10,2020-10-26,0.5780520398728916,0.5850352345212844,-0.00698319464839281,0.030108989159118124,0.5661701978882596,0.49066959385290887,0.473015873015873,0.4816810344827586,0.5077928607340372,-0.026111826251278558,0.6511965192168238,0.24925572827774314
equity_rotation+technical_dynamics+trend_direction+volatility_options_core,equity_rotation|technical_dynamics|trend_direction|volatility_options_core,4,84,3090,2008-04-10,2020-10-26,0.5937605749863368,0.6007794752571336,-0.0070189002707967685,0.01659457826851753,0.5788285979235063,0.4951644100580271,0.5395152792413066,0.5163893091275845,0.5196770938446014,-0.0032877847170168506,0.6379765949414874,0.24110594520050396
breadth+calendar+macro_cross_asset+technical_dynamics+trend_direction,breadth|calendar|macro_cross_asset|technical_dynamics|trend_direction,5,92,3145,2008-04-10,2020-10-26,0.5747978476722755,0.5818493965158452,-0.007051548843569733,0.012837602164860865,0.5551377905939711,0.46921641791044777,0.5196280991735537,0.4931372549019608,0.46212534059945504,0.031011914302505772,0.6136023916292974,0.24652377262274203
breadth+equity_rotation+flat_regime_state+rates_credit+technical_dynamics+trend_direction,breadth|equity_rotation|flat_regime_state|rates_credit|technical_dynamics|trend_direction,6,134,2943,2008-04-10,2020-10-26,0.5637078287820576,0.570775078925327,-0.007067250143269366,0.02886845437062771,0.5471877659808951,0.4707865168539326,0.4589266155531216,0.4647809206877426,0.48488063660477454,-0.020099715917031913,0.6298427311085539,0.2578444065335566
equity_rotation+futures_core+interaction_consensus+macro_cross_asset+trend_direction+volatility_options_core,equity_rotation|futures_core|interaction_consensus|macro_cross_asset|trend_direction|volatility_options_core,6,93,3078,2008-04-10,2020-10-26,0.5778756730298581,0.5850352345212844,-0.0071595614914262695,0.027877391412100747,0.5639116145724075,0.5012853470437018,0.4126984126984127,0.4526987811955891,0.5077928607340372,-0.05509407953844808,0.6738152888273954,0.2557187908733076
volatility_options_core,volatility_options_core,1,35,3301,2007-06-08,2020-10-26,0.5860756938603868,0.5933476871320437,-0.00727199327165684,0.014224443555594109,0.5725904121110177,0.4892334194659776,0.5541463414634147,0.5196706312900274,0.48807157057654077,0.03159906071348667,0.6201157742402316,0.2444842635650303
calendar+equity_rotation+futures_core+macro_cross_asset+trend_direction+volatility_options_core,calendar|equity_rotation|futures_core|macro_cross_asset|trend_direction|volatility_options_core,6,90,3078,2008-04-10,2020-10-26,0.5777163990086163,0.5850352345212844,-0.007318835512668098,0.015795799168518043,0.5672715194741627,0.4922907488986784,0.473015873015873,0.4824608742579601,0.5077928607340372,-0.025331986476077095,0.6526620789568996,0.2502625448661937
calendar+flat_regime_state+futures_core+interaction_consensus+trend_direction,calendar|flat_regime_state|futures_core|interaction_consensus|trend_direction,5,103,2941,2008-04-10,2020-10-26,0.5761991365911452,0.5837641337859987,-0.007564997194853484,0.012246680405867764,0.5621462845791517,0.48023715415019763,0.5317286652078774,0.5046728971962616,0.534838076545633,-0.03016517934937135,0.6159420289855072,0.24825939771413458
equity_rotation+flat_regime_state+futures_core+technical_dynamics+trend_direction+volatility_options_core,equity_rotation|flat_regime_state|futures_core|technical_dynamics|trend_direction|volatility_options_core,6,127,2881,2008-04-10,2020-10-26,0.558966218291043,0.5665393955223617,-0.007573177231318673,0.03254957047630777,0.5502975444640141,0.48601864181091875,0.4064587973273942,0.4426925409338993,0.45278592375366566,-0.01009338281976635,0.6559341070760015,0.2568312334940115
equity_rotation+futures_core+macro_cross_asset+rates_credit+trend_direction+volatility_options_core,equity_rotation|futures_core|macro_cross_asset|rates_credit|trend_direction|volatility_options_core,6,97,3078,2008-04-10,2020-10-26,0.5773955201267977,0.5850352345212844,-0.00763971439448663,0.007826645941814068,0.5570682702841293,0.4767932489451477,0.4783068783068783,0.4775488642366614,0.5077928607340372,-0.030243996497375802,0.6365306872473355,0.2514200477448947
calendar+macro_cross_asset+trend_direction,calendar|macro_cross_asset|trend_direction,3,56,3145,2008-04-10,2020-10-26,0.574209227659195,0.5818493965158452,-0.007640168856650198,0.02144616723825619,0.5621759617099709,0.4724890829694323,0.5588842975206612,0.5120681495504023,0.46212534059945504,0.049942808950947215,0.6039185555128698,0.24782248524107203
rates_credit+technical_dynamics+volatility_options_core,rates_credit|technical_dynamics|volatility_options_core,3,72,3301,2007-06-08,2020-10-26,0.5855226240538267,0.5933476871320437,-0.007825063078216954,0.025636123541114518,0.5712531539108494,0.4980392156862745,0.49560975609756097,0.4968215158924205,0.48807157057654077,0.008749945315879748,0.6457831325301204,0.24512958209745284
flat_regime_state+interaction_consensus+trend_direction+volatility_options_core,flat_regime_state|interaction_consensus|trend_direction|volatility_options_core,4,98,2883,2008-04-10,2020-10-26,0.557478561539331,0.5653201994801086,-0.007841637940777635,0.04377726645688487,0.5541506555153707,0.4872448979591837,0.4263392857142857,0.45476190476190476,0.5159332321699545,-0.0611713274080497,0.6530303030303031,0.25509777150100943
flat_regime_state+macro_cross_asset+technical_dynamics,flat_regime_state|macro_cross_asset|technical_dynamics,3,83,3124,2007-06-11,2020-10-26,0.5893251451139968,0.597319131111244,-0.00799398599724721,0.008746818100131764,0.5706671503799892,0.5147579693034239,0.44354018311291965,0.47650273224043715,0.5306122448979592,-0.05410951265752206,0.6645658263305322,0.24573260720903423
calendar+equity_rotation+trend_direction,calendar|equity_rotation|trend_direction,3,58,3157,2008-04-10,2020-10-26,0.5819892473118279,0.5900327448117174,-0.00804349749988953,0.02780648392947594,0.5675029868578256,0.4850818094321463,0.5185185185185185,0.5012431626056688,0.4675467546754675,0.03369640793020129,0.6316562614763129,0.24474368861527518
equity_rotation+flat_regime_state+futures_core+macro_cross_asset+technical_dynamics+trend_direction,equity_rotation|flat_regime_state|futures_core|macro_cross_asset|technical_dynamics|trend_direction,6,121,2935,2008-04-10,2020-10-26,0.5748323314112789,0.5829669842827738,-0.008134652871494952,0.02181100388503998,0.567785650022492,0.48659384309831183,0.5372807017543859,0.5106826472120897,0.47131608548931386,0.039366561722775806,0.6212182331585316,0.2502091347300577
interaction_consensus+macro_cross_asset+trend_direction,interaction_consensus|macro_cross_asset|trend_direction,3,59,3145,2008-04-10,2020-10-26,0.573665943278435,0.5818493965158452,-0.00818345323741021,0.021204212077226434,0.5638518936916583,0.5025252525252525,0.41115702479338845,0.45227272727272727,0.46212534059945504,-0.009852613326727766,0.6738836265223275,0.24741351075460613
calendar+flat_regime_state+rates_credit+trend_direction,calendar|flat_regime_state|rates_credit|trend_direction,4,97,2943,2008-04-10,2020-10-26,0.5624773227443972,0.570775078925327,-0.00829775618092976,0.03282975647850108,0.5468083988077275,0.46464646464646464,0.5038335158817087,0.4834471886495008,0.48488063660477454,-0.0014334479552737256,0.6078978859194256,0.25592839979477766
macro_cross_asset+trend_direction,macro_cross_asset|trend_direction,2,47,3145,2008-04-10,2020-10-26,0.5734927760271122,0.5818493965158452,-0.00835662048873298,0.03567629331359839,0.5567423746952851,0.47332686711930166,0.5041322314049587,0.4882441220610305,0.46212534059945504,0.02611878146157548,0.6234817813765182,0.2457272204736533
flat_regime_state+futures_core+interaction_consensus+technical_dynamics+trend_direction,flat_regime_state|futures_core|interaction_consensus|technical_dynamics|trend_direction,5,115,2941,2008-04-10,2020-10-26,0.5751389437394383,0.5837641337859987,-0.008625190046560371,0.010313319083149912,0.5679603957375332,0.48458574181117536,0.550328227571116,0.5153688524590164,0.534838076545633,-0.019469224086616554,0.6151342554922702,0.2465346747920173
breadth+flat_regime_state+interaction_consensus+trend_direction,breadth|flat_regime_state|interaction_consensus|trend_direction,4,99,2943,2008-04-10,2020-10-26,0.5616855262310146,0.570775078925327,-0.00908955269431233,0.009533330095446532,0.5494372649619021,0.4646271510516252,0.5323110624315444,0.49617151607963245,0.48488063660477454,0.011290879474857907,0.5973072215422277,0.253396456326769
futures_core+trend_direction,futures_core|trend_direction,2,49,3151,2008-04-10,2020-10-26,0.5870856092553751,0.5963665537661105,-0.009280944510735356,0.01789131350724541,0.575263290520059,0.5195954487989887,0.42371134020618556,0.46678023850085176,0.5344906349931475,-0.06771039649229577,0.6828774062816616,0.24179133952358747
flat_regime_state+futures_core+rates_credit+technical_dynamics+trend_direction,flat_regime_state|futures_core|rates_credit|technical_dynamics|trend_direction,5,119,2941,2008-04-10,2020-10-26,0.5744516404598745,0.5837641337859987,-0.00931249332612416,0.011160904784767094,0.5593822406256409,0.4811320754716981,0.5021881838074398,0.49143468950749464,0.534838076545633,-0.04340338703813834,0.6262785208497246,0.2476599639845239
flat_regime_state+interaction_consensus+macro_cross_asset+trend_direction,flat_regime_state|interaction_consensus|macro_cross_asset|trend_direction,4,92,2935,2008-04-10,2020-10-26,0.5736301953407217,0.5829669842827738,-0.009336788942052143,0.020705161873088736,0.5627568703226598,0.4796511627906977,0.5427631578947368,0.5092592592592593,0.47131608548931386,0.03794317376994544,0.6112469437652812,0.2485734433710318
flat_regime_state+macro_cross_asset+technical_dynamics+trend_direction,flat_regime_state|macro_cross_asset|technical_dynamics|trend_direction,4,101,2935,2008-04-10,2020-10-26,0.5733728990307938,0.5829669842827738,-0.009594085251980022,0.014992001894651911,0.5546073078967816,0.4964936886395512,0.3881578947368421,0.4356923076923077,0.47131608548931386,-0.03562377779700615,0.6693112152902994,0.25430029280048305
rates_credit+volatility_options_core,rates_credit|volatility_options_core,2,51,3301,2007-06-08,2020-10-26,0.5836238856181665,0.5933476871320437,-0.009723801513877195,0.006814441723979512,0.5631539108494533,0.4956989247311828,0.4497560975609756,0.4716112531969309,0.48807157057654077,-0.016460317379609846,0.6550918196994991,0.24682813062816633
equity_rotation+flat_regime_state+futures_core+interaction_consensus+trend_direction+volatility_options_core,equity_rotation|flat_regime_state|futures_core|interaction_consensus|trend_direction|volatility_options_core,6,118,2881,2008-04-10,2020-10-26,0.5567028684980535,0.5665393955223617,-0.00983652702430815,0.019723532099660487,0.5515920217140396,0.478110599078341,0.4621380846325167,0.46998867497168745,0.45278592375366566,0.017202751218021783,0.6335160532498042,0.2557527993568964
equity_rotation,equity_rotation,1,31,3368,2007-06-08,2020-10-26,0.5986518942508053,0.6085387355804779,-0.009886841329672547,0.01622677004678914,0.5774058820792033,0.49325463743676223,0.5603448275862069,0.5246636771300448,0.5344057193923145,-0.009742042262269712,0.6243798724309001,0.23987604762945855
equity_rotation+flat_regime_state+futures_core+trend_direction,equity_rotation|flat_regime_state|futures_core|trend_direction,4,92,2941,2008-04-10,2020-10-26,0.5736702673109746,0.5837641337859987,-0.010093866475024083,0.019610591309707822,0.5598864890243345,0.496790757381258,0.4234135667396061,0.45717660956881273,0.534838076545633,-0.07766146697682025,0.6617592933382407,0.2508299989400301
calendar+flat_regime_state+trend_direction,calendar|flat_regime_state|trend_direction,3,81,2943,2008-04-10,2020-10-26,0.5604639215460209,0.570775078925327,-0.010311157379306102,0.013848675079910715,0.5554533077426509,0.4855421686746988,0.4414019715224535,0.4624211130235227,0.48488063660477454,-0.02245952358125186,0.6486689163854518,0.25206733207922455
equity_rotation+trend_direction,equity_rotation|trend_direction,2,49,3157,2008-04-10,2020-10-26,0.579570261220998,0.5900327448117174,-0.01046248359071944,0.020513468268694653,0.5631587680870835,0.4958775029446408,0.4331275720164609,0.4623833058758924,0.4675467546754675,-0.005163448799575143,0.663920357020254,0.24405467189634628
macro_cross_asset+rates_credit+technical_dynamics+trend_direction,macro_cross_asset|rates_credit|technical_dynamics|trend_direction,4,84,3145,2008-04-10,2020-10-26,0.5712631547654439,0.5818493965158452,-0.010586241750401348,0.029936446522339316,0.5583008799571912,0.47738693467336685,0.490702479338843,0.48395313295975545,0.46212534059945504,0.021827792360300413,0.6320377769705775,0.25269478878554275
futures_core+macro_cross_asset+trend_direction,futures_core|macro_cross_asset|trend_direction,3,57,3145,2008-04-10,2020-10-26,0.5711249182472204,0.5818493965158452,-0.01072447826862477,0.02268260856236224,0.5635679885843392,0.47954329210275926,0.5206611570247934,0.49925705794947994,0.46212534059945504,0.037131717350024906,0.625139043381535,0.2459185546172002
calendar+futures_core+interaction_consensus+trend_direction+volatility_options_core,calendar|futures_core|interaction_consensus|trend_direction|volatility_options_core,5,84,3084,2008-04-10,2020-10-26,0.5769224228162912,0.5877804765298755,-0.010858053713584281,0.01590655024365126,0.5684039604144087,0.48236415633937085,0.5343189017951425,0.5070140280561122,0.4749455337690632,0.032068494287049,0.6258555133079848,0.2517860963882611
calendar+macro_cross_asset+technical_dynamics+trend_direction+volatility_options_core,calendar|macro_cross_asset|technical_dynamics|trend_direction|volatility_options_core,5,91,3078,2008-04-10,2020-10-26,0.5740771818598543,0.5850352345212844,-0.010958052661430018,0.012225141918313441,0.5547793860569191,0.4730290456431535,0.48253968253968255,0.4777370350969094,0.5077928607340372,-0.030055825637127775,0.6314232902033272,0.2501035722902693
breadth+futures_core+technical_dynamics+trend_direction+volatility_options_core,breadth|futures_core|technical_dynamics|trend_direction|volatility_options_core,5,99,3084,2008-04-10,2020-10-26,0.5767554471931862,0.5877804765298755,-0.011025029336689363,0.01741853419007954,0.5652109381401699,0.49473684210526314,0.44667370644139387,0.4694783573806881,0.4749455337690632,-0.005467176388375072,0.6614730878186968,0.24708113852075814
interaction_consensus+macro_cross_asset+trend_direction+volatility_options_core,interaction_consensus|macro_cross_asset|trend_direction|volatility_options_core,4,73,3078,2008-04-10,2020-10-26,0.5740002641617914,0.5850352345212844,-0.011034970359492968,0.02151664338093209,0.5606531011817355,0.4810126582278481,0.48253968253968255,0.48177496038034867,0.5077928607340372,-0.026017900353688506,0.639470782800441,0.2493612670204613
breadth+equity_rotation+futures_core+interaction_consensus+trend_direction+volatility_options_core,breadth|equity_rotation|futures_core|interaction_consensus|trend_direction|volatility_options_core,6,100,3084,2008-04-10,2020-10-26,0.5766588177816669,0.5877804765298755,-0.011121658748208585,0.03855945711374509,0.5656059591744602,0.4916013437849944,0.4635691657866948,0.4771739130434783,0.4749455337690632,0.0022283792744151043,0.6547020818377602,0.24878734393072782
equity_rotation+futures_core+interaction_consensus+trend_direction,equity_rotation|futures_core|interaction_consensus|trend_direction,4,71,3151,2008-04-10,2020-10-26,0.5852208972259074,0.5963665537661105,-0.011145656540203053,0.024188522157476286,0.5705092383288741,0.5078219013237064,0.4350515463917526,0.46862853970016655,0.5344906349931475,-0.06586209529298098,0.672372475179733,0.2439285365699721
futures_core+rates_credit+trend_direction,futures_core|rates_credit|trend_direction,3,65,3151,2008-04-10,2020-10-26,0.5850934208868498,0.5963665537661105,-0.011273132879260683,0.007009078962666648,0.5748923491962321,0.4937076476282672,0.5257731958762887,0.509236145781328,0.5344906349931475,-0.025254489211819497,0.6384700257447591,0.2449369594221261
flat_regime_state+technical_dynamics+trend_direction,flat_regime_state|technical_dynamics|trend_direction,3,93,2943,2008-04-10,2020-10-26,0.5590125771874439,0.570775078925327,-0.011762501737883069,0.022798291473074602,0.5478960593287872,0.47144456886898095,0.4611171960569551,0.46622369878183834,0.48488063660477454,-0.018656937822936204,0.6298003072196621,0.2517678402087784
interaction_consensus,interaction_consensus,1,33,3364,2007-06-08,2020-10-26,0.6039837947332882,0.6159656998889322,-0.011981905155644013,0.018846205117660008,0.5802821017598474,0.5313253012048192,0.42322456813819576,0.47115384615384615,0.5485307212822796,-0.0773768751284335,0.6880907372400756,0.2411250551780618
breadth+calendar+volatility_options_core,breadth|calendar|volatility_options_core,3,59,3301,2007-06-08,2020-10-26,0.5809978132884777,0.5933476871320437,-0.012349873843566006,0.02770497259094009,0.5674768713204373,0.5068649885583524,0.4321951219512195,0.46656134807793576,0.48807157057654077,-0.021510222498605014,0.6679777122254998,0.24828597867708677
equity_rotation+flat_regime_state+trend_direction,equity_rotation|flat_regime_state|trend_direction,3,82,2943,2008-04-10,2020-10-26,0.5583623545688523,0.570775078925327,-0.01241272435647467,0.006668991745568514,0.5397246175809345,0.4744318181818182,0.3658269441401972,0.4131106988249845,0.48488063660477454,-0.07176993777979002,0.6602219835302542,0.2524350559288931
futures_core+rates_credit+technical_dynamics+trend_direction,futures_core|rates_credit|technical_dynamics|trend_direction,4,86,3151,2008-04-10,2020-10-26,0.5839468749768393,0.5963665537661105,-0.012419678789271194,0.017659669425006557,0.5680278965662914,0.4931216931216931,0.48041237113402063,0.4866840731070496,0.5344906349931475,-0.04780656188609794,0.6498040612753829,0.24723415584571018
equity_rotation+interaction_consensus+macro_cross_asset+trend_direction,equity_rotation|interaction_consensus|macro_cross_asset|trend_direction,4,69,3145,2008-04-10,2020-10-26,0.5693939889410785,0.5818493965158452,-0.012455407574766708,0.020743806875625423,0.5480082050062429,0.4601449275362319,0.5247933884297521,0.49034749034749037,0.46212534059945504,0.02822214974803533,0.6006051437216339,0.24632191827277997
breadth+macro_cross_asset+technical_dynamics+trend_direction,breadth|macro_cross_asset|technical_dynamics|trend_direction,4,83,3145,2008-04-10,2020-10-26,0.5692401450740234,0.5818493965158452,-0.01260925144182179,0.015420885222060176,0.566766751887746,0.5036674816625917,0.4256198347107438,0.46136618141097424,0.46212534059945504,-0.0007591591884807958,0.6716723549488055,0.2502154306185298
technical_dynamics+trend_direction,technical_dynamics|trend_direction,2,60,3157,2008-04-10,2020-10-26,0.5771767187338672,0.5900327448117174,-0.012856026077850191,0.027844472557322753,0.5589107925129431,0.48037190082644626,0.4783950617283951,0.4793814432989691,0.4675467546754675,0.011834688623501566,0.6385110952040086,0.24696566396691785
futures_core+interaction_consensus,futures_core|interaction_consensus,2,43,3362,2007-06-08,2020-10-26,0.5968205465184835,0.6097478306265405,-0.012927284108056991,0.03416605826066183,0.5803966817222007,0.5114656031904287,0.4923224568138196,0.5017114914425428,0.5228758169934641,-0.021164325550921292,0.6597662771285476,0.24109494754289354
equity_rotation+macro_cross_asset+technical_dynamics+trend_direction,equity_rotation|macro_cross_asset|technical_dynamics|trend_direction,4,78,3145,2008-04-10,2020-10-26,0.5687971936500386,0.5818493965158452,-0.013052202865806661,0.03752528693883755,0.5649882573280218,0.4825242718446602,0.5134297520661157,0.4974974974974975,0.46212534059945504,0.03537215689804246,0.6306107431935246,0.24896757002297396
calendar+equity_rotation+macro_cross_asset+trend_direction+volatility_options_core,calendar|equity_rotation|macro_cross_asset|trend_direction|volatility_options_core,5,80,3078,2008-04-10,2020-10-26,0.5717537235158381,0.5850352345212844,-0.013281511005446278,0.012139884670109648,0.559204484534881,0.4896969696969697,0.4275132275132275,0.45649717514124294,0.5077928607340372,-0.05129568559279424,0.6617440225035162,0.24987391150371074
macro_cross_asset+rates_credit+trend_direction,macro_cross_asset|rates_credit|trend_direction,3,63,3145,2008-04-10,2020-10-26,0.5684909923301028,0.5818493965158452,-0.013358404185742412,0.041290511667701785,0.5528583744574589,0.47608695652173916,0.4524793388429752,0.4639830508474576,0.46212534059945504,0.0018577102480025753,0.6421499292786421,0.2491738724022295
calendar,calendar,1,30,3368,2007-06-08,2020-10-26,0.5951565658915932,0.6085387355804779,-0.013382169688884726,0.008387029871632633,0.5713814819985419,0.5030800821355236,0.46934865900383144,0.48562933597621405,0.5344057193923145,-0.048776383416100466,0.6578773895847067,0.24147170097855009
calendar+equity_rotation+technical_dynamics+trend_direction,calendar|equity_rotation|technical_dynamics|trend_direction,4,79,3157,2008-04-10,2020-10-26,0.5766328156113103,0.5900327448117174,-0.013399929200407112,0.020484214314265784,0.5652263374485597,0.5092348284960422,0.39711934156378603,0.446242774566474,0.4675467546754675,-0.021303980108993537,0.6810918774966711,0.24848945727035185
calendar+technical_dynamics+volatility_options_core,calendar|technical_dynamics|volatility_options_core,3,65,3301,2007-06-08,2020-10-26,0.5799031118587048,0.5933476871320437,-0.013444575273338866,0.029869412551928962,0.5673927670311185,0.49014084507042255,0.5092682926829268,0.4995215311004785,0.48807157057654077,0.011449960523937708,0.6342657342657343,0.24856101329799862
calendar+flat_regime_state+macro_cross_asset+technical_dynamics+trend_direction,calendar|flat_regime_state|macro_cross_asset|technical_dynamics|trend_direction,5,110,2935,2008-04-10,2020-10-26,0.5692510462247304,0.5829669842827738,-0.013715938058043387,0.020012526340491048,0.557656524761788,0.48757396449704143,0.4517543859649123,0.46898121798520204,0.47131608548931386,-0.002334867504111826,0.6467247254827717,0.25254984106155226
equity_rotation+flat_regime_state,equity_rotation|flat_regime_state,2,64,3132,2007-06-11,2020-10-26,0.5770623008427886,0.5908495637154174,-0.01378726287262877,0.008035118334730001,0.5612603859555079,0.49031600407747195,0.4888211382113821,0.4895674300254453,0.5346171480972031,-0.04504971807175778,0.6330040248810831,0.24588347071834535
calendar+flat_regime_state+futures_core+trend_direction+volatility_options_core,calendar|flat_regime_state|futures_core|trend_direction|volatility_options_core,5,105,2881,2008-04-10,2020-10-26,0.5525114799925173,0.5665393955223617,-0.014027915529844392,0.020873109379315486,0.5469559048281266,0.4748201438848921,0.44097995545657015,0.45727482678983833,0.45278592375366566,0.0044889030361726645,0.6367851622874807,0.2582980588439176
breadth+equity_rotation+flat_regime_state+interaction_consensus+trend_direction+volatility_options_core,breadth|equity_rotation|flat_regime_state|interaction_consensus|trend_direction|volatility_options_core,6,123,2883,2008-04-10,2020-10-26,0.5512757120253164,0.5653201994801086,-0.014044487454792143,0.023581623336329727,0.5452432753164558,0.4756410256410256,0.4140625,0.44272076372315033,0.5159332321699545,-0.07321246844680412,0.6467473524962178,0.2570602721630204
equity_rotation+futures_core+volatility_options_core,equity_rotation|futures_core|volatility_options_core,3,55,3295,2007-06-08,2020-10-26,0.5932731139530765,0.6073693703194439,-0.014096256366367466,0.016550000887872427,0.5720432135570671,0.5151869158878505,0.4310850439882698,0.46939861628525814,0.5386715195632393,-0.06927290327798119,0.6740764955867931,0.24677908416294023
flat_regime_state+interaction_consensus+rates_credit+technical_dynamics+trend_direction,flat_regime_state|interaction_consensus|rates_credit|technical_dynamics|trend_direction,5,121,2943,2008-04-10,2020-10-26,0.5565956480015192,0.570775078925327,-0.014179430923807801,0.022272370472238425,0.5466333388719528,0.46175908221797324,0.5290251916757941,0.49310872894333846,0.48488063660477454,0.00822809233856392,0.594859241126071,0.25730853707915674
rates_credit+technical_dynamics,rates_credit|technical_dynamics,2,58,3368,2007-06-08,2020-10-26,0.5943512443058723,0.6085387355804779,-0.014187491274605613,0.022676314482173276,0.578309445142476,0.49371332774518023,0.564176245210728,0.5265981224854717,0.5344057193923145,-0.007807596906842851,0.6238010657193606,0.2414702805943758
equity_rotation+interaction_consensus+rates_credit+trend_direction,equity_rotation|interaction_consensus|rates_credit|trend_direction,4,77,3153,2008-04-10,2020-10-26,0.5882264195595261,0.6026375926282004,-0.014411173068674232,0.020364123951852223,0.5677003061722552,0.48753738783649053,0.5041237113402062,0.49569183983781046,0.5045965270684372,-0.008904687230626707,0.6388384754990926,0.2464439667283147
technical_dynamics+volatility_options_core,technical_dynamics|volatility_options_core,2,56,3301,2007-06-08,2020-10-26,0.5788302775441548,0.5933476871320437,-0.01451740958788883,0.006081663625856928,0.5576282590412112,0.48512820512820515,0.46146341463414636,0.473,0.48807157057654077,-0.015071570576540794,0.6427118644067796,0.24490279420817204
interaction_consensus+macro_cross_asset,interaction_consensus|macro_cross_asset,2,41,3356,2007-06-08,2020-10-26,0.5882403461400827,0.6028146654087642,-0.014574319268681468,0.020688067356516886,0.5705325482286346,0.49396471680594245,0.510556621880998,0.5021236432279377,0.5385288966725044,-0.03640525344456669,0.6380789022298456,0.24206005427435118
flat_regime_state+futures_core+rates_credit,flat_regime_state|futures_core|rates_credit,3,80,3130,2007-06-11,2020-10-26,0.5809715269635155,0.5956185453516829,-0.014647018388167399,0.01607542490567416,0.5624426699228036,0.48792270531400966,0.513733468972533,0.5004955401387512,0.5328947368421053,-0.032399196703354116,0.6230366492146597,0.2483739119301498
futures_core+interaction_consensus+technical_dynamics+trend_direction,futures_core|interaction_consensus|technical_dynamics|trend_direction,4,82,3151,2008-04-10,2020-10-26,0.58152260111023,0.5963665537661105,-0.014843952655880455,0.01807647791085025,0.5653631222809371,0.4838709677419355,0.5103092783505154,0.4967385850476668,0.5344906349931475,-0.037752049945480703,0.6324661048002932,0.24613929703531165
futures_core+interaction_consensus+rates_credit+trend_direction,futures_core|interaction_consensus|rates_credit|trend_direction,4,77,3151,2008-04-10,2020-10-26,0.5812735775641643,0.5963665537661105,-0.015092976201946162,0.026475255442065682,0.5647939256042156,0.4792243767313019,0.5350515463917526,0.5056015586945932,0.5344906349931475,-0.028889076298554306,0.6197077557137505,0.24768866599607903
calendar+flat_regime_state+volatility_options_core,calendar|flat_regime_state|volatility_options_core,3,77,3072,2007-06-11,2020-10-26,0.5743565997270423,0.5897015724467469,-0.015344972719704586,0.0166897689716304,0.5584491546667409,0.47771836007130125,0.5548654244306418,0.5134099616858238,0.5118577075098815,0.0015522541759422914,0.5968253968253968,0.24931299587893552
flat_regime_state+futures_core+macro_cross_asset+rates_credit+technical_dynamics+trend_direction,flat_regime_state|futures_core|macro_cross_asset|rates_credit|technical_dynamics|trend_direction,6,127,2935,2008-04-10,2020-10-26,0.5672365524339208,0.5829669842827738,-0.015730431848853033,0.01695827630924483,0.548582995951417,0.47380410022779046,0.45614035087719296,0.464804469273743,0.47131608548931386,-0.006511616215570837,0.6326687116564417,0.25234770802004725
calendar+equity_rotation+macro_cross_asset+technical_dynamics+trend_direction,calendar|equity_rotation|macro_cross_asset|technical_dynamics|trend_direction,5,87,3145,2008-04-10,2020-10-26,0.5660465842202271,0.5818493965158452,-0.015802812295618085,0.029398619904979842,0.5606263749331113,0.4711033274956217,0.5557851239669421,0.5099526066350711,0.46212534059945504,0.0478272660356161,0.6032233307751343,0.2513695213446728
flat_regime_state+interaction_consensus+rates_credit+trend_direction,flat_regime_state|interaction_consensus|rates_credit|trend_direction,4,100,2943,2008-04-10,2020-10-26,0.5547890972841549,0.570775078925327,-0.015985981641172042,0.03368468110500013,0.5407915082791057,0.46,0.4786418400876232,0.4691358024691358,0.48488063660477454,-0.015744834135638763,0.6117000392618768,0.255693426888435
equity_rotation+rates_credit+technical_dynamics+trend_direction,equity_rotation|rates_credit|technical_dynamics|trend_direction,4,86,3157,2008-04-10,2020-10-26,0.5740165494048408,0.5900327448117174,-0.0160161954068766,0.01677178625037788,0.5515996283021373,0.4730728616684266,0.4609053497942387,0.4669098488796248,0.4675467546754675,-0.000636905795842746,0.6365896980461812,0.2462545274329101
equity_rotation+futures_core+technical_dynamics+trend_direction+volatility_options_core,equity_rotation|futures_core|technical_dynamics|trend_direction|volatility_options_core,5,94,3084,2008-04-10,2020-10-26,0.5717283986883137,0.5877804765298755,-0.016052077841561818,0.03146249603168476,0.562139282406799,0.47432306255835666,0.5364308342133052,0.5034687809712587,0.4749455337690632,0.028523247202195512,0.61579754601227,0.25053458524027783
calendar+equity_rotation+flat_regime_state+macro_cross_asset+technical_dynamics+trend_direction,calendar|equity_rotation|flat_regime_state|macro_cross_asset|technical_dynamics|trend_direction,6,120,2935,2008-04-10,2020-10-26,0.5669115241483662,0.5829669842827738,-0.016055460134407618,0.010900291402374194,0.555834151228888,0.49047013977128334,0.4232456140350877,0.4543849323131254,0.47131608548931386,-0.016931153176188485,0.6565394590589108,0.25137941067008823
breadth+flat_regime_state+rates_credit+technical_dynamics+trend_direction,breadth|flat_regime_state|rates_credit|technical_dynamics|trend_direction,5,124,2943,2008-04-10,2020-10-26,0.5547153432192039,0.570775078925327,-0.01605973570612307,0.007364243601744263,0.5391850260597696,0.4591397849462366,0.46768893756845564,0.46337493217580034,0.48488063660477454,-0.021505704428974204,0.6147253603428127,0.25561467400578525
interaction_consensus+technical_dynamics,interaction_consensus|technical_dynamics,2,54,3364,2007-06-08,2020-10-26,0.5998138934501122,0.6159656998889322,-0.016151806438820082,0.00791189859790254,0.5749555145729464,0.5083160083160083,0.4692898272552783,0.4880239520958084,0.5485307212822796,-0.06050676918647124,0.6627218934911243,0.24333030068612066
breadth+futures_core+interaction_consensus+rates_credit+trend_direction+volatility_options_core,breadth|futures_core|interaction_consensus|rates_credit|trend_direction|volatility_options_core,6,106,3084,2008-04-10,2020-10-26,0.5716062591121536,0.5877804765298755,-0.01617421741772196,0.022392417338947198,0.5578126038766174,0.4843568945538818,0.44139387539598735,0.46187845303867403,0.4749455337690632,-0.013067080730389147,0.6541193181818182,0.24761927052586707
interaction_consensus+macro_cross_asset+technical_dynamics,interaction_consensus|macro_cross_asset|technical_dynamics,3,62,3356,2007-06-08,2020-10-26,0.5866235075962133,0.6028146654087642,-0.01619115781255087,0.03309741922972184,0.5716113081102183,0.4980769230769231,0.4971209213051823,0.49759846301633043,0.5385288966725044,-0.04093043365617394,0.6456639566395664,0.2414615538022506
equity_rotation+futures_core+trend_direction,equity_rotation|futures_core|trend_direction,3,59,3151,2008-04-10,2020-10-26,0.579987697050998,0.5963665537661105,-0.016378856715112522,0.019341249665162673,0.5646104930814441,0.4813753581661891,0.5195876288659794,0.4997521070897372,0.5344906349931475,-0.03473852790341031,0.6269870609981516,0.24475192082175276
flat_regime_state+macro_cross_asset,flat_regime_state|macro_cross_asset,2,62,3124,2007-06-11,2020-10-26,0.5803164831548082,0.597319131111244,-0.0170026479564358,0.029241791234813633,0.5565649123331937,0.4844221105527638,0.4903357070193286,0.487360970677452,0.5306122448979592,-0.04325127422050723,0.6255539143279173,0.24472738359220034
calendar+flat_regime_state+futures_core+technical_dynamics+trend_direction,calendar|flat_regime_state|futures_core|technical_dynamics|trend_direction,5,112,2941,2008-04-10,2020-10-26,0.5667557081766208,0.5837641337859987,-0.017008425609377875,0.0076569075685924476,0.5554080005152656,0.48228571428571426,0.4617067833698031,0.47177193963107883,0.534838076545633,-0.06306613691455415,0.6394505913773368,0.2522502646921674
calendar+equity_rotation+flat_regime_state+futures_core+technical_dynamics+trend_direction,calendar|equity_rotation|flat_regime_state|futures_core|technical_dynamics|trend_direction,6,122,2941,2008-04-10,2020-10-26,0.5667001984789496,0.5837641337859987,-0.017063935307049083,0.017924669268050072,0.5574355875637937,0.4719626168224299,0.5525164113785558,0.5090725806451613,0.534838076545633,-0.025765495900471724,0.5985160758450123,0.25211712828189686
interaction_consensus+trend_direction,interaction_consensus|trend_direction,2,51,3153,2008-04-10,2020-10-26,0.5855418657279357,0.6026375926282004,-0.01709572690026473,0.01275453562754611,0.5640365927613187,0.5031685678073511,0.4092783505154639,0.45139283683911313,0.5045965270684372,-0.05320369022932403,0.6749747389693499,0.24774729822720765
flat_regime_state+interaction_consensus,flat_regime_state|interaction_consensus,2,66,3132,2007-06-11,2020-10-26,0.5732846421870813,0.5908495637154174,-0.017564921528336108,0.01591128230410267,0.5690733047440365,0.4893048128342246,0.5579268292682927,0.5213675213675214,0.5346171480972031,-0.013249626729681663,0.6111111111111112,0.24938068551161935
equity_rotation+macro_cross_asset+rates_credit+trend_direction+volatility_options_core,equity_rotation|macro_cross_asset|rates_credit|trend_direction|volatility_options_core,5,87,3078,2008-04-10,2020-10-26,0.5670403779067509,0.5850352345212844,-0.017994856614533483,0.007500867556495239,0.5559657832785586,0.4815668202764977,0.44232804232804235,0.4611141753998897,0.5077928607340372,-0.046678685334147485,0.6511960014280614,0.250806129957801
futures_core+interaction_consensus+macro_cross_asset+trend_direction,futures_core|interaction_consensus|macro_cross_asset|trend_direction,4,69,3145,2008-04-10,2020-10-26,0.5637114275521731,0.5818493965158452,-0.018137968963672146,0.02679538689078713,0.5488732980557702,0.4755244755244755,0.4214876033057851,0.44687842278203727,0.46212534059945504,-0.015246917817417771,0.6505190311418685,0.25059166586139225
futures_core+macro_cross_asset+technical_dynamics+trend_direction,futures_core|macro_cross_asset|technical_dynamics|trend_direction,4,78,3145,2008-04-10,2020-10-26,0.5635152208811464,0.5818493965158452,-0.018334175634698857,0.03041277728607316,0.5486243236815507,0.4745958429561201,0.42458677685950413,0.44820065430752454,0.46212534059945504,-0.0139246862919305,0.648854961832061,0.24882495254417672
rates_credit+technical_dynamics+trend_direction,rates_credit|technical_dynamics|trend_direction,3,76,3157,2008-04-10,2020-10-26,0.5715905571042966,0.5900327448117174,-0.018442187707420787,0.02411159353390686,0.5593389088012743,0.4927536231884058,0.41975308641975306,0.4533333333333333,0.4675467546754675,-0.014213421342134214,0.6646216768916156,0.24666726005288397
calendar+flat_regime_state+futures_core+macro_cross_asset+technical_dynamics+trend_direction,calendar|flat_regime_state|futures_core|macro_cross_asset|technical_dynamics|trend_direction,6,120,2935,2008-04-10,2020-10-26,0.5643257814310446,0.5829669842827738,-0.01864120285172921,0.023136042126053843,0.5472756410256411,0.4688841201716738,0.4791666666666667,0.47396963123644253,0.47131608548931386,0.0026535457471286716,0.620203602192639,0.2532025872931892
flat_regime_state+futures_core,flat_regime_state|futures_core,2,64,3130,2007-06-11,2020-10-26,0.5766982204445492,0.5956185453516829,-0.01892032490713369,0.03168584702066486,0.5647862525740226,0.4752851711026616,0.6358087487283826,0.5439512619669278,0.5328947368421053,0.01105652512482247,0.5622389306599833,0.2494278065476544
flat_regime_state+futures_core+volatility_options_core,flat_regime_state|futures_core|volatility_options_core,3,78,3070,2007-06-11,2020-10-26,0.567956203813556,0.5868944874807112,-0.01893828366715511,0.010247796947396236,0.5563042315118524,0.4867444326617179,0.4751552795031056,0.4808800419067575,0.5149583128984796,-0.034078270991722115,0.6320089119940586,0.25077233227719253
calendar+macro_cross_asset,calendar|macro_cross_asset,2,38,3356,2007-06-08,2020-10-26,0.5834425322879729,0.6028146654087642,-0.019372133120791224,0.022238058075185953,0.560825661212141,0.48554913294797686,0.4836852207293666,0.4846153846153846,0.5385288966725044,-0.05391351205711975,0.6371022342586323,0.24172721920146462
calendar+equity_rotation+interaction_consensus+volatility_options_core,calendar|equity_rotation|interaction_consensus|volatility_options_core,4,66,3297,2007-06-08,2020-10-26,0.5832060924551105,0.6036113928694751,-0.020405300414364613,0.003323257479824064,0.5673558356353592,0.49643947100712105,0.4765625,0.4862979571499751,0.5294659300184162,-0.04316797286844115,0.6489615253660197,0.24741473466319486
breadth+rates_credit+volatility_options_core,breadth|rates_credit|volatility_options_core,3,66,3301,2007-06-08,2020-10-26,0.572599495374264,0.5933476871320437,-0.020748191757779644,0.010182281409690975,0.5532380151387721,0.4803312629399586,0.4526829268292683,0.46609743847312907,0.48807157057654077,-0.021974132103411703,0.6407570125042245,0.25214243102429207
breadth+equity_rotation+technical_dynamics+trend_direction,breadth|equity_rotation|technical_dynamics|trend_direction,4,85,3157,2008-04-10,2020-10-26,0.5691815272062186,0.5900327448117174,-0.020851217605498795,0.013691969659623599,0.5563852382848798,0.4780793319415449,0.4711934156378601,0.47461139896373056,0.4675467546754675,0.007064644288263033,0.6383737517831669,0.24725837952836
equity_rotation+volatility_options_core,equity_rotation|volatility_options_core,2,45,3301,2007-06-08,2020-10-26,0.5724915054667788,0.5933476871320437,-0.020856181665264817,0.02377667783444752,0.5572245584524811,0.49206349206349204,0.42341463414634145,0.4551651809124279,0.48807157057654077,-0.032906389664112856,0.6585606309562931,0.24666201517553657
calendar+futures_core+trend_direction,calendar|futures_core|trend_direction,3,58,3151,2008-04-10,2020-10-26,0.5754044779769802,0.5963665537661105,-0.02096207578913023,0.026192906499505963,0.5548155669361952,0.48053392658509453,0.44536082474226807,0.4622792937399679,0.5344906349931475,-0.07221134125317963,0.647739221871714,0.24509373848770674
equity_rotation+flat_regime_state+futures_core+interaction_consensus+trend_direction,equity_rotation|flat_regime_state|futures_core|interaction_consensus|trend_direction,5,104,2941,2008-04-10,2020-10-26,0.5626623976460499,0.5837641337859987,-0.021101736139948812,0.031917370086871504,0.5536554195261929,0.47874720357941836,0.4682713347921225,0.47345132743362833,0.534838076545633,-0.061386749112004646,0.6341275941583397,0.24894965190612184
futures_core+macro_cross_asset+volatility_options_core,futures_core|macro_cross_asset|volatility_options_core,3,53,3289,2007-06-08,2020-10-26,0.5835777126099707,0.6046928950154757,-0.02111518240550503,0.013585198584671297,0.5599933341868826,0.4900523560209424,0.4574780058651026,0.47320525783619816,0.5324137931034483,-0.05920853526725012,0.6472579553148273,0.2460866611884057
equity_rotation+technical_dynamics,equity_rotation|technical_dynamics,2,52,3368,2007-06-08,2020-10-26,0.5871363126354052,0.6085387355804779,-0.021402422945072663,0.032803346378931945,0.5710925744954783,0.4879931389365352,0.5450191570881227,0.5149321266968325,0.5344057193923145,-0.01947359269548199,0.6228008444757214,0.24175371935638929
macro_cross_asset+technical_dynamics+volatility_options_core,macro_cross_asset|technical_dynamics|volatility_options_core,3,64,3289,2007-06-08,2020-10-26,0.5832383251738091,0.6046928950154757,-0.021454569841666604,0.02310467939178264,0.5684079071175845,0.5010526315789474,0.46529814271749753,0.48251393816523064,0.5324137931034483,-0.049899854938217636,0.654950996958432,0.2414815208284028
calendar+futures_core+technical_dynamics+trend_direction,calendar|futures_core|technical_dynamics|trend_direction,4,79,3151,2008-04-10,2020-10-26,0.5747711725599769,0.5963665537661105,-0.02159538120613358,0.014977707956938523,0.5580569493133324,0.4904076738609113,0.4216494845360825,0.4534368070953437,0.5344906349931475,-0.08105382789780385,0.6620973269362577,0.24803697838261538
calendar+flat_regime_state+futures_core+trend_direction,calendar|flat_regime_state|futures_core|trend_direction,4,91,2941,2008-04-10,2020-10-26,0.5621657765340593,0.5837641337859987,-0.02159835725193937,0.017881087421291963,0.5532829536922,0.48363636363636364,0.4365426695842451,0.45888441633122484,0.534838076545633,-0.07595366021440814,0.6476974915761887,0.25407774600036687
calendar+equity_rotation+trend_direction+volatility_options_core,calendar|equity_rotation|trend_direction|volatility_options_core,4,72,3090,2008-04-10,2020-10-26,0.579129611657595,0.6007794752571336,-0.021649863599538577,0.026350146400476133,0.5694540050243471,0.4961154273029967,0.47102212855637515,0.48324324324324325,0.5196770938446014,-0.03643385060135812,0.6563623292595255,0.24546967723329813
futures_core+interaction_consensus+rates_credit+trend_direction+volatility_options_core,futures_core|interaction_consensus|rates_credit|trend_direction|volatility_options_core,5,91,3084,2008-04-10,2020-10-26,0.5659839734323231,0.5877804765298755,-0.021796503097552433,0.02644442587360221,0.563133405792508,0.47115384615384615,0.5691657866948258,0.5155428024868484,0.4749455337690632,0.040597268717785184,0.6003944773175542,0.2501073473456638
breadth+equity_rotation+macro_cross_asset+trend_direction+volatility_options_core,breadth|equity_rotation|macro_cross_asset|trend_direction|volatility_options_core,5,86,3078,2008-04-10,2020-10-26,0.5628949801490184,0.5850352345212844,-0.022140254372265966,0.007871259174445464,0.549456914434888,0.46372549019607845,0.5005291005291005,0.4814249363867684,0.5077928607340372,-0.026367924347268756,0.6153265383163458,0.24735516909560806
calendar+rates_credit+trend_direction,calendar|rates_credit|trend_direction,3,64,3157,2008-04-10,2020-10-26,0.5678201100343673,0.5900327448117174,-0.022212634777350138,0.016082839086606866,0.5493428912783751,0.46706586826347307,0.48148148148148145,0.47416413373860183,0.4675467546754675,0.00661737906313431,0.6239130434782608,0.24924712301445884
macro_cross_asset+technical_dynamics+trend_direction+volatility_options_core,macro_cross_asset|technical_dynamics|trend_direction|volatility_options_core,4,82,3078,2008-04-10,2020-10-26,0.5627687263516925,0.5850352345212844,-0.02226650816959186,0.008710564189045096,0.5475351374029789,0.4608695652173913,0.5047619047619047,0.4818181818181818,0.5077928607340372,-0.025974678915855365,0.6104783599088838,0.25089035227107725
interaction_consensus+volatility_options_core,interaction_consensus|volatility_options_core,2,47,3297,2007-06-08,2020-10-26,0.5810000593491023,0.6036113928694751,-0.02261133352037281,0.025614198582278345,0.5594785911602209,0.4767747589833479,0.53125,0.502540415704388,0.5294659300184162,-0.02692551431402823,0.612450521770421,0.24577085943464397
equity_rotation+flat_regime_state+interaction_consensus+macro_cross_asset+trend_direction,equity_rotation|flat_regime_state|interaction_consensus|macro_cross_asset|trend_direction,5,102,2935,2008-04-10,2020-10-26,0.5601408825093035,0.5829669842827738,-0.02282610177347033,0.03076550912055561,0.5549498016603279,0.4634551495016611,0.6118421052631579,0.5274102079395085,0.47131608548931386,0.05609412245019468,0.5617879053461875,0.2527104210866597
flat_regime_state+macro_cross_asset+trend_direction,flat_regime_state|macro_cross_asset|trend_direction,3,80,2935,2008-04-10,2020-10-26,0.5600931719352773,0.5829669842827738,-0.022873812347496525,0.026135422901422335,0.5466660532450006,0.47306791569086654,0.44298245614035087,0.4575311438278596,0.47131608548931386,-0.013784941661454275,0.6360182370820668,0.25440028378281343
equity_rotation+rates_credit+trend_direction,equity_rotation|rates_credit|trend_direction,3,65,3157,2008-04-10,2020-10-26,0.5669063527884715,0.5900327448117174,-0.023126392023245956,0.020097311111848263,0.5577226868445506,0.4834801762114537,0.45164609053497945,0.46702127659574466,0.4675467546754675,-0.0005254780797228631,0.6489138051857043,0.24837912971658338
flat_regime_state+rates_credit+trend_direction+volatility_options_core,flat_regime_state|rates_credit|trend_direction|volatility_options_core,4,102,2883,2008-04-10,2020-10-26,0.542163483273056,0.5653201994801086,-0.02315671620705262,0.022269940281234288,0.5427709651898734,0.4695121951219512,0.4296875,0.44871794871794873,0.5159332321699545,-0.06721528345200573,0.6367127496159755,0.2556995253444448
equity_rotation+flat_regime_state+futures_core+rates_credit+technical_dynamics+trend_direction,equity_rotation|flat_regime_state|futures_core|rates_credit|technical_dynamics|trend_direction,6,129,2941,2008-04-10,2020-10-26,0.5605174351299266,0.5837641337859987,-0.023246698656072096,0.016719282152572415,0.5538634749579228,0.4771739130434783,0.4803063457330416,0.4787350054525627,0.534838076545633,-0.05610307109307028,0.6288819875776398,0.2545279806348832
futures_core+rates_credit+volatility_options_core,futures_core|rates_credit|volatility_options_core,3,61,3295,2007-06-08,2020-10-26,0.5840245582582619,0.6073693703194439,-0.023344812061181996,0.006773823433979789,0.5680479672917098,0.4845094664371773,0.5503421309872922,0.5153318077803204,0.5386715195632393,-0.023339711782918937,0.615328732292045,0.24584344434648625
equity_rotation+interaction_consensus,equity_rotation|interaction_consensus,2,43,3364,2007-06-08,2020-10-26,0.592432163773764,0.6159656998889322,-0.023533536115168285,0.0038977667113556077,0.5683799010110148,0.5010526315789474,0.45681381957773515,0.4779116465863454,0.5485307212822796,-0.07061907469593426,0.6594629993451212,0.2406855020736265
calendar+futures_core+technical_dynamics+trend_direction+volatility_options_core,calendar|futures_core|technical_dynamics|trend_direction|volatility_options_core,5,93,3084,2008-04-10,2020-10-26,0.5642454170602705,0.5877804765298755,-0.02353505946960499,0.03762132201070138,0.5496203623680236,0.4682203389830508,0.46673706441393875,0.46747752511898466,0.4749455337690632,-0.007468008650078517,0.6318098720292504,0.25324248245848635
equity_rotation+rates_credit+volatility_options_core,equity_rotation|rates_credit|volatility_options_core,3,61,3301,2007-06-08,2020-10-26,0.5697009251471825,0.5933476871320437,-0.023646761984861153,0.010318370351024926,0.5504962153069806,0.47389162561576353,0.4692682926829268,0.4715686274509804,0.48807157057654077,-0.016502943125560388,0.629553264604811,0.24851889618449052
flat_regime_state+interaction_consensus+technical_dynamics+trend_direction,flat_regime_state|interaction_consensus|technical_dynamics|trend_direction,4,105,2943,2008-04-10,2020-10-26,0.5467668591619503,0.570775078925327,-0.024008219763376637,0.059321936713603605,0.547041105598866,0.48575498575498577,0.37349397590361444,0.42229102167182664,0.48488063660477454,-0.0625896149329479,0.6661896243291592,0.2575240949023201
equity_rotation+interaction_consensus+macro_cross_asset+trend_direction+volatility_options_core,equity_rotation|interaction_consensus|macro_cross_asset|trend_direction|volatility_options_core,5,83,3078,2008-04-10,2020-10-26,0.5607335151388015,0.5850352345212844,-0.024301719382482823,0.029544011320004955,0.5513215859030838,0.4827586206896552,0.4,0.4375,0.5077928607340372,-0.07029286073403718,0.6632016632016632,0.25501981400995266
calendar+futures_core+macro_cross_asset+technical_dynamics+trend_direction,calendar|futures_core|macro_cross_asset|technical_dynamics|trend_direction,5,87,3145,2008-04-10,2020-10-26,0.5574565967061061,0.5818493965158452,-0.024392799809739074,0.03038984344305252,0.5468175872525121,0.46368159203980097,0.48140495867768596,0.47237709072478457,0.46212534059945504,0.010251750125329528,0.6204885162231134,0.2518940587621412
breadth+flat_regime_state+trend_direction,breadth|flat_regime_state|trend_direction,3,87,2943,2008-04-10,2020-10-26,0.546259905933896,0.570775078925327,-0.024515172991431022,0.029584392129802392,0.5506775201001021,0.4889502762430939,0.3877327491785323,0.4324984728161271,0.48488063660477454,-0.05238216378864746,0.6649837720879913,0.2572799005528882
breadth+flat_regime_state+futures_core+macro_cross_asset+trend_direction+volatility_options_core,breadth|flat_regime_state|futures_core|macro_cross_asset|trend_direction|volatility_options_core,6,119,2875,2008-04-10,2020-10-26,0.5283932829888712,0.5530848107824211,-0.024691527793549883,0.02069006928861233,0.5265098015557574,0.4493975903614458,0.41629464285714285,0.4322132097334878,0.4275184275184275,0.004694782215060311,0.6204492641363284,0.2584071814859724
futures_core+technical_dynamics,futures_core|technical_dynamics,2,52,3362,2007-06-08,2020-10-26,0.5849315228599108,0.6097478306265405,-0.024816307766629686,0.03045654577420247,0.5688803669429301,0.49948927477017363,0.4692898272552783,0.4839188520534389,0.5228758169934641,-0.03895696494002521,0.6545213646902948,0.24387615365106544
calendar+macro_cross_asset+rates_credit+technical_dynamics+trend_direction,calendar|macro_cross_asset|rates_credit|technical_dynamics|trend_direction,5,93,3145,2008-04-10,2020-10-26,0.5565885308282299,0.5818493965158452,-0.02526086568761532,0.032069160435127135,0.5569802009631963,0.4942084942084942,0.39669421487603307,0.44011461318051576,0.46212534059945504,-0.02201072741893928,0.6711544934365533,0.25107527752653136
flat_regime_state+technical_dynamics,flat_regime_state|technical_dynamics,2,75,3132,2007-06-11,2020-10-26,0.565430030673933,0.5908495637154174,-0.025419533041484366,0.022270096438499438,0.5527863396765835,0.4875,0.43597560975609756,0.46030042918454933,0.5346171480972031,-0.07431671891265373,0.6450247000705717,0.24857652789621762
futures_core+macro_cross_asset,futures_core|macro_cross_asset,2,39,3356,2007-06-08,2020-10-26,0.5764689807736101,0.6028146654087642,-0.026345684635154076,0.01762982008440165,0.5584319594001106,0.5012224938875306,0.3934740882917466,0.44086021505376344,0.5385288966725044,-0.09766868161874093,0.6723377441713926,0.24559952055415513
interaction_consensus+macro_cross_asset+technical_dynamics+trend_direction,interaction_consensus|macro_cross_asset|technical_dynamics|trend_direction,4,80,3145,2008-04-10,2020-10-26,0.5553904810036268,0.5818493965158452,-0.02645891551221846,0.023065207398674344,0.546770765206017,0.46885245901639344,0.4431818181818182,0.4556558682952735,0.46212534059945504,-0.006469472304181545,0.6381927285563007,0.251520555065409
equity_rotation+macro_cross_asset,equity_rotation|macro_cross_asset,2,39,3356,2007-06-08,2020-10-26,0.5761326002797749,0.6028146654087642,-0.026682065128989296,0.016946613317096144,0.5587699664920784,0.48554336989032904,0.4673704414587332,0.4762836185819071,0.5385288966725044,-0.06224527809059727,0.6416861826697893,0.24468549450756688
rates_credit,rates_credit,1,37,3368,2007-06-08,2020-10-26,0.5816955444904628,0.6085387355804779,-0.026843191090015095,0.017163702440705843,0.5658767276280888,0.4883720930232558,0.5028735632183908,0.49551675318546484,0.5344057193923145,-0.03888896620684967,0.6355267644050461,0.2446211707893054
equity_rotation+macro_cross_asset+technical_dynamics,equity_rotation|macro_cross_asset|technical_dynamics,3,60,3356,2007-06-08,2020-10-26,0.5759712417450145,0.6028146654087642,-0.0268434236637497,0.016290641344690784,0.5573004977390286,0.4981949458483754,0.39731285988483683,0.4420715429791778,0.5385288966725044,-0.09645735369332659,0.6694084150585258,0.2441288509541688
calendar+macro_cross_asset+technical_dynamics,calendar|macro_cross_asset|technical_dynamics,3,59,3356,2007-06-08,2020-10-26,0.5759484693711571,0.6028146654087642,-0.026866196037607093,0.028619731568447635,0.5586118611535834,0.4908700322234157,0.43857965451055664,0.46325392802838317,0.5385288966725044,-0.0752749686441212,0.6540346292061417,0.24604338228304623
calendar+equity_rotation+rates_credit+volatility_options_core,calendar|equity_rotation|rates_credit|volatility_options_core,4,70,3301,2007-06-08,2020-10-26,0.5661392767031119,0.5933476871320437,-0.02720841042893174,0.015508607985502043,0.5591589571068125,0.4671641791044776,0.6107317073170732,0.5293868921775898,0.48807157057654077,0.04131532160104906,0.5694390715667311,0.2521818364721912
calendar+trend_direction,calendar|trend_direction,2,48,3157,2008-04-10,2020-10-26,0.5627667890909627,0.5900327448117174,-0.027265955720754742,0.0039813115269189715,0.5434853312093455,0.47395171537484115,0.3837448559670782,0.42410460488914153,0.4675467546754675,-0.04344214978632599,0.6594957983193277,0.2463864424095656
futures_core+interaction_consensus+volatility_options_core,futures_core|interaction_consensus|volatility_options_core,3,57,3295,2007-06-08,2020-10-26,0.5799975393068688,0.6073693703194439,-0.02737183101257512,0.020927507675651696,0.568204126663503,0.4863436123348018,0.5395894428152492,0.5115848007414272,0.5386715195632393,-0.027086718821812128,0.620863309352518,0.24547199675629217
calendar+flat_regime_state+interaction_consensus+trend_direction+volatility_options_core,calendar|flat_regime_state|interaction_consensus|trend_direction|volatility_options_core,5,107,2883,2008-04-10,2020-10-26,0.5379111098553346,0.5653201994801086,-0.027409089624773952,0.05456800051543262,0.5266726943942134,0.44815256257449343,0.41964285714285715,0.4334293948126801,0.5159332321699545,-0.08250383735727435,0.6197292069632495,0.2598023406790526
breadth+equity_rotation+interaction_consensus+trend_direction,breadth|equity_rotation|interaction_consensus|trend_direction,4,76,3153,2008-04-10,2020-10-26,0.5750846780754042,0.6026375926282004,-0.02755291455279618,0.017565391955315996,0.5637592628200387,0.48824786324786323,0.4711340206185567,0.4795383001049318,0.5045965270684372,-0.025058226963505348,0.6484762579730687,0.24563253388048617
flat_regime_state+futures_core+rates_credit+trend_direction,flat_regime_state|futures_core|rates_credit|trend_direction,4,98,2941,2008-04-10,2020-10-26,0.5561711529237084,0.5837641337859987,-0.02759298086229023,0.008709637605885945,0.5443119933151069,0.46756152125279643,0.4573304157549234,0.46238938053097345,0.534838076545633,-0.07244869601465953,0.6264411990776326,0.2522941940400693
calendar+technical_dynamics,calendar|technical_dynamics,2,51,3368,2007-06-08,2020-10-26,0.5809315877373954,0.6085387355804779,-0.02760714784308249,0.012809336749397344,0.5565638233514821,0.4993788819875776,0.3850574712643678,0.43482963764196864,0.5344057193923145,-0.09957608175034588,0.6737433655947549,0.24381688565540305
flat_regime_state+volatility_options_core,flat_regime_state|volatility_options_core,2,68,3072,2007-06-11,2020-10-26,0.5619384947714057,0.5897015724467469,-0.027763077675341252,0.011619756844190749,0.5451146143776286,0.4810744810744811,0.4078674948240166,0.4414565826330532,0.5118577075098815,-0.07040112487682826,0.646829613885937,0.2484000286108104
equity_rotation+flat_regime_state+rates_credit,equity_rotation|flat_regime_state|rates_credit,3,80,3132,2007-06-11,2020-10-26,0.5628573662110247,0.5908495637154174,-0.027992197504392746,0.036933697988544296,0.5419871794871794,0.4688149688149688,0.4583333333333333,0.4635149023638232,0.5346171480972031,-0.07110224573337987,0.6206395348837209,0.25254719060298836
breadth+futures_core+interaction_consensus+trend_direction,breadth|futures_core|interaction_consensus|trend_direction,4,76,3151,2008-04-10,2020-10-26,0.5681175746885352,0.5963665537661105,-0.028248979077575287,0.02140392072310103,0.5512273303341807,0.4794841735052755,0.4216494845360825,0.4487109160724081,0.5344906349931475,-0.08577971892073943,0.6533287340462228,0.24553800803325604
calendar+interaction_consensus+macro_cross_asset+technical_dynamics+trend_direction,calendar|interaction_consensus|macro_cross_asset|technical_dynamics|trend_direction,5,89,3145,2008-04-10,2020-10-26,0.5533801058326893,0.5818493965158452,-0.028469290683155957,0.02666364951986795,0.5422691598787086,0.4671361502347418,0.41115702479338845,0.43736263736263736,0.46212534059945504,-0.024762703236817674,0.6464088397790055,0.25215811548000494
breadth+macro_cross_asset+trend_direction,breadth|macro_cross_asset|trend_direction,3,62,3145,2008-04-10,2020-10-26,0.5532418693144657,0.5818493965158452,-0.02860752720137949,0.028099111833472842,0.5490962601819371,0.4632768361581921,0.5082644628099173,0.48472906403940885,0.46212534059945504,0.022603723439953816,0.6105733432613552,0.24916169568606766
calendar+flat_regime_state+interaction_consensus+macro_cross_asset+trend_direction,calendar|flat_regime_state|interaction_consensus|macro_cross_asset|trend_direction,5,101,2935,2008-04-10,2020-10-26,0.554066304066304,0.5829669842827738,-0.028900680216469854,0.025900370702137982,0.55216001104159,0.4898785425101215,0.3980263157894737,0.43920145190562615,0.47131608548931386,-0.03211463358368771,0.6622950819672131,0.2574215029586672
calendar+futures_core+volatility_options_core,calendar|futures_core|volatility_options_core,3,54,3295,2007-06-08,2020-10-26,0.5779296106561533,0.6073693703194439,-0.0294397596632906,0.016036943321909445,0.5668169447114701,0.4979123173277662,0.4662756598240469,0.4815749621403332,0.5386715195632393,-0.05709655742290615,0.6526885356780521,0.24656094028685252
equity_rotation+futures_core+macro_cross_asset+technical_dynamics+trend_direction+volatility_options_core,equity_rotation|futures_core|macro_cross_asset|technical_dynamics|trend_direction|volatility_options_core,6,102,3078,2008-04-10,2020-10-26,0.5555353549479835,0.5850352345212844,-0.029499879573300913,0.03786872208962695,0.5488602195650654,0.47619047619047616,0.4126984126984127,0.4421768707482993,0.5077928607340372,-0.06561598998573787,0.6547368421052632,0.25131246979661487
flat_regime_state+interaction_consensus+rates_credit,flat_regime_state|interaction_consensus|rates_credit,3,82,3132,2007-06-11,2020-10-26,0.561127490395783,0.5908495637154174,-0.02972207331963439,0.008138116589411902,0.5496794871794872,0.47927736450584485,0.4583333333333333,0.4685714285714286,0.5346171480972031,-0.06604571952577448,0.6310854670032456,0.2503227066595394
macro_cross_asset+rates_credit+trend_direction+volatility_options_core,macro_cross_asset|rates_credit|trend_direction|volatility_options_core,4,77,3078,2008-04-10,2020-10-26,0.5549565298463977,0.5850352345212844,-0.030078704674886714,0.03327691311502278,0.5489254830664523,0.47362250879249707,0.4275132275132275,0.44938820912124583,0.5077928607340372,-0.05840465161279135,0.6484375,0.2520618201308154
equity_rotation+interaction_consensus+technical_dynamics+trend_direction,equity_rotation|interaction_consensus|technical_dynamics|trend_direction,4,82,3153,2008-04-10,2020-10-26,0.5725132748598559,0.6026375926282004,-0.030124317768344455,0.014205715708794293,0.5614356076853673,0.4975186104218362,0.4134020618556701,0.45157657657657657,0.5045965270684372,-0.05301995049186059,0.6700542005420054,0.24802727147164672
calendar+equity_rotation+interaction_consensus+trend_direction,calendar|equity_rotation|interaction_consensus|trend_direction,4,70,3153,2008-04-10,2020-10-26,0.5723838542205919,0.6026375926282004,-0.030253738407608477,0.004738364370019304,0.5545859279090062,0.47024952015355087,0.5051546391752577,0.4870775347912525,0.5045965270684372,-0.017518992277184675,0.6200294550810015,0.24850017111639824
macro_cross_asset+rates_credit,macro_cross_asset|rates_credit,2,45,3356,2007-06-08,2020-10-26,0.5725446501187417,0.6028146654087642,-0.03027001529002249,0.025688599700353677,0.5538878948566968,0.48073022312373226,0.45489443378119004,0.46745562130177515,0.5385288966725044,-0.07107327537072922,0.6407185628742516,0.24668892732642037
breadth+flat_regime_state+futures_core+trend_direction,breadth|flat_regime_state|futures_core|trend_direction,4,97,2941,2008-04-10,2020-10-26,0.55343931306961,0.5837641337859987,-0.030324820716388645,0.010212100466730968,0.5553355412915878,0.48510131108462456,0.44529540481400437,0.4643468339988591,0.534838076545633,-0.07049124254677386,0.6465939028980052,0.25437530394785823
flat_regime_state,flat_regime_state,1,54,3132,2007-06-11,2020-10-26,0.5592930105125227,0.5908495637154174,-0.031556553202894744,0.034539730025495874,0.5547641383007236,0.4722932651321398,0.5630081300813008,0.5136764024107556,0.5346171480972031,-0.020940745686447437,0.5871704053522235,0.2519822640413684
futures_core+macro_cross_asset+technical_dynamics,futures_core|macro_cross_asset|technical_dynamics,3,60,3356,2007-06-08,2020-10-26,0.5710894954292592,0.6028146654087642,-0.03172516997950492,0.015844738327060192,0.5602693646507694,0.46875,0.6046065259117083,0.5280804694048616,0.5385288966725044,-0.010448427267642724,0.574773413897281,0.24509780822547528
interaction_consensus+rates_credit+volatility_options_core,interaction_consensus|rates_credit|volatility_options_core,3,63,3297,2007-06-08,2020-10-26,0.5718609720303868,0.6036113928694751,-0.0317504208390883,0.02739804599661636,0.5618606483080111,0.4787141615986099,0.5380859375,0.5066666666666667,0.5294659300184162,-0.022799263351749532,0.6124954857349224,0.24806634966795452
flat_regime_state+macro_cross_asset+rates_credit,flat_regime_state|macro_cross_asset|rates_credit,3,78,3124,2007-06-11,2020-10-26,0.5654112560588833,0.597319131111244,-0.0319078750523607,0.02927133575157597,0.5554369128119203,0.48416751787538304,0.4821973550356053,0.4831804281345566,0.5306122448979592,-0.047431816763402634,0.6277533039647577,0.2524626929960767
calendar+interaction_consensus,calendar|interaction_consensus,2,42,3364,2007-06-08,2020-10-26,0.5836999952047754,0.6159656998889322,-0.03226570468415679,0.03185830799265548,0.557579629886431,0.478584729981378,0.4932821497120921,0.48582230623818523,0.5485307212822796,-0.06270841504409441,0.6286689419795222,0.2460943944600509
flat_regime_state+futures_core+interaction_consensus+macro_cross_asset+technical_dynamics+trend_direction,flat_regime_state|futures_core|interaction_consensus|macro_cross_asset|technical_dynamics|trend_direction,6,123,2935,2008-04-10,2020-10-26,0.5505919519077414,0.5829669842827738,-0.032375032375032475,0.027828044747745438,0.5465868196131354,0.48342541436464087,0.38377192982456143,0.4278728606356968,0.47131608548931386,-0.04344322485361707,0.6611151339608979,0.2577559144810977
breadth+rates_credit+trend_direction,breadth|rates_credit|trend_direction,3,70,3157,2008-04-10,2020-10-26,0.5575180317713173,0.5900327448117174,-0.0325147130404001,0.03591005261746531,0.5443647949024293,0.4671857619577308,0.43209876543209874,0.4489577765900588,0.4675467546754675,-0.018588978085408714,0.6398882291302829,0.25439841054011586
macro_cross_asset+rates_credit+technical_dynamics,macro_cross_asset|rates_credit|technical_dynamics,3,66,3356,2007-06-08,2020-10-26,0.5701460685123133,0.6028146654087642,-0.03266859689645085,0.037226435220654906,0.5569306093236606,0.4958775029446408,0.4040307101727447,0.44526705446853515,0.5385288966725044,-0.09326184220396921,0.6662424435252943,0.24631071975048657
macro_cross_asset,macro_cross_asset,1,29,3356,2007-06-08,2020-10-26,0.5700035785158919,0.6028146654087642,-0.032811086892872265,0.019985513393494508,0.5530244965678779,0.47339449541284406,0.4952015355086372,0.48405253283302063,0.5385288966725044,-0.05447636383948373,0.6209510682288077,0.24337269618484475
macro_cross_asset+rates_credit+volatility_options_core,macro_cross_asset|rates_credit|volatility_options_core,3,59,3289,2007-06-08,2020-10-26,0.5714336036916682,0.6046928950154757,-0.03325929132380756,0.026505474292995285,0.5595919628177692,0.4923913043478261,0.44281524926686217,0.4662892434379825,0.5324137931034483,-0.06612454966546577,0.6530612244897959,0.2502204041711844
calendar+equity_rotation+flat_regime_state+volatility_options_core,calendar|equity_rotation|flat_regime_state|volatility_options_core,4,87,3072,2007-06-11,2020-10-26,0.5563679296375728,0.5897015724467469,-0.03333364280917417,0.006622090393200974,0.5410063225914269,0.4727061556329849,0.42132505175983437,0.4455391351943076,0.5118577075098815,-0.06631857231557386,0.6357425386551601,0.25208167521969516
interaction_consensus+rates_credit+trend_direction,interaction_consensus|rates_credit|trend_direction,3,67,3153,2008-04-10,2020-10-26,0.5686521025307281,0.6026375926282004,-0.033985490097472315,0.03757013813578007,0.5563948586726619,0.49476439790575916,0.38969072164948454,0.4359861591695502,0.5045965270684372,-0.06861036789888697,0.6733466933867736,0.25004129906775796
breadth+flat_regime_state+futures_core+trend_direction+volatility_options_core,breadth|flat_regime_state|futures_core|trend_direction|volatility_options_core,5,111,2881,2008-04-10,2020-10-26,0.5319119084847821,0.5665393955223617,-0.03462748703757956,0.030222503526900917,0.5250574440824654,0.44350580781414994,0.46770601336302897,0.45528455284552843,0.45278592375366566,0.0024986290918627696,0.593939393939394,0.26001606966240487
flat_regime_state+rates_credit+volatility_options_core,flat_regime_state|rates_credit|volatility_options_core,3,84,3072,2007-06-11,2020-10-26,0.5549752883541146,0.5897015724467469,-0.03472628409263234,0.008584778499547616,0.5417374592652424,0.4649122807017544,0.4937888198757764,0.4789156626506024,0.5118577075098815,-0.03294204485927904,0.6032110091743119,0.2523012857769602
equity_rotation+futures_core,equity_rotation|futures_core,2,41,3362,2007-06-08,2020-10-26,0.5747541030442653,0.6097478306265405,-0.03499372758227515,0.034969221509649775,0.5617112402245084,0.48333333333333334,0.5009596928982726,0.49198868991517436,0.5228758169934641,-0.030887127078289722,0.630568882796436,0.2441079295215566
calendar+flat_regime_state+rates_credit,calendar|flat_regime_state|rates_credit,3,79,3132,2007-06-11,2020-10-26,0.555842193037315,0.5908495637154174,-0.035007370678102445,0.006588497819920772,0.5466675600821942,0.4708171206225681,0.491869918699187,0.48111332007952284,0.5346171480972031,-0.05350382801768022,0.6113179448994788,0.25203423288129956
breadth+macro_cross_asset+technical_dynamics,breadth|macro_cross_asset|technical_dynamics,3,65,3356,2007-06-08,2020-10-26,0.5675389570252773,0.6028146654087642,-0.035275708383486815,0.025636524882877865,0.554451348449852,0.48088531187122735,0.45873320537428025,0.46954813359528486,0.5385288966725044,-0.06898076307721951,0.6397598398932621,0.24561785837601763
breadth,breadth,1,36,3368,2007-06-08,2020-10-26,0.5732144611454957,0.6085387355804779,-0.035324274434982206,0.042949088952405595,0.5599880559045713,0.4825636192271442,0.4904214559386973,0.4864608076009501,0.5344057193923145,-0.0479449117913644,0.6331862911435358,0.24509252958600622
equity_rotation+trend_direction+volatility_options_core,equity_rotation|trend_direction|volatility_options_core,3,63,3090,2008-04-10,2020-10-26,0.5652448232189892,0.6007794752571336,-0.03553465203814443,0.01728127251431736,0.5515010988350267,0.4715969989281886,0.4636459430979979,0.4675876726886291,0.5196770938446014,-0.05208942115597226,0.6356363636363637,0.24978285280918738
breadth+macro_cross_asset+trend_direction+volatility_options_core,breadth|macro_cross_asset|trend_direction|volatility_options_core,4,76,3078,2008-04-10,2020-10-26,0.5492887055295279,0.5850352345212844,-0.035746528991756454,0.020025249994899966,0.5481679602824977,0.4829467939972715,0.3746031746031746,0.42193087008343266,0.5077928607340372,-0.08586199065060451,0.6696185286103542,0.25725487903222205
calendar+flat_regime_state,calendar|flat_regime_state,2,63,3132,2007-06-11,2020-10-26,0.5550932130200423,0.5908495637154174,-0.03575635069537508,0.03073851232165403,0.544785803627267,0.4802395209580838,0.40752032520325204,0.44090159428257286,0.5346171480972031,-0.0937155538146302,0.6467523445640847,0.25052531578831505
equity_rotation+rates_credit,equity_rotation|rates_credit,2,47,3368,2007-06-08,2020-10-26,0.5710641361730291,0.6085387355804779,-0.037474599407448794,0.03207813948936504,0.5557397583259652,0.4870410367170626,0.43199233716475094,0.4578680203045685,0.5344057193923145,-0.07653769908774599,0.6534717715768981,0.24541365381816194
futures_core+interaction_consensus+macro_cross_asset+trend_direction+volatility_options_core,futures_core|interaction_consensus|macro_cross_asset|trend_direction|volatility_options_core,5,83,3078,2008-04-10,2020-10-26,0.5468856101748907,0.5850352345212844,-0.038149624346393685,0.035437314215187705,0.5447276414236767,0.4581712062256809,0.4984126984126984,0.4774455144450076,0.5077928607340372,-0.030347346289029575,0.6096175691026127,0.2565619815767366
equity_rotation+futures_core+technical_dynamics+trend_direction,equity_rotation|futures_core|technical_dynamics|trend_direction,4,80,3151,2008-04-10,2020-10-26,0.5574340198774153,0.5963665537661105,-0.03893253388869522,0.004973957633552956,0.5466492992507059,0.47313084112149534,0.4175257731958763,0.44359255202628695,0.5344906349931475,-0.09089808296686058,0.649171270718232,0.2531526408328157
breadth+futures_core+technical_dynamics+trend_direction,breadth|futures_core|technical_dynamics|trend_direction,4,85,3151,2008-04-10,2020-10-26,0.5574043742171693,0.5963665537661105,-0.03896217954894121,0.01413821235729727,0.5547566461864564,0.46550218340611355,0.5494845360824743,0.5040189125295508,0.5344906349931475,-0.03047172246359675,0.5976217874952052,0.24861124911463764
calendar+rates_credit,calendar|rates_credit,2,46,3368,2007-06-08,2020-10-26,0.5695381616434247,0.6085387355804779,-0.03900057393705314,0.019654887304444417,0.5569205950331177,0.4748455428067079,0.5153256704980843,0.4942581534221406,0.5344057193923145,-0.04014756597017394,0.6170434782608696,0.24808449003879815
calendar+futures_core,calendar|futures_core,2,40,3362,2007-06-08,2020-10-26,0.568866731252224,0.6097478306265405,-0.0408810993743165,0.028857809657785043,0.5535538505891917,0.47507055503292567,0.4846449136276392,0.47980997624703087,0.5228758169934641,-0.043065840746433215,0.626916524701874,0.2507002531667807
calendar+rates_credit+volatility_options_core,calendar|rates_credit|volatility_options_core,3,60,3301,2007-06-08,2020-10-26,0.5519905803195964,0.5933476871320437,-0.04135710681244731,0.022703213062212766,0.5383599663582843,0.4530853761622992,0.5229268292682927,0.4855072463768116,0.48807157057654077,-0.0025643241997291844,0.5857038657913931,0.2529926096282054
rates_credit+trend_direction+volatility_options_core,rates_credit|trend_direction|volatility_options_core,3,69,3090,2008-04-10,2020-10-26,0.5591933294431516,0.6007794752571336,-0.04158614581398201,0.009547303480226818,0.5522322423095039,0.4612676056338028,0.5521601685985248,0.5026378896882494,0.5196770938446014,-0.01703920415635196,0.5928543384373773,0.2510671836208196
calendar+equity_rotation+futures_core+volatility_options_core,calendar|equity_rotation|futures_core|volatility_options_core,4,64,3295,2007-06-08,2020-10-26,0.5654378749345956,0.6073693703194439,-0.041931495384848305,0.00616715476634243,0.5611191556848095,0.47481420313790257,0.5620723362658846,0.5147717099373321,0.5386715195632393,-0.02389980962590721,0.599112426035503,0.245939308244475
futures_core+rates_credit,futures_core|rates_credit,2,47,3362,2007-06-08,2020-10-26,0.56762945465029,0.6097478306265405,-0.042118375976250455,0.030160478249139193,0.5521097660115475,0.48220064724919093,0.4289827255278311,0.4540375825292026,0.5228758169934641,-0.06883823446426146,0.6499511559752523,0.24806158411163887
flat_regime_state+futures_core+macro_cross_asset+trend_direction,flat_regime_state|futures_core|macro_cross_asset|trend_direction,4,90,2935,2008-04-10,2020-10-26,0.5401961586172113,0.5829669842827738,-0.04277082566556256,0.010427329485155163,0.5327452153110048,0.4524838012958963,0.4594298245614035,0.455930359085963,0.47131608548931386,-0.015385726403350841,0.609375,0.2554215800903642
futures_core+technical_dynamics+volatility_options_core,futures_core|technical_dynamics|volatility_options_core,3,66,3295,2007-06-08,2020-10-26,0.5641328287560385,0.6073693703194439,-0.043236541563405395,0.02120510266024293,0.5550705150825617,0.4782187802516941,0.48289345063538613,0.4805447470817121,0.5386715195632393,-0.058126772481527256,0.6294240111034004,0.24921840186962368
calendar+trend_direction+volatility_options_core,calendar|trend_direction|volatility_options_core,3,62,3090,2008-04-10,2020-10-26,0.5565254458741848,0.6007794752571336,-0.044254029382948756,0.03479138122963677,0.5527201851870409,0.46893787575150303,0.4931506849315068,0.48073959938366717,0.5196770938446014,-0.0389374944609342,0.623463687150838,0.25223389919420763
breadth+calendar+equity_rotation+volatility_options_core,breadth|calendar|equity_rotation|volatility_options_core,4,69,3301,2007-06-08,2020-10-26,0.5484057190916737,0.5933476871320437,-0.044941968040369984,0.010719225320573867,0.5324726661059714,0.4535353535353535,0.4380487804878049,0.4456575682382134,0.48807157057654077,-0.04241400233832737,0.6194207836456559,0.24912895063271281
breadth+equity_rotation+trend_direction,breadth|equity_rotation|trend_direction,3,64,3157,2008-04-10,2020-10-26,0.544874773220054,0.5900327448117174,-0.04515797159166346,0.04363040496611971,0.5424996681269083,0.45997973657548125,0.4670781893004115,0.4635017866258295,0.4675467546754675,-0.004044968049637998,0.6212612612612612,0.2530276591025318
trend_direction+volatility_options_core,trend_direction|volatility_options_core,2,53,3090,2008-04-10,2020-10-26,0.5548488648968652,0.6007794752571336,-0.045930610360268354,0.017510825868200967,0.5521065950914334,0.4825436408977556,0.4077976817702845,0.4420331239291833,0.5196770938446014,-0.07764396991541805,0.6608816383200278,0.2555010313496599
equity_rotation+flat_regime_state+macro_cross_asset+rates_credit+technical_dynamics+trend_direction,equity_rotation|flat_regime_state|macro_cross_asset|rates_credit|technical_dynamics|trend_direction,6,127,2935,2008-04-10,2020-10-26,0.5359124306492727,0.5829669842827738,-0.047054553633501084,0.03509904247193589,0.5336972968551916,0.46194225721784776,0.38596491228070173,0.42054958183990443,0.47131608548931386,-0.050766503649409433,0.643906020558003,0.2650176928621783
calendar+interaction_consensus+volatility_options_core,calendar|interaction_consensus|volatility_options_core,3,56,3297,2007-06-08,2020-10-26,0.5543435449758287,0.6036113928694751,-0.049267847893646355,0.014288362496942097,0.5413528358080111,0.45897204688908927,0.4970703125,0.4772620721987811,0.5294659300184162,-0.05220385781963516,0.6033440056919246,0.25192690008134067
interaction_consensus+rates_credit,interaction_consensus|rates_credit,2,49,3364,2007-06-08,2020-10-26,0.5663535946687472,0.6159656998889322,-0.049612105220185,0.010535647038630212,0.5560901942843517,0.4717465753424658,0.5287907869481766,0.4986425339366516,0.5485307212822796,-0.049888187345628054,0.609308885754584,0.2467968351093432
calendar+equity_rotation,calendar|equity_rotation,2,40,3368,2007-06-08,2020-10-26,0.556816536625974,0.6085387355804779,-0.05172219895450392,0.011487166218930043,0.5479101710952891,0.46237458193979936,0.5296934865900383,0.49375,0.5344057193923145,-0.04065571939231449,0.596728307254623,0.25027847801356545
breadth+futures_core+volatility_options_core,breadth|futures_core|volatility_options_core,3,60,3295,2007-06-08,2020-10-26,0.5543299410920881,0.6073693703194439,-0.05303942922735583,0.019717823159668607,0.5405943385129572,0.4585987261146497,0.49266862170087977,0.4750235626767201,0.5386715195632393,-0.06364795688651925,0.6044034090909091,0.24980167664674469
calendar+macro_cross_asset+volatility_options_core,calendar|macro_cross_asset|volatility_options_core,3,52,3289,2007-06-08,2020-10-26,0.5510832285025834,0.6046928950154757,-0.05360966651289234,0.02056855417198817,0.5501927598701792,0.47717842323651455,0.4496578690127077,0.463009562154001,0.5324137931034483,-0.06940423094944725,0.6376910016977929,0.25268950992149164
breadth+futures_core+trend_direction,breadth|futures_core|trend_direction,3,64,3151,2008-04-10,2020-10-26,0.5405737917540596,0.5963665537661105,-0.055792762012050856,0.029840039043605156,0.5393390500048174,0.4566768603465851,0.4618556701030928,0.4592516658124039,0.5344906349931475,-0.07523896918074363,0.6192710212919523,0.2557398958132178
macro_cross_asset+volatility_options_core,macro_cross_asset|volatility_options_core,2,43,3289,2007-06-08,2020-10-26,0.5419675258384936,0.6046928950154757,-0.06272536917698213,0.032509844656871116,0.532090403058145,0.4568306010928962,0.40860215053763443,0.43137254901960786,0.5324137931034483,-0.10104124408384041,0.6319305277221109,0.25272503701515103
calendar+equity_rotation+macro_cross_asset+volatility_options_core,calendar|equity_rotation|macro_cross_asset|volatility_options_core,4,62,3289,2007-06-08,2020-10-26,0.5289417547482064,0.6046928950154757,-0.07575114026726937,0.04522777567068205,0.5255871707484611,0.44739638682252925,0.4115347018572825,0.4287169042769857,0.5324137931034483,-0.10369688882646255,0.621967654986523,0.2565633530231631
