feature_date,target_date,future_log_return,direction,stage1_move_probability,stage1_threshold,stage1_predicted_move,realized_volatility_20,high_volatility,outer_fold
2010-11-22,2010-11-23,-0.014582939436894508,DOWN,0.5720929503440857,0.46214331686496735,True,0.007745024922724655,False,1
2010-11-23,2010-11-24,0.014666091871414004,UP,0.5107881426811218,0.46214331686496735,True,0.008466535060884788,False,1
2010-11-24,2010-11-26,-0.011715564095365463,DOWN,0.4370574355125427,0.46214331686496735,False,0.009073105048074792,False,1
2010-11-26,2010-11-29,0.003025725961046843,FLAT,0.5810977220535278,0.46214331686496735,True,0.009468838970874121,False,1
2010-11-29,2010-11-30,-0.00563860777792251,FLAT,0.4354255199432373,0.46214331686496735,False,0.009487242619330902,False,1
2010-11-30,2010-12-01,0.02104465366343367,UP,0.505529522895813,0.46214331686496735,True,0.00958569751122601,False,1
2010-12-01,2010-12-02,0.012727481608891575,UP,0.2968830466270447,0.46214331686496735,False,0.010660637605190277,False,1
2010-12-02,2010-12-03,0.0026889552576654517,FLAT,0.25796374678611755,0.46214331686496735,False,0.01087232073723899,False,1
2010-12-03,2010-12-06,-0.0010583941766391873,FLAT,0.278961718082428,0.46214331686496735,False,0.010860058816779988,False,1
2010-12-06,2010-12-07,0.0005700533050127482,FLAT,0.4111776351928711,0.46214331686496735,False,0.010037367334882603,False,1
2010-12-07,2010-12-08,0.00365688065175551,FLAT,0.3264368772506714,0.46214331686496735,False,0.010006426982746479,False,1
2010-12-08,2010-12-09,0.0038860424158987726,FLAT,0.4508973956108093,0.46214331686496735,False,0.01002150799261853,False,1
2010-12-09,2010-12-10,0.005800863871851226,FLAT,0.3732759654521942,0.46214331686496735,False,0.009877722177131754,False,1
2010-12-10,2010-12-13,0.0006424205277645551,FLAT,0.4101058542728424,0.46214331686496735,False,0.009913705958892556,False,1
2010-12-13,2010-12-14,0.000882723744171901,FLAT,0.38536643981933594,0.46214331686496735,False,0.009428672280168582,False,1
2010-12-14,2010-12-15,-0.0045825517546696,FLAT,0.44860148429870605,0.46214331686496735,False,0.009401627783433517,False,1
2010-12-15,2010-12-16,0.005785017145967775,FLAT,0.5055224895477295,0.46214331686496735,True,0.008600828492396843,False,1
2010-12-16,2010-12-17,-0.0041746739927536365,FLAT,0.4680907428264618,0.46214331686496735,True,0.008618958458823475,False,1
2010-12-17,2010-12-20,0.002410571038917316,FLAT,0.5672352910041809,0.46214331686496735,True,0.008271055513481918,False,1
2010-12-20,2010-12-21,0.00632028122768749,UP,0.5054328441619873,0.46214331686496735,True,0.008269319841977976,False,1
2010-12-21,2010-12-22,0.0031054640754708323,FLAT,0.4428500533103943,0.46214331686496735,False,0.008305898717009295,False,1
2010-12-22,2010-12-23,-0.0014320975249110487,FLAT,0.44015732407569885,0.46214331686496735,False,0.007316850170733514,False,1
2010-12-23,2010-12-27,0.0003980342481033424,FLAT,0.49574869871139526,0.46214331686496735,True,0.00683584883889849,False,1
2010-12-27,2010-12-28,0.0014315280222058227,FLAT,0.5001209378242493,0.46214331686496735,True,0.006027049896540546,False,1
2010-12-28,2010-12-29,0.0007149659719904494,FLAT,0.42636972665786743,0.46214331686496735,False,0.006034485760434361,False,1
2010-12-29,2010-12-30,-0.0015895484886163213,FLAT,0.40984299778938293,0.46214331686496735,False,0.005730710064016988,False,1
2010-12-30,2010-12-31,0.000238587340784555,FLAT,0.43477392196655273,0.46214331686496735,False,0.003944821837273924,False,1
2010-12-31,2011-01-03,0.010284924806456493,UP,0.4489274322986603,0.46214331686496735,False,0.003022963815488594,False,1
2011-01-03,2011-01-04,-0.0005511136072903331,FLAT,0.3129628896713257,0.46214331686496735,False,0.003625742881969097,False,1
2011-01-04,2011-01-05,0.005184176449207462,FLAT,0.39649713039398193,0.46214331686496735,False,0.003607419885235674,False,1
2011-01-05,2011-01-06,-0.0019605542977314794,FLAT,0.4273953437805176,0.46214331686496735,False,0.0036788679529135126,False,1
2011-01-06,2011-01-07,-0.0019644056228539015,FLAT,0.4352269470691681,0.46214331686496735,False,0.003753023391847431,False,1
2011-01-07,2011-01-10,-0.0012592165286221444,FLAT,0.4380597770214081,0.46214331686496735,False,0.0037964752617976032,False,1
2011-01-10,2011-01-11,0.0035375764400234224,FLAT,0.5413500070571899,0.46214331686496735,True,0.003687230776904007,False,1
2011-01-11,2011-01-12,0.008984096335089451,UP,0.44049060344696045,0.46214331686496735,False,0.0037292831928930205,False,1
2011-01-12,2011-01-13,-0.001634611894315131,FLAT,0.38552284240722656,0.46214331686496735,False,0.004119542698296969,False,1
2011-01-13,2011-01-14,0.007218628320147511,UP,0.4520164132118225,0.46214331686496735,False,0.003937512677737276,False,1
2011-01-14,2011-01-18,0.0017000329763009424,FLAT,0.4710076153278351,0.46214331686496735,True,0.0040279664560459606,False,1
2011-01-18,2011-01-19,-0.009853858305382115,DOWN,0.4455415904521942,0.46214331686496735,False,0.0037786561959175635,False,1
2011-01-19,2011-01-20,-0.0013264010662401664,FLAT,0.5361948013305664,0.46214331686496735,True,0.004619786075509764,False,1
2011-01-20,2011-01-21,0.0022615980751737276,FLAT,0.5474879145622253,0.46214331686496735,True,0.004510070739338978,False,1
2011-01-21,2011-01-24,0.005670664070208581,UP,0.4664408564567566,0.46214331686496735,True,0.0044938586405071255,False,1
2011-01-24,2011-01-25,0.00054200693836145,FLAT,0.4857614040374756,0.46214331686496735,True,0.004569962105970448,False,1
2011-01-25,2011-01-26,0.0038633953715288857,FLAT,0.4797835648059845,0.46214331686496735,True,0.0045684565675158054,False,1
2011-01-26,2011-01-27,0.002464819238374171,FLAT,0.45327630639076233,0.46214331686496735,False,0.004602098722543181,False,1
2011-01-27,2011-01-28,-0.01761718927405389,DOWN,0.46835190057754517,0.46214331686496735,True,0.004602961144301582,False,1
2011-01-28,2011-01-31,0.007488268048510469,UP,0.523969292640686,0.46214331686496735,True,0.006276679505611277,False,1
2011-01-31,2011-02-01,0.015882014747780775,UP,0.5935171246528625,0.46214331686496735,True,0.006450150808723437,False,1
2011-02-01,2011-02-02,-0.0019140226299316067,FLAT,0.3075512945652008,0.46214331686496735,False,0.006967915648847693,False,1
2011-02-02,2011-02-03,0.002219875228518332,FLAT,0.45967769622802734,0.46214331686496735,False,0.006994938020010479,False,1
2011-02-03,2011-02-04,0.002825146975337663,FLAT,0.4313792288303375,0.46214331686496735,False,0.006940914439804848,False,1
2011-02-04,2011-02-07,0.006232973504143775,UP,0.43243634700775146,0.46214331686496735,False,0.006908086616900841,False,1
2011-02-07,2011-02-08,0.004536229780100495,FLAT,0.4217405915260315,0.46214331686496735,False,0.006937684631401507,False,1
2011-02-08,2011-02-09,-0.002265542719678451,FLAT,0.4196656346321106,0.46214331686496735,False,0.0069213685294793196,False,1
2011-02-09,2011-02-10,0.00037796628868440123,FLAT,0.44002705812454224,0.46214331686496735,False,0.0069816921860751165,False,1
2011-02-10,2011-02-11,0.00595257201654703,UP,0.4802088141441345,0.46214331686496735,True,0.006782113184660558,False,1
2011-02-11,2011-02-14,0.0024010822182387254,FLAT,0.47472867369651794,0.46214331686496735,True,0.006813581817202043,False,1
2011-02-14,2011-02-15,-0.003152668796160044,FLAT,0.4705647826194763,0.46214331686496735,True,0.0066965711408685435,False,1
2011-02-15,2011-02-16,0.006295543499705147,UP,0.48098915815353394,0.46214331686496735,True,0.006779095944325871,False,1
2011-02-16,2011-02-17,0.002983917822945191,FLAT,0.4209424555301666,0.46214331686496735,False,0.006323399939908477,False,1
2011-02-17,2011-02-18,0.0020834800346416875,FLAT,0.4719107151031494,0.46214331686496735,True,0.006272396707956545,False,1
2011-02-18,2011-02-22,-0.020273985764222773,DOWN,0.41194695234298706,0.46214331686496735,False,0.006272658913339998,False,1
2011-02-22,2011-02-23,-0.006163211746435969,DOWN,0.5379680395126343,0.46214331686496735,True,0.007994750010941014,False,1
2011-02-23,2011-02-24,-0.0006872426132549282,FLAT,0.6070374250411987,0.46214331686496735,True,0.008155976815531287,False,1
2011-02-24,2011-02-25,0.010636043322289847,UP,0.5750836133956909,0.46214331686496735,True,0.008126828769444303,False,1
2011-02-25,2011-02-28,0.006177449798552023,UP,0.4776903986930847,0.46214331686496735,True,0.008431368793206315,False,1
2011-02-28,2011-03-01,-0.016813493120841887,DOWN,0.408089816570282,0.46214331686496735,False,0.007282658891896129,False,1
2011-03-01,2011-03-02,0.0021363709867891836,FLAT,0.5004307627677917,0.46214331686496735,True,0.00829070007213222,False,1
2011-03-02,2011-03-03,0.017077598345467793,UP,0.6260282397270203,0.46214331686496735,True,0.007513790385153414,False,1
2011-03-03,2011-03-04,-0.00752052872084866,DOWN,0.26236972212791443,0.46214331686496735,False,0.008384872215648504,False,1
2011-03-04,2011-03-07,-0.007881879144340674,DOWN,0.5096223950386047,0.46214331686496735,True,0.008598335905676581,False,1
2011-03-07,2011-03-08,0.008711915857417783,UP,0.5866193771362305,0.46214331686496735,True,0.008786515599140834,False,1
2011-03-08,2011-03-09,-0.0014341432848760949,FLAT,0.4611193537712097,0.46214331686496735,False,0.008894308809311012,False,1
2011-03-09,2011-03-10,-0.018679283098206725,DOWN,0.517724871635437,0.46214331686496735,True,0.008842232038193659,False,1
2011-03-10,2011-03-11,0.006902350439859637,UP,0.49523264169692993,0.46214331686496735,True,0.009769982072261499,False,1
2011-03-11,2011-03-14,-0.006056159320269047,DOWN,0.6084002256393433,0.46214331686496735,True,0.009922237404177591,False,1
2011-03-14,2011-03-15,-0.011523312921841292,DOWN,0.5770019888877869,0.46214331686496735,True,0.009870453043074387,False,1
2011-03-15,2011-03-16,-0.018686241077615323,DOWN,0.521277666091919,0.46214331686496735,True,0.010094381919899708,False,1
2011-03-16,2011-03-17,0.013148228441042051,UP,0.5730652809143066,0.46214331686496735,True,0.010773872701503229,False,1
2011-03-17,2011-03-18,-0.000704169174871776,FLAT,0.4535329043865204,0.46214331686496735,False,0.011174379069908175,False,1
2011-03-18,2011-03-21,0.015378969497287495,UP,0.49818721413612366,0.46214331686496735,True,0.01111297450057331,False,1
2011-03-21,2011-03-22,-0.003474598786978691,FLAT,0.3588358759880066,0.46214331686496735,False,0.011777942335844232,False,1
2011-03-22,2011-03-23,0.002857776653072565,FLAT,0.613034725189209,0.46214331686496735,True,0.0109628839562602,False,1
2011-03-23,2011-03-24,0.00951795829774732,UP,0.6094458103179932,0.46214331686496735,True,0.01092359855214242,False,1
2011-03-24,2011-03-25,0.003051178262846453,FLAT,0.499382346868515,0.46214331686496735,True,0.011151434848431839,False,1
2011-03-25,2011-03-28,-0.0024401973806626944,FLAT,0.5004132390022278,0.46214331686496735,True,0.010896328309213726,False,1
2011-03-28,2011-03-29,0.006696151143217117,UP,0.47623005509376526,0.46214331686496735,True,0.010792824338935143,False,1
2011-03-29,2011-03-30,0.006877581773286894,UP,0.34587517380714417,0.46214331686496735,False,0.010224727647669546,False,1
2011-03-30,2011-03-31,-0.001356707580398848,FLAT,0.3714642822742462,0.46214331686496735,False,0.01032272232578688,False,1
2011-03-31,2011-04-01,0.004214633913717411,FLAT,0.26538893580436707,0.46214331686496735,False,0.009568606299194447,False,1
2011-04-01,2011-04-04,0.0008257994924441352,FLAT,0.2566044330596924,0.46214331686496735,False,0.00946374891687013,False,1
2011-04-04,2011-04-05,-0.0001500113599201931,FLAT,0.4026229679584503,0.46214331686496735,False,0.009267931958833393,False,1
2011-04-05,2011-04-06,0.003147234928549288,FLAT,0.4586937725543976,0.46214331686496735,False,0.009074107366796097,False,1
2011-04-06,2011-04-07,-0.0025469811049454493,FLAT,0.40041109919548035,0.46214331686496735,False,0.009087217489716363,False,1
2011-04-07,2011-04-08,-0.0034563615456314934,FLAT,0.48522379994392395,0.46214331686496735,True,0.007940999695644206,False,1
2011-04-08,2011-04-11,-0.0030151830882110937,FLAT,0.5408772230148315,0.46214331686496735,True,0.007892933325074666,False,1
2011-04-11,2011-04-12,-0.007502065749284654,DOWN,0.5296728014945984,0.46214331686496735,True,0.007783120768796139,False,1
2011-04-12,2011-04-13,-7.602408655647419e-05,FLAT,0.6360266804695129,0.46214331686496735,True,0.007491273606234828,False,1
2011-04-13,2011-04-14,0.0007603288565081602,FLAT,0.6117905974388123,0.46214331686496735,True,0.005885407240910775,False,1
2011-04-14,2011-04-15,0.0036418533742727916,FLAT,0.6290677189826965,0.46214331686496735,True,0.005276230290696199,False,1
2011-04-15,2011-04-18,-0.011271983621468707,DOWN,0.5432449579238892,0.46214331686496735,True,0.005273191524296031,False,1
2011-04-18,2011-04-19,0.005728048761922306,UP,0.6831759810447693,0.46214331686496735,True,0.00497982310419386,False,1
2011-04-19,2011-04-20,0.013539849979458639,UP,0.5226481556892395,0.46214331686496735,True,0.005036077080050003,False,1
2011-04-20,2011-04-21,0.0050958793078750555,FLAT,0.3224572539329529,0.46214331686496735,False,0.005780066654356233,False,1
2011-04-21,2011-04-25,-0.0010470376441327701,FLAT,0.2782318890094757,0.46214331686496735,False,0.005528644147960455,False,1
2011-04-25,2011-04-26,0.008568349018922112,UP,0.35777801275253296,0.46214331686496735,False,0.0055280052734566635,False,1
2011-04-26,2011-04-27,0.006507491060485546,UP,0.2784113883972168,0.46214331686496735,False,0.005724252442425508,False,1
2011-04-27,2011-04-28,0.0032379338274032936,FLAT,0.25520390272140503,0.46214331686496735,False,0.005715272367014942,False,1
2011-04-28,2011-04-29,0.002348222061735955,FLAT,0.2851238548755646,0.46214331686496735,False,0.005589042781091974,False,1
2011-04-29,2011-05-02,-0.0015403741155360815,FLAT,0.33332011103630066,0.46214331686496735,False,0.005559689674061258,False,1
2011-05-02,2011-05-03,-0.003603647942207419,FLAT,0.35095319151878357,0.46214331686496735,False,0.005556773855848189,False,1
2011-05-03,2011-05-04,-0.006652847605774444,DOWN,0.4529690444469452,0.46214331686496735,False,0.005657306514059445,False,1
2011-05-04,2011-05-05,-0.0090896260574921,DOWN,0.4983023703098297,0.46214331686496735,True,0.005903449278500196,False,1
2011-05-05,2011-05-06,0.004406088628249448,FLAT,0.5815579295158386,0.46214331686496735,True,0.006248826973919033,False,1
2011-05-06,2011-05-09,0.003867357757845281,FLAT,0.4075205326080322,0.46214331686496735,False,0.0062940169800764865,False,1
2011-05-09,2011-05-10,0.0084999507437913,UP,0.5521739721298218,0.46214331686496735,True,0.006275215768828069,False,1
2011-05-10,2011-05-11,-0.010580489282121406,DOWN,0.40322014689445496,0.46214331686496735,False,0.006442895718629144,False,1
2011-05-11,2011-05-12,0.004749188055977086,FLAT,0.5300261378288269,0.46214331686496735,True,0.006695339254273738,False,1
2011-05-12,2011-05-13,-0.007728996292128419,DOWN,0.49585622549057007,0.46214331686496735,True,0.006736895519271744,False,1
2011-05-13,2011-05-16,-0.006361514237382823,DOWN,0.6454144716262817,0.46214331686496735,True,0.007037292288445048,False,1
2011-05-16,2011-05-17,-0.00015020477889104715,FLAT,0.6866773366928101,0.46214331686496735,True,0.007188551097052469,False,1
2011-05-17,2011-05-18,0.008896275522450333,UP,0.6279253363609314,0.46214331686496735,True,0.006645004802843515,False,1
2011-05-18,2011-05-19,0.002378770623743367,FLAT,0.4850512146949768,0.46214331686496735,True,0.006799868080090233,False,1
2011-05-19,2011-05-20,-0.007976426741533248,DOWN,0.455453485250473,0.46214331686496735,False,0.006156965847928434,False,1
2011-05-20,2011-05-23,-0.011668766889634,DOWN,0.616585910320282,0.46214331686496735,True,0.00634447046819228,False,1
2011-05-23,2011-05-24,-0.0008333064581316544,FLAT,0.6777817606925964,0.46214331686496735,True,0.006855140171342995,False,1
2011-05-24,2011-05-25,0.0033290675181164124,FLAT,0.6428839564323425,0.46214331686496735,True,0.006507253392288344,False,1
2011-05-25,2011-05-26,0.004597020882442528,FLAT,0.6304502487182617,0.46214331686496735,True,0.0063494893750973835,False,1
2011-05-26,2011-05-27,0.0038272120360345356,FLAT,0.605559766292572,0.46214331686496735,True,0.00640676641296255,False,1
2011-05-27,2011-05-31,0.010357377711179271,UP,0.4966350495815277,0.46214331686496735,True,0.006457672188382667,False,1
2011-05-31,2011-06-01,-0.022717166176830932,DOWN,0.40432727336883545,0.46214331686496735,False,0.006942981587482599,False,1
2011-06-01,2011-06-02,-0.0010622109838710119,FLAT,0.5444729328155518,0.46214331686496735,True,0.008528898504512735,False,1
2011-06-02,2011-06-03,-0.009994342882886753,DOWN,0.6076681017875671,0.46214331686496735,True,0.008440300567201995,False,1
2011-06-03,2011-06-06,-0.010637616137775861,DOWN,0.6439439654350281,0.46214331686496735,True,0.008487312681188583,False,1
2011-06-06,2011-06-07,-0.0006200509676611306,FLAT,0.6436347961425781,0.46214331686496735,True,0.008628994501163834,False,1
2011-06-07,2011-06-08,-0.004196202712369402,FLAT,0.6061339378356934,0.46214331686496735,True,0.008527225565767968,False,1
2011-06-08,2011-06-09,0.007602206791408592,UP,0.6235718727111816,0.46214331686496735,True,0.0081543655647883,False,1
2011-06-09,2011-06-10,-0.014007975946590421,DOWN,0.623182475566864,0.46214331686496735,True,0.008256521202469252,False,1
2011-06-10,2011-06-13,0.0007833801882340768,FLAT,0.6219533681869507,0.46214331686496735,True,0.008521302139586186,False,1
2011-06-13,2011-06-14,0.012606270353002092,UP,0.6715174913406372,0.46214331686496735,True,0.008477166897673033,False,1
2011-06-14,2011-06-15,-0.01794548154718442,DOWN,0.5689196586608887,0.46214331686496735,True,0.00905466603080993,False,1
2011-06-15,2011-06-16,0.0022020015898782607,FLAT,0.6208139657974243,0.46214331686496735,True,0.009764232082669808,False,1
2011-06-16,2011-06-17,-0.0019657957500154952,FLAT,0.6091025471687317,0.46214331686496735,True,0.00946816527453213,False,1
2011-06-17,2011-06-20,0.005103005354319755,FLAT,0.5939629077911377,0.46214331686496735,True,0.009395095653507891,False,1
2011-06-20,2011-06-21,0.01361094348212197,UP,0.5772362947463989,0.46214331686496735,True,0.009479153386763573,False,1
2011-06-21,2011-06-22,-0.006043709656474322,DOWN,0.5780854821205139,0.46214331686496735,True,0.009837484666788297,False,1
2011-06-22,2011-06-23,-0.0028796775585726827,FLAT,0.675372302532196,0.46214331686496735,True,0.009901673879981596,False,1
2011-06-23,2011-06-24,-0.011681411413365773,DOWN,0.6542640924453735,0.46214331686496735,True,0.009847450909269367,False,1
2011-06-24,2011-06-27,0.008871539110088738,UP,0.7026880383491516,0.46214331686496735,True,0.009982784814162374,False,1
2011-06-27,2011-06-28,0.012968523040000554,UP,0.5622148513793945,0.46214331686496735,True,0.010209101033421744,False,1
2011-06-28,2011-06-29,0.008527694305573862,UP,0.52333664894104,0.46214331686496735,True,0.01039226159793541,False,1
2011-06-29,2011-06-30,0.009516992828594329,UP,0.4824341833591461,0.46214331686496735,True,0.00941670971131592,False,1
2011-06-30,2011-07-01,0.014667959789823864,UP,0.36169442534446716,0.46214331686496735,False,0.009673428411573731,False,1
2011-07-01,2011-07-05,-0.0008217279968376062,FLAT,0.25218725204467773,0.46214331686496735,False,0.009889629238797137,False,1
2011-07-05,2011-07-06,0.0011950383290817402,FLAT,0.2883734405040741,0.46214331686496735,False,0.009500676764764876,False,1
2011-07-06,2011-07-07,0.010321996966352439,UP,0.3770860433578491,0.46214331686496735,False,0.009484848715272068,False,1
2011-07-07,2011-07-08,-0.00711751769102607,DOWN,0.30588507652282715,0.46214331686496735,False,0.009548621560025974,False,1
2011-07-08,2011-07-11,-0.01824574939739419,DOWN,0.49289587140083313,0.46214331686496735,True,0.009711230109203672,False,1
2011-07-11,2011-07-12,-0.004328573677972774,FLAT,0.49465298652648926,0.46214331686496735,True,0.010114356982342405,False,1
2011-07-12,2011-07-13,0.003342978783620863,FLAT,0.6004229784011841,0.46214331686496735,True,0.010202513936311754,False,1
2011-07-13,2011-07-14,-0.006926265084537383,DOWN,0.5137916803359985,0.46214331686496735,True,0.009873301741842066,False,1
2011-07-14,2011-07-15,0.005787920961467227,FLAT,0.5814165472984314,0.46214331686496735,True,0.00903430690617926,False,1
2011-07-15,2011-07-18,-0.008234905998654835,DOWN,0.4437181055545807,0.46214331686496735,False,0.00908408592006874,False,1
2011-07-18,2011-07-19,0.01610116918648337,UP,0.6398363709449768,0.46214331686496735,True,0.0093221040498994,False,1
2011-07-19,2011-07-20,-0.0006029228774295955,FLAT,0.3991488814353943,0.46214331686496735,False,0.00986193205663347,False,1
2011-07-20,2011-07-21,0.013775853108294189,UP,0.5085452198982239,0.46214331686496735,True,0.00948076486973591,False,1
2011-07-21,2011-07-22,0.0006689436860065935,FLAT,0.3459155261516571,0.46214331686496735,False,0.009714400620692473,False,1
2011-07-22,2011-07-25,-0.005588479875640823,FLAT,0.374099999666214,0.46214331686496735,False,0.009648693941845582,False,1
2011-07-25,2011-07-26,-0.003743079629607383,FLAT,0.429837703704834,0.46214331686496735,False,0.00926979113591346,False,1
2011-07-26,2011-07-27,-0.020688008283868003,DOWN,0.4096619486808777,0.46214331686496735,False,0.009256490441271943,False,1
2011-07-27,2011-07-28,-0.002913926393876417,FLAT,0.42173251509666443,0.46214331686496735,False,0.010182619907680048,False,1
2011-07-28,2011-07-29,-0.006858045597718971,DOWN,0.6605191230773926,0.46214331686496735,True,0.010020923821615266,False,1
2011-07-29,2011-08-01,-0.004261778954100261,FLAT,0.5745212435722351,0.46214331686496735,True,0.00985349657937512,False,1
2011-08-01,2011-08-02,-0.02587945553195333,DOWN,0.5256575345993042,0.46214331686496735,True,0.009152455802365594,False,1
2011-08-02,2011-08-03,0.005404132327946673,FLAT,0.47544121742248535,0.46214331686496735,True,0.010590932972985835,False,1
2011-08-03,2011-08-04,-0.04797410605219454,DOWN,0.5741523504257202,0.46214331686496735,True,0.010724051344677327,False,1
2011-08-04,2011-08-05,-0.0014978808010258596,FLAT,0.4631141722202301,0.46214331686496735,True,0.014254189375415484,False,1
2011-08-05,2011-08-08,-0.06734057403046549,DOWN,0.6656140685081482,0.46214331686496735,True,0.014284574011933518,False,1
2011-08-08,2011-08-09,0.045450506361566,UP,0.6704707741737366,0.46214331686496735,True,0.019741953045879803,True,1
2011-08-09,2011-08-10,-0.045183316167242776,DOWN,0.39662259817123413,0.46214331686496735,False,0.023094172331397916,True,1
2011-08-10,2011-08-11,0.04390567430386801,UP,0.7293128371238708,0.46214331686496735,True,0.024604989037565143,True,1
2011-08-11,2011-08-12,0.006710587086638596,FLAT,0.5998019576072693,0.46214331686496735,True,0.027211761279442276,True,1
2011-08-12,2011-08-15,0.02094405066518224,UP,0.6389290690422058,0.46214331686496735,True,0.027232650257400886,True,1
2011-08-15,2011-08-16,-0.008575935434864694,FLAT,0.5062453150749207,0.46214331686496735,True,0.02784951723521429,True,1
2011-08-16,2011-08-17,0.0006687439260467234,FLAT,0.6863303184509277,0.46214331686496735,True,0.027456961820012137,True,1
2011-08-17,2011-08-18,-0.044075765203905146,DOWN,0.6925610303878784,0.46214331686496735,True,0.027469667465640734,True,1
2011-08-18,2011-08-19,-0.01646528708952503,DOWN,0.7926158905029297,0.46214331686496735,True,0.02840208949798896,True,1
2011-08-19,2011-08-22,0.0007987218438405377,FLAT,0.7298910021781921,0.46214331686496735,True,0.028383935646830328,True,1
2011-08-22,2011-08-23,0.03238053100952896,UP,0.7253613471984863,0.46214331686496735,True,0.02845896692372618,True,1
2011-08-23,2011-08-24,0.013986236514564057,UP,0.3754706382751465,0.46214331686496735,False,0.02989224108970246,True,1
2011-08-24,2011-08-25,-0.015361311166349485,DOWN,0.5751399397850037,0.46214331686496735,True,0.030047811027531873,True,1
2011-08-25,2011-08-26,0.0144293000086114,UP,0.8379294276237488,0.46214331686496735,True,0.030130277811162478,True,1
2011-08-26,2011-08-29,0.02833097486821802,UP,0.4073103070259094,0.46214331686496735,False,0.03045996332948401,True,1
2011-08-29,2011-08-30,0.002633310389515277,FLAT,0.3203634023666382,0.46214331686496735,False,0.031338048769205935,True,1
2011-08-30,2011-08-31,0.004428058995465284,FLAT,0.6672360301017761,0.46214331686496735,True,0.03088615647709043,True,1
2011-08-31,2011-09-01,-0.01052813442253418,FLAT,0.6439982056617737,0.46214331686496735,True,0.030875373110490854,True,1
2011-09-01,2011-09-02,-0.02588195859748386,DOWN,0.7624748349189758,0.46214331686496735,True,0.02899256488366948,True,1
2011-09-02,2011-09-06,-0.0073241736349348215,FLAT,0.7689923644065857,0.46214331686496735,True,0.029578138678060268,True,1
2011-09-06,2011-09-07,0.02781705881741318,UP,0.6683626174926758,0.46214331686496735,True,0.02520834857397303,True,1
2011-09-07,2011-09-08,-0.010445922841278862,FLAT,0.21056008338928223,0.46214331686496735,False,0.02388461727121368,True,1
2011-09-08,2011-09-09,-0.0265592965591247,DOWN,0.6758195161819458,0.46214331686496735,True,0.02147723981404617,True,1
2011-09-09,2011-09-12,0.006449138924880436,FLAT,0.7235580086708069,0.46214331686496735,True,0.02013758562175182,True,1
2011-09-12,2011-09-13,0.009129364315030244,FLAT,0.46618327498435974,0.46214331686496735,True,0.02013267132446891,True,1
2011-09-13,2011-09-14,0.013749150659437749,UP,0.39916324615478516,0.46214331686496735,False,0.019633864722239394,True,1
2011-09-14,2011-09-15,0.017110031462982917,UP,0.4947044551372528,0.46214331686496735,True,0.019826627245267448,True,1
2011-09-15,2011-09-16,0.0007408630840709541,FLAT,0.22577933967113495,0.46214331686496735,False,0.020197218723624476,True,1
2011-09-16,2011-09-19,-0.01000710591017769,FLAT,0.40329408645629883,0.46214331686496735,False,0.01723314145899186,True,1
2011-09-19,2011-09-20,-0.0011643330667982065,FLAT,0.5116857886314392,0.46214331686496735,True,0.016907209389688507,True,1
2011-09-20,2011-09-21,-0.02990088453258005,DOWN,0.45544469356536865,0.46214331686496735,False,0.01692814144932961,True,1
2011-09-21,2011-09-22,-0.03285838920438979,DOWN,0.5125864744186401,0.46214331686496735,True,0.017005176437121686,True,1
2011-09-22,2011-09-23,0.006007087857023056,FLAT,0.37715721130371094,0.46214331686496735,False,0.018175055003841534,True,1
2011-09-23,2011-09-26,0.023501795078211662,UP,0.5073815584182739,0.46214331686496735,True,0.017991548154498674,True,1
2011-09-26,2011-09-27,0.0111217080893046,FLAT,0.3724461793899536,0.46214331686496735,False,0.01851296644305108,True,1
2011-09-27,2011-09-28,-0.020629935026862865,DOWN,0.5286189317703247,0.46214331686496735,True,0.017460760575796444,True,1
2011-09-28,2011-09-29,0.007872385070655765,FLAT,0.7223916053771973,0.46214331686496735,True,0.01793245224143513,True,1
2011-09-29,2011-09-30,-0.02530677345236948,DOWN,0.5418009161949158,0.46214331686496735,True,0.01802145808235174,True,1
2011-09-30,2011-10-03,-0.028870583198134143,DOWN,0.6377459764480591,0.46214331686496735,True,0.01865588829710553,True,1
2011-10-03,2011-10-04,0.021686152138976265,UP,0.6804380416870117,0.46214331686496735,True,0.018856928191014036,True,1
2011-10-04,2011-10-05,0.018345918331616917,UP,0.38487115502357483,0.46214331686496735,False,0.01964484423627891,True,1
2011-10-05,2011-10-06,0.017929541235911752,UP,0.3115890622138977,0.46214331686496735,False,0.01899080596846698,True,1
2011-10-06,2011-10-07,-0.006718361097380832,FLAT,0.358784943819046,0.46214331686496735,False,0.019421119412659255,True,1
2011-10-07,2011-10-10,0.032898565789152207,UP,0.6596869826316833,0.46214331686496735,True,0.018537924996196796,True,1
2011-10-10,2011-10-11,0.0010029683037337549,FLAT,0.26419541239738464,0.46214331686496735,False,0.019920869929991043,True,1
2011-10-11,2011-10-12,0.008733705463807771,FLAT,0.519500195980072,0.46214331686496735,True,0.019833994214360183,True,1
2011-10-12,2011-10-13,-0.0019895377667991324,FLAT,0.40453341603279114,0.46214331686496735,False,0.019693199917303894,True,1
2011-10-13,2011-10-14,0.016949538097382644,UP,0.4499891400337219,0.46214331686496735,False,0.019308492089876325,True,1
2011-10-14,2011-10-17,-0.019275689955516838,DOWN,0.3566572964191437,0.46214331686496735,False,0.019694333165074067,True,1
2011-10-17,2011-10-18,0.0193572900874667,UP,0.3181520700454712,0.46214331686496735,False,0.020058542386597492,True,1
2011-10-18,2011-10-19,-0.011899566641168823,FLAT,0.41608497500419617,0.46214331686496735,False,0.0205172769635801,True,1
2011-10-19,2011-10-20,0.004365972639690508,FLAT,0.40984249114990234,0.46214331686496735,False,0.019458193410086793,True,1
2011-10-20,2011-10-21,0.01880931170308042,UP,0.40980246663093567,0.46214331686496735,False,0.01765605089226652,True,1
2011-10-21,2011-10-24,0.012186446402285757,FLAT,0.28562742471694946,0.46214331686496735,False,0.017971285423505276,True,1
2011-10-24,2011-10-25,-0.019635255461081465,DOWN,0.3782566785812378,0.46214331686496735,False,0.017510286318821334,True,1
2011-10-25,2011-10-26,0.010107221430194213,FLAT,0.38993382453918457,0.46214331686496735,False,0.01817408059694366,True,1
2011-10-26,2011-10-27,0.034242080982544706,UP,0.26550647616386414,0.46214331686496735,False,0.01741771123073438,True,1
2011-10-27,2011-10-28,-0.00023324478600182926,FLAT,0.22088013589382172,0.46214331686496735,False,0.018691506942510157,True,1
2011-10-28,2011-10-31,-0.024401100692920532,DOWN,0.39344701170921326,0.46214331686496735,False,0.01733297681568284,True,1
2011-10-31,2011-11-01,-0.02828471383858199,DOWN,0.37331005930900574,0.46214331686496735,False,0.016877122378033727,True,1
2011-11-01,2011-11-02,0.016179855229439512,UP,0.29263684153556824,0.46214331686496735,False,0.01817852010590072,True,1
2011-11-02,2011-11-03,0.018063168192773142,UP,0.23539942502975464,0.46214331686496735,False,0.018095596682472126,True,1
2011-11-03,2011-11-04,-0.006117658080253967,FLAT,0.35773465037345886,0.46214331686496735,False,0.018101028047465825,True,1
2011-11-04,2011-11-07,0.0061968797835613475,FLAT,0.4619923532009125,0.46214331686496735,False,0.018082756045540348,True,1
2011-11-07,2011-11-08,0.012749012855056313,FLAT,0.4830187261104584,0.46214331686496735,True,0.01677970907195187,True,1
2011-11-08,2011-11-09,-0.037607949922965934,DOWN,0.37079840898513794,0.46214331686496735,False,0.016921487798281412,True,1
2011-11-09,2011-11-10,0.009374531373710209,FLAT,0.2313571274280548,0.46214331686496735,False,0.01916333757456943,True,1
2011-11-10,2011-11-11,0.018647475836618268,UP,0.3202815651893616,0.46214331686496735,False,0.01923872925775058,True,1
2011-11-11,2011-11-14,-0.00951938462996258,FLAT,0.4232182800769806,0.46214331686496735,False,0.019313831567263177,True,1
2011-11-14,2011-11-15,0.004929665261295321,FLAT,0.4229416251182556,0.46214331686496735,False,0.018875967357648037,True,1
2011-11-15,2011-11-16,-0.015990107007195373,DOWN,0.5284238457679749,0.46214331686496735,True,0.018453873072425908,True,1
2011-11-16,2011-11-17,-0.016004250782027264,DOWN,0.2280394583940506,0.46214331686496735,False,0.01863093974659392,True,1
2011-11-17,2011-11-18,-0.001065158454634802,FLAT,0.293171226978302,0.46214331686496735,False,0.019002034074897277,True,1
2011-11-18,2011-11-21,-0.019202705822494955,DOWN,0.38803815841674805,0.46214331686496735,False,0.018489543176388328,True,1
2011-11-21,2011-11-22,-0.003935539588244083,FLAT,0.36073172092437744,0.46214331686496735,False,0.018659801952281254,True,1
2011-11-22,2011-11-23,-0.022312738036471796,DOWN,0.461557537317276,0.46214331686496735,False,0.018220698540584595,True,1
2011-11-23,2011-11-25,-0.0018892339364911,FLAT,0.48313623666763306,0.46214331686496735,True,0.01856383619583221,True,1
2011-11-25,2011-11-28,0.028555236610433046,UP,0.5521898865699768,0.46214331686496735,True,0.016353310861919462,True,1
2011-11-28,2011-11-29,0.002836204472583442,FLAT,0.5742855668067932,0.46214331686496735,True,0.01798273467650977,True,1
2011-11-29,2011-11-30,0.04032536892293411,UP,0.5599595308303833,0.46214331686496735,True,0.017343050549181865,True,1
2011-11-30,2011-12-01,-0.00015999874525770224,FLAT,0.4934951663017273,0.46214331686496735,True,0.018652219868536955,True,1
2011-12-01,2011-12-02,-0.0008806037437761391,FLAT,0.6218687891960144,0.46214331686496735,True,0.01831687790903187,True,1
2011-12-02,2011-12-05,0.010833311305441844,FLAT,0.5509752631187439,0.46214331686496735,True,0.017838634138813023,True,1
2011-12-05,2011-12-06,0.00031686403144940925,FLAT,0.37671589851379395,0.46214331686496735,False,0.01796261461999015,True,1
2011-12-06,2011-12-07,0.0037155757240585952,FLAT,0.4180055856704712,0.46214331686496735,False,0.017908955079518712,True,1
2011-12-07,2011-12-08,-0.022180631722513985,DOWN,0.4115760028362274,0.46214331686496735,False,0.01768298437783295,True,1
2011-12-08,2011-12-09,0.016800443984299855,UP,0.3024030327796936,0.46214331686496735,False,0.016255734831602222,True,1
2011-12-09,2011-12-12,-0.014705003659321118,FLAT,0.4795137941837311,0.46214331686496735,True,0.016555484405117102,True,1
2011-12-12,2011-12-13,-0.009382872547278114,FLAT,0.340487539768219,0.46214331686496735,False,0.016329790399798455,True,1
2011-12-13,2011-12-14,-0.010703196119725814,FLAT,0.20839937031269073,0.46214331686496735,False,0.016326059830215303,True,1
2011-12-14,2011-12-15,0.003607764201080332,FLAT,0.240073561668396,0.46214331686496735,False,0.01640279193553286,True,1
2011-12-15,2011-12-16,-0.004840670529557982,FLAT,0.43340855836868286,0.46214331686496735,False,0.01608981068030548,True,1
2011-12-16,2011-12-19,-0.010749197572835998,FLAT,0.43601906299591064,0.46214331686496735,False,0.01572301300705055,True,1
2011-12-19,2011-12-20,0.02981139092228546,UP,0.4775927662849426,0.46214331686496735,True,0.01589875621238791,True,1
2011-12-20,2011-12-21,0.0019346871431293285,FLAT,0.4361311197280884,0.46214331686496735,False,0.016655767430969665,True,1
2011-12-21,2011-12-22,0.008819801376116914,FLAT,0.4749932289123535,0.46214331686496735,True,0.016601880493954228,True,1
2011-12-22,2011-12-23,0.008900978771407796,FLAT,0.4663175344467163,0.46214331686496735,True,0.015628686947063236,True,1
2011-12-23,2011-12-27,0.0007908769409957418,FLAT,0.40609005093574524,0.46214331686496735,False,0.01561534015476968,True,1
2011-12-27,2011-12-28,-0.013210410439571862,DOWN,0.38556769490242004,0.46214331686496735,False,0.014527038201375039,False,1
2011-12-28,2011-12-29,0.010281030123043508,FLAT,0.2982414662837982,0.46214331686496735,False,0.0149589978037165,False,1
2011-12-29,2011-12-30,-0.004928097882550799,FLAT,0.35894525051116943,0.46214331686496735,False,0.012146904155565108,False,1
2011-12-30,2012-01-03,0.015810606026642245,UP,0.4973723888397217,0.46214331686496735,True,0.012206153532476043,False,1
2012-01-03,2012-01-04,0.0015673745421439895,FLAT,0.23035041987895966,0.46214331686496735,False,0.012688618367934439,False,1
2012-01-04,2012-01-05,0.002658923525334799,FLAT,0.42181235551834106,0.46214331686496735,False,0.012479900022316932,False,1
2012-01-05,2012-01-06,-0.002580601326588266,FLAT,0.4262072443962097,0.46214331686496735,False,0.012488258030324122,False,1
2012-01-06,2012-01-09,0.002424473747871864,FLAT,0.4376027584075928,0.46214331686496735,False,0.01248759667779713,False,1
2012-01-09,2012-01-10,0.00863315158446976,FLAT,0.4177364110946655,0.46214331686496735,False,0.01130331725677372,False,1
2012-01-10,2012-01-11,0.0005418810563717929,FLAT,0.2440517395734787,0.46214331686496735,False,0.010864870790032965,False,1
2012-01-11,2012-01-12,0.002396488092430158,FLAT,0.3296402096748352,0.46214331686496735,False,0.010204458618738354,False,1
2012-01-12,2012-01-13,-0.00518675978121626,FLAT,0.3615131378173828,0.46214331686496735,False,0.009848481873728759,False,1
2012-01-13,2012-01-17,0.0038732716653284865,FLAT,0.43683922290802,0.46214331686496735,False,0.009529609633170202,False,1
2012-01-17,2012-01-18,0.010995519885351227,FLAT,0.1489289551973343,0.46214331686496735,False,0.009530928842210476,False,1
2012-01-18,2012-01-19,0.005262586317009751,FLAT,0.3676172196865082,0.46214331686496735,False,0.009516406257267365,False,1
2012-01-19,2012-01-20,0.003720365914206534,FLAT,0.3380485773086548,0.46214331686496735,False,0.008895492907235798,False,1
2012-01-20,2012-01-23,-0.0025800313373851107,FLAT,0.36940065026283264,0.46214331686496735,False,0.006594383678927272,False,1
2012-01-23,2012-01-24,-0.0011403345768214964,FLAT,0.4220871925354004,0.46214331686496735,False,0.006713836848757267,False,1
2012-01-24,2012-01-25,0.008332680793951502,FLAT,0.4740312397480011,0.46214331686496735,True,0.006621127288506716,False,1
2012-01-25,2012-01-26,-0.005142899472747521,FLAT,0.3757269084453583,0.46214331686496735,False,0.006592971446745484,False,1
2012-01-26,2012-01-27,-0.0004550440413475089,FLAT,0.3274717926979065,0.46214331686496735,False,0.006798698700782447,False,1
2012-01-27,2012-01-30,-0.003419678873827171,FLAT,0.5225176811218262,0.46214331686496735,True,0.005815377898129274,False,1
2012-01-30,2012-01-31,-0.00038058390580182833,FLAT,0.5170091986656189,0.46214331686496735,True,0.005683821351285888,False,1
2012-01-31,2012-02-01,0.008719065503894516,FLAT,0.4346868395805359,0.46214331686496735,False,0.0054776524676223735,False,1
2012-02-01,2012-02-02,0.001583944965608829,FLAT,0.33746087551116943,0.46214331686496735,False,0.004733798610130324,False,1
2012-02-02,2012-02-03,0.01392134381835218,UP,0.4603722393512726,0.46214331686496735,False,0.004733736569418216,False,1
2012-02-03,2012-02-06,-0.0006691426782849391,FLAT,0.29895180463790894,0.46214331686496735,False,0.005443793290089602,False,1
2012-02-06,2012-02-07,0.002525601923559161,FLAT,0.4524659514427185,0.46214331686496735,False,0.005366578179737271,False,1
2012-02-07,2012-02-08,0.002963252495042481,FLAT,0.42644864320755005,0.46214331686496735,False,0.005366479986056488,False,1
2012-02-08,2012-02-09,0.0012566859316234706,FLAT,0.3217683732509613,0.46214331686496735,False,0.005176073555962797,False,1
2012-02-09,2012-02-10,-0.007415131080261282,FLAT,0.2953841984272003,0.46214331686496735,False,0.005165802961306488,False,1
2012-02-10,2012-02-13,0.007415131080261385,FLAT,0.4360246956348419,0.46214331686496735,False,0.005606159340723241,False,1
2012-02-13,2012-02-14,-0.0012566859316235118,FLAT,0.3341631293296814,0.46214331686496735,False,0.005481846822384613,False,1
2012-02-14,2012-02-15,-0.004671036354375908,FLAT,0.36243635416030884,0.46214331686496735,False,0.0055324321703850736,False,1
2012-02-15,2012-02-16,0.011012309579391845,UP,0.4546632468700409,0.46214331686496735,False,0.005328656263513163,False,1
2012-02-16,2012-02-17,0.002642595690965567,FLAT,0.3593100607395172,0.46214331686496735,False,0.005689293472817839,False,1
2012-02-17,2012-02-21,0.0004397358434986928,FLAT,0.3562171161174774,0.46214331686496735,False,0.005674393737742901,False,1
2012-02-21,2012-02-22,-0.00322937852330844,FLAT,0.3199619948863983,0.46214331686496735,False,0.005595198479800239,False,1
2012-02-22,2012-02-23,0.004401137416320357,FLAT,0.38048237562179565,0.46214331686496735,False,0.005672204823446532,False,1
2012-02-23,2012-02-24,0.002193214767479755,FLAT,0.3501388430595398,0.46214331686496735,False,0.005495945897167568,False,1
2012-02-24,2012-02-27,0.00167836143890253,FLAT,0.3435289263725281,0.46214331686496735,False,0.005268513948355966,False,1
2012-02-27,2012-02-28,0.0029120135218652925,FLAT,0.3720208704471588,0.46214331686496735,False,0.005240294470163899,False,1
2012-02-28,2012-02-29,-0.003933236060081258,FLAT,0.31375953555107117,0.46214331686496735,False,0.005085534274329731,False,1
2012-02-29,2012-03-01,0.005168284152638876,FLAT,0.30018100142478943,0.46214331686496735,False,0.0052437543247512855,False,1
2012-03-01,2012-03-02,-0.0030540903552762613,FLAT,0.33073756098747253,0.46214331686496735,False,0.00506581981411745,False,1
2012-03-02,2012-03-05,-0.004086684251318728,FLAT,0.40824100375175476,0.46214331686496735,False,0.005187998000028508,False,1
2012-03-05,2012-03-06,-0.014733231512984004,DOWN,0.46868422627449036,0.46214331686496735,True,0.004471212831483703,False,1
2012-03-06,2012-03-07,0.006951680361283761,FLAT,0.47697868943214417,0.46214331686496735,True,0.005663772697697899,False,1
2012-03-07,2012-03-08,0.009899914873447515,UP,0.561514675617218,0.46214331686496735,True,0.005846588218390742,False,1
2012-03-08,2012-03-09,0.0038601266890066765,FLAT,0.4002359211444855,0.46214331686496735,False,0.006205577152016927,False,1
2012-03-09,2012-03-12,7.264769404171427e-05,FLAT,0.3166417181491852,0.46214331686496735,False,0.006245497330705215,False,1
2012-03-12,2012-03-13,0.01786530538934012,UP,0.3369642496109009,0.46214331686496735,False,0.0059436378513604594,False,1
2012-03-13,2012-03-14,-0.0010714998762810766,FLAT,0.25050047039985657,0.46214331686496735,False,0.006902270787396397,False,1
2012-03-14,2012-03-15,0.0057727241840531155,FLAT,0.3365740478038788,0.46214331686496735,False,0.006898209305832439,False,1
2012-03-15,2012-03-16,-0.002989100243923629,FLAT,0.26384273171424866,0.46214331686496735,False,0.00678361657393315,False,1
2012-03-16,2012-03-19,0.0039125287957505715,FLAT,0.28446847200393677,0.46214331686496735,False,0.00654887061712929,False,1
2012-03-19,2012-03-20,-0.002915168971612883,FLAT,0.3151058256626129,0.46214331686496735,False,0.006566277378056819,False,1
2012-03-20,2012-03-21,-0.00163902206680534,FLAT,0.3894945979118347,0.46214331686496735,False,0.006639958620863184,False,1
2012-03-21,2012-03-22,-0.007229620640635165,DOWN,0.3654143214225769,0.46214331686496735,False,0.006590513799661513,False,1
2012-03-22,2012-03-23,0.0032275227086085503,FLAT,0.5358933806419373,0.46214331686496735,True,0.006831035180361185,False,1
2012-03-23,2012-03-26,0.0139375558596752,UP,0.47596004605293274,0.46214331686496735,True,0.006844988812797712,False,1
2012-03-26,2012-03-27,-0.003111979619512397,FLAT,0.3791092038154602,0.46214331686496735,False,0.007434041794381986,False,1
2012-03-27,2012-03-28,-0.004970873392590558,FLAT,0.467660129070282,0.46214331686496735,True,0.007499679071577639,False,1
2012-03-28,2012-03-29,-0.0017100502619177978,FLAT,0.44497841596603394,0.46214331686496735,False,0.007541226701503583,False,1
2012-03-29,2012-03-30,0.004127545319883938,FLAT,0.5062466859817505,0.46214331686496735,True,0.007509586180685747,False,1
2012-03-30,2012-04-02,0.007288189356439629,UP,0.4158400297164917,0.46214331686496735,False,0.0074822433905881456,False,1
2012-04-02,2012-04-03,-0.0040975108534866776,FLAT,0.33648747205734253,0.46214331686496735,False,0.0074868718904032,False,1
2012-04-03,2012-04-04,-0.00996019845413259,DOWN,0.3278142213821411,0.46214331686496735,False,0.006570303493252172,False,1
2012-04-04,2012-04-05,-0.0005006781849393335,FLAT,0.5517845153808594,0.46214331686496735,True,0.0070209452625911994,False,1
2012-04-05,2012-04-09,-0.01129462095995572,DOWN,0.5313403606414795,0.46214331686496735,True,0.006746910075030102,False,1
2012-04-09,2012-04-10,-0.016927351249561472,DOWN,0.6978980898857117,0.46214331686496735,True,0.007240928284653498,False,1
2012-04-10,2012-04-11,0.00806164958284261,UP,0.588070273399353,0.46214331686496735,True,0.008195900877917434,False,1
2012-04-11,2012-04-12,0.012981025165336122,UP,0.6121290326118469,0.46214331686496735,True,0.007273793761684154,False,1
2012-04-12,2012-04-13,-0.01195965358781548,DOWN,0.6030301451683044,0.46214331686496735,True,0.007926573021955626,False,1
2012-04-13,2012-04-16,-0.0006564523893733154,FLAT,0.6890301704406738,0.46214331686496735,True,0.008187009814875858,False,1
2012-04-16,2012-04-17,0.014703475288866496,UP,0.6604285836219788,0.46214331686496735,True,0.008178118433826792,False,1
2012-04-17,2012-04-18,-0.0033850816765037045,FLAT,0.6287462711334229,0.46214331686496735,True,0.008858845704233783,False,1
2012-04-18,2012-04-19,-0.006441591294652862,DOWN,0.689781665802002,0.46214331686496735,True,0.008865839415012075,False,1
2012-04-19,2012-04-20,0.0016686312071105618,FLAT,0.7083470225334167,0.46214331686496735,True,0.00895842567635271,False,1
2012-04-20,2012-04-23,-0.008444424521305168,DOWN,0.6194419860839844,0.46214331686496735,True,0.008847589331139325,False,1
2012-04-23,2012-04-24,0.003794271533622065,FLAT,0.6939367055892944,0.46214331686496735,True,0.00897619063759324,False,1
2012-04-24,2012-04-25,0.013598798225997724,UP,0.6297833919525146,0.46214331686496735,True,0.008350467389759324,False,1
2012-04-25,2012-04-26,0.006944729536737264,UP,0.539418637752533,0.46214331686496735,True,0.008996154196698568,False,1
2012-04-26,2012-04-27,0.0016396063201724895,FLAT,0.567571759223938,0.46214331686496735,True,0.009092901494042654,False,1
2012-04-27,2012-04-30,-0.0037108747547531236,FLAT,0.42089369893074036,0.46214331686496735,False,0.009092736719880614,False,1
2012-04-30,2012-05-01,0.006200870687420012,UP,0.44706669449806213,0.46214331686496735,False,0.0090769666289807,False,1
2012-05-01,2012-05-02,-0.002988674748570388,FLAT,0.3994230031967163,0.46214331686496735,False,0.00903205061471022,False,1
2012-05-02,2012-05-03,-0.007654702013019944,DOWN,0.4402545392513275,0.46214331686496735,False,0.009011469897610857,False,1
2012-05-03,2012-05-04,-0.016289952979268458,DOWN,0.5005650520324707,0.46214331686496735,True,0.008895852444203989,False,1
2012-05-04,2012-05-07,0.0007297052588564099,FLAT,0.6183853149414062,0.46214331686496735,True,0.009595319268517574,False,1
2012-05-07,2012-05-08,-0.004019760818253804,FLAT,0.6396082639694214,0.46214331686496735,True,0.009288671938129748,False,1
2012-05-08,2012-05-09,-0.005949538524837831,DOWN,0.6510289311408997,0.46214331686496735,True,0.008494901487055968,False,1
2012-05-09,2012-05-10,0.0020606334141373803,FLAT,0.7214639782905579,0.46214331686496735,True,0.00839291803410555,False,1
2012-05-10,2012-05-11,-0.0030188415573872214,FLAT,0.5876427888870239,0.46214331686496735,True,0.007807104856742473,False,1
2012-05-11,2012-05-14,-0.011122760326664573,DOWN,0.6973990201950073,0.46214331686496735,True,0.0073919397334928786,False,1
2012-05-14,2012-05-15,-0.005758133548508667,DOWN,0.7008652687072754,0.46214331686496735,True,0.007760358246331517,False,1
2012-05-15,2012-05-16,-0.0038321007961062774,FLAT,0.6784472465515137,0.46214331686496735,True,0.006866770106489125,False,1
2012-05-16,2012-05-17,-0.014942074823610709,DOWN,0.6617879271507263,0.46214331686496735,True,0.006871873543387453,False,1
2012-05-17,2012-05-18,-0.008595563981053293,DOWN,0.607374370098114,0.46214331686496735,True,0.007395524292836135,False,1
2012-05-18,2012-05-21,0.017042143153895094,UP,0.651951014995575,0.46214331686496735,True,0.007443008124412075,False,1
2012-05-21,2012-05-22,0.0017412710545933409,FLAT,0.6003334522247314,0.46214331686496735,True,0.00857044984815236,False,1
2012-05-22,2012-05-23,0.0005294160058288494,FLAT,0.7002080678939819,0.46214331686496735,True,0.008512096101010783,False,1
2012-05-23,2012-05-24,0.0019637053428055115,FLAT,0.6599196195602417,0.46214331686496735,True,0.0077252369405592545,False,1
2012-05-24,2012-05-25,-0.0032497679497885865,FLAT,0.625775933265686,0.46214331686496735,True,0.007479418197370894,False,1
2012-05-25,2012-05-29,0.01203920355045307,UP,0.6462174654006958,0.46214331686496735,True,0.007406259938680646,False,1
2012-05-29,2012-05-30,-0.014616417103779963,DOWN,0.5568109154701233,0.46214331686496735,True,0.008133208327473124,False,1
2012-05-30,2012-05-31,-0.0022033461851589573,FLAT,0.7274221777915955,0.46214331686496735,True,0.008323828571162638,False,1
2012-05-31,2012-06-01,-0.025499186098984584,DOWN,0.6927043199539185,0.46214331686496735,True,0.008327209316630628,False,1
2012-06-01,2012-06-04,-0.0004682553453806065,FLAT,0.7026882171630859,0.46214331686496735,True,0.009670757282324456,False,1
2012-06-04,2012-06-05,0.007543693044012312,UP,0.6216047406196594,0.46214331686496735,True,0.009263948806818087,False,1
2012-06-05,2012-06-06,0.022219683685399394,UP,0.5764840841293335,0.46214331686496735,True,0.00954329978933198,False,1
2012-06-06,2012-06-07,0.0006060285751731634,FLAT,0.47168686985969543,0.46214331686496735,True,0.011078469506840922,False,1
2012-06-07,2012-06-08,0.007920109403916804,UP,0.6401681900024414,0.46214331686496735,True,0.01104322574613102,False,1
2012-06-08,2012-06-11,-0.01277853673432137,DOWN,0.6111282110214233,0.46214331686496735,True,0.011215633405459129,False,1
2012-06-11,2012-06-12,0.011425195187419059,UP,0.6563745141029358,0.46214331686496735,True,0.01151258700523162,False,1
2012-06-12,2012-06-13,-0.006415289197970859,DOWN,0.4821690618991852,0.46214331686496735,True,0.011631604354053022,False,1
2012-06-13,2012-06-14,0.010544602119150941,UP,0.7139509916305542,0.46214331686496735,True,0.011648317473995085,False,1
2012-06-14,2012-06-15,0.005007283489523609,FLAT,0.4838852286338806,0.46214331686496735,True,0.011871927282186372,False,1
2012-06-15,2012-06-18,0.0019363565545029568,FLAT,0.5694239735603333,0.46214331686496735,True,0.011356032590258124,False,1
2012-06-18,2012-06-19,0.009626161675834072,UP,0.4701779782772064,0.46214331686496735,True,0.011117735815660288,False,1
2012-06-19,2012-06-20,-0.0016225479379806827,FLAT,0.3353435695171356,0.46214331686496735,False,0.010697084909580712,False,1
2012-06-20,2012-06-21,-0.022694265300738328,DOWN,0.38943085074424744,0.46214331686496735,False,0.01071775547272718,False,1
2012-06-21,2012-06-22,0.007672126668571888,UP,0.41827651858329773,0.46214331686496735,False,0.011980762221256,False,1
2012-06-22,2012-06-25,-0.016164709374456528,DOWN,0.5437775254249573,0.46214331686496735,True,0.012095839854876304,False,1
2012-06-25,2012-06-26,0.005013215176026021,FLAT,0.6834154725074768,0.46214331686496735,True,0.012631009768424609,False,1
2012-06-26,2012-06-27,0.008976130181058067,UP,0.5832399129867554,0.46214331686496735,True,0.012364777136655286,False,1
2012-06-27,2012-06-28,-0.0028576113221010406,FLAT,0.5231878161430359,0.46214331686496735,True,0.012084168132360499,False,1
2012-06-28,2012-06-29,0.02462107206103697,UP,0.4956768751144409,0.46214331686496735,True,0.0120928458705129,False,1
2012-06-29,2012-07-02,0.0030078772716375956,FLAT,0.30233195424079895,0.46214331686496735,False,0.011604937980675394,False,1
2012-07-02,2012-07-03,0.006571352219776147,UP,0.325865238904953,0.46214331686496735,False,0.011576168409524492,False,1
2012-07-03,2012-07-05,-0.004522329974862246,FLAT,0.33851751685142517,0.46214331686496735,False,0.011558903383344732,False,1
2012-07-05,2012-07-06,-0.009548976618500212,DOWN,0.2801593244075775,0.46214331686496735,False,0.010753163874305189,False,1
2012-07-06,2012-07-09,-0.001255479363605407,FLAT,0.4259425401687622,0.46214331686496735,False,0.011047904942952299,False,1
2012-07-09,2012-07-10,-0.008758371916199225,DOWN,0.5183743238449097,0.46214331686496735,True,0.010947971339004367,False,1
2012-07-10,2012-07-11,0.00014911869005202993,FLAT,0.516522228717804,0.46214331686496735,True,0.010719542991647586,False,1
2012-07-11,2012-07-12,-0.004856804553746215,FLAT,0.5246434211730957,0.46214331686496735,True,0.010436723439245288,False,1
2012-07-12,2012-07-13,0.016638618556256375,UP,0.6801106333732605,0.46214331686496735,True,0.010388360727831298,False,1
2012-07-13,2012-07-16,-0.0023601112279798006,FLAT,0.46601319313049316,0.46214331686496735,True,0.010779201225807868,False,1
2012-07-16,2012-07-17,0.006843604159668158,UP,0.5197908878326416,0.46214331686496735,True,0.01075540198794342,False,1
2012-07-17,2012-07-18,0.007379528046410284,UP,0.36317968368530273,0.46214331686496735,False,0.010846002209611067,False,1
2012-07-18,2012-07-19,0.002617236116542275,FLAT,0.3663696050643921,0.46214331686496735,False,0.010760244283614747,False,1
2012-07-19,2012-07-20,-0.009190396713817285,DOWN,0.2538277804851532,0.46214331686496735,False,0.010755676332354563,False,1
2012-07-20,2012-07-23,-0.01016362332194233,DOWN,0.45236334204673767,0.46214331686496735,False,0.009558904271287147,False,1
2012-07-23,2012-07-24,-0.008623975160813382,DOWN,0.6034994125366211,0.46214331686496735,True,0.009782032930212623,False,1
2012-07-24,2012-07-25,0.00022407733233724853,FLAT,0.7169358730316162,0.46214331686496735,True,0.009231391607728581,False,1
2012-07-25,2012-07-26,0.01636279364520529,UP,0.6077642440795898,0.46214331686496735,True,0.009183364190865144,False,1
2012-07-26,2012-07-27,0.01826497631335944,UP,0.3986594080924988,0.46214331686496735,False,0.009667612534474115,False,1
2012-07-27,2012-07-30,0.0,FLAT,0.3357836604118347,0.46214331686496735,False,0.010341208039498572,False,1
2012-07-30,2012-07-31,-0.0070189945103160956,DOWN,0.47152087092399597,0.46214331686496735,True,0.008891805663870104,False,1
2012-07-31,2012-08-01,-0.0008718516690747392,FLAT,0.37448492646217346,0.46214331686496735,False,0.009050273557972962,False,1
2012-08-01,2012-08-02,-0.006928496250222446,DOWN,0.2195175439119339,0.46214331686496735,False,0.008937100204080494,False,1
2012-08-02,2012-08-03,0.019639072154451945,UP,0.5364763736724854,0.46214331686496735,True,0.009017939802783865,False,1
2012-08-03,2012-08-06,0.001935613842245032,FLAT,0.29895496368408203,0.46214331686496735,False,0.009733979881606443,False,1
2012-08-06,2012-08-07,0.005001169250315094,FLAT,0.34291329979896545,0.46214331686496735,False,0.009714216566716378,False,1
2012-08-07,2012-08-08,0.0012107701431819514,FLAT,0.29894745349884033,0.46214331686496735,False,0.009427696648680746,False,1
2012-08-08,2012-08-09,0.0008537539798698818,FLAT,0.4385199546813965,0.46214331686496735,False,0.009418216803668424,False,1
2012-08-09,2012-08-10,0.0016343633414736432,FLAT,0.4200524389743805,0.46214331686496735,False,0.009275138424763131,False,1
2012-08-10,2012-08-13,-0.0004970850944157594,FLAT,0.43224069476127625,0.46214331686496735,False,0.008665872235426341,False,1
2012-08-13,2012-08-14,0.000141987596809055,FLAT,0.4544726610183716,0.46214331686496735,False,0.008628274230895195,False,1
2012-08-14,2012-08-15,0.0011358251214389945,FLAT,0.4089280962944031,0.46214331686496735,False,0.008557396670459304,False,1
2012-08-15,2012-08-16,0.0073514753644729515,UP,0.4871536195278168,0.46214331686496735,True,0.0084485965294073,False,1
2012-08-16,2012-08-17,0.0013371377143855268,FLAT,0.34812331199645996,0.46214331686496735,False,0.008553517643487238,False,1
2012-08-17,2012-08-20,7.039959068116194e-05,FLAT,0.39608484506607056,0.46214331686496735,False,0.008175075444416676,False,1
2012-08-20,2012-08-21,-0.0030287604712871475,FLAT,0.4593779444694519,0.46214331686496735,False,0.007675408583909144,False,1
2012-08-21,2012-08-22,0.0004232514132957488,FLAT,0.4028404951095581,0.46214331686496735,False,0.007340947835699965,False,1
2012-08-22,2012-08-23,-0.008213042605260772,DOWN,0.416760116815567,0.46214331686496735,False,0.007337345221797467,False,1
2012-08-23,2012-08-24,0.006024690231016378,FLAT,0.6353073120117188,0.46214331686496735,True,0.007005770410966969,False,1
2012-08-24,2012-08-27,0.00021196806714667913,FLAT,0.4629092514514923,0.46214331686496735,True,0.005926929037019627,False,1
2012-08-27,2012-08-28,-0.0009896049156417712,FLAT,0.5372568964958191,0.46214331686496735,True,0.00592521707226829,False,1
2012-08-28,2012-08-29,0.0007776368484949471,FLAT,0.48041224479675293,0.46214331686496735,True,0.00564121657601777,False,1
2012-08-29,2012-08-30,-0.007233996182479838,DOWN,0.5020751357078552,0.46214331686496735,True,0.005619468204992976,False,1
2012-08-30,2012-08-31,0.004757673786441624,FLAT,0.606231153011322,0.46214331686496735,True,0.005643674724103763,False,1
2012-08-31,2012-09-04,-0.0009213997015155756,FLAT,0.45319628715515137,0.46214331686496735,False,0.0037863335376806043,False,1
2012-09-04,2012-09-05,-0.0008512103525127161,FLAT,0.5114305019378662,0.46214331686496735,True,0.0037889826609575536,False,1
2012-09-05,2012-09-06,0.020093415455824763,UP,0.5174777507781982,0.46214331686496735,True,0.00364657262515054,False,1
2012-09-06,2012-09-07,0.003887526914222616,FLAT,0.28792887926101685,0.46214331686496735,False,0.005754545881089362,False,1
2012-09-07,2012-09-10,-0.005697676160437924,FLAT,0.1890225112438202,0.46214331686496735,False,0.00578611524000052,False,1
2012-09-10,2012-09-11,0.002783448723683429,FLAT,0.40985843539237976,0.46214331686496735,False,0.005992774149712655,False,1
2012-09-11,2012-09-12,0.003329838126721963,FLAT,0.219844251871109,0.46214331686496735,False,0.005996292644179565,False,1
2012-09-12,2012-09-13,0.01512158156392947,UP,0.19963517785072327,0.46214331686496735,False,0.006011751166709178,False,1
2012-09-13,2012-09-14,0.004424396498419365,FLAT,0.26433780789375305,0.46214331686496735,False,0.0067627535581258336,False,1
2012-09-14,2012-09-17,-0.003401595097850954,FLAT,0.2919338345527649,0.46214331686496735,False,0.006671024491456401,False,1
2012-09-17,2012-09-18,-0.0008181782275811471,FLAT,0.379380464553833,0.46214331686496735,False,0.0067722886101990445,False,1
2012-09-18,2012-09-19,0.0005454918532837904,FLAT,0.4029458165168762,0.46214331686496735,False,0.006785604184996663,False,1
2012-09-19,2012-09-20,6.823056817389438e-05,FLAT,0.3733455240726471,0.46214331686496735,False,0.006705707204373949,False,1
2012-09-20,2012-09-21,-0.005742114290003215,FLAT,0.4326837956905365,0.46214331686496735,False,0.006709768922393507,False,1
2012-09-21,2012-09-24,-0.0015093391243115365,FLAT,0.5001245737075806,0.46214331686496735,True,0.006538289113154677,False,1
2012-09-24,2012-09-25,-0.010698896138496448,DOWN,0.5339630842208862,0.46214331686496735,True,0.006500120469657601,False,1
2012-09-25,2012-09-26,-0.005637043488175715,FLAT,0.60751873254776,0.46214331686496735,True,0.007043890699292797,False,1
2012-09-26,2012-09-27,0.009377390550657554,UP,0.6834481358528137,0.46214331686496735,True,0.007184629702297748,False,1
2012-09-27,2012-09-28,-0.004642939406933167,FLAT,0.4516991972923279,0.46214331686496735,False,0.007444438219878238,False,1
2012-09-28,2012-10-01,0.002635995374562496,FLAT,0.6381477117538452,0.46214331686496735,True,0.007313273651012286,False,1
2012-10-01,2012-10-02,0.001038559160788957,FLAT,0.5689881443977356,0.46214331686496735,True,0.007274594742426175,False,1
2012-10-02,2012-10-03,0.004074706734846275,FLAT,0.4395742416381836,0.46214331686496735,False,0.007258869331064453,False,1
2012-10-03,2012-10-04,0.007142455613396262,UP,0.4513123035430908,0.46214331686496735,False,0.007268622433411707,False,1
2012-10-04,2012-10-05,6.83922858572033e-05,FLAT,0.36263030767440796,0.46214331686496735,False,0.005984923208126583,False,1
2012-10-05,2012-10-08,-0.003427243070177479,FLAT,0.29211705923080444,0.46214331686496735,False,0.005942476830176928,False,1
2012-10-08,2012-10-09,-0.009936615428929485,DOWN,0.45261576771736145,0.46214331686496735,False,0.005836106989065712,False,1
2012-10-09,2012-10-10,-0.006400454454726661,DOWN,0.5643105506896973,0.46214331686496735,True,0.006277705477038749,False,1
2012-10-10,2012-10-11,0.000558204251342108,FLAT,0.6039759516716003,0.46214331686496735,True,0.006390309195306072,False,1
2012-10-11,2012-10-12,-0.0032838542746947688,FLAT,0.587286651134491,0.46214331686496735,True,0.005260032365114813,False,1
2012-10-12,2012-10-15,0.0082936143668975,UP,0.6588109135627747,0.46214331686496735,True,0.00511321294179407,False,1
2012-10-15,2012-10-16,0.010082203211906414,UP,0.5158105492591858,0.46214331686496735,True,0.005535535267610144,False,1
2012-10-16,2012-10-17,0.004524609653617291,FLAT,0.449111670255661,0.46214331686496735,False,0.006057540389233431,False,1
2012-10-17,2012-10-18,-0.0026024918357319808,FLAT,0.41336169838905334,0.46214331686496735,False,0.006153761543481337,False,1
2012-10-18,2012-10-19,-0.016804848135725563,DOWN,0.40240785479545593,0.46214331686496735,False,0.006177236183738677,False,1
2012-10-19,2012-10-22,0.00013949980669822847,FLAT,0.6552681922912598,0.46214331686496735,True,0.007114059511220207,False,1
2012-10-22,2012-10-23,-0.013973513048603455,DOWN,0.570024847984314,0.46214331686496735,True,0.007115660253600667,False,1
2012-10-23,2012-10-24,-0.0028324186407206386,FLAT,0.6072174906730652,0.46214331686496735,True,0.007388472814197736,False,1
2012-10-24,2012-10-25,0.002903088657786816,FLAT,0.6452867984771729,0.46214331686496735,True,0.007320912175815682,False,1
2012-10-25,2012-10-26,-0.0005657159257664017,FLAT,0.6611525416374207,0.46214331686496735,True,0.006982599947545126,False,1
2012-10-26,2012-10-31,0.0,FLAT,0.6663752198219299,0.46214331686496735,True,0.006933745975635182,False,1
2012-10-31,2012-11-01,0.010415997374597061,UP,0.650922954082489,0.46214331686496735,True,0.00688752768065437,False,1
2012-11-01,2012-11-02,-0.008931486463534484,DOWN,0.5661945939064026,0.46214331686496735,True,0.007341427583229458,False,1
2012-11-02,2012-11-05,0.0020465660519948573,FLAT,0.608487606048584,0.46214331686496735,True,0.007481999049323165,False,1
2012-11-05,2012-11-06,0.007794713531612405,UP,0.6627766489982605,0.46214331686496735,True,0.007265454569979761,False,1
2012-11-06,2012-11-07,-0.02292448913901554,DOWN,0.5669275522232056,0.46214331686496735,True,0.007552223352944174,False,1
2012-11-07,2012-11-08,-0.012096979082725046,DOWN,0.5646055340766907,0.46214331686496735,True,0.0089899661262001,False,1
2012-11-08,2012-11-09,0.0008690107520277212,FLAT,0.6357956528663635,0.46214331686496735,True,0.009101684635391424,False,1
2012-11-09,2012-11-12,0.0007958659552173828,FLAT,0.6589912176132202,0.46214331686496735,True,0.009069487769208118,False,1
2012-11-12,2012-11-13,-0.0034775880194807783,FLAT,0.6053714752197266,0.46214331686496735,True,0.00907292199283266,False,1
2012-11-13,2012-11-14,-0.013590744815579842,DOWN,0.6489742994308472,0.46214331686496735,True,0.00907468439216901,False,1
2012-11-14,2012-11-15,-0.0016934491130524733,FLAT,0.6676780581474304,0.46214331686496735,True,0.009110690022927056,False,1
2012-11-15,2012-11-16,0.004925199712301825,FLAT,0.6672563552856445,0.46214331686496735,True,0.008592543627305587,False,1
2012-11-16,2012-11-19,0.020037038884988225,UP,0.6431525349617004,0.46214331686496735,True,0.008612677606115513,False,1
2012-11-19,2012-11-20,0.0004311408302978512,FLAT,0.49247193336486816,0.46214331686496735,True,0.010094418307302755,False,1
2012-11-20,2012-11-21,0.0018661684098468076,FLAT,0.5757019519805908,0.46214331686496735,True,0.009514324011161729,False,1
2012-11-21,2012-11-23,0.013533035130504684,UP,0.589389979839325,0.46214331686496735,True,0.009537659448330002,False,1
2012-11-23,2012-11-26,-0.002124668235753366,FLAT,0.5126111507415771,0.46214331686496735,True,0.009612076259275334,False,1
2012-11-26,2012-11-27,-0.005117654272755331,FLAT,0.5625432133674622,0.46214331686496735,True,0.009602493649229962,False,1
2012-11-27,2012-11-28,0.008020234257834215,UP,0.5572764277458191,0.46214331686496735,True,0.009642739979240434,False,1
2012-11-28,2012-11-29,0.004654697726772232,FLAT,0.5229101181030273,0.46214331686496735,True,0.009823946014859317,False,1
2012-11-29,2012-11-30,0.00021105836400327273,FLAT,0.4069255590438843,0.46214331686496735,False,0.009877963770382112,False,1
2012-11-30,2012-12-03,-0.004936518987100227,FLAT,0.46724870800971985,0.46214331686496735,True,0.0095856187425768,False,1
2012-12-03,2012-12-04,-0.0014149061462090321,FLAT,0.43075549602508545,0.46214331686496735,False,0.00943538680214369,False,1
2012-12-04,2012-12-05,0.0017683470567419492,FLAT,0.4920068383216858,0.46214331686496735,True,0.00942686338862604,False,1
2012-12-05,2012-12-06,0.0033864554359557186,FLAT,0.5002058148384094,0.46214331686496735,True,0.009252164680912611,False,1
2012-12-06,2012-12-07,0.003024074427342408,FLAT,0.5329551100730896,0.46214331686496735,True,0.0076253723810161215,False,1
2012-12-07,2012-12-10,0.0004212128506911867,FLAT,0.4124086797237396,0.46214331686496735,False,0.007003355324258061,False,1
2012-12-10,2012-12-11,0.006785386519996082,UP,0.5025104880332947,0.46214331686496735,True,0.007006390268265003,False,1
2012-12-11,2012-12-12,0.0004878345883405068,FLAT,0.3937588930130005,0.46214331686496735,False,0.007100465993290974,False,1
2012-12-12,2012-12-13,-0.006150782136168171,DOWN,0.4378323256969452,0.46214331686496735,False,0.006998937456678767,False,1
2012-12-13,2012-12-14,-0.0037228207141397356,FLAT,0.5488376021385193,0.46214331686496735,True,0.006286209833825424,False,1
2012-12-14,2012-12-17,0.011683752096523075,UP,0.5658788084983826,0.46214331686496735,True,0.0063716562064200085,False,1
2012-12-17,2012-12-18,0.011067352697539948,UP,0.3866935074329376,0.46214331686496735,False,0.0066892850269355255,False,1
2012-12-18,2012-12-19,-0.007457066070580858,DOWN,0.3736618161201477,0.46214331686496735,False,0.005687305088095913,False,1
2012-12-19,2012-12-20,0.005735835941309844,UP,0.4812372624874115,0.46214331686496735,True,0.006076193195718776,False,1
2012-12-20,2012-12-21,-0.01618598029706901,DOWN,0.4081513285636902,0.46214331686496735,False,0.006139714510152977,False,1
2012-12-21,2012-12-24,-0.0030861158221656805,FLAT,0.5872324109077454,0.46214331686496735,True,0.0067642731627663485,False,1
2012-12-24,2012-12-26,-0.004223913993006298,FLAT,0.7076353430747986,0.46214331686496735,True,0.006787335815805129,False,1
2012-12-26,2012-12-27,-0.001341304377040368,FLAT,0.4934941828250885,0.46214331686496735,True,0.0067515370365953935,False,1
2012-12-27,2012-12-28,-0.010866961580575455,DOWN,0.5922534465789795,0.46214331686496735,True,0.006523641784314416,False,1
2012-12-28,2012-12-31,0.016853570296344864,UP,0.5843847393989563,0.46214331686496735,True,0.006859781519077075,False,1
2012-12-31,2013-01-02,0.025307232530281845,UP,0.5041238069534302,0.46214331686496735,True,0.007910289949955724,False,1
2013-01-02,2013-01-03,-0.002261914248915973,FLAT,0.3238495886325836,0.46214331686496735,False,0.009607307329428575,False,1
2013-01-03,2013-01-04,0.004382063908518389,FLAT,0.42622095346450806,0.46214331686496735,False,0.009623167250679694,False,1
2013-01-04,2013-01-07,-0.0027364996312892855,FLAT,0.3730359375476837,0.46214331686496735,False,0.009643853639098218,False,1
2013-01-07,2013-01-08,-0.0028814383464779896,FLAT,0.4393235146999359,0.46214331686496735,False,0.009684330723325751,False,1
2013-01-08,2013-01-09,0.002538822618967544,FLAT,0.47676798701286316,0.46214331686496735,True,0.009721706530973989,False,1
2013-01-09,2013-01-10,0.007918155104775441,UP,0.4961909055709839,0.46214331686496735,True,0.009725564729567926,False,1
2013-01-10,2013-01-11,-6.795516932659728e-05,FLAT,0.37713316082954407,0.46214331686496735,False,0.009763052658844305,False,1
2013-01-11,2013-01-14,-0.0006802210887327481,FLAT,0.49919652938842773,0.46214331686496735,True,0.009766135734868833,False,1
2013-01-14,2013-01-15,0.0006802210887327338,FLAT,0.5512644648551941,0.46214331686496735,True,0.009624256318068758,False,1
2013-01-15,2013-01-16,-0.0001360279599216413,FLAT,0.54621422290802,0.46214331686496735,True,0.009548590176094433,False,1
2013-01-16,2013-01-17,0.0064395880109128344,UP,0.5360551476478577,0.46214331686496735,True,0.009260818999892041,False,1
2013-01-17,2013-01-18,0.0022272599158720922,FLAT,0.4490639567375183,0.46214331686496735,False,0.009054928971505198,False,1
2013-01-18,2013-01-22,0.005378907836690007,FLAT,0.46094009280204773,0.46214331686496735,False,0.008841119523727327,False,1
2013-01-22,2013-01-23,0.0016079751161445402,FLAT,0.511565625667572,0.46214331686496735,True,0.008832221500543755,False,1
2013-01-23,2013-01-24,0.00026781274064164483,FLAT,0.5008527636528015,0.46214331686496735,True,0.007808298976969449,False,1
2013-01-24,2013-01-25,0.005606344041853558,UP,0.49382302165031433,0.46214331686496735,True,0.0077231584886114655,False,1
2013-01-25,2013-01-28,-0.0011986727020707087,FLAT,0.4648541808128357,0.46214331686496735,True,0.00758971110588439,False,1
2013-01-28,2013-01-29,0.003923765991413277,FLAT,0.524117648601532,0.46214331686496735,True,0.007585570289817581,False,1
2013-01-29,2013-01-30,-0.003923765991413354,FLAT,0.4901430904865265,0.46214331686496735,True,0.006856797482557648,False,1
2013-01-30,2013-01-31,-0.0024686296734874246,FLAT,0.5027787089347839,0.46214331686496735,True,0.006304099153056531,False,1
2013-01-31,2013-02-01,0.010234744303814203,UP,0.564831554889679,0.46214331686496735,True,0.003461648376209346,False,1
2013-02-01,2013-02-04,-0.011304144668602559,DOWN,0.40428510308265686,0.46214331686496735,False,0.003898319996174589,False,1
2013-02-04,2013-02-05,0.010047057361337028,UP,0.5867007374763489,0.46214331686496735,True,0.00482992201094922,False,1
2013-02-05,2013-02-06,0.0007279746716896792,FLAT,0.4684508144855499,0.46214331686496735,True,0.005135677031888291,False,1
2013-02-06,2013-02-07,-0.001323957173225456,FLAT,0.508203387260437,0.46214331686496735,True,0.005028113231913888,False,1
2013-02-07,2013-02-08,0.005548939530563959,UP,0.5341384410858154,0.46214331686496735,True,0.005075879225465513,False,1
2013-02-08,2013-02-11,-0.00019763994248934072,FLAT,0.497965931892395,0.46214331686496735,True,0.004949132563781737,False,1
2013-02-11,2013-02-12,0.0016458741196453063,FLAT,0.5315067768096924,0.46214331686496735,True,0.004951488826473638,False,1
2013-02-12,2013-02-13,0.0008547169853668696,FLAT,0.5018957853317261,0.46214331686496735,True,0.004923017549224396,False,1
2013-02-13,2013-02-14,0.0009197175496727924,FLAT,0.49575623869895935,0.46214331686496735,True,0.004921289633837697,False,1
2013-02-14,2013-02-15,-0.001182606441312753,FLAT,0.5263590812683105,0.46214331686496735,True,0.004906222015502219,False,1
2013-02-15,2013-02-19,0.007466627480102244,UP,0.49009981751441956,0.46214331686496735,True,0.004818073964030701,False,1
2013-02-19,2013-02-20,-0.012541637747840189,DOWN,0.5209208726882935,0.46214331686496735,True,0.005005936915830862,False,1
2013-02-20,2013-02-21,-0.006097567843170686,DOWN,0.5504759550094604,0.46214331686496735,True,0.005835048459167397,False,1
2013-02-21,2013-02-22,0.00972520140623874,UP,0.6530924439430237,0.46214331686496735,True,0.006025687274413576,False,1
2013-02-22,2013-02-25,-0.019210264686089513,DOWN,0.4960034489631653,0.46214331686496735,True,0.006379573027437239,False,1
2013-02-25,2013-02-26,0.006822341075306378,UP,0.4661538600921631,0.46214331686496735,True,0.0076809539181655374,False,1
2013-02-26,2013-02-27,0.012519617305904326,UP,0.5974879860877991,0.46214331686496735,True,0.00784566815313933,False,1
2013-02-27,2013-02-28,-0.001976826207379364,FLAT,0.5131774544715881,0.46214331686496735,True,0.008295441270181099,False,1
2013-02-28,2013-03-01,0.003292509216928123,FLAT,0.5724590420722961,0.46214331686496735,True,0.008253185244890712,False,1
2013-03-01,2013-03-04,0.0053109495180547524,FLAT,0.5118229985237122,0.46214331686496735,True,0.00824426869233167,False,1
2013-03-04,2013-03-05,0.00891900808606313,UP,0.36152881383895874,0.46214331686496735,False,0.008018068406606663,False,1
2013-03-05,2013-03-06,0.0013601913974636344,FLAT,0.30355918407440186,0.46214331686496735,False,0.007713538830304639,False,1
2013-03-06,2013-03-07,0.0018106496178148855,FLAT,0.2691997289657593,0.46214331686496735,False,0.00745079466296134,False,1
2013-03-07,2013-03-08,0.004255074819991709,FLAT,0.2966815233230591,0.46214331686496735,False,0.007451659489120379,False,1
2013-03-08,2013-03-11,0.003788467853968727,FLAT,0.3249071538448334,0.46214331686496735,False,0.0074572840521684464,False,1
2013-03-11,2013-03-12,-0.002245717238507568,FLAT,0.40740668773651123,0.46214331686496735,False,0.007416787134087639,False,1
2013-03-12,2013-03-13,0.0014121655224659311,FLAT,0.48815783858299255,0.46214331686496735,True,0.0074536793037023805,False,1
2013-03-13,2013-03-14,0.005309815492435571,FLAT,0.473269522190094,0.46214331686496735,True,0.0074532451983896205,False,1
2013-03-14,2013-03-15,-0.005758871198111227,DOWN,0.3947027623653412,0.46214331686496735,False,0.007506872660317562,False,1
2013-03-15,2013-03-18,-0.0055341235315858415,DOWN,0.5422810316085815,0.46214331686496735,True,0.0076797934261678595,False,1
2013-03-18,2013-03-19,-0.0023257366140840134,FLAT,0.636003315448761,0.46214331686496735,True,0.007809865222556136,False,1
2013-03-19,2013-03-20,0.006961045320596425,UP,0.5414995551109314,0.46214331686496735,True,0.007684539298948539,False,1
2013-03-20,2013-03-21,-0.00857932575928796,DOWN,0.4287584125995636,0.46214331686496735,False,0.007170500173342103,False,1
2013-03-21,2013-03-22,0.008001110346472698,UP,0.6472683548927307,0.46214331686496735,True,0.007327147469608808,False,1
2013-03-22,2013-03-25,-0.004186186431325619,FLAT,0.45466744899749756,0.46214331686496735,False,0.007232245593126463,False,1
2013-03-25,2013-03-26,0.007970765961989446,UP,0.5077653527259827,0.46214331686496735,True,0.005594873898579468,False,1
2013-03-26,2013-03-27,0.0,FLAT,0.40155020356178284,0.46214331686496735,False,0.0056530183016944595,False,1
2013-03-27,2013-03-28,0.003068440217427903,FLAT,0.41113656759262085,0.46214331686496735,False,0.005094153719242262,False,1
2013-03-28,2013-04-01,-0.0039651824449908925,FLAT,0.35483893752098083,0.46214331686496735,False,0.005043360055525942,False,1
2013-04-01,2013-04-02,0.0049222092343260155,FLAT,0.40168440341949463,0.46214331686496735,False,0.005177632324916817,False,1
2013-04-02,2013-04-03,-0.010190836992467653,DOWN,0.3281463384628296,0.46214331686496735,False,0.005162405416710423,False,1
2013-04-03,2013-04-04,0.004050311816510627,FLAT,0.505295991897583,0.46214331686496735,True,0.005431531534337908,False,1
2013-04-04,2013-04-05,-0.004501306157524532,FLAT,0.41886940598487854,0.46214331686496735,False,0.005492043344933116,False,1
2013-04-05,2013-04-08,0.006744432648754667,UP,0.5688347816467285,0.46214331686496735,True,0.005589517321021547,False,1
2013-04-08,2013-04-09,0.0034508806903607403,FLAT,0.37171265482902527,0.46214331686496735,False,0.005712741153272762,False,1
2013-04-09,2013-04-10,0.012174382692949959,UP,0.3470746576786041,0.46214331686496735,False,0.005702215759368043,False,1
2013-04-10,2013-04-11,0.003271910497494264,FLAT,0.24658340215682983,0.46214331686496735,False,0.006257318048482508,False,1
2013-04-11,2013-04-12,-0.0024529046728204904,FLAT,0.27294182777404785,0.46214331686496735,False,0.006278312005699491,False,1
2013-04-12,2013-04-15,-0.0234465885739041,DOWN,0.3138203024864197,0.46214331686496735,False,0.0062405629824626285,False,1
2013-04-15,2013-04-16,0.014654910174762463,UP,0.48079755902290344,0.46214331686496735,True,0.008156660607355296,False,1
2013-04-16,2013-04-17,-0.014719343059893182,DOWN,0.38665512204170227,0.46214331686496735,False,0.008696856290558006,False,1
2013-04-17,2013-04-18,-0.006273270181493821,DOWN,0.5168126821517944,0.46214331686496735,True,0.00934711471416576,False,1
2013-04-18,2013-04-19,0.008655802114729601,UP,0.7325895428657532,0.46214331686496735,True,0.00930878454612131,False,1
2013-04-19,2013-04-22,0.004428067270146573,FLAT,0.5487836003303528,0.46214331686496735,True,0.009319267774538736,False,1
2013-04-22,2013-04-23,0.010256504155200347,UP,0.5364997386932373,0.46214331686496735,True,0.009198572862352119,False,1
2013-04-23,2013-04-24,0.0006336317918098495,FLAT,0.4708772301673889,0.46214331686496735,True,0.009402189846113693,False,1
2013-04-24,2013-04-25,0.0040455135524108034,FLAT,0.3694276511669159,0.46214331686496735,False,0.00925395682550815,False,1
2013-04-25,2013-04-26,-0.0017678926858903429,FLAT,0.33896738290786743,0.46214331686496735,False,0.00928573521205575,False,1
2013-04-26,2013-04-29,0.006676333484770011,UP,0.3513748049736023,0.46214331686496735,False,0.00928489076770622,False,1
2013-04-29,2013-04-30,0.0023825306217472595,FLAT,0.33329033851623535,0.46214331686496735,False,0.009320471233939616,False,1
2013-04-30,2013-05-01,-0.008806157890127678,DOWN,0.3571675717830658,0.46214331686496735,False,0.009281881847389326,False,1
2013-05-01,2013-05-02,0.009244484452722372,UP,0.46602514386177063,0.46214331686496735,True,0.009199571309220061,False,1
2013-05-02,2013-05-03,0.010089741437126454,UP,0.36700132489204407,0.46214331686496735,False,0.009362888494754666,False,1
2013-05-03,2013-05-06,0.0025375453495845883,FLAT,0.32670333981513977,0.46214331686496735,False,0.00946054520192157,False,1
2013-05-06,2013-05-07,0.005055854606350943,FLAT,0.4765228033065796,0.46214331686496735,True,0.009395162078179135,False,1
2013-05-07,2013-05-08,0.0045406608592606645,FLAT,0.39077165722846985,0.46214331686496735,False,0.009417266981398482,False,1
2013-05-08,2013-05-09,-0.0028201321698346125,FLAT,0.425740510225296,0.46214331686496735,False,0.009126227428547632,False,1
2013-05-09,2013-05-10,0.0032486391341189657,FLAT,0.4720572233200073,0.46214331686496735,True,0.009163819025895591,False,1
2013-05-10,2013-05-13,0.0007951652062149737,FLAT,0.4362586736679077,0.46214331686496735,False,0.00913461399843374,False,1
2013-05-13,2013-05-14,0.010280849124774243,UP,0.4896109402179718,0.46214331686496735,True,0.007024456151591077,False,1
2013-05-14,2013-05-15,0.00537197256402703,UP,0.4003559648990631,0.46214331686496735,False,0.006690960970514919,False,1
2013-05-15,2013-05-16,-0.004706451693700021,FLAT,0.44147196412086487,0.46214331686496735,False,0.005356817606793325,False,1
2013-05-16,2013-05-17,0.009630543371476553,UP,0.4964577853679657,0.46214331686496735,True,0.005217096568579805,False,1
2013-05-17,2013-05-20,-5.996205573657439e-05,FLAT,0.37544819712638855,0.46214331686496735,False,0.005271989988236314,False,1
2013-05-20,2013-05-21,0.0014367287699826572,FLAT,0.49482330679893494,0.46214331686496735,True,0.005328128359258202,False,1
2013-05-21,2013-05-22,-0.00744527922700781,DOWN,0.42094317078590393,0.46214331686496735,False,0.005084209741444757,False,1
2013-05-22,2013-05-23,-0.0028969526118580733,FLAT,0.4125054180622101,0.46214331686496735,False,0.005570626432950061,False,1
2013-05-23,2013-05-24,-0.0008465316261579002,FLAT,0.57118821144104,0.46214331686496735,True,0.005683528009296373,False,1
2013-05-24,2013-05-28,0.0059709202535344254,UP,0.5644387006759644,0.46214331686496735,True,0.005653846887505617,False,1
2013-05-28,2013-05-29,-0.00651547802709189,DOWN,0.3825109004974365,0.46214331686496735,False,0.0056264910029978025,False,1
2013-05-29,2013-05-30,0.0036852517450562663,FLAT,0.5768416523933411,0.46214331686496735,True,0.005949666241394086,False,1
2013-05-30,2013-05-31,-0.014456063768440826,DOWN,0.5296873450279236,0.46214331686496735,True,0.005420232738504448,False,1
2013-05-31,2013-06-03,0.005491222748205635,UP,0.5748212337493896,0.46214331686496735,True,0.0063414667805073354,False,1
2013-06-03,2013-06-04,-0.004818456677759147,FLAT,0.6031241416931152,0.46214331686496735,True,0.006077968765368291,False,1
2013-06-04,2013-06-05,-0.014099875084750964,DOWN,0.6337437033653259,0.46214331686496735,True,0.006196032746819502,False,1
2013-06-05,2013-06-06,0.009012353932596352,UP,0.6014999747276306,0.46214331686496735,True,0.006902648176108653,False,1
2013-06-06,2013-06-07,0.012640276575702901,UP,0.615816056728363,0.46214331686496735,True,0.007139815379586561,False,1
2013-06-07,2013-06-10,0.0,FLAT,0.46447238326072693,0.46214331686496735,True,0.0076578790237155836,False,1
2013-06-10,2013-06-11,-0.010369088944428652,DOWN,0.4086403548717499,0.46214331686496735,False,0.0076328404435300565,False,1
2013-06-11,2013-06-12,-0.008311613667880477,DOWN,0.5806668996810913,0.46214331686496735,True,0.008003469263417422,False,1
2013-06-12,2013-06-13,0.01509420400859605,UP,0.6299164891242981,0.46214331686496735,True,0.007807382189232908,False,1
2013-06-13,2013-06-14,-0.006292296273244697,DOWN,0.5753685832023621,0.46214331686496735,True,0.008501068491315721,False,1
2013-06-14,2013-06-17,0.007691935760106994,UP,0.6472378969192505,0.46214331686496735,True,0.008548862015522941,False,1
2013-06-17,2013-06-18,0.007874551687688627,UP,0.5160762071609497,0.46214331686496735,True,0.008436322177767535,False,1
2013-06-18,2013-06-19,-0.01391321406483253,DOWN,0.41166576743125916,0.46214331686496735,False,0.008654443344112675,False,1
2013-06-19,2013-06-20,-0.025090386433772593,DOWN,0.60260409116745,0.46214331686496735,True,0.00915319633480943,False,1
2013-06-20,2013-06-21,-0.002072325111285639,FLAT,0.5874943733215332,0.46214331686496735,True,0.010539794498991732,False,1
2013-06-21,2013-06-24,-0.012716520551955237,DOWN,0.6532062888145447,0.46214331686496735,True,0.010537744457365704,False,1
2013-06-24,2013-06-25,0.00956829998834733,UP,0.6727492809295654,0.46214331686496735,True,0.01080230794535922,False,1
2013-06-25,2013-06-26,0.009852246442467346,UP,0.6168206334114075,0.46214331686496735,True,0.010980310951556781,False,1
2013-06-26,2013-06-27,0.005852718517490001,FLAT,0.5766476988792419,0.46214331686496735,True,0.011262194211918465,False,1
2013-06-27,2013-06-28,-0.004105782825966687,FLAT,0.5840280055999756,0.46214331686496735,True,0.011325589513502207,False,1
2013-06-28,2013-07-01,0.0058425329038531955,UP,0.6509132385253906,0.46214331686496735,True,0.010929712892581968,False,1
2013-07-01,2013-07-02,-0.0009299928938790574,FLAT,0.5203468799591064,0.46214331686496735,True,0.010940861867502665,False,1
2013-07-02,2013-07-03,0.0004340727795370589,FLAT,0.620583176612854,0.46214331686496735,True,0.010902383743929921,False,1
2013-07-03,2013-07-05,0.01073094156035213,UP,0.5445259809494019,0.46214331686496735,True,0.010438368265715694,False,1
2013-07-05,2013-07-08,0.00568856580219072,UP,0.5113075971603394,0.46214331686496735,True,0.01052316583531936,False,1
2013-07-08,2013-07-09,0.007171587367699543,UP,0.4306633472442627,0.46214331686496735,False,0.010196511356528864,False,1
2013-07-09,2013-07-10,0.0003632693020297336,FLAT,0.33190205693244934,0.46214331686496735,False,0.010331292912114938,False,1
2013-07-10,2013-07-11,0.013528751372094909,UP,0.3830147981643677,0.46214331686496735,False,0.01003332472371652,False,1
2013-07-11,2013-07-12,0.0004179254640164185,FLAT,0.28464752435684204,0.46214331686496735,False,0.010195380074341858,False,1
2013-07-12,2013-07-15,0.003813383705693657,FLAT,0.41841402649879456,0.46214331686496735,False,0.009698834068425737,False,1
2013-07-15,2013-07-16,-0.0037536292618262097,FLAT,0.44260138273239136,0.46214331686496735,False,0.009561479121888082,False,1
2013-07-16,2013-07-17,0.0025635252612579034,FLAT,0.4624873995780945,0.46214331686496735,True,0.00951378283263894,False,1
2013-07-17,2013-07-18,0.005462861341752235,FLAT,0.4424722194671631,0.46214331686496735,False,0.009382900541398979,False,1
2013-07-18,2013-07-19,0.0017749564340242825,FLAT,0.4600147306919098,0.46214331686496735,False,0.008779659063931529,False,1
2013-07-19,2013-07-22,0.0019488111570598785,FLAT,0.501071572303772,0.46214331686496735,True,0.006132146774442434,False,1
2013-07-22,2013-07-23,-0.0021261560749871247,FLAT,0.5159288048744202,0.46214331686496735,True,0.006022918617290013,False,1
2013-07-23,2013-07-24,-0.003672308281860282,FLAT,0.518851101398468,0.46214331686496735,True,0.004916034114827762,False,1
2013-07-24,2013-07-25,0.002429922114447677,FLAT,0.5175616145133972,0.46214331686496735,True,0.004976046149767171,False,1
2013-07-25,2013-07-26,0.001065009792686694,FLAT,0.5384148359298706,0.46214331686496735,True,0.004711206551684269,False,1
2013-07-26,2013-07-29,-0.003079684265066841,FLAT,0.5546815991401672,0.46214331686496735,True,0.004662455189601164,False,1
2013-07-29,2013-07-30,0.0,FLAT,0.6177138090133667,0.46214331686496735,True,0.004591833990475464,False,1
2013-07-30,2013-07-31,0.0007115943074703315,FLAT,0.543572723865509,0.46214331686496735,True,0.004552583408351065,False,1
2013-07-31,2013-08-01,0.011491990153753543,UP,0.5184265971183777,0.46214331686496735,True,0.0045079208831634646,False,1
2013-08-01,2013-08-02,0.0016978036666044569,FLAT,0.43467313051223755,0.46214331686496735,False,0.004928889567018705,False,1
2013-08-02,2013-08-05,-0.0014634863110602509,FLAT,0.4944280683994293,0.46214331686496735,True,0.00456704537003777,False,1
2013-08-05,2013-08-06,-0.005698697921155843,DOWN,0.5499675869941711,0.46214331686496735,True,0.004573927996688923,False,1
2013-08-06,2013-08-07,-0.0032457204179320064,FLAT,0.552867591381073,0.46214331686496735,True,0.004713828627769413,False,1
2013-08-07,2013-08-08,0.003658098266502237,FLAT,0.6300138235092163,0.46214331686496735,True,0.004822376164300302,False,1
2013-08-08,2013-08-09,-0.0028899521295076844,FLAT,0.5126529335975647,0.46214331686496735,True,0.003912813949391236,False,1
2013-08-09,2013-08-12,-0.0011819453496080385,FLAT,0.6384473443031311,0.46214331686496735,True,0.003994417007111087,False,1
2013-08-12,2013-08-13,0.002952293111514549,FLAT,0.6332541108131409,0.46214331686496735,True,0.003934319840397662,False,1
2013-08-13,2013-08-14,-0.005142586190813852,FLAT,0.5470144152641296,0.46214331686496735,True,0.0038570423301552475,False,1
2013-08-14,2013-08-15,-0.014084743088398959,DOWN,0.6825107336044312,0.46214331686496735,True,0.0040335357380425416,False,1
2013-08-15,2013-08-16,-0.003311179935328551,FLAT,0.6284746527671814,0.46214331686496735,True,0.00496155641322682,False,1
2013-08-16,2013-08-19,-0.006412590268578053,DOWN,0.6785621643066406,0.46214331686496735,True,0.004956061931339166,False,1
2013-08-19,2013-08-20,0.004903884769901881,FLAT,0.6539014577865601,0.46214331686496735,True,0.005046326577338917,False,1
2013-08-20,2013-08-21,-0.006179242260351285,DOWN,0.6099420189857483,0.46214331686496735,True,0.005235485996830672,False,1
2013-08-21,2013-08-22,0.009073923623194202,UP,0.6688788533210754,0.46214331686496735,True,0.005330380084571275,False,1
2013-08-22,2013-08-23,0.0033665871097505054,FLAT,0.5445273518562317,0.46214331686496735,True,0.00575769252486705,False,1
2013-08-23,2013-08-26,-0.003727952885139062,FLAT,0.5597259998321533,0.46214331686496735,True,0.0058207796854334685,False,1
2013-08-26,2013-08-27,-0.016215083080727662,DOWN,0.6374343633651733,0.46214331686496735,True,0.005836268601225707,False,1
2013-08-27,2013-08-28,0.003544813767649206,FLAT,0.6171481013298035,0.46214331686496735,True,0.006774009934010295,False,1
2013-08-28,2013-08-29,0.001584946109555965,FLAT,0.6116072535514832,0.46214331686496735,True,0.006853717545936564,False,1
2013-08-29,2013-08-30,-0.0031725015019858902,FLAT,0.6593822240829468,0.46214331686496735,True,0.006196088328375631,False,1
2013-08-30,2013-09-03,0.0045116861575577125,FLAT,0.6635472774505615,0.46214331686496735,True,0.006141114071169096,False,1
2013-09-03,2013-09-04,0.008238979257379415,UP,0.6184043288230896,0.46214331686496735,True,0.006320630692851584,False,1
2013-09-04,2013-09-05,0.0012662068534256092,FLAT,0.5619627833366394,0.46214331686496735,True,0.006638196313994487,False,1
2013-09-05,2013-09-06,0.0004818468302001357,FLAT,0.5485150218009949,0.46214331686496735,True,0.006641195555529425,False,1
2013-09-06,2013-09-09,0.009530516022100581,UP,0.6002684831619263,0.46214331686496735,True,0.006562439197299754,False,1
2013-09-09,2013-09-10,0.0073699604577225734,UP,0.38088077306747437,0.46214331686496735,False,0.006961642031969726,False,1
2013-09-10,2013-09-11,0.0031335869583339654,FLAT,0.3683527708053589,0.46214331686496735,False,0.007176773151690174,False,1
2013-09-11,2013-09-12,-0.0026599510905387694,FLAT,0.34862247109413147,0.46214331686496735,False,0.00718090604813617,False,1
2013-09-12,2013-09-13,0.002246689393560989,FLAT,0.3496015965938568,0.46214331686496735,False,0.007109561311907146,False,1
2013-09-13,2013-09-16,0.005770807024894481,UP,0.3506655693054199,0.46214331686496735,False,0.006289808338579525,False,1
2013-09-16,2013-09-17,0.0044525807626902185,FLAT,0.27789485454559326,0.46214331686496735,False,0.006299225348387106,False,1
2013-09-17,2013-09-18,0.011507715438112824,UP,0.42522338032722473,0.46214331686496735,False,0.0060600621620936,False,1
2013-09-18,2013-09-19,-0.0016772714204791152,FLAT,0.39195287227630615,0.46214331686496735,False,0.006403874375749757,False,1
2013-09-19,2013-09-20,-0.011878521592229619,DOWN,0.47390618920326233,0.46214331686496735,True,0.006168399530305531,False,1
2013-09-20,2013-09-23,-0.00463825025914021,FLAT,0.5791224837303162,0.46214331686496735,True,0.00673418056654994,False,1
2013-09-23,2013-09-24,-0.0023566493352781682,FLAT,0.6344641447067261,0.46214331686496735,True,0.006847066432823913,False,1
2013-09-24,2013-09-25,-0.0028945615191714137,FLAT,0.5912483334541321,0.46214331686496735,True,0.006804134700594508,False,1
2013-09-25,2013-09-26,0.0038379237820074645,FLAT,0.6169397830963135,0.46214331686496735,True,0.005563874549848075,False,1
2013-09-26,2013-09-27,-0.00460720699909815,FLAT,0.6272349953651428,0.46214331686496735,True,0.005569322720373926,False,1
2013-09-27,2013-09-30,-0.005342581627234101,DOWN,0.5962721705436707,0.46214331686496735,True,0.005747247779079593,False,1
2013-09-30,2013-10-01,0.007885037842500666,UP,0.5930868983268738,0.46214331686496735,True,0.00585799525606969,False,1
2013-10-01,2013-10-02,-0.0009453130049468067,FLAT,0.5783120393753052,0.46214331686496735,True,0.006001692176838452,False,1
2013-10-02,2013-10-03,-0.009263710042895584,DOWN,0.6092871427536011,0.46214331686496735,True,0.005805750576154031,False,1
2013-10-03,2013-10-04,0.007548128275420309,UP,0.5828812122344971,0.46214331686496735,True,0.006243586654732688,False,1
2013-10-04,2013-10-07,-0.008682302092439639,DOWN,0.5097118616104126,0.46214331686496735,True,0.006439506921658435,False,1
2013-10-07,2013-10-08,-0.011714993948873946,DOWN,0.5748550891876221,0.46214331686496735,True,0.0064352659178679664,False,1
2013-10-08,2013-10-09,0.000724963033520689,FLAT,0.607351541519165,0.46214331686496735,True,0.006685706518084898,False,1
2013-10-09,2013-10-10,0.02132883685530792,UP,0.672627866268158,0.46214331686496735,True,0.006628512896792669,False,1
2013-10-10,2013-10-11,0.006422532529079709,UP,0.564766526222229,0.46214331686496735,True,0.008298071462938107,False,1
2013-10-11,2013-10-14,0.0039859838275880565,FLAT,0.4644099175930023,0.46214331686496735,True,0.008407665132367364,False,1
2013-10-14,2013-10-15,-0.007280477763183888,DOWN,0.4858477711677551,0.46214331686496735,True,0.008355559060726436,False,1
2013-10-15,2013-10-16,0.01386925907348073,UP,0.4773344099521637,0.46214331686496735,True,0.008451474084272388,False,1
2013-10-16,2013-10-17,0.0066610566196149456,UP,0.4770910143852234,0.46214331686496735,True,0.008640996862015334,False,1
2013-10-17,2013-10-18,0.006731696931421397,UP,0.459289014339447,0.46214331686496735,False,0.008770420504433484,False,1
2013-10-18,2013-10-21,5.730959621005006e-05,FLAT,0.2753451466560364,0.46214331686496735,False,0.008408754693121469,False,1
2013-10-21,2013-10-22,0.005774635255459071,UP,0.36966952681541443,0.46214331686496735,False,0.00830610523107392,False,1
2013-10-22,2013-10-23,-0.004800262440657756,FLAT,0.3999873697757721,0.46214331686496735,False,0.008316787713949643,False,1
2013-10-23,2013-10-24,0.003316865503675075,FLAT,0.5372128486633301,0.46214331686496735,True,0.008382909830042674,False,1
2013-10-24,2013-10-25,0.004557131627001405,FLAT,0.5104056596755981,0.46214331686496735,True,0.00837642695887328,False,1
2013-10-25,2013-10-28,0.0015900894094799476,FLAT,0.45432689785957336,0.46214331686496735,False,0.008269935777024983,False,1
2013-10-28,2013-10-29,0.005319777444716878,UP,0.5134134292602539,0.46214331686496735,True,0.008087411593425624,False,1
2013-10-29,2013-10-30,-0.004979385063899464,DOWN,0.4963127374649048,0.46214331686496735,True,0.008015671571898288,False,1
2013-10-30,2013-10-31,-0.00284026559417544,FLAT,0.5250899195671082,0.46214331686496735,True,0.008150202738143993,False,1
2013-10-31,2013-11-01,0.0023864410628936217,FLAT,0.5842162370681763,0.46214331686496735,True,0.007799576781705171,False,1
2013-11-01,2013-11-04,0.003512325739623857,FLAT,0.5561630129814148,0.46214331686496735,True,0.0077043666346730075,False,1
2013-11-04,2013-11-05,-0.003171894751748496,FLAT,0.5710576176643372,0.46214331686496735,True,0.00727492521250387,False,1
2013-11-05,2013-11-06,0.0050927786073059,UP,0.5984356999397278,0.46214331686496735,True,0.006601719836824535,False,1
2013-11-06,2013-11-07,-0.012723861244583412,DOWN,0.5351095199584961,0.46214331686496735,True,0.006589218901867327,False,1
2013-11-07,2013-11-08,0.01340092000813424,UP,0.5977368354797363,0.46214331686496735,True,0.006086695286949862,False,1
2013-11-08,2013-11-11,0.00016927914106175856,FLAT,0.5636496543884277,0.46214331686496735,True,0.0065552121335808065,False,1
2013-11-11,2013-11-12,-0.0020322949079467256,FLAT,0.5932209491729736,0.46214331686496735,True,0.006550612575855623,False,1
2013-11-12,2013-11-13,0.007992377337158595,UP,0.5795814990997314,0.46214331686496735,True,0.006265261517658978,False,1
2013-11-13,2013-11-14,0.004976939488140353,UP,0.5278840661048889,0.46214331686496735,True,0.005804855482101134,False,1
2013-11-14,2013-11-15,0.004341533945090801,FLAT,0.49219807982444763,0.46214331686496735,True,0.005742520699904434,False,1
2013-11-15,2013-11-18,-0.0035051911186586623,FLAT,0.4707525968551636,0.46214331686496735,True,0.005656888855504889,False,1
2013-11-18,2013-11-19,-0.002176033180973402,FLAT,0.5350075960159302,0.46214331686496735,True,0.0057630160819701105,False,1
2013-11-19,2013-11-20,-0.0031328560370073636,FLAT,0.5643401145935059,0.46214331686496735,True,0.0057208075582301275,False,1
2013-11-20,2013-11-21,0.008036219496011009,UP,0.5500556826591492,0.46214331686496735,True,0.0056431250312218165,False,1
2013-11-21,2013-11-22,0.004989996456698458,UP,0.5124264359474182,0.46214331686496735,True,0.005835872251354544,False,1
2013-11-22,2013-11-25,-0.0009959754838664901,FLAT,0.5226280689239502,0.46214331686496735,True,0.005849216123858869,False,1
2013-11-25,2013-11-26,0.0002767030728486098,FLAT,0.5438818335533142,0.46214331686496735,True,0.005872454326153827,False,1
2013-11-26,2013-11-27,0.0024322978063884737,FLAT,0.5512421131134033,0.46214331686496735,True,0.005795507423720849,False,1
2013-11-27,2013-11-29,-0.0006627367900007738,FLAT,0.5593396425247192,0.46214331686496735,True,0.005628897738200208,False,1
2013-11-29,2013-12-02,-0.002600069079033429,FLAT,0.5591723322868347,0.46214331686496735,True,0.0055642401317707426,False,1
2013-12-02,2013-12-03,-0.004329965585636263,FLAT,0.5529090762138367,0.46214331686496735,True,0.0056318673881318795,False,1
2013-12-03,2013-12-04,-0.000111295608764601,FLAT,0.6292347311973572,0.46214331686496735,True,0.005735265595855637,False,1
2013-12-04,2013-12-05,-0.0044051332292273275,FLAT,0.623348593711853,0.46214331686496735,True,0.0056635611088620185,False,1
2013-12-05,2013-12-06,0.011114930327336266,UP,0.6594634056091309,0.46214331686496735,True,0.005697938784646681,False,1
2013-12-06,2013-12-09,0.0025390059438117393,FLAT,0.4625992178916931,0.46214331686496735,True,0.005263561220385797,False,1
2013-12-09,2013-12-10,-0.0035896429954381825,FLAT,0.5217909812927246,0.46214331686496735,True,0.004495907227782742,False,1
2013-12-10,2013-12-11,-0.011294518887728793,DOWN,0.5920306444168091,0.46214331686496735,True,0.004615850596484655,False,1
2013-12-11,2013-12-12,-0.003306693935240864,FLAT,0.5887037515640259,0.46214331686496735,True,0.005339560751302718,False,1
2013-12-12,2013-12-13,-0.00011230783838704457,FLAT,0.6828534007072449,0.46214331686496735,True,0.005096759408729721,False,1
2013-12-13,2013-12-16,0.006212767889755312,UP,0.6678604483604431,0.46214331686496735,True,0.004956633396393483,False,1
2013-12-16,2013-12-17,-0.0031855579625094804,FLAT,0.5915488004684448,0.46214331686496735,True,0.005065805516002701,False,1
2013-12-17,2013-12-18,0.016928408301777012,UP,0.6305202841758728,0.46214331686496735,True,0.0050554260476425575,False,1
2013-12-18,2013-12-19,-0.0011563725711971535,FLAT,0.5502110719680786,0.46214331686496735,True,0.006313697659213265,False,1
2013-12-19,2013-12-20,0.00038557810609273727,FLAT,0.5159552097320557,0.46214331686496735,True,0.006265166727923233,False,1
2013-12-20,2013-12-23,0.005328372245571922,UP,0.5093412399291992,0.46214331686496735,True,0.006031814866498454,False,1
2013-12-23,2013-12-24,0.0021889895778297104,FLAT,0.3962022066116333,0.46214331686496735,False,0.006045659012145801,False,1
2013-12-24,2013-12-26,0.0050710757904248675,UP,0.43545839190483093,0.46214331686496735,False,0.006046864841403294,False,1
2013-12-26,2013-12-27,-5.436080963754459e-05,FLAT,0.47070762515068054,0.46214331686496735,True,0.006126519808152864,False,1
2013-12-27,2013-12-30,-0.00016318317114723317,FLAT,0.4868188500404358,0.46214331686496735,True,0.006118422866734952,False,1
2013-12-30,2013-12-31,0.00472169933228343,UP,0.5316845774650574,0.46214331686496735,True,0.006113378101017264,False,1
2013-12-31,2014-01-02,-0.009629868327046057,DOWN,0.5007145404815674,0.46214331686496735,True,0.006119978679341633,False,1
2014-01-02,2014-01-03,-0.00016401290049113769,FLAT,0.6031637191772461,0.46214331686496735,True,0.006473769279425424,False,1
2014-01-03,2014-01-06,-0.002902117187023616,FLAT,0.6033598780632019,0.46214331686496735,True,0.006474202325772654,False,1
2014-01-06,2014-01-07,0.006122887751066847,UP,0.6027724742889404,0.46214331686496735,True,0.006418210600515625,False,1
2014-01-07,2014-01-08,0.00021803021842171992,FLAT,0.5663877725601196,0.46214331686496735,True,0.0060906667297003355,False,1
2014-01-08,2014-01-09,0.0006536393957016858,FLAT,0.5932619571685791,0.46214331686496735,True,0.006075816242345962,False,1
2014-01-09,2014-01-10,0.002719018487703163,FLAT,0.5859240293502808,0.46214331686496735,True,0.005996079462518014,False,1
2014-01-10,2014-01-13,-0.013394382993537016,DOWN,0.5608914494514465,0.46214331686496735,True,0.0052859567774660434,False,1
2014-01-13,2014-01-14,0.010838707619623187,UP,0.6289825439453125,0.46214331686496735,True,0.006174696291865245,False,1
2014-01-14,2014-01-15,0.005375657004934926,UP,0.5713302493095398,0.46214331686496735,True,0.0065462288979473435,False,1
2014-01-15,2014-01-16,-0.0013005609938404182,FLAT,0.5366643071174622,0.46214331686496735,True,0.006517371646480325,False,1
2014-01-16,2014-01-17,-0.004238439124883918,FLAT,0.5773169994354248,0.46214331686496735,True,0.006459493185063267,False,1
2014-01-17,2014-01-21,0.0029361844691950666,FLAT,0.6047239303588867,0.46214331686496735,True,0.00547266446513186,False,1
2014-01-21,2014-01-22,0.0006513807078344103,FLAT,0.5593447685241699,0.46214331686496735,True,0.005482753626754049,False,1
2014-01-22,2014-01-23,-0.008226965035855842,DOWN,0.5481330752372742,0.46214331686496735,True,0.005482182527378544,False,1
2014-01-23,2014-01-24,-0.021566827807321755,DOWN,0.6146084666252136,0.46214331686496735,True,0.005719037371627632,False,1
2014-01-24,2014-01-27,-0.004931390760639816,DOWN,0.5369218587875366,0.46214331686496735,True,0.007458450449720164,False,1
2014-01-27,2014-01-28,0.005937134119493119,UP,0.6625587940216064,0.46214331686496735,True,0.0073563562613385295,False,1
2014-01-28,2014-01-29,-0.00965161611537867,DOWN,0.639174222946167,0.46214331686496735,True,0.007542960185084307,False,1
2014-01-29,2014-01-30,0.010544657770921622,UP,0.6079616546630859,0.46214331686496735,True,0.00776177712443479,False,1
2014-01-30,2014-01-31,-0.005875639218870396,DOWN,0.5621781349182129,0.46214331686496735,True,0.008119901645395448,False,1
2014-01-31,2014-02-03,-0.022762410956105997,DOWN,0.6977953910827637,0.46214331686496735,True,0.007963975913881236,False,1
2014-02-03,2014-02-04,0.006980239059416479,UP,0.6637593507766724,0.46214331686496735,True,0.009285835545602283,False,1
2014-02-04,2014-02-05,-0.0012551417795379596,FLAT,0.6192694902420044,0.46214331686496735,True,0.009520075258796048,False,1
2014-02-05,2014-02-06,0.013100981927253019,UP,0.6835477352142334,0.46214331686496735,True,0.009331937214489246,False,1
2014-02-06,2014-02-07,0.012319547789767769,UP,0.5849809646606445,0.46214331686496735,True,0.00994092153720748,False,1
2014-02-07,2014-02-10,0.0018349241591687877,FLAT,0.5551435947418213,0.46214331686496735,True,0.010415567061815801,False,1
2014-02-10,2014-02-11,0.010884393064174505,UP,0.5582910180091858,0.46214331686496735,True,0.010400415470912963,False,1
2014-02-11,2014-02-12,0.0004945012924563468,FLAT,0.5480368137359619,0.46214331686496735,True,0.010310611918432884,False,1
2014-02-12,2014-02-13,0.005149497398179926,FLAT,0.44599243998527527,0.46214331686496735,False,0.009997189535136359,False,1
2014-02-13,2014-02-14,0.005503704430046969,UP,0.49193665385246277,0.46214331686496735,True,0.009990393742222886,False,1
2014-02-14,2014-02-18,0.0011948147561046214,FLAT,0.41225481033325195,0.46214331686496735,False,0.010075355498497635,False,1
2014-02-18,2014-02-19,-0.006643825496230725,DOWN,0.4323701560497284,0.46214331686496735,False,0.010031292873996832,False,1
2014-02-19,2014-02-20,0.0058836615608325316,UP,0.4348848760128021,0.46214331686496735,False,0.010120238389136458,False,1
2014-02-20,2014-02-21,-0.0011413719586445905,FLAT,0.47461646795272827,0.46214331686496735,True,0.010213755922210927,False,1
2014-02-21,2014-02-24,0.005531490590065675,UP,0.46347832679748535,0.46214331686496735,True,0.010036706869123639,False,1
2014-02-24,2014-02-25,-0.0003786738339705235,FLAT,0.4583417475223541,0.46214331686496735,False,0.008664716884563054,False,1
2014-02-25,2014-02-26,5.415221164403405e-05,FLAT,0.4864944815635681,0.46214331686496735,True,0.008541504924262583,False,1
2014-02-26,2014-02-27,0.005233784227441233,UP,0.5371397733688354,0.46214331686496735,True,0.008495700634068215,False,1
2014-02-27,2014-02-28,0.0025260606329176537,FLAT,0.4956880807876587,0.46214331686496735,True,0.008102091774928526,False,1
2014-02-28,2014-03-03,-0.007056875232514314,DOWN,0.4496239423751831,0.46214331686496735,False,0.00786939308375748,False,1
2014-03-03,2014-03-04,0.013957742813019232,UP,0.5401809811592102,0.5108590722084045,True,0.007935230760487192,False,2
2014-03-04,2014-03-05,0.0009058598019917311,FLAT,0.47738879919052124,0.5108590722084045,False,0.005929999316817965,False,2
2014-03-05,2014-03-06,0.002287622013029504,FLAT,0.48838499188423157,0.5108590722084045,False,0.005909139882598908,False,2
2014-03-06,2014-03-07,0.0004250442831957784,FLAT,0.47891759872436523,0.5108590722084045,False,0.0058144333826402545,False,2
2014-03-07,2014-03-10,-0.000531272767466321,FLAT,0.48095613718032837,0.5108590722084045,False,0.005398191625094344,False,2
2014-03-10,2014-03-11,-0.004954899378260192,DOWN,0.5093395113945007,0.5108590722084045,False,0.004972021804696128,False,2
2014-03-11,2014-03-12,0.0002670318698479846,FLAT,0.5328250527381897,0.5108590722084045,True,0.005230927470264024,False,2
2014-03-12,2014-03-13,-0.01127653119657927,DOWN,0.5561744570732117,0.5108590722084045,True,0.004799163995910988,False,2
2014-03-13,2014-03-14,-0.0028119692918967985,FLAT,0.5898295044898987,0.5108590722084045,True,0.0055790379671481,False,2
2014-03-14,2014-03-17,0.00900298889015155,UP,0.6199934482574463,0.5108590722084045,True,0.005539772833262099,False,2
2014-03-17,2014-03-18,0.007112529310234612,UP,0.5885083675384521,0.5108590722084045,True,0.005758757973178885,False,2
2014-03-18,2014-03-19,-0.005343034619756702,DOWN,0.5536694526672363,0.5108590722084045,True,0.005938854431111658,False,2
2014-03-19,2014-03-20,0.005822490887499918,UP,0.6008917093276978,0.5108590722084045,True,0.005858239182208588,False,2
2014-03-20,2014-03-21,-0.008289942190954327,DOWN,0.5686808824539185,0.5108590722084045,True,0.005855562201287055,False,2
2014-03-21,2014-03-24,-0.004143935612563078,FLAT,0.6280390024185181,0.5108590722084045,True,0.00620001726654548,False,2
2014-03-24,2014-03-25,0.004734527087535646,FLAT,0.626036524772644,0.5108590722084045,True,0.0061743808669478895,False,2
2014-03-25,2014-03-26,-0.007218283562339287,DOWN,0.5932510495185852,0.5108590722084045,True,0.006257062700895568,False,2
2014-03-26,2014-03-27,-0.002110672608378221,FLAT,0.630713701248169,0.5108590722084045,True,0.006485136351329282,False,2
2014-03-27,2014-03-28,0.004918018095382473,UP,0.6405504941940308,0.5108590722084045,True,0.00638223222502155,False,2
2014-03-28,2014-03-31,0.0081610601340628,UP,0.6129578948020935,0.5108590722084045,True,0.006460594161942205,False,2
2014-03-31,2014-04-01,0.006608804693012863,UP,0.5635783672332764,0.5108590722084045,True,0.006508373271333318,False,2
2014-04-01,2014-04-02,0.003341051948654623,FLAT,0.5368147492408752,0.5108590722084045,True,0.005889320425839268,False,2
2014-04-02,2014-04-03,-0.0013244683853621871,FLAT,0.5094502568244934,0.5108590722084045,False,0.005930186348602947,False,2
2014-04-03,2014-04-04,-0.01189258073598757,DOWN,0.5184388160705566,0.5108590722084045,True,0.0059214650378880485,False,2
2014-04-04,2014-04-07,-0.011113010807849042,DOWN,0.5963117480278015,0.5108590722084045,True,0.006500283177435664,False,2
2014-04-07,2014-04-08,0.004114393854145101,FLAT,0.6291345953941345,0.5108590722084045,True,0.006920341281493756,False,2
2014-04-08,2014-04-09,0.010693512369671362,UP,0.6384279131889343,0.5108590722084045,True,0.006946403157151447,False,2
2014-04-09,2014-04-10,-0.021229657140335145,DOWN,0.5748579502105713,0.5108590722084045,True,0.007389792522164616,False,2
2014-04-10,2014-04-11,-0.009049389440753466,DOWN,0.5548506379127502,0.5108590722084045,True,0.008445323507487293,False,2
2014-04-11,2014-04-14,0.00784752523142513,UP,0.6402031183242798,0.5108590722084045,True,0.008646094305259892,False,2
2014-04-14,2014-04-15,0.006863863679962793,UP,0.6392830014228821,0.5108590722084045,True,0.00858032949974428,False,2
2014-04-15,2014-04-16,0.010423273290011996,UP,0.6442503333091736,0.5108590722084045,True,0.008568252033754994,False,2
2014-04-16,2014-04-17,0.001395868925531808,FLAT,0.5692861080169678,0.5108590722084045,True,0.008861187897180857,False,2
2014-04-17,2014-04-21,0.0034812123592844494,FLAT,0.5794911980628967,0.5108590722084045,True,0.00875905845295293,False,2
2014-04-21,2014-04-22,0.0045342201285770226,FLAT,0.5588499307632446,0.5108590722084045,True,0.008592304900247013,False,2
2014-04-22,2014-04-23,-0.002344555055441828,FLAT,0.5414568781852722,0.5108590722084045,True,0.008579172026819683,False,2
2014-04-23,2014-04-24,0.0020251812722585937,FLAT,0.5465327501296997,0.5108590722084045,True,0.008548151215879853,False,2
2014-04-24,2014-04-25,-0.008232744912048813,DOWN,0.522925078868866,0.5108590722084045,True,0.008367964816067625,False,2
2014-04-25,2014-04-28,0.0031621625061776805,FLAT,0.6032554507255554,0.5108590722084045,True,0.008587863296951851,False,2
2014-04-28,2014-04-29,0.004644564876318868,FLAT,0.5779059529304504,0.5108590722084045,True,0.008548788521783462,False,2
2014-04-29,2014-04-30,0.002978237388480504,FLAT,0.5456767678260803,0.5108590722084045,True,0.00841530569955185,False,2
2014-04-30,2014-05-01,0.00010622489651740348,FLAT,0.5474355816841125,0.5108590722084045,True,0.008308202579345812,False,2
2014-05-01,2014-05-02,-0.0014347050623716305,FLAT,0.5341637134552002,0.5108590722084045,True,0.00827146936487776,False,2
2014-05-02,2014-05-05,0.0019124560357089329,FLAT,0.5450332164764404,0.5108590722084045,True,0.0082723328068944,False,2
2014-05-05,2014-05-06,-0.008742056756520605,DOWN,0.5576531291007996,0.5108590722084045,True,0.007803748527115865,False,2
2014-05-06,2014-05-07,0.005872040001730826,UP,0.5975694060325623,0.5108590722084045,True,0.0076335797000016015,False,2
2014-05-07,2014-05-08,-0.001065141267661032,FLAT,0.5613459348678589,0.5108590722084045,True,0.007685413937205293,False,2
2014-05-08,2014-05-09,0.0014908640741451138,FLAT,0.5729135274887085,0.5108590722084045,True,0.0073256761265736445,False,2
2014-05-09,2014-05-12,0.00968895241931179,UP,0.5641130208969116,0.5108590722084045,True,0.005322269859322048,False,2
2014-05-12,2014-05-13,0.0008953966509186361,FLAT,0.5028232336044312,0.5108590722084045,False,0.005047971148437043,False,2
2014-05-13,2014-05-14,-0.004749146940660102,FLAT,0.5031771063804626,0.5108590722084045,False,0.004877291032852011,False,2
2014-05-14,2014-05-15,-0.008819074848976698,DOWN,0.5302667617797852,0.5108590722084045,True,0.004943891593366187,False,2
2014-05-15,2014-05-16,0.0034625639099159088,FLAT,0.6124780178070068,0.5108590722084045,True,0.004947773471919762,False,2
2014-05-16,2014-05-19,0.0036625345528009737,FLAT,0.5900185108184814,0.5108590722084045,True,0.004992366688969422,False,2
2014-05-19,2014-05-20,-0.006324942897985657,DOWN,0.5765218734741211,0.5108590722084045,True,0.004998334890559656,False,2
2014-05-20,2014-05-21,0.008389142317992792,UP,0.6169471144676208,0.5108590722084045,True,0.0051199234349877535,False,2
2014-05-21,2014-05-22,0.002429191380413593,FLAT,0.5444270372390747,0.5108590722084045,True,0.005424714092446921,False,2
2014-05-22,2014-05-23,0.004000688395200657,FLAT,0.5309712290763855,0.5108590722084045,True,0.005431651434096401,False,2
2014-05-23,2014-05-27,0.0061277492246281,UP,0.5164327621459961,0.5108590722084045,True,0.005077758255178244,False,2
2014-05-27,2014-05-28,-0.0007312582530142972,FLAT,0.4800269901752472,0.5108590722084045,False,0.005184011158090546,False,2
2014-05-28,2014-05-29,0.005159569670869052,UP,0.4948265254497528,0.5108590722084045,False,0.005136595942816348,False,2
2014-05-29,2014-05-30,0.0016101682139850486,FLAT,0.4828087389469147,0.5108590722084045,False,0.005204471262060054,False,2
2014-05-30,2014-06-02,0.0011411445211815911,FLAT,0.4958207309246063,0.5108590722084045,False,0.005200729191147817,False,2
2014-06-02,2014-06-03,-0.0005184902657909735,FLAT,0.48661360144615173,0.5108590722084045,False,0.005165341127280497,False,2
2014-06-03,2014-06-04,0.002020775236730499,FLAT,0.5115761160850525,0.5108590722084045,True,0.00517802715013567,False,2
2014-06-04,2014-06-05,0.006500871665655083,UP,0.5094939470291138,0.5108590722084045,False,0.00462580014606824,False,2
2014-06-05,2014-06-06,0.004771360308708942,FLAT,0.49709510803222656,0.5108590722084045,False,0.004657768669227078,False,2
2014-06-06,2014-06-09,0.0010231070301474096,FLAT,0.47014155983924866,0.5108590722084045,False,0.0046570180270600284,False,2
2014-06-09,2014-06-10,0.00010227655847740272,FLAT,0.47961241006851196,0.5108590722084045,False,0.004660937413935325,False,2
2014-06-10,2014-06-11,-0.0034825802233566547,FLAT,0.49499014019966125,0.5108590722084045,False,0.004306663120475673,False,2
2014-06-11,2014-06-12,-0.0071050338184486484,DOWN,0.5175883173942566,0.5108590722084045,True,0.004448353220576341,False,2
2014-06-12,2014-06-13,0.003043888126587143,FLAT,0.5559918880462646,0.5108590722084045,True,0.0046435644845950665,False,2
2014-06-13,2014-06-16,0.0008237908095477173,FLAT,0.5477162003517151,0.5108590722084045,True,0.004015503067262517,False,2
2014-06-16,2014-06-17,0.002775539156899192,FLAT,0.5500540733337402,0.5108590722084045,True,0.0040000820373897175,False,2
2014-06-17,2014-06-18,0.007312889933115217,UP,0.5488353967666626,0.5108590722084045,True,0.003981259345804015,False,2
2014-06-18,2014-06-19,0.0011203404246319865,FLAT,0.5247943997383118,0.5108590722084045,True,0.003713576929337187,False,2
2014-06-19,2014-06-20,-0.0027521208372956207,FLAT,0.49834904074668884,0.5108590722084045,False,0.0034278631668457995,False,2
2014-06-20,2014-06-23,-0.0003062506147779578,FLAT,0.5331773161888123,0.5108590722084045,True,0.0035787371724553996,False,2
2014-06-23,2014-06-24,-0.006042355057687075,DOWN,0.5321112275123596,0.5108590722084045,True,0.003559196404229663,False,2
2014-06-24,2014-06-25,0.0045096155423069,UP,0.5804039835929871,0.5108590722084045,True,0.003749366952986104,False,2
2014-06-25,2014-06-26,-0.0007160728049762725,FLAT,0.5635415315628052,0.5108590722084045,True,0.003817517626922741,False,2
2014-06-26,2014-06-27,0.0019424678874069455,FLAT,0.5603739619255066,0.5108590722084045,True,0.0037121136011708158,False,2
2014-06-27,2014-06-30,-0.0005108346708272296,FLAT,0.5558976531028748,0.5108590722084045,True,0.0037167108654098963,False,2
2014-06-30,2014-07-01,0.006670922554447326,UP,0.5591154098510742,0.5108590722084045,True,0.003727265078558707,False,2
2014-07-01,2014-07-02,0.0010145435407266552,FLAT,0.5141600966453552,0.5108590722084045,True,0.003941489564126662,False,2
2014-07-02,2014-07-03,0.004906067745438288,UP,0.5170387029647827,0.5108590722084045,True,0.003935335100726369,False,2
2014-07-03,2014-07-07,-0.003487418339836897,FLAT,0.4878670573234558,0.5108590722084045,False,0.003833591469618148,False,2
2014-07-07,2014-07-08,-0.006450760216380564,DOWN,0.52197265625,0.5108590722084045,True,0.003845663591413185,False,2
2014-07-08,2014-07-09,0.0044742276320883885,UP,0.5814018845558167,0.5108590722084045,True,0.004147731260205289,False,2
2014-07-09,2014-07-10,-0.003964823961894276,FLAT,0.5343841910362244,0.5108590722084045,True,0.004257807062643394,False,2
2014-07-10,2014-07-11,0.0013742426112776122,FLAT,0.5869491696357727,0.5108590722084045,True,0.00428217009181708,False,2
2014-07-11,2014-07-14,0.005022741978227536,UP,0.5815859436988831,0.5108590722084045,True,0.003907213146332553,False,2
2014-07-14,2014-07-15,-0.001874277448919999,FLAT,0.5325967669487,0.5108590722084045,True,0.003991521049441093,False,2
2014-07-15,2014-07-16,0.0036944852458726377,FLAT,0.5612262487411499,0.5108590722084045,True,0.004039039571165022,False,2
2014-07-16,2014-07-17,-0.011431017976897126,DOWN,0.5261966586112976,0.5108590722084045,True,0.004068403390616924,False,2
2014-07-17,2014-07-18,0.010167338522886066,UP,0.6037279367446899,0.5108590722084045,True,0.004611100305378242,False,2
2014-07-18,2014-07-21,-0.001873233673284749,FLAT,0.5626534223556519,0.5108590722084045,True,0.005153173339127624,False,2
2014-07-21,2014-07-22,0.004348495626861532,UP,0.5829818844795227,0.5108590722084045,True,0.005129360470913874,False,2
2014-07-22,2014-07-23,0.00221753162873713,FLAT,0.5504601001739502,0.5108590722084045,True,0.005202806593467179,False,2
2014-07-23,2014-07-24,5.0313408376554216e-05,FLAT,0.5177041888237,0.5108590722084045,True,0.004971420184763194,False,2
2014-07-24,2014-07-25,-0.004692556922979242,DOWN,0.5273231267929077,0.5108590722084045,True,0.004905372233810558,False,2
2014-07-25,2014-07-28,0.0004045400044576213,FLAT,0.5783292651176453,0.5108590722084045,True,0.005047672298778066,False,2
2014-07-28,2014-07-29,-0.004306560695288627,DOWN,0.5789291858673096,0.5108590722084045,True,0.00503752699276995,False,2
2014-07-29,2014-07-30,0.00015230512990941898,FLAT,0.6159002780914307,0.5108590722084045,True,0.005148023241156735,False,2
2014-07-30,2014-07-31,-0.019945796563103725,DOWN,0.6145855784416199,0.5108590722084045,True,0.004925881578993697,False,2
2014-07-31,2014-08-01,-0.003060228760792488,FLAT,0.5874084234237671,0.5108590722084045,True,0.006630585347850041,False,2
2014-08-01,2014-08-04,0.007194831067147849,UP,0.6645528674125671,0.5108590722084045,True,0.006491091703243549,False,2
2014-08-04,2014-08-05,-0.009743559398901468,DOWN,0.631912887096405,0.5108590722084045,True,0.006749738516249348,False,2
2014-08-05,2014-08-06,0.00031250165374449124,FLAT,0.6080348491668701,0.5108590722084045,True,0.006929387684247858,False,2
2014-08-06,2014-08-07,-0.005429449664381589,DOWN,0.6505496501922607,0.5108590722084045,True,0.0068150606746279424,False,2
2014-08-07,2014-08-08,0.01150249072739809,UP,0.6402847766876221,0.5108590722084045,True,0.006852992902991145,False,2
2014-08-08,2014-08-11,0.0028937470907637024,FLAT,0.6018787622451782,0.5108590722084045,True,0.007417494892604805,False,2
2014-08-11,2014-08-12,-0.001394182298915415,FLAT,0.5746821761131287,0.5108590722084045,True,0.007343467349630024,False,2
2014-08-12,2014-08-13,0.006746157238177152,UP,0.6090149879455566,0.5108590722084045,True,0.007341143245819382,False,2
2014-08-13,2014-08-14,0.004710700930836769,UP,0.5717708468437195,0.5108590722084045,True,0.00747321652131172,False,2
2014-08-14,2014-08-15,-0.00020431841579859373,FLAT,0.5743500590324402,0.5108590722084045,True,0.007127664372298309,False,2
2014-08-15,2014-08-18,0.00834440265577117,UP,0.602500319480896,0.5108590722084045,True,0.006715346427894853,False,2
2014-08-18,2014-08-19,0.005205311964475726,UP,0.5246388912200928,0.5108590722084045,True,0.006988931703171025,False,2
2014-08-19,2014-08-20,0.0026679373634005605,FLAT,0.511711597442627,0.5108590722084045,True,0.0070195165050475124,False,2
2014-08-20,2014-08-21,0.002911511688360783,FLAT,0.5166193246841431,0.5108590722084045,True,0.007027561418408401,False,2
2014-08-21,2014-08-22,-0.0015550809860649785,FLAT,0.4924117624759674,0.5108590722084045,False,0.007056194709771286,False,2
2014-08-22,2014-08-25,0.005057696293721403,UP,0.5104078650474548,0.5108590722084045,False,0.006975800862501209,False,2
2014-08-25,2014-08-26,0.0006491642961786279,FLAT,0.4775776267051697,0.5108590722084045,False,0.007054156996216457,False,2
2014-08-26,2014-08-27,-0.0003994299852845429,FLAT,0.4926200807094574,0.5108590722084045,False,0.006959021654492505,False,2
2014-08-27,2014-08-28,-0.0005494673357816639,FLAT,0.5013732314109802,0.5108590722084045,False,0.006963028804645772,False,2
2014-08-28,2014-08-29,0.002843995009300593,FLAT,0.5149367451667786,0.5108590722084045,True,0.004989003493598809,False,2
2014-08-29,2014-09-02,-0.000498385845512326,FLAT,0.49636560678482056,0.5108590722084045,False,0.004859717854535824,False,2
2014-09-02,2014-09-03,-0.0005484810298512821,FLAT,0.5064967274665833,0.5108590722084045,False,0.004737168260917088,False,2
2014-09-03,2014-09-04,-0.0014473975288912405,FLAT,0.5172518491744995,0.5108590722084045,True,0.003948228604761014,False,2
2014-09-04,2014-09-05,0.004485175863692967,UP,0.5377205610275269,0.5108590722084045,True,0.0040107660222076374,False,2
2014-09-05,2014-09-08,-0.0025890195015090887,FLAT,0.5202889442443848,0.5108590722084045,True,0.0036288969434928537,False,2
2014-09-08,2014-09-09,-0.006351395420682992,DOWN,0.545681893825531,0.5108590722084045,True,0.003138361037703229,False,2
2014-09-09,2014-09-10,0.0037557317613714147,UP,0.5893054008483887,0.5108590722084045,True,0.0036226034564594916,False,2
2014-09-10,2014-09-11,0.0011489159871027328,FLAT,0.5634587407112122,0.5108590722084045,True,0.0035961534768363134,False,2
2014-09-11,2014-09-12,-0.005858355616396487,DOWN,0.5719148516654968,0.5108590722084045,True,0.003391625259617962,False,2
2014-09-12,2014-09-15,-0.0007536066019086681,FLAT,0.6025742292404175,0.5108590722084045,True,0.0036585444131641324,False,2
2014-09-15,2014-09-16,0.007510174147197439,UP,0.6151024699211121,0.5108590722084045,True,0.003668949666244398,False,2
2014-09-16,2014-09-17,0.0013458829902710334,FLAT,0.5819280743598938,0.5108590722084045,True,0.0035827039573474214,False,2
2014-09-17,2014-09-18,0.005315894500358037,UP,0.5611044764518738,0.5108590722084045,True,0.0034328480295192096,False,2
2014-09-18,2014-09-19,-0.005565006730506278,DOWN,0.5179616808891296,0.5108590722084045,True,0.0035656502169739905,False,2
2014-09-19,2014-09-22,-0.007752961616901403,DOWN,0.5794099569320679,0.5108590722084045,True,0.0037887069552558334,False,2
2014-09-22,2014-09-23,-0.005740772251970257,DOWN,0.6202453970909119,0.5108590722084045,True,0.004181525973451386,False,2
2014-09-23,2014-09-24,0.007797424031039491,UP,0.6388891339302063,0.5108590722084045,True,0.0041898809319806125,False,2
2014-09-24,2014-09-25,-0.016267099146391652,DOWN,0.6126003265380859,0.5108590722084045,True,0.004583914013997147,False,2
2014-09-25,2014-09-26,0.007913990154607694,UP,0.6015822291374207,0.5108590722084045,True,0.005826401505737516,False,2
2014-09-26,2014-09-29,-0.001820760274506641,FLAT,0.6359575986862183,0.5108590722084045,True,0.006157703090666594,False,2
2014-09-29,2014-09-30,-0.0026357933796497157,FLAT,0.6585255265235901,0.5108590722084045,True,0.006110032226771649,False,2
2014-09-30,2014-10-01,-0.013644579409955858,DOWN,0.6580109000205994,0.5108590722084045,True,0.00612323104954403,False,2
2014-10-01,2014-10-02,0.00015434249226246204,FLAT,0.6327642202377319,0.5108590722084045,True,0.006751355850597281,False,2
2014-10-02,2014-10-03,0.010949197845781487,UP,0.6426451206207275,0.5108590722084045,True,0.0067622243464471885,False,2
2014-10-03,2014-10-06,-0.0011711056950984994,FLAT,0.5833212733268738,0.5108590722084045,True,0.007202365094669437,False,2
2014-10-06,2014-10-07,-0.015556719198476667,DOWN,0.6210955381393433,0.5108590722084045,True,0.007194474448636712,False,2
2014-10-07,2014-10-08,0.017338238566358213,UP,0.5794017314910889,0.5108590722084045,True,0.00781676790848831,False,2
2014-10-08,2014-10-09,-0.020032483790296044,DOWN,0.591778576374054,0.5108590722084045,True,0.008826265797724386,False,2
2014-10-09,2014-10-10,-0.011480047880891237,DOWN,0.5398082733154297,0.5108590722084045,True,0.009790102002675813,False,2
2014-10-10,2014-10-13,-0.01656336132841643,DOWN,0.6237328052520752,0.5108590722084045,True,0.009987723755197048,False,2
2014-10-13,2014-10-14,0.001546177619546366,FLAT,0.6224636435508728,0.5108590722084045,True,0.010480315192982053,False,2
2014-10-14,2014-10-15,-0.006789133113090686,DOWN,0.6453465819358826,0.5108590722084045,True,0.010247939367459288,False,2
2014-10-15,2014-10-16,-0.0008585372388379305,FLAT,0.6368862390518188,0.5108590722084045,True,0.010215499030649503,False,2
2014-10-16,2014-10-17,0.011741592523610402,UP,0.6228089928627014,0.5108590722084045,True,0.010020112801116624,False,2
2014-10-17,2014-10-20,0.00966294083322011,UP,0.5997482538223267,0.5108590722084045,True,0.010608667985335236,False,2
2014-10-20,2014-10-21,0.019617166125424336,UP,0.5499459505081177,0.5108590722084045,True,0.010920596580602742,False,2
2014-10-21,2014-10-22,-0.007136263856155378,DOWN,0.4963701665401459,0.5108590722084045,False,0.011922828471458499,False,2
2014-10-22,2014-10-23,0.011557789576533795,UP,0.6512212157249451,0.5108590722084045,True,0.0118096394110989,False,2
2014-10-23,2014-10-24,0.007665614275054814,UP,0.562267005443573,0.5108590722084045,True,0.011647483698985895,False,2
2014-10-24,2014-10-27,-0.001375425042685637,FLAT,0.49226114153862,0.5108590722084045,False,0.011638325883831938,False,2
2014-10-27,2014-10-28,0.011404943846823197,UP,0.5763156414031982,0.5108590722084045,True,0.011635835522440312,False,2
2014-10-28,2014-10-29,-0.0015131801965537893,FLAT,0.4458104968070984,0.5108590722084045,False,0.011911012208096644,False,2
2014-10-29,2014-10-30,0.00639014101743165,UP,0.505821704864502,0.5108590722084045,False,0.011461146848343562,False,2
2014-10-30,2014-10-31,0.011370553040350334,UP,0.46878549456596375,0.5108590722084045,False,0.01152278474426426,False,2
2014-10-31,2014-11-03,0.0005453268766036159,FLAT,0.4294404089450836,0.5108590722084045,False,0.011541782960437015,False,2
2014-11-03,2014-11-04,-0.003475313437724476,FLAT,0.4571281373500824,0.5108590722084045,False,0.01152888653481127,False,2
2014-11-04,2014-11-05,0.0062962901151845125,UP,0.47613269090652466,0.5108590722084045,False,0.010893964988575764,False,2
2014-11-05,2014-11-06,0.003995159710403093,FLAT,0.43195849657058716,0.5108590722084045,False,0.01034043700075308,False,2
2014-11-06,2014-11-07,0.0009348444478750926,FLAT,0.44527825713157654,0.5108590722084045,False,0.009028330075288128,False,2
2014-11-07,2014-11-10,0.0031424920396511623,FLAT,0.4540793299674988,0.5108590722084045,False,0.008412943465953225,False,2
2014-11-10,2014-11-11,0.0009799929926043276,FLAT,0.4513513743877411,0.5108590722084045,False,0.007006639082783353,False,2
2014-11-11,2014-11-12,-0.001077992764964315,FLAT,0.46298661828041077,0.5108590722084045,False,0.007019212065665467,False,2
2014-11-12,2014-11-13,0.0011270157869625015,FLAT,0.4878484010696411,0.5108590722084045,False,0.006655006289277503,False,2
2014-11-13,2014-11-14,0.00024485493737586646,FLAT,0.47318825125694275,0.5108590722084045,False,0.006585411421166807,False,2
2014-11-14,2014-11-17,0.0006362527995617031,FLAT,0.4873483180999756,0.5108590722084045,False,0.006428445064303856,False,2
2014-11-17,2014-11-18,0.005757275562255267,UP,0.4927493631839752,0.5108590722084045,False,0.006327331117657382,False,2
2014-11-18,2014-11-19,-0.0016067478083489474,FLAT,0.4790254235267639,0.5108590722084045,False,0.0051208470315026716,False,2
2014-11-19,2014-11-20,0.0017526811092214323,FLAT,0.5016867518424988,0.5108590722084045,False,0.004682479533864877,False,2
2014-11-20,2014-11-21,0.005336406489951131,UP,0.5136014819145203,0.5108590722084045,True,0.004249093612291112,False,2
2014-11-21,2014-11-24,0.0028023492708348792,FLAT,0.4650847911834717,0.5108590722084045,False,0.004135059567889537,False,2
2014-11-24,2014-11-25,-0.0007239612172844485,FLAT,0.4805276095867157,0.5108590722084045,False,0.004030892709223561,False,2
2014-11-25,2014-11-26,0.0025557519845063425,FLAT,0.49406322836875916,0.5108590722084045,False,0.0035434983830980914,False,2
2014-11-26,2014-11-28,-0.0021213123627911875,FLAT,0.4844888746738434,0.5108590722084045,False,0.003437593892038503,False,2
2014-11-28,2014-12-01,-0.006974081304460973,DOWN,0.5030389428138733,0.5108590722084045,False,0.003437850341218844,False,2
2014-12-01,2014-12-02,0.0064430493475267124,UP,0.5624680519104004,0.5108590722084045,True,0.0032253507948656873,False,2
2014-12-02,2014-12-03,0.0038556270232549296,FLAT,0.5362087488174438,0.5108590722084045,True,0.0034432290535388647,False,2
2014-12-03,2014-12-04,-0.001106946212658195,FLAT,0.49904608726501465,0.5108590722084045,False,0.0032949949576205075,False,2
2014-12-04,2014-12-05,0.0016359351908886233,FLAT,0.5293756723403931,0.5108590722084045,True,0.003160768607868658,False,2
2014-12-05,2014-12-08,-0.006705118522477449,DOWN,0.5087034106254578,0.5108590722084045,False,0.0030982016760816565,False,2
2014-12-08,2014-12-09,-0.0006778318697984036,FLAT,0.5653356313705444,0.5108590722084045,True,0.003565697572393206,False,2
2014-12-09,2014-12-10,-0.016161265350257942,DOWN,0.5869566202163696,0.5108590722084045,True,0.0035356753505976822,False,2
2014-12-10,2014-12-11,0.00505708093270082,UP,0.6283848881721497,0.5108590722084045,True,0.005149613222073102,False,2
2014-12-11,2014-12-12,-0.01629345335566466,DOWN,0.6697590947151184,0.5108590722084045,True,0.005278827289690626,False,2
2014-12-12,2014-12-15,-0.006893158682127761,DOWN,0.6454476118087769,0.5108590722084045,True,0.006409082651818464,False,2
2014-12-15,2014-12-16,-0.008051932446890809,DOWN,0.6682934165000916,0.5108590722084045,True,0.006544295627241228,False,2
2014-12-16,2014-12-17,0.019415118999434836,UP,0.6624056100845337,0.5108590722084045,True,0.00670437868572596,False,2
2014-12-17,2014-12-18,0.024427900848919635,UP,0.6280407905578613,0.5108590722084045,True,0.008053660446933163,False,2
2014-12-18,2014-12-19,-0.0012581395558283978,FLAT,0.5078259110450745,0.5108590722084045,False,0.009842664141521634,False,2
2014-12-19,2014-12-22,0.004589476089477543,FLAT,0.5965730547904968,0.5108590722084045,True,0.009843567306271395,False,2
2014-12-22,2014-12-23,0.0013486769467520566,FLAT,0.5386272668838501,0.5108590722084045,True,0.00982456491960445,False,2
2014-12-23,2014-12-24,9.628548455284291e-05,FLAT,0.5491282939910889,0.5108590722084045,True,0.009809592888547781,False,2
2014-12-24,2014-12-26,0.003219522533656475,FLAT,0.5550020933151245,0.5108590722084045,True,0.009807601661202193,False,2
2014-12-26,2014-12-29,0.0013424049232263024,FLAT,0.5173246264457703,0.5108590722084045,True,0.00981725707938206,False,2
2014-12-29,2014-12-30,-0.005380465984895672,FLAT,0.5118069052696228,0.5108590722084045,True,0.009804838931892181,False,2
2014-12-30,2014-12-31,-0.00997255115969937,DOWN,0.5585112571716309,0.5108590722084045,True,0.00974836636599284,False,2
2014-12-31,2015-01-02,-0.0005353218810906789,FLAT,0.5419381856918335,0.5108590722084045,True,0.009906568819166146,False,2
2015-01-02,2015-01-05,-0.018224704391309896,DOWN,0.6138678193092346,0.5108590722084045,True,0.009856389460310058,False,2
2015-01-05,2015-01-06,-0.009463605301043171,DOWN,0.539142370223999,0.5108590722084045,True,0.010617034179610413,False,2
2015-01-06,2015-01-07,0.01238416446271821,UP,0.6332484483718872,0.5108590722084045,True,0.010736602066647134,False,2
2015-01-07,2015-01-08,0.01758942196896442,UP,0.6350981593132019,0.5108590722084045,True,0.01113787989348689,False,2
2015-01-08,2015-01-09,-0.008045850650524594,DOWN,0.5370495319366455,0.5108590722084045,True,0.011893514383875094,False,2
2015-01-09,2015-01-12,-0.007864410784303022,DOWN,0.6225004196166992,0.5108590722084045,True,0.011448184787435192,False,2
2015-01-12,2015-01-13,-0.0028166552925896677,FLAT,0.6421421766281128,0.5108590722084045,True,0.01152799459345666,False,2
2015-01-13,2015-01-14,-0.006055516659335229,FLAT,0.6470146179199219,0.5108590722084045,True,0.010926975366097814,False,2
2015-01-14,2015-01-15,-0.00920280734937316,DOWN,0.6571798920631409,0.5108590722084045,True,0.010899543349752643,False,2
2015-01-15,2015-01-16,0.013029015212169084,UP,0.6627088785171509,0.5108590722084045,True,0.0109490898681208,False,2
2015-01-16,2015-01-20,0.0021303120503250923,FLAT,0.608539342880249,0.5108590722084045,True,0.010443103483631203,False,2
2015-01-20,2015-01-21,0.005035328178608657,FLAT,0.603339433670044,0.5108590722084045,True,0.008745820073811184,False,2
2015-01-21,2015-01-22,0.01476151841513954,UP,0.5811150074005127,0.5108590722084045,True,0.00885444082164599,False,2
2015-01-22,2015-01-23,-0.005497884589195941,FLAT,0.5128281116485596,0.5108590722084045,True,0.009454526072484115,False,2
2015-01-23,2015-01-26,0.002339047553843913,FLAT,0.6193143129348755,0.5108590722084045,True,0.009514258624257045,False,2
2015-01-26,2015-01-27,-0.01327828342652442,DOWN,0.5781565308570862,0.5108590722084045,True,0.00953699998091214,False,2
2015-01-27,2015-01-28,-0.012907278436190254,DOWN,0.60780268907547,0.5108590722084045,True,0.009899351810744432,False,2
2015-01-28,2015-01-29,0.009201099807839798,UP,0.5667908787727356,0.5108590722084045,True,0.010200823999957608,False,2
2015-01-29,2015-01-30,-0.012654655369977563,DOWN,0.6231889128684998,0.5108590722084045,True,0.010471433487216934,False,2
2015-01-30,2015-02-02,0.012308007234080716,UP,0.5695415735244751,0.5108590722084045,True,0.010603744854016132,False,2
2015-02-02,2015-02-03,0.014357598431818042,UP,0.618648886680603,0.5108590722084045,True,0.011045195615328827,False,2
2015-02-03,2015-02-04,-0.003815112433447579,FLAT,0.5344473719596863,0.5108590722084045,True,0.010748323056762342,False,2
2015-02-04,2015-02-05,0.010044443487849221,UP,0.6021604537963867,0.5108590722084045,True,0.010537484169606244,False,2
2015-02-05,2015-02-06,-0.002769171580171533,FLAT,0.5206905007362366,0.5108590722084045,True,0.010417331728461508,False,2
2015-02-06,2015-02-09,-0.004485833994275648,FLAT,0.5574840307235718,0.5108590722084045,True,0.009672086398575575,False,2
2015-02-09,2015-02-10,0.01059699136311393,UP,0.6054837703704834,0.5108590722084045,True,0.009549854804003858,False,2
2015-02-10,2015-02-11,0.0005800508695519904,FLAT,0.48599639534950256,0.5108590722084045,False,0.009632099232442706,False,2
2015-02-11,2015-02-12,0.009570858374647587,UP,0.5078364014625549,0.5108590722084045,False,0.009590821396226676,False,2
2015-02-12,2015-02-13,0.004107961910773728,FLAT,0.4417768120765686,0.5108590722084045,False,0.00960634451976598,False,2
2015-02-13,2015-02-17,0.0015718492913825036,FLAT,0.4400840103626251,0.5108590722084045,False,0.009246083724690204,False,2
2015-02-17,2015-02-18,9.520403681022817e-05,FLAT,0.46324509382247925,0.5108590722084045,False,0.008917132939303591,False,2
2015-02-18,2015-02-19,-0.0007141423028772691,FLAT,0.47714340686798096,0.5108590722084045,False,0.008927891516881923,False,2
2015-02-19,2015-02-20,0.00598268610330135,FLAT,0.48535069823265076,0.5108590722084045,False,0.008916148173957358,False,2
2015-02-20,2015-02-23,-0.00014202285941751803,FLAT,0.46476978063583374,0.5108590722084045,False,0.008441205481228148,False,2
2015-02-23,2015-02-24,0.002836703895820476,FLAT,0.4819948375225067,0.5108590722084045,False,0.008300256478125182,False,2
2015-02-24,2015-02-25,-0.0008501449347451169,FLAT,0.476837694644928,0.5108590722084045,False,0.0083036511324363,False,2
2015-02-25,2015-02-26,-0.001182005263873215,FLAT,0.4799909293651581,0.5108590722084045,False,0.007570229836039319,False,2
2015-02-26,2015-02-27,-0.003412007888514674,FLAT,0.4999062120914459,0.5108590722084045,False,0.006753031659005118,False,2
2015-02-27,2015-03-02,0.006293652868157811,UP,0.5320377349853516,0.5108590722084045,True,0.006705892197836551,False,2
2015-03-02,2015-03-03,-0.004112460593604039,FLAT,0.503553569316864,0.5108590722084045,False,0.005786982275332966,False,2
2015-03-03,2015-03-04,-0.004224519912689943,FLAT,0.539048433303833,0.5108590722084045,True,0.005564750659286272,False,2
2015-03-04,2015-03-05,0.0010934940593430274,FLAT,0.5765365362167358,0.5108590722084045,True,0.004950260703383594,False,2
2015-03-05,2015-03-06,-0.014164303542830515,DOWN,0.5726261734962463,0.5108590722084045,True,0.0048028683921246184,False,2
2015-03-06,2015-03-09,0.0041360161355503125,FLAT,0.601943850517273,0.5108590722084045,True,0.005541600005856374,False,2
2015-03-09,2015-03-10,-0.01635496324619298,DOWN,0.6273375749588013,0.5108590722084045,True,0.0055532057978219165,False,2
2015-03-10,2015-03-11,-0.0023444170772539082,FLAT,0.5756680369377136,0.5108590722084045,True,0.006658425763062523,False,2
2015-03-11,2015-03-12,0.012633822390026958,UP,0.6600847840309143,0.5108590722084045,True,0.006195905512318724,False,2
2015-03-12,2015-03-13,-0.006151203606017958,DOWN,0.6190330982208252,0.5108590722084045,True,0.006863125753346404,False,2
2015-03-13,2015-03-16,0.01327207520486987,UP,0.6543673872947693,0.5108590722084045,True,0.006609862700540033,False,2
2015-03-16,2015-03-17,-0.0029768836718046376,FLAT,0.6050956845283508,0.5108590722084045,True,0.007250568966672682,False,2
2015-03-17,2015-03-18,0.011949857413652766,UP,0.6189829707145691,0.5108590722084045,True,0.007260532705753901,False,2
2015-03-18,2015-03-19,-0.004571903851391089,FLAT,0.5940271019935608,0.5108590722084045,True,0.007778336195575277,False,2
2015-03-19,2015-03-20,0.004334286293663943,FLAT,0.591658890247345,0.5108590722084045,True,0.007846559177467918,False,2
2015-03-20,2015-03-23,-0.0019504949383876927,FLAT,0.5784002542495728,0.5108590722084045,True,0.007787580295027803,False,2
2015-03-23,2015-03-24,-0.005634858781188561,FLAT,0.5823405385017395,0.5108590722084045,True,0.007797403343614848,False,2
2015-03-24,2015-03-25,-0.014762257583974083,DOWN,0.6178362369537354,0.5108590722084045,True,0.007848699533892542,False,2
2015-03-25,2015-03-26,-0.0023842078093592196,FLAT,0.5306941270828247,0.5108590722084045,True,0.008454786756129548,False,2
2015-03-26,2015-03-27,0.0022870558594804166,FLAT,0.6571929454803467,0.5108590722084045,True,0.008457380221468589,False,2
2015-03-27,2015-03-30,0.012126018644524963,UP,0.6310091614723206,0.5108590722084045,True,0.008484348645048585,False,2
2015-03-30,2015-03-31,-0.008777944644853434,DOWN,0.5807055234909058,0.5108590722084045,True,0.008847276939802966,False,2
2015-03-31,2015-04-01,-0.0035425545791513123,FLAT,0.6408929228782654,0.5108590722084045,True,0.008996955706595037,False,2
2015-04-01,2015-04-02,0.0035910432838057197,FLAT,0.6303918361663818,0.5108590722084045,True,0.008985868895011458,False,2
2015-04-02,2015-04-06,0.006710621534576819,UP,0.6029713153839111,0.5108590722084045,True,0.009035017940123503,False,2
2015-04-06,2015-04-07,-0.002649916276626036,FLAT,0.6108633279800415,0.5108590722084045,True,0.008626383205241844,False,2
2015-04-07,2015-04-08,0.0033713703247297945,FLAT,0.6000643372535706,0.5108590722084045,True,0.008591815557733636,False,2
2015-04-08,2015-04-09,0.004413738655682361,FLAT,0.5800507664680481,0.5108590722084045,True,0.0077365942849749215,False,2
2015-04-09,2015-04-10,0.0054423174598343445,FLAT,0.573698878288269,0.5108590722084045,True,0.007742992851444006,False,2
2015-04-10,2015-04-13,-0.004533193036131167,FLAT,0.5274190306663513,0.5108590722084045,True,0.007333604432973853,False,2
2015-04-13,2015-04-14,0.001911267978839088,FLAT,0.562867283821106,0.5108590722084045,True,0.007262572357036338,False,2
2015-04-14,2015-04-15,0.004476989696910224,FLAT,0.5671514868736267,0.5108590722084045,True,0.006653286962204345,False,2
2015-04-15,2015-04-16,-0.00028515950922429695,FLAT,0.5222728252410889,0.5108590722084045,True,0.006673659804173508,False,2
2015-04-16,2015-04-17,-0.011570210421864109,DOWN,0.5329311490058899,0.5108590722084045,True,0.006114953987137432,False,2
2015-04-17,2015-04-20,0.00909536735125444,UP,0.591113269329071,0.5108590722084045,True,0.006572189646395039,False,2
2015-04-20,2015-04-21,-0.0011920372980215694,FLAT,0.5507493615150452,0.5108590722084045,True,0.006832668253445842,False,2
2015-04-21,2015-04-22,0.004902081312495939,FLAT,0.5486250519752502,0.5108590722084045,True,0.006824150777176402,False,2
2015-04-22,2015-04-23,0.0025130944190238187,FLAT,0.5214158892631531,0.5108590722084045,True,0.006780575874337531,False,2
2015-04-23,2015-04-24,0.002317780830921687,FLAT,0.5250766277313232,0.5108590722084045,True,0.005767915685113604,False,2
2015-04-24,2015-04-27,-0.004166426309473084,FLAT,0.5033664107322693,0.5108590722084045,False,0.005705535405474529,False,2
2015-04-27,2015-04-28,0.003173770022919549,FLAT,0.5305892825126648,0.5108590722084045,True,0.005841360278152374,False,2
2015-04-28,2015-04-29,-0.004123107649340438,FLAT,0.5391300916671753,0.5108590722084045,True,0.005276348133597147,False,2
2015-04-29,2015-04-30,-0.010070965675104416,DOWN,0.5674368739128113,0.5108590722084045,True,0.00492440318835227,False,2
2015-04-30,2015-05-01,0.010783035269824706,UP,0.6093226075172424,0.5108590722084045,True,0.00543115863181697,False,2
2015-05-01,2015-05-04,0.0028433631675065375,FLAT,0.5602108240127563,0.5108590722084045,True,0.005856433368191143,False,2
2015-05-04,2015-05-05,-0.011517967610371698,DOWN,0.5454857349395752,0.5108590722084045,True,0.00572114585765819,False,2
2015-05-05,2015-05-06,-0.00412530271224632,FLAT,0.6064344048500061,0.5108590722084045,True,0.006317795257917953,False,2
2015-05-06,2015-05-07,0.0039816888570755144,FLAT,0.6382266283035278,0.5108590722084045,True,0.006353840208164253,False,2
2015-05-07,2015-05-08,0.013080164912577465,UP,0.6394219994544983,0.5108590722084045,True,0.006338812391584539,False,2
2015-05-08,2015-05-11,-0.004784105551113027,FLAT,0.5332589149475098,0.5108590722084045,True,0.006890478011724946,False,2
2015-05-11,2015-05-12,-0.0029958171116046452,FLAT,0.5871250629425049,0.5108590722084045,True,0.006900105933733232,False,2
2015-05-12,2015-05-13,0.0001905168811565613,FLAT,0.6278727650642395,0.5108590722084045,True,0.006929305182765224,False,2
2015-05-13,2015-05-14,0.010373597439841523,UP,0.6060071587562561,0.5108590722084045,True,0.006853219468883337,False,2
2015-05-14,2015-05-15,0.0010832249856105275,FLAT,0.5105040073394775,0.5108590722084045,False,0.007241307629906021,False,2
2015-05-15,2015-05-18,0.0031019606997134404,FLAT,0.5222419500350952,0.5108590722084045,True,0.006667174315532508,False,2
2015-05-18,2015-05-19,-0.00032857261420882785,FLAT,0.5104829668998718,0.5108590722084045,False,0.006417396377783127,False,2
2015-05-19,2015-05-20,-0.0007043455255603524,FLAT,0.5298764705657959,0.5108590722084045,True,0.006406408213171225,False,2
2015-05-20,2015-05-21,0.0029081830623212813,FLAT,0.5276867747306824,0.5108590722084045,True,0.006340320918580764,False,2
2015-05-21,2015-05-22,-0.002391590627457102,FLAT,0.52773517370224,0.5108590722084045,True,0.006347432109087718,False,2
2015-05-22,2015-05-26,-0.01080993571497929,DOWN,0.5349288582801819,0.5108590722084045,True,0.00636576669788753,False,2
2015-05-26,2015-05-27,0.009447401532239053,UP,0.5948860049247742,0.5108590722084045,True,0.006772305986751018,False,2
2015-05-27,2015-05-28,-0.0011289409059975048,FLAT,0.560545802116394,0.5108590722084045,True,0.007066747594070952,False,2
2015-05-28,2015-05-29,-0.00623234928167894,DOWN,0.5739256739616394,0.5108590722084045,True,0.006999574373324062,False,2
2015-05-29,2015-06-01,0.0020345299428383883,FLAT,0.6119297742843628,0.5108590722084045,True,0.00674395571335458,False,2
2015-06-01,2015-06-02,-0.0009931039518940384,FLAT,0.5982128381729126,0.5108590722084045,True,0.0063218585020432564,False,2
2015-06-02,2015-06-03,0.002645992661753648,FLAT,0.6171063184738159,0.5108590722084045,True,0.006295621155225182,False,2
2015-06-03,2015-06-04,-0.008482426280820986,DOWN,0.5861890316009521,0.5108590722084045,True,0.005699034292691826,False,2
2015-06-04,2015-06-05,-0.0017146972646251792,FLAT,0.6330946683883667,0.5108590722084045,True,0.005970713250404088,False,2
2015-06-05,2015-06-08,-0.006168619894907657,DOWN,0.6235189437866211,0.5108590722084045,True,0.005931614526146994,False,2
2015-06-08,2015-06-09,-0.00014390319658276506,FLAT,0.6286519169807434,0.5108590722084045,True,0.005257619602580731,False,2
2015-06-09,2015-06-10,0.011921934417045426,UP,0.6344324350357056,0.5108590722084045,True,0.00517179530004294,False,2
2015-06-10,2015-06-11,0.003218365841152159,FLAT,0.5912665128707886,0.5108590722084045,True,0.005829196270726591,False,2
2015-06-11,2015-06-12,-0.007684367470106338,DOWN,0.5803779363632202,0.5108590722084045,True,0.005867298986464918,False,2
2015-06-12,2015-06-15,-0.004294690257143493,FLAT,0.6401194334030151,0.5108590722084045,True,0.005633558102303945,False,2
2015-06-15,2015-06-16,0.005436866635543014,UP,0.6410095691680908,0.5108590722084045,True,0.005681099714187995,False,2
2015-06-16,2015-06-17,0.0016157989488703656,FLAT,0.6177896857261658,0.5108590722084045,True,0.005788267231586795,False,2
2015-06-17,2015-06-18,0.010345664549366142,UP,0.6264175772666931,0.5108590722084045,True,0.005810645786820031,False,2
2015-06-18,2015-06-19,-0.009301520060152167,DOWN,0.5438249111175537,0.5108590722084045,True,0.006302336739193541,False,2
2015-06-19,2015-06-22,0.0051100269172874,UP,0.6111371517181396,0.5108590722084045,True,0.006588277887396287,False,2
2015-06-22,2015-06-23,0.0007076352479650247,FLAT,0.5707847476005554,0.5108590722084045,True,0.006695612879262036,False,2
2015-06-23,2015-06-24,-0.0072892513339581156,DOWN,0.5749428868293762,0.5108590722084045,True,0.00621869205719548,False,2
2015-06-24,2015-06-25,-0.0030450084842962195,FLAT,0.6138352155685425,0.5108590722084045,True,0.006049162031153915,False,2
2015-06-25,2015-06-26,-0.00019058942764842233,FLAT,0.6193203926086426,0.5108590722084045,True,0.006074436173562236,False,2
2015-06-26,2015-06-29,-0.021193400386544974,DOWN,0.6186378598213196,0.5108590722084045,True,0.0059288989754866335,False,2
2015-06-29,2015-06-30,0.002091123042273471,FLAT,0.5899006724357605,0.5108590722084045,True,0.007509159360148181,False,2
2015-06-30,2015-07-01,0.007983561804533027,UP,0.6470754146575928,0.5108590722084045,True,0.007551128115266113,False,2
2015-07-01,2015-07-02,-0.0009160939023287139,FLAT,0.6040446758270264,0.5108590722084045,True,0.007789270299458846,False,2
2015-07-02,2015-07-06,-0.002850019269083222,FLAT,0.6424232125282288,0.5108590722084045,True,0.007590697360120822,False,2
2015-07-06,2015-07-07,0.006269022964348443,UP,0.647925078868866,0.5108590722084045,True,0.0076031124684754845,False,2
2015-07-07,2015-07-08,-0.0169195914419475,DOWN,0.6275529265403748,0.5108590722084045,True,0.007643607136308106,False,2
2015-07-08,2015-07-09,0.0018073674353340466,FLAT,0.5737848877906799,0.5108590722084045,True,0.008517922482063978,False,2
2015-07-09,2015-07-10,0.012512903433965095,UP,0.6713871955871582,0.5108590722084045,True,0.007997900601589267,False,2
2015-07-10,2015-07-13,0.010976783887015968,UP,0.5808293223381042,0.5108590722084045,True,0.008535694666827642,False,2
2015-07-13,2015-07-14,0.004328647072469884,FLAT,0.5553741455078125,0.5108590722084045,True,0.008781827915427132,False,2
2015-07-14,2015-07-15,-0.0003322749991173715,FLAT,0.5447381138801575,0.5108590722084045,True,0.008774515292288492,False,2
2015-07-15,2015-07-16,0.007992298232542884,UP,0.5669350624084473,0.5108590722084045,True,0.008693773537099297,False,2
2015-07-16,2015-07-17,0.0008474630965250066,FLAT,0.5105130076408386,0.5108590722084045,False,0.008868021861671812,False,2
2015-07-17,2015-07-20,0.0005175647063325456,FLAT,0.5235376954078674,0.5108590722084045,True,0.008556470364012454,False,2
2015-07-20,2015-07-21,-0.003959077354646671,FLAT,0.5201478004455566,0.5108590722084045,True,0.008276042735305536,False,2
2015-07-21,2015-07-22,-0.0017962043362016416,FLAT,0.5520498752593994,0.5108590722084045,True,0.008253993372711025,False,2
2015-07-22,2015-07-23,-0.0056458576058752,DOWN,0.5578144788742065,0.5108590722084045,True,0.008261153160831392,False,2
2015-07-23,2015-07-24,-0.010426191888768848,DOWN,0.567481279373169,0.5108590722084045,True,0.008194394626231711,False,2
2015-07-24,2015-07-27,-0.005834326602727022,DOWN,0.5738123655319214,0.5108590722084045,True,0.008495820365938192,False,2
2015-07-27,2015-07-28,0.012208209755053484,UP,0.625744104385376,0.5108590722084045,True,0.008580229387680337,False,2
2015-07-28,2015-07-29,0.006855548966037117,UP,0.5835074186325073,0.5108590722084045,True,0.007579300652538449,False,2
2015-07-29,2015-07-30,0.000237211748935537,FLAT,0.5575568675994873,0.5108590722084045,True,0.007691339852275262,False,2
2015-07-30,2015-07-31,-0.0015190704461810003,FLAT,0.5732388496398926,0.5108590722084045,True,0.007523971697010746,False,2
2015-07-31,2015-08-03,-0.0033786547413504576,FLAT,0.5703068971633911,0.5108590722084045,True,0.007532386731602858,False,2
2015-08-03,2015-08-04,-0.0019561921695385102,FLAT,0.6059213876724243,0.5108590722084045,True,0.007546648335060707,False,2
2015-08-04,2015-08-05,0.0032900371616514136,FLAT,0.6086016893386841,0.5108590722084045,True,0.007452851365199338,False,2
2015-08-05,2015-08-06,-0.008221456210205291,DOWN,0.5842254757881165,0.5108590722084045,True,0.006267356835416201,False,2
2015-08-06,2015-08-07,-0.0019217356495132233,FLAT,0.6196128726005554,0.5108590722084045,True,0.006619014047628844,False,2
2015-08-07,2015-08-10,0.012520522679780615,UP,0.6196535229682922,0.5108590722084045,True,0.00604030326253284,False,2
2015-08-10,2015-08-11,-0.009064126222849762,DOWN,0.5541966557502747,0.5108590722084045,True,0.006194332080278641,False,2
2015-08-11,2015-08-12,0.0011973468333049738,FLAT,0.6254959106445312,0.5108590722084045,True,0.0064423599625427095,False,2
2015-08-12,2015-08-13,-0.001245244213287163,FLAT,0.6264283061027527,0.5108590722084045,True,0.006453267734720026,False,2
2015-08-13,2015-08-14,0.003635645525430537,FLAT,0.6071242690086365,0.5108590722084045,True,0.006143946167294474,False,2
2015-08-14,2015-08-17,0.005571301686068404,UP,0.5994177460670471,0.5108590722084045,True,0.0062160504882009,False,2
2015-08-17,2015-08-18,-0.0029008300621226205,FLAT,0.5886020064353943,0.5108590722084045,True,0.0063700445437939665,False,2
2015-08-18,2015-08-19,-0.007936873561101215,DOWN,0.5992096662521362,0.5108590722084045,True,0.006343901746286141,False,2
2015-08-19,2015-08-20,-0.021102463987507057,DOWN,0.6193109154701233,0.5108590722084045,True,0.006558980989520196,False,2
2015-08-20,2015-08-21,-0.030564844895498506,DOWN,0.579062819480896,0.5108590722084045,True,0.007935302790597848,False,2
2015-08-21,2015-08-24,-0.043019060773217356,DOWN,0.5828679800033569,0.5108590722084045,True,0.010107941261480468,False,2
2015-08-24,2015-08-25,-0.011837575935620176,DOWN,0.6543815732002258,0.5108590722084045,True,0.013576870817888692,True,2
2015-08-25,2015-08-26,0.03767507232034739,UP,0.6506851315498352,0.5108590722084045,True,0.013087800076373187,True,2
2015-08-26,2015-08-27,0.024434189577847116,UP,0.615205705165863,0.5108590722084045,True,0.016096171291548955,True,2
2015-08-27,2015-08-28,5.015434330204552e-05,FLAT,0.5814425945281982,0.5108590722084045,True,0.017298054949896714,True,2
2015-08-28,2015-08-31,-0.00811190049770867,DOWN,0.6103792786598206,0.5108590722084045,True,0.01730780909128341,True,2
2015-08-31,2015-09-01,-0.03030220476613541,DOWN,0.6259247660636902,0.5108590722084045,True,0.01734933040251209,True,2
2015-09-01,2015-09-02,0.01880317454798349,UP,0.6087839603424072,0.5108590722084045,True,0.018388392504360702,True,2
2015-09-02,2015-09-03,0.0007161826950495659,FLAT,0.5553577542304993,0.5108590722084045,True,0.01904498545070086,True,2
2015-09-03,2015-09-04,-0.015252558886480107,DOWN,0.6113641262054443,0.5108590722084045,True,0.01903611545957076,True,2
2015-09-04,2015-09-08,0.024820496117270316,UP,0.600440502166748,0.5108590722084045,True,0.01922257486902044,True,2
2015-09-08,2015-09-09,-0.013462033317038494,DOWN,0.48085981607437134,0.5108590722084045,False,0.019956204826681517,True,2
2015-09-09,2015-09-10,0.005427070554778015,FLAT,0.6226494312286377,0.5108590722084045,True,0.020047989085003534,True,2
2015-09-10,2015-09-11,0.004533996729467052,FLAT,0.541149914264679,0.5108590722084045,True,0.02012167518631872,True,2
2015-09-11,2015-09-14,-0.0037174376932770856,FLAT,0.5521905422210693,0.5108590722084045,True,0.02019305009862143,True,2
2015-09-14,2015-09-15,0.012421952003654629,UP,0.6299493908882141,0.5108590722084045,True,0.02013385616706142,True,2
2015-09-15,2015-09-16,0.008629322886787182,UP,0.4715633988380432,0.5108590722084045,False,0.020349996768400425,True,2
2015-09-16,2015-09-17,-0.002250492116810325,FLAT,0.5068814754486084,0.5108590722084045,False,0.020514605043545325,True,2
2015-09-17,2015-09-18,-0.021661856460941403,DOWN,0.5130622982978821,0.5108590722084045,True,0.020473042150207798,True,2
2015-09-18,2015-09-21,0.00515430579598654,FLAT,0.6433078646659851,0.5108590722084045,True,0.020500724624167493,True,2
2015-09-21,2015-09-22,-0.013064729640802282,DOWN,0.6162635684013367,0.5108590722084045,True,0.01942094158068691,True,2
2015-09-22,2015-09-23,-0.0015999464112404114,FLAT,0.5575927495956421,0.5108590722084045,True,0.01695549408122128,True,2
2015-09-23,2015-09-24,-0.003622318098044462,FLAT,0.6449332237243652,0.5108590722084045,True,0.016695297454476177,True,2
2015-09-24,2015-09-25,-0.0002591719675881542,FLAT,0.583371639251709,0.5108590722084045,True,0.014403300957068262,True,2
2015-09-25,2015-09-28,-0.025417592615977622,DOWN,0.671485960483551,0.5108590722084045,True,0.01316755650057169,True,2
2015-09-28,2015-09-29,0.0005849074337178979,FLAT,0.6259496808052063,0.5108590722084045,True,0.014187699952626103,True,2
2015-09-29,2015-09-30,0.01848642383981401,UP,0.6154351830482483,0.5108590722084045,True,0.014153133081647413,True,2
2015-09-30,2015-10-01,0.0026057966968957543,FLAT,0.561199963092804,0.5108590722084045,True,0.013282390731373,True,2
2015-10-01,2015-10-02,0.014827306906029528,UP,0.5707505941390991,0.5108590722084045,True,0.012546642067430757,False,2
2015-10-02,2015-10-05,0.017638402790987828,UP,0.4599810838699341,0.5108590722084045,False,0.013026719707215138,True,2
2015-10-05,2015-10-06,-0.0034321335058390325,FLAT,0.41312655806541443,0.5108590722084045,False,0.013094512638648265,True,2
2015-10-06,2015-10-07,0.008157197237427178,FLAT,0.5358710289001465,0.5108590722084045,True,0.011917786399523872,False,2
2015-10-07,2015-10-08,0.008986147060895028,UP,0.43468284606933594,0.5108590722084045,False,0.011600010106798838,False,2
2015-10-08,2015-10-09,0.0005961897858329525,FLAT,0.4069543182849884,0.5108590722084045,False,0.01169562674723471,False,2
2015-10-09,2015-10-12,0.0009432913124797186,FLAT,0.451698362827301,0.5108590722084045,False,0.011672326980235102,False,2
2015-10-12,2015-10-13,-0.006322067297061622,FLAT,0.45473989844322205,0.5108590722084045,False,0.011616360423732793,False,2
2015-10-13,2015-10-14,-0.004805569292141318,FLAT,0.4679095149040222,0.5108590722084045,False,0.011433831473084218,False,2
2015-10-14,2015-10-15,0.015237884828707922,UP,0.47302570939064026,0.5108590722084045,False,0.011322042253440313,False,2
2015-10-15,2015-10-16,0.004536264104484977,FLAT,0.382966011762619,0.5108590722084045,False,0.01182150824977433,False,2
2015-10-16,2015-10-19,0.0004917905119611764,FLAT,0.4000664949417114,0.5108590722084045,False,0.010608078008080184,False,2
2015-10-19,2015-10-20,-0.001279248893057329,FLAT,0.44471314549446106,0.5108590722084045,False,0.010585427969818399,False,2
2015-10-20,2015-10-21,-0.0062228296715968155,FLAT,0.4418427050113678,0.5108590722084045,False,0.010032155468176358,False,2
2015-10-21,2015-10-22,0.01675256391876057,UP,0.4504660367965698,0.5108590722084045,False,0.010179346113367651,False,2
2015-10-22,2015-10-23,0.010902063353210822,UP,0.3898775279521942,0.5108590722084045,False,0.010589238149264336,False,2
2015-10-23,2015-10-26,-0.0024607115434295357,FLAT,0.37323030829429626,0.5108590722084045,False,0.010696160192052382,False,2
2015-10-26,2015-10-27,-0.001934207037161375,FLAT,0.43867984414100647,0.5108590722084045,False,0.008395492169758921,False,2
2015-10-27,2015-10-28,0.011310388060510447,UP,0.44407033920288086,0.5108590722084045,False,0.008480699678792102,False,2
2015-10-28,2015-10-29,-0.0005744416718742212,FLAT,0.39953896403312683,0.5108590722084045,False,0.008004498850243779,False,2
2015-10-29,2015-10-30,-0.004319083243286122,FLAT,0.4275800287723541,0.5108590722084045,False,0.008071784116838867,False,2
2015-10-30,2015-11-02,0.011761498942322644,UP,0.4508676528930664,0.5108590722084045,False,0.00787393563563846,False,2
2015-11-02,2015-11-03,0.0028951851601861857,FLAT,0.41810864210128784,0.5108590722084045,False,0.00740270904829104,False,2
2015-11-03,2015-11-04,-0.003037781853460959,FLAT,0.42990225553512573,0.5108590722084045,False,0.007250766400815284,False,2
2015-11-04,2015-11-05,-0.0009988192150948924,FLAT,0.4427621364593506,0.5108590722084045,False,0.007282634895958042,False,2
2015-11-05,2015-11-06,-0.0005235756025601468,FLAT,0.4651584029197693,0.5108590722084045,False,0.007168415493433328,False,2
2015-11-06,2015-11-09,-0.009375326864791323,DOWN,0.4936531186103821,0.5108590722084045,False,0.00718573628394306,False,2
2015-11-09,2015-11-10,0.0023041279790732326,FLAT,0.5327621102333069,0.5108590722084045,True,0.007631122562459126,False,2
2015-11-10,2015-11-11,-0.00393943367707168,FLAT,0.5558135509490967,0.5108590722084045,True,0.0073999764382503665,False,2
2015-11-11,2015-11-12,-0.014058155525712998,DOWN,0.552475094795227,0.5108590722084045,True,0.0073602766826925585,False,2
2015-11-12,2015-11-13,-0.01129180396066122,DOWN,0.5337364077568054,0.5108590722084045,True,0.007516582111222356,False,2
2015-11-13,2015-11-16,0.015092416612007657,UP,0.5985363721847534,0.5108590722084045,True,0.007904828750787326,False,2
2015-11-16,2015-11-17,-0.0007297375488420926,FLAT,0.642086923122406,0.5108590722084045,True,0.008612638557861419,False,2
2015-11-17,2015-11-18,0.015741486470022985,UP,0.6562498807907104,0.5108590722084045,True,0.008607370277948667,False,2
2015-11-18,2015-11-19,-0.0008626950128019091,FLAT,0.548079252243042,0.5108590722084045,True,0.009082154131127364,False,2
2015-11-19,2015-11-20,0.003637559679012878,FLAT,0.5670163035392761,0.5108590722084045,True,0.00836926198945948,False,2
2015-11-20,2015-11-23,-0.0011472358042738835,FLAT,0.5315314531326294,0.5108590722084045,True,0.008059437607644583,False,2
2015-11-23,2015-11-24,0.001338362468840361,FLAT,0.553901731967926,0.5108590722084045,True,0.00803995453534105,False,2
2015-11-24,2015-11-25,-0.00014330512521115962,FLAT,0.5612720847129822,0.5108590722084045,True,0.00802113902843581,False,2
2015-11-25,2015-11-27,0.0011458663953237897,FLAT,0.5561793446540833,0.5108590722084045,True,0.007619629094976748,False,2
2015-11-27,2015-11-30,-0.004160173924404083,FLAT,0.5300644636154175,0.5108590722084045,True,0.007621461707989313,False,2
2015-11-30,2015-12-01,0.009490450885066217,UP,0.5689306855201721,0.5108590722084045,True,0.007616611848505754,False,2
2015-12-01,2015-12-02,-0.010257449923871885,DOWN,0.4882163405418396,0.5108590722084045,False,0.0074500061650969295,False,2
2015-12-02,2015-12-03,-0.014101736427653467,DOWN,0.5697197318077087,0.5108590722084045,True,0.007761390596419184,False,2
2015-12-03,2015-12-04,0.01931517094939084,UP,0.5550954341888428,0.5108590722084045,True,0.008319370988093601,False,2
2015-12-04,2015-12-07,-0.006076957285399038,FLAT,0.5561286807060242,0.5108590722084045,True,0.00949478389280281,False,2
2015-12-07,2015-12-08,-0.006742183714605439,FLAT,0.6079195737838745,0.5108590722084045,True,0.009587762059891878,False,2
2015-12-08,2015-12-09,-0.00781007941193869,FLAT,0.6324499845504761,0.5108590722084045,True,0.009475506550364157,False,2
2015-12-09,2015-12-10,0.002577753866826495,FLAT,0.6293367743492126,0.5108590722084045,True,0.009599849563421841,False,2
2015-12-10,2015-12-11,-0.01957139224450698,DOWN,0.6865576505661011,0.5108590722084045,True,0.009597498624249374,False,2
2015-12-11,2015-12-14,0.005039731091601978,FLAT,0.5937159657478333,0.5108590722084045,True,0.010076105583680103,False,2
2015-12-14,2015-12-15,0.010443087190806444,UP,0.6959992051124573,0.5108590722084045,True,0.009833776210682776,False,2
2015-12-15,2015-12-16,0.014525990261195328,UP,0.6216526031494141,0.5108590722084045,True,0.009510055084371073,False,2
2015-12-16,2015-12-17,-0.015355472214624757,DOWN,0.5565291047096252,0.5108590722084045,True,0.010056682826605764,False,2
2015-12-17,2015-12-18,-0.023909439079209505,DOWN,0.622896671295166,0.5108590722084045,True,0.009999343772047404,False,2
2015-12-18,2015-12-21,0.008215306163752094,FLAT,0.6142727136611938,0.5108590722084045,True,0.011241321204669965,False,2
2015-12-21,2015-12-22,0.009033315810359144,FLAT,0.6074500679969788,0.5108590722084045,True,0.01140938604161162,False,2
2015-12-22,2015-12-23,0.012307267310985573,UP,0.5644287467002869,0.5108590722084045,True,0.01166701430656104,False,2
2015-12-23,2015-12-24,-0.0016517448457780042,FLAT,0.5285965204238892,0.5108590722084045,True,0.0120515264541258,False,2
2015-12-24,2015-12-28,-0.0022876495781282502,FLAT,0.5990062952041626,0.5108590722084045,True,0.012051909202105512,False,2
2015-12-28,2015-12-29,0.010615388596981797,UP,0.6048548817634583,0.5108590722084045,True,0.012046028744513474,False,2
2015-12-29,2015-12-30,-0.007112996716000444,FLAT,0.5106507539749146,0.5108590722084045,False,0.012295669863332333,False,2
2015-12-30,2015-12-31,-0.010053757792281173,DOWN,0.6149459481239319,0.5108590722084045,True,0.01215889015579461,False,2
2015-12-31,2016-01-04,-0.014078085007925907,DOWN,0.5800412893295288,0.5108590722084045,True,0.012150934077692119,False,2
2016-01-04,2016-01-05,0.001689927007703208,FLAT,0.5488244295120239,0.5108590722084045,True,0.012149606258822462,False,2
2016-01-05,2016-01-06,-0.012694424235767466,DOWN,0.6008192896842957,0.5108590722084045,True,0.01118998896858016,False,2
2016-01-06,2016-01-07,-0.02428405608086669,DOWN,0.560695230960846,0.5108590722084045,True,0.011412198294166422,False,2
2016-01-07,2016-01-08,-0.011037264550851656,DOWN,0.5922870635986328,0.5108590722084045,True,0.01239963816863898,False,2
2016-01-08,2016-01-11,0.00098951882672483,FLAT,0.6350309252738953,0.5108590722084045,True,0.012483256253160335,False,2
2016-01-11,2016-01-12,0.008035935275933019,UP,0.6158926486968994,0.5108590722084045,True,0.012448368335590756,False,2
2016-01-12,2016-01-13,-0.025256914003050034,DOWN,0.601144552230835,0.5108590722084045,True,0.01209324031394081,False,2
2016-01-13,2016-01-14,0.016283534966571953,UP,0.6156713962554932,0.5108590722084045,True,0.013016911753926438,True,2
2016-01-14,2016-01-15,-0.02169988356339567,DOWN,0.5864096283912659,0.5108590722084045,True,0.013408015555323578,True,2
2016-01-15,2016-01-19,0.0013302473733657163,FLAT,0.6012665629386902,0.5108590722084045,True,0.013319562227813227,True,2
2016-01-19,2016-01-20,-0.012897900120246417,DOWN,0.611749529838562,0.5108590722084045,True,0.013165897665142126,True,2
2016-01-20,2016-01-21,0.00558635257993934,FLAT,0.6033434271812439,0.5108590722084045,True,0.0125159462533048,False,2
2016-01-21,2016-01-22,0.02030769803135791,UP,0.5958552956581116,0.5108590722084045,True,0.012397155550793564,False,2
2016-01-22,2016-01-25,-0.015231968150443788,DOWN,0.5111762285232544,0.5108590722084045,True,0.013241810470976943,True,2
2016-01-25,2016-01-26,0.013550903858818436,UP,0.6147679090499878,0.5108590722084045,True,0.012962864130462241,True,2
2016-01-26,2016-01-27,-0.010942894888797574,DOWN,0.5220232605934143,0.5108590722084045,True,0.013580344864720519,True,2
2016-01-27,2016-01-28,0.0051956203891779336,FLAT,0.6162613034248352,0.5108590722084045,True,0.01366350152260716,True,2
2016-01-28,2016-01-29,0.024084964269730853,UP,0.583017885684967,0.5108590722084045,True,0.013402425886602665,True,2
2016-01-29,2016-02-01,-0.00036144939393017284,FLAT,0.3887915015220642,0.5108590722084045,False,0.014835450716609641,True,2
2016-02-01,2016-02-02,-0.01818653213249616,DOWN,0.5611037015914917,0.5108590722084045,True,0.014752909933543298,True,2
2016-02-02,2016-02-03,0.005977050088959229,FLAT,0.5693688988685608,0.5108590722084045,True,0.014948864391381647,True,2
2016-02-03,2016-02-04,0.0015670049933292577,FLAT,0.6394377946853638,0.5108590722084045,True,0.015046704068672161,True,2
2016-02-04,2016-02-05,-0.019233943619154967,DOWN,0.6499598026275635,0.5108590722084045,True,0.014878264528306973,True,2
2016-02-05,2016-02-08,-0.013552441469451462,DOWN,0.6373629570007324,0.5108590722084045,True,0.01451592004444213,True,2
2016-02-08,2016-02-09,5.390053706405582e-05,FLAT,0.5842342972755432,0.5108590722084045,True,0.014612583726955796,True,2
2016-02-09,2016-02-10,-0.0008631692180783777,FLAT,0.5853553414344788,0.5108590722084045,True,0.014604939263978624,True,2
2016-02-10,2016-02-11,-0.013093407548559899,DOWN,0.631040096282959,0.5108590722084045,True,0.01442493327981708,True,2
2016-02-11,2016-02-12,0.02040723728401265,UP,0.5993001461029053,0.5108590722084045,True,0.013637207857314015,True,2
2016-02-12,2016-02-16,0.016737426755310383,UP,0.5605177283287048,0.5108590722084045,True,0.013949523357995588,True,2
2016-02-16,2016-02-17,0.016202759074790542,UP,0.4611626863479614,0.5108590722084045,False,0.013650167738711059,True,2
2016-02-17,2016-02-18,-0.004104266053931545,FLAT,0.3663848340511322,0.5108590722084045,False,0.014094410520953506,True,2
2016-02-18,2016-02-19,-0.00046862110648894636,FLAT,0.5399940609931946,0.5108590722084045,True,0.013762581397044543,True,2
2016-02-19,2016-02-22,0.014375338238185034,UP,0.5110990405082703,0.5108590722084045,True,0.013739285576544162,True,2
2016-02-22,2016-02-23,-0.012710020835624369,DOWN,0.3977031111717224,0.5108590722084045,False,0.013368693438070267,True,2
2016-02-23,2016-02-24,0.0045652165522275185,FLAT,0.5581699013710022,0.5108590722084045,True,0.013217520617837285,True,2
2016-02-24,2016-02-25,0.01203902175994836,UP,0.5225245952606201,0.5108590722084045,True,0.012926244021692365,True,2
2016-02-25,2016-02-26,-0.0023039559647323607,FLAT,0.4072956442832947,0.5108590722084045,False,0.012850321319001259,True,2
2016-02-26,2016-02-29,-0.007873442465843388,FLAT,0.4804385304450989,0.5108590722084045,False,0.012859479590481001,True,2
2016-02-29,2016-03-01,0.023234905755165118,UP,0.48792746663093567,0.5108590722084045,False,0.011859462058925739,False,2
2016-03-01,2016-03-02,0.004482389657385098,FLAT,0.3745211362838745,0.5108590722084045,False,0.01294955906807053,True,2
2016-03-02,2016-03-03,0.003911930269274466,FLAT,0.42102116346359253,0.5108590722084045,False,0.01213555262772412,False,2
2016-03-03,2016-03-04,0.003248267069200911,FLAT,0.4293908476829529,0.5108590722084045,False,0.012111129381502309,False,2
2016-03-04,2016-03-07,0.0007979835169487722,FLAT,0.43903133273124695,0.5108590722084045,False,0.012112567988366364,False,2
2016-03-07,2016-03-08,-0.010977841492832026,DOWN,0.46028634905815125,0.5108590722084045,False,0.011021381014911506,False,2
2016-03-08,2016-03-09,0.004927411997454838,FLAT,0.48698288202285767,0.5108590722084045,False,0.010828086149702099,False,2
2016-03-09,2016-03-10,0.0008021077540981509,FLAT,0.4402022361755371,0.5108590722084045,False,0.010804033087425533,False,2
2016-03-10,2016-03-11,0.016008302673559786,UP,0.46409058570861816,0.5108590722084045,False,0.01077398434047613,False,2
2016-03-11,2016-03-14,-0.001283099965603017,FLAT,0.38364744186401367,0.5108590722084045,False,0.010341645543037533,False,2
2016-03-14,2016-03-15,-0.00163096797736353,FLAT,0.45836159586906433,0.5108590722084045,False,0.009781228912768732,False,2
2016-03-15,2016-03-16,0.005770518268001061,FLAT,0.47803938388824463,0.5108590722084045,False,0.009384569775872759,False,2
2016-03-16,2016-03-17,0.006324057359171008,FLAT,0.4721222221851349,0.5108590722084045,False,0.008898958548755538,False,2
2016-03-17,2016-03-18,-0.0012224641214868177,FLAT,0.4324774146080017,0.5108590722084045,False,0.008787778004712428,False,2
2016-03-18,2016-03-21,0.001417886970066765,FLAT,0.4570537209510803,0.5108590722084045,False,0.008805768047972335,False,2
2016-03-21,2016-03-22,-0.0005375979969664496,FLAT,0.46044784784317017,0.5108590722084045,False,0.008401817570022077,False,2
2016-03-22,2016-03-23,-0.006621358917105653,FLAT,0.48931893706321716,0.5108590722084045,False,0.00765117256806335,False,2
2016-03-23,2016-03-24,-0.00044304677354087214,FLAT,0.5144277811050415,0.5108590722084045,True,0.007940683004017696,False,2
2016-03-24,2016-03-28,0.0005906603961285388,FLAT,0.5474339723587036,0.5108590722084045,True,0.007638388563789973,False,2
2016-03-28,2016-03-29,0.00920757617414379,UP,0.524836540222168,0.5108590722084045,True,0.007581721589037727,False,2
2016-03-29,2016-03-30,0.004378122265993535,FLAT,0.5153712034225464,0.5108590722084045,True,0.007364427446029504,False,2
2016-03-30,2016-03-31,-0.0024298986034664554,FLAT,0.45132875442504883,0.5108590722084045,False,0.005625940621998269,False,2
2016-03-31,2016-04-01,0.006788862696050751,FLAT,0.49488747119903564,0.5108590722084045,False,0.005674776789871478,False,2
2016-04-01,2016-04-04,-0.0032432110714291375,FLAT,0.5031008124351501,0.5108590722084045,False,0.0057717804845954495,False,2
2016-04-04,2016-04-05,-0.010038080323305401,DOWN,0.499921590089798,0.5108590722084045,False,0.005865200233868355,False,2
2016-04-05,2016-04-06,0.010861974375772835,UP,0.5818002820014954,0.5108590722084045,True,0.006402644681124906,False,2
2016-04-06,2016-04-07,-0.012038068466954956,DOWN,0.5209537744522095,0.5108590722084045,True,0.006128687474564613,False,2
2016-04-07,2016-04-08,0.0026931246825536883,FLAT,0.594822108745575,0.5108590722084045,True,0.006833085573903998,False,2
2016-04-08,2016-04-11,-0.0023499262871009264,FLAT,0.5907868146896362,0.5108590722084045,True,0.006841342522482172,False,2
2016-04-11,2016-04-12,0.009269685759992688,UP,0.6104074716567993,0.5108590722084045,True,0.0059238858521674445,False,2
2016-04-12,2016-04-13,0.010050344745569607,UP,0.5490077137947083,0.5108590722084045,True,0.006236274172485665,False,2
2016-04-13,2016-04-14,4.804935924526134e-05,FLAT,0.44620364904403687,0.5108590722084045,False,0.0065328893812225935,False,2
2016-04-14,2016-04-15,-0.001106307293156729,FLAT,0.4762933552265167,0.5108590722084045,False,0.006457263653337557,False,2
2016-04-15,2016-04-18,0.007002122987938071,FLAT,0.4868352711200714,0.5108590722084045,False,0.006355976974113683,False,2
2016-04-18,2016-04-19,0.0031492529930353965,FLAT,0.46636632084846497,0.5108590722084045,False,0.006485446825842101,False,2
2016-04-19,2016-04-20,0.0009524391531007965,FLAT,0.4432196617126465,0.5108590722084045,False,0.006500396874952802,False,2
2016-04-20,2016-04-21,-0.0053929300679508956,FLAT,0.4563988447189331,0.5108590722084045,False,0.006487215953589905,False,2
2016-04-21,2016-04-22,0.0,FLAT,0.5067737102508545,0.5108590722084045,False,0.006413302983732005,False,2
2016-04-22,2016-04-25,-0.0017242238515329578,FLAT,0.5248457193374634,0.5108590722084045,True,0.006407373196402568,False,2
2016-04-25,2016-04-26,0.0014849118217189086,FLAT,0.5377684831619263,0.5108590722084045,True,0.0064439411058563245,False,2
2016-04-26,2016-04-27,0.0020561268160365796,FLAT,0.5178312659263611,0.5108590722084045,True,0.006171012693846452,False,2
2016-04-27,2016-04-28,-0.009117189551687043,DOWN,0.5213262438774109,0.5108590722084045,True,0.006124149724685208,False,2
2016-04-28,2016-04-29,-0.005413494396528191,FLAT,0.5891410112380981,0.5108590722084045,True,0.006481976231093295,False,2
2016-04-29,2016-05-02,0.007917006727903951,UP,0.6181285977363586,0.5108590722084045,True,0.00642970975362383,False,2
2016-05-02,2016-05-03,-0.008741260291898584,DOWN,0.5924435257911682,0.5108590722084045,True,0.006627700737514076,False,2
2016-05-03,2016-05-04,-0.005593852465674445,FLAT,0.6196685433387756,0.5108590722084045,True,0.006525607156551795,False,2
2016-05-04,2016-05-05,-0.00019509872031052427,FLAT,0.6476975083351135,0.5108590722084045,True,0.006175745017577407,False,2
2016-05-05,2016-05-06,0.003652393918966363,FLAT,0.6394439339637756,0.5108590722084045,True,0.005529272684937948,False,2
2016-05-06,2016-05-09,0.0008260157836741845,FLAT,0.6344011425971985,0.5108590722084045,True,0.005555683502656655,False,2
2016-05-09,2016-05-10,0.012357147062368385,UP,0.6158043146133423,0.5108590722084045,True,0.005521315231926486,False,2
2016-05-10,2016-05-11,-0.009398777285479427,DOWN,0.535731315612793,0.5108590722084045,True,0.005816002908580526,False,2
2016-05-11,2016-05-12,0.0002905028778884563,FLAT,0.6264920234680176,0.5108590722084045,True,0.005780440165864583,False,2
2016-05-12,2016-05-13,-0.008752380516923645,DOWN,0.6108872890472412,0.5108590722084045,True,0.005781599239227774,False,2
2016-05-13,2016-05-16,0.00981688549310407,UP,0.6183562278747559,0.5108590722084045,True,0.006079384668125397,False,2
2016-05-16,2016-05-17,-0.009377386467228545,DOWN,0.5896188616752625,0.5108590722084045,True,0.0062965570606199305,False,2
2016-05-17,2016-05-18,0.0002928424326074842,FLAT,0.6218987107276917,0.5108590722084045,True,0.006523814965672326,False,2
2016-05-18,2016-05-19,-0.0034709854349154676,FLAT,0.635262668132782,0.5108590722084045,True,0.006513926815800011,False,2
2016-05-19,2016-05-20,0.006297506898184872,FLAT,0.6296793818473816,0.5108590722084045,True,0.006463583307953101,False,2
2016-05-20,2016-05-23,-0.0013635199140756289,FLAT,0.5867136716842651,0.5108590722084045,True,0.0066727939197312475,False,2
2016-05-23,2016-05-24,0.012878983047929088,UP,0.5987863540649414,0.5108590722084045,True,0.006670764454659913,False,2
2016-05-24,2016-05-25,0.006760201618305196,UP,0.537675678730011,0.5108590722084045,True,0.007331899644268165,False,2
2016-05-25,2016-05-26,0.00028664449717812366,FLAT,0.4662601053714752,0.5108590722084045,False,0.007483718158370058,False,2
2016-05-26,2016-05-27,0.004290054491167181,FLAT,0.4931107461452484,0.5108590722084045,False,0.0071707250124374506,False,2
2016-05-27,2016-05-31,-0.001904443317603481,FLAT,0.4793437719345093,0.5108590722084045,False,0.007080576981926136,False,2
2016-05-31,2016-06-01,0.0020471213925653863,FLAT,0.504228413105011,0.5108590722084045,False,0.006909640235884503,False,2
2016-06-01,2016-06-02,0.003039080061627184,FLAT,0.5147548317909241,0.5108590722084045,True,0.006567158560575968,False,2
2016-06-02,2016-06-03,-0.0029915494147823756,FLAT,0.49481406807899475,0.5108590722084045,False,0.006393257227974152,False,2
2016-06-03,2016-06-06,0.0050755857453942625,FLAT,0.5314581394195557,0.5108590722084045,True,0.006460632319925063,False,2
2016-06-06,2016-06-07,0.001560109874706457,FLAT,0.48380035161972046,0.5108590722084045,False,0.006495893203255654,False,2
2016-06-07,2016-06-08,0.003254347695984139,FLAT,0.4862028658390045,0.5108590722084045,False,0.006494850665678448,False,2
2016-06-08,2016-06-09,-0.0013664428476379365,FLAT,0.4761410653591156,0.5108590722084045,False,0.005984509066293387,False,2
2016-06-09,2016-06-10,-0.009522727241363724,DOWN,0.5051679015159607,0.5108590722084045,False,0.0055050787916935085,False,2
2016-06-10,2016-06-13,-0.007741653686631843,DOWN,0.5566422939300537,0.5108590722084045,True,0.00601646904754155,False,2
2016-06-13,2016-06-14,-0.001968853053697048,FLAT,0.5698708295822144,0.5108590722084045,True,0.005935331265590362,False,2
2016-06-14,2016-06-15,-0.0013949028973121098,FLAT,0.6144812107086182,0.5108590722084045,True,0.005576949969306223,False,2
2016-06-15,2016-06-16,0.002979888413175233,FLAT,0.6402125954627991,0.5108590722084045,True,0.005114067961414438,False,2
2016-06-16,2016-06-17,-0.00891804144940485,DOWN,0.6504528522491455,0.5108590722084045,True,0.005137969139149765,False,2
2016-06-17,2016-06-20,0.006419414364319795,UP,0.647572934627533,0.5108590722084045,True,0.0055093069893502105,False,2
2016-06-20,2016-06-21,0.0028345466901189614,FLAT,0.6457895040512085,0.5108590722084045,True,0.0055160465796760495,False,2
2016-06-21,2016-06-22,-0.0016324790244543145,FLAT,0.6406896114349365,0.5108590722084045,True,0.005518433276127303,False,2
2016-06-22,2016-06-23,0.01293847956182914,UP,0.6423459649085999,0.5108590722084045,True,0.0047436369901570465,False,2
2016-06-23,2016-06-24,-0.0365696685376438,DOWN,0.5589411854743958,0.5108590722084045,True,0.005363874584412656,False,2
2016-06-24,2016-06-27,-0.018072179297399276,DOWN,0.5230711698532104,0.5108590722084045,True,0.009848424301546725,False,2
2016-06-27,2016-06-28,0.01787530622973483,UP,0.6393918991088867,0.5108590722084045,True,0.010412299128492942,False,2
2016-06-28,2016-06-29,0.01688424782083095,UP,0.5801164507865906,0.5108590722084045,True,0.011376259006520227,False,2
2016-06-29,2016-06-30,0.013553300509066859,UP,0.550377607345581,0.5108590722084045,True,0.01208860800293691,False,2
2016-06-30,2016-07-01,0.002098248017361924,FLAT,0.5320799946784973,0.5108590722084045,True,0.012489344769803287,False,2
2016-07-01,2016-07-05,-0.007219186088535558,DOWN,0.5583167672157288,0.5108590722084045,True,0.012484330441002315,False,2
2016-07-05,2016-07-06,0.005979877546764581,UP,0.6254920959472656,0.5108590722084045,True,0.01251946264809826,False,2
2016-07-06,2016-07-07,-0.0006202671162166356,FLAT,0.57355797290802,0.5108590722084045,True,0.012600212089068596,False,2
2016-07-07,2016-07-08,0.014780671622370336,UP,0.5742085576057434,0.5108590722084045,True,0.012569532302702767,False,2
2016-07-08,2016-07-11,0.0035207172688849625,FLAT,0.4720301032066345,0.5108590722084045,False,0.013032698422040419,True,2
2016-07-11,2016-07-12,0.007237118478405407,UP,0.4845750331878662,0.5108590722084045,False,0.012849081452066768,True,2
2016-07-12,2016-07-13,-0.00013957140384917246,FLAT,0.460338294506073,0.5108590722084045,False,0.012762085450828303,False,2
2016-07-13,2016-07-14,0.005567929041885831,FLAT,0.47068673372268677,0.5108590722084045,False,0.012742189401908592,False,2
2016-07-14,2016-07-15,-0.0013427171281419333,FLAT,0.446416974067688,0.5108590722084045,False,0.01275040250416381,False,2
2016-07-15,2016-07-18,0.0026837042929593294,FLAT,0.4729498028755188,0.5108590722084045,False,0.012769093040673344,False,2
2016-07-18,2016-07-19,-0.001017111588374389,FLAT,0.48206573724746704,0.5108590722084045,False,0.01251961782111585,False,2
2016-07-19,2016-07-20,0.004154335272333999,FLAT,0.4864673316478729,0.5108590722084045,False,0.012502468220728457,False,2
2016-07-20,2016-07-21,-0.003784350391765712,FLAT,0.4767882823944092,0.5108590722084045,False,0.012510768202307228,False,2
2016-07-21,2016-07-22,0.004475111612983524,FLAT,0.4927785098552704,0.5108590722084045,False,0.012553132474191174,False,2
2016-07-22,2016-07-25,-0.002719638439119201,FLAT,0.49092891812324524,0.5108590722084045,False,0.01230249009808229,False,2
2016-07-25,2016-07-26,0.00046149564697253075,FLAT,0.5104211568832397,0.5108590722084045,False,0.008543185577492111,False,2
2016-07-26,2016-07-27,-0.0010616739994665047,FLAT,0.5182085037231445,0.5108590722084045,True,0.006976452522848537,False,2
2016-07-27,2016-07-28,0.0011539616552978648,FLAT,0.5205464363098145,0.5108590722084045,True,0.0062597842461467375,False,2
2016-07-28,2016-07-29,0.0016132702810723982,FLAT,0.5336784720420837,0.5108590722084045,True,0.005371806993952888,False,2
2016-07-29,2016-08-01,-0.0008293447316518964,FLAT,0.5191570520401001,0.5108590722084045,True,0.004685252820575618,False,2
2016-08-01,2016-08-02,-0.006427913514755386,DOWN,0.5345333218574524,0.5108590722084045,True,0.00472074990978531,False,2
2016-08-02,2016-08-03,0.0029184447567219564,FLAT,0.5786091089248657,0.5108590722084045,True,0.004645265813032143,False,2
2016-08-03,2016-08-04,0.0010634134397508202,FLAT,0.5771275758743286,0.5108590722084045,True,0.004545638639494216,False,2
2016-08-04,2016-08-05,0.008145603052374027,UP,0.5721471905708313,0.5108590722084045,True,0.004519210619151083,False,2
2016-08-05,2016-08-08,-0.000595968315540014,FLAT,0.5120587944984436,0.5108590722084045,True,0.0036646238980439227,False,2
2016-08-08,2016-08-09,0.0005959683155400788,FLAT,0.5179997682571411,0.5108590722084045,True,0.003647933437474784,False,2
2016-08-09,2016-08-10,-0.002478057786678795,FLAT,0.510269820690155,0.5108590722084045,False,0.003347667906998527,False,2
2016-08-10,2016-08-11,0.004629931131066985,FLAT,0.5370867252349854,0.5108590722084045,True,0.0034202680137414105,False,2
2016-08-11,2016-08-12,-0.000869287796278908,FLAT,0.4862830340862274,0.5108590722084045,False,0.003354780864662459,False,2
2016-08-12,2016-08-15,0.002879625436932779,FLAT,0.534540593624115,0.5108590722084045,True,0.0033421321949771727,False,2
2016-08-15,2016-08-16,-0.0051709970669315255,FLAT,0.5100421905517578,0.5108590722084045,False,0.0033488243156482955,False,2
2016-08-16,2016-08-17,0.0018792589198994053,FLAT,0.5642796754837036,0.5108590722084045,True,0.0035764753532766345,False,2
2016-08-17,2016-08-18,0.0022414093410686566,FLAT,0.5591432452201843,0.5108590722084045,True,0.003486075594918735,False,2
2016-08-18,2016-08-19,-0.0014632253579312236,FLAT,0.5322026014328003,0.5108590722084045,True,0.0033736315108958315,False,2
2016-08-19,2016-08-22,-4.573412505607312e-05,FLAT,0.5521186590194702,0.5108590722084045,True,0.0032740364092727816,False,2
2016-08-22,2016-08-23,0.002011440410315236,FLAT,0.5508112907409668,0.5108590722084045,True,0.0031980242181251107,False,2
2016-08-23,2016-08-24,-0.005127959125894508,FLAT,0.5290060043334961,0.5108590722084045,True,0.0032174968767405827,False,2
2016-08-24,2016-08-25,-0.0006888263581850463,FLAT,0.5911816954612732,0.5108590722084045,True,0.0034426054335302864,False,2
2016-08-25,2016-08-26,-0.0018851182451652374,FLAT,0.5995438098907471,0.5108590722084045,True,0.0034433816442475352,False,2
2016-08-26,2016-08-29,0.004912243731562431,FLAT,0.621810257434845,0.5108590722084045,True,0.003457390538909191,False,2
2016-08-29,2016-08-30,-0.0016500169196297673,FLAT,0.579317569732666,0.5108590722084045,True,0.00361620693103769,False,2
2016-08-30,2016-08-31,-0.0028480661919428932,FLAT,0.5976211428642273,0.5108590722084045,True,0.0032896004244081225,False,2
2016-08-31,2016-09-01,4.597606430745329e-05,FLAT,0.6227424740791321,0.5108590722084045,True,0.0033249999809820655,False,2
2016-09-01,2016-09-02,0.004497876776550799,FLAT,0.6201393008232117,0.5108590722084045,True,0.003320110933920169,False,2
2016-09-02,2016-09-06,0.0030178517248761133,FLAT,0.5592542290687561,0.5108590722084045,True,0.0029406628511711736,False,2
2016-09-06,2016-09-07,-9.133537020113622e-05,FLAT,0.5346317887306213,0.5108590722084045,True,0.0030095213371654295,False,2
2016-09-07,2016-09-08,-0.0022856108530928034,FLAT,0.5436166524887085,0.5108590722084045,True,0.003008976977745574,False,2
2016-09-08,2016-09-09,-0.024225904232664935,DOWN,0.5753573179244995,0.5108590722084045,True,0.0030002914726239486,False,2
2016-09-09,2016-09-12,0.014245376567656747,UP,0.589149534702301,0.5108590722084045,True,0.006097325956531096,False,2
2016-09-12,2016-09-13,-0.014479851973302187,DOWN,0.638790488243103,0.5108590722084045,True,0.0070139239665592745,False,2
2016-09-13,2016-09-14,-0.00037526072489496744,FLAT,0.6023313403129578,0.5108590722084045,True,0.007622975156010631,False,2
2016-09-14,2016-09-15,0.009943386171964634,UP,0.6692374348640442,0.5108590722084045,True,0.00757189655915686,False,2
2016-09-15,2016-09-16,-0.008911775715804298,DOWN,0.633148193359375,0.5108590722084045,True,0.00794528004003577,False,2
2016-09-16,2016-09-19,0.00018749025330848054,FLAT,0.6405421495437622,0.5108590722084045,True,0.008116595683119907,False,2
2016-09-19,2016-09-20,4.683132298528012e-05,FLAT,0.6319884657859802,0.5108590722084045,True,0.008122920239966443,False,2
2016-09-20,2016-09-21,0.011182714263452255,UP,0.6356746554374695,0.5108590722084045,True,0.008123631488631506,False,2
2016-09-21,2016-09-22,0.006281708192279977,UP,0.5885476469993591,0.5108590722084045,True,0.00856054707449494,False,2
2016-09-22,2016-09-23,-0.005494333315913308,DOWN,0.5568927526473999,0.5108590722084045,True,0.008631532795125572,False,2
2016-09-23,2016-09-26,-0.008135228165556755,DOWN,0.6148536801338196,0.5108590722084045,True,0.00871369803545768,False,2
2016-09-26,2016-09-27,0.00618880917830181,UP,0.6189883351325989,0.5108590722084045,True,0.008880458988816366,False,2
2016-09-27,2016-09-28,0.004951270145156846,FLAT,0.5853796601295471,0.5108590722084045,True,0.00892743485455354,False,2
2016-09-28,2016-09-29,-0.009088473714841045,DOWN,0.5772223472595215,0.5108590722084045,True,0.009009893024255046,False,2
2016-09-29,2016-09-30,0.00751783387621049,UP,0.6063077449798584,0.5108590722084045,True,0.009208182055591214,False,2
2016-09-30,2016-10-03,-0.002406982601896969,FLAT,0.5779619812965393,0.5108590722084045,True,0.009386677813543296,False,2
2016-10-03,2016-10-04,-0.005110851274313622,FLAT,0.6014025807380676,0.5108590722084045,True,0.009329615235592812,False,2
2016-10-04,2016-10-05,0.00441548537526153,FLAT,0.6236599683761597,0.5108590722084045,True,0.009340921626355551,False,2
2016-10-05,2016-10-06,0.0006953658990521912,FLAT,0.5782372355461121,0.5108590722084045,True,0.009418114919728294,False,2
2016-10-06,2016-10-07,-0.0034353383527250857,FLAT,0.5907616019248962,0.5108590722084045,True,0.009416582552622267,False,2
2016-10-07,2016-10-10,0.005194865040245661,FLAT,0.6216263771057129,0.5108590722084045,True,0.007657820068760051,False,2
2016-10-12,2016-10-13,-0.0032809000419824937,FLAT,0.6177706718444824,0.5108590722084045,True,0.006862357587362913,False,2
2016-10-13,2016-10-14,0.0005162772650287091,FLAT,0.6242865920066833,0.5108590722084045,True,0.0064943953771782505,False,2
2016-10-14,2016-10-17,-0.003478218474305837,FLAT,0.6202467083930969,0.5108590722084045,True,0.006188966275899742,False,2
2016-10-17,2016-10-18,0.006242841251259704,UP,0.6045615077018738,0.5108590722084045,True,0.006235399766068839,False,2
2016-10-18,2016-10-19,0.0026635780981098226,FLAT,0.6105021238327026,0.5108590722084045,True,0.006402191293976698,False,2
2016-10-19,2016-10-20,-0.0018684324057799974,FLAT,0.5933972001075745,0.5108590722084045,True,0.005886392103651001,False,2
2016-10-20,2016-10-21,0.00046739983361037736,FLAT,0.6068823337554932,0.5108590722084045,True,0.0056810677978462,False,2
2016-10-21,2016-10-24,0.004243733710348447,FLAT,0.6080527305603027,0.5108590722084045,True,0.005575311915244437,False,2
2016-10-24,2016-10-25,-0.0033561828212316756,FLAT,0.5784062147140503,0.5108590722084045,True,0.005362330589401815,False,2
2016-10-25,2016-10-26,-0.002009734835974423,FLAT,0.6162846684455872,0.5108590722084045,True,0.005219578419858539,False,2
2016-10-26,2016-10-27,-0.0026703879415080705,FLAT,0.6112623810768127,0.5108590722084045,True,0.005079378442170826,False,2
2016-10-27,2016-10-28,-0.0029597864996322065,FLAT,0.6013851165771484,0.5108590722084045,True,0.004709017496097296,False,2
2016-10-28,2016-10-31,4.709480680828749e-05,FLAT,0.6095269322395325,0.5108590722084045,True,0.004356965808729499,False,2
2016-10-31,2016-11-01,-0.007271769477388027,DOWN,0.6039321422576904,0.5108590722084045,True,0.0043461471777202585,False,2
2016-11-01,2016-11-02,-0.006036805088636923,DOWN,0.5809672474861145,0.5108590722084045,True,0.004484805606886486,False,2
2016-11-02,2016-11-03,-0.004587634463296051,DOWN,0.627604603767395,0.5108590722084045,True,0.00444627124984848,False,2
2016-11-03,2016-11-04,-0.0011022248571398241,FLAT,0.6396846175193787,0.5108590722084045,True,0.004473037082106537,False,2
2016-11-04,2016-11-07,0.021817279300208343,UP,0.6588752269744873,0.5108590722084045,True,0.004454380137743485,False,2
2016-11-07,2016-11-08,0.004493789925349073,UP,0.5688697695732117,0.5108590722084045,True,0.006739983101733585,False,2
2016-11-08,2016-11-09,0.010546239323610773,UP,0.5976869463920593,0.5108590722084045,True,0.006203121854175692,False,2
2016-11-09,2016-11-10,0.002492469706366672,FLAT,0.5573013424873352,0.5108590722084045,True,0.006622917724529879,False,2
2016-11-10,2016-11-11,-0.0023076578488590255,FLAT,0.5128535628318787,0.5108590722084045,True,0.006569510710276196,False,2
2016-11-15,2016-11-16,-0.0018801044990033242,FLAT,0.5112379193305969,0.5108590722084045,True,0.006606158377917518,False,2
2016-11-16,2016-11-17,0.0051275595309297475,UP,0.5321046113967896,0.5108590722084045,True,0.00662613228690778,False,2
2016-11-17,2016-11-18,-0.002240077221939921,FLAT,0.5015063285827637,0.5108590722084045,False,0.006660712649812994,False,2
2016-11-18,2016-11-21,0.007523089941767798,UP,0.516863226890564,0.5108590722084045,True,0.006703346932114766,False,2
2016-11-21,2016-11-22,0.001951344701679288,FLAT,0.48118045926094055,0.5108590722084045,False,0.006824712228478255,False,2
2016-11-22,2016-11-23,0.0005438502559692207,FLAT,0.4718444347381592,0.5108590722084045,False,0.006740519368499205,False,2
2016-11-23,2016-11-25,0.0037085987146661397,FLAT,0.49545884132385254,0.5108590722084045,False,0.006695078747041237,False,2
2016-11-25,2016-11-28,-0.004705929702431552,DOWN,0.47170794010162354,0.5108590722084045,False,0.006632475424715792,False,2
2016-11-28,2016-11-29,0.0019484268841791865,FLAT,0.5159069895744324,0.5108590722084045,True,0.006711133943895047,False,2
2016-11-29,2016-11-30,-0.0024020441155120547,FLAT,0.5039733052253723,0.5108590722084045,False,0.006697945392564417,False,2
2016-11-30,2016-12-01,-0.003682229577616673,FLAT,0.5182958245277405,0.5108590722084045,True,0.006428988471461475,False,2
2016-12-01,2016-12-02,0.0005007870409156275,FLAT,0.5453737378120422,0.5108590722084045,True,0.006290822201838197,False,2
2016-12-02,2016-12-05,0.005990792838490881,UP,0.5631675124168396,0.5108590722084045,True,0.006097963534434401,False,2
2016-12-05,2016-12-06,0.0031624013392542805,FLAT,0.530160665512085,0.5108590722084045,True,0.006080946132006036,False,2
2016-12-06,2016-12-07,0.01299596662238256,UP,0.5109360218048096,0.5108590722084045,True,0.004150810249192531,False,2
2016-12-07,2016-12-08,0.002445750159526804,FLAT,0.46423283219337463,0.5108590722084045,False,0.004806813903370173,False,2
2016-12-08,2016-12-09,0.006022250168650405,UP,0.46491140127182007,0.5108590722084045,False,0.0044082873821498295,False,2
2016-12-09,2016-12-12,-0.0011484872275314443,FLAT,0.4566657543182373,0.5108590722084045,False,0.0044993275711392115,False,2
2016-12-12,2016-12-13,0.006651836271533833,UP,0.47415605187416077,0.5108590722084045,False,0.004445855270247551,False,2
2016-12-13,2016-12-14,-0.008288512430090727,DOWN,0.45224905014038086,0.5108590722084045,False,0.00453870526491028,False,2
2016-12-14,2016-12-15,0.004108745406762527,FLAT,0.5164227485656738,0.5108590722084045,True,0.004960644719768932,False,2
2016-12-15,2016-12-16,-0.007834517480746128,DOWN,0.5033622980117798,0.5108590722084045,False,0.004912972109850046,False,2
2016-12-16,2016-12-19,0.0021750480279245188,FLAT,0.5466874837875366,0.5108590722084045,True,0.005318396478779709,False,2
2016-12-19,2016-12-20,0.0038501369946166023,FLAT,0.5457695722579956,0.5108590722084045,True,0.005252205473014205,False,2
2016-12-20,2016-12-21,-0.0027865184962017906,FLAT,0.521681010723114,0.5108590722084045,True,0.005095462013382923,False,2
2016-12-21,2016-12-22,-0.0017289126848319208,FLAT,0.544151782989502,0.5108590722084045,True,0.005177932819169824,False,2
2016-12-22,2016-12-23,0.0014631310002082348,FLAT,0.5560230016708374,0.5108590722084045,True,0.00521702419788729,False,2
2016-12-23,2016-12-27,0.0024779761561614494,FLAT,0.5578573346138,0.5108590722084045,True,0.0051808159634114835,False,2
2016-12-27,2016-12-28,-0.008298848896098833,DOWN,0.5437026619911194,0.5108590722084045,True,0.005015392640522877,False,2
2016-12-28,2016-12-29,-0.0002227868219520829,FLAT,0.586004912853241,0.5108590722084045,True,0.005449849403548892,False,2
2016-12-29,2016-12-30,-0.0036617318546013607,FLAT,0.6023066639900208,0.5108590722084045,True,0.005404397528395668,False,2
2016-12-30,2017-01-03,0.007620897001746236,UP,0.6141100525856018,0.5108590722084045,True,0.005403486146177137,False,2
2017-01-03,2017-01-04,0.005931566752148794,UP,0.5744304060935974,0.5108590722084045,True,0.005606956338934175,False,2
2017-01-04,2017-01-05,-0.0007947721565786297,FLAT,0.5478405356407166,0.5108590722084045,True,0.005604335594180074,False,2
2017-01-05,2017-01-06,0.003571410142046549,FLAT,0.5600047707557678,0.5108590722084045,True,0.005602998527496178,False,2
2017-01-06,2017-01-09,-0.0033063709791562737,FLAT,0.5303328037261963,0.5108590722084045,True,0.004897195786375677,False,2
2017-01-09,2017-01-10,0.0,FLAT,0.5630436539649963,0.5108590722084045,True,0.004950331516657384,False,2
2017-01-10,2017-01-11,0.0028221174544804995,FLAT,0.5638520121574402,0.5108590722084045,True,0.0047629204899670135,False,2
2017-01-11,2017-01-12,-0.0025130948926670037,FLAT,0.5426919460296631,0.5108590722084045,True,0.004795653157541352,False,2
2017-01-12,2017-01-13,0.00229288989012677,FLAT,0.5670427680015564,0.5108590722084045,True,0.004578399906830727,False,2
2017-01-13,2017-01-17,-0.003529688404831017,FLAT,0.5430067181587219,0.5108590722084045,True,0.004198763224734436,False,2
2017-01-17,2017-01-18,0.00220750641521052,FLAT,0.5856040120124817,0.5108590722084045,True,0.00417743664142678,False,2
2017-01-18,2017-01-19,-0.00371138291563596,FLAT,0.5717515349388123,0.5108590722084045,True,0.0037871133781242827,False,2
2017-01-19,2017-01-20,0.0036673047365514515,FLAT,0.6047741174697876,0.5108590722084045,True,0.0038680156365316163,False,2
2017-01-20,2017-01-23,-0.0026055418811031677,FLAT,0.5658032298088074,0.5108590722084045,True,0.0038588519723135196,False,2
2017-01-23,2017-01-24,0.006391260133969621,UP,0.5925915241241455,0.5108590722084045,True,0.0038519946908763727,False,2
2017-01-24,2017-01-25,0.008618296722527514,UP,0.5542974472045898,0.5108590722084045,True,0.004072475401638689,False,2
2017-01-25,2017-01-26,-0.0010460035313087782,FLAT,0.4764864444732666,0.5108590722084045,False,0.004458446441142087,False,2
2017-01-26,2017-01-27,-0.0015710263233611212,FLAT,0.5095847845077515,0.5108590722084045,False,0.0044602666860315545,False,2
2017-01-27,2017-01-30,-0.006220988062862284,DOWN,0.5178478956222534,0.5108590722084045,True,0.003975465202900801,False,2
2017-01-30,2017-01-31,-8.79154100085011e-05,FLAT,0.5736796259880066,0.5108590722084045,True,0.00428723422595245,False,2
2017-01-31,2017-02-01,0.00039545793813170556,FLAT,0.5888996124267578,0.5108590722084045,True,0.004168342716743933,False,2
2017-02-01,2017-02-02,0.0006588162274107837,FLAT,0.5870252251625061,0.5108590722084045,True,0.0038553440760504486,False,2
2017-02-02,2017-02-03,0.006869236012564833,UP,0.5790690183639526,0.5108590722084045,True,0.003640507066481217,False,2
2017-02-03,2017-02-06,-0.0017893546657388251,FLAT,0.5139150023460388,0.5108590722084045,True,0.003916334306179336,False,2
2017-02-06,2017-02-07,4.372317790355026e-05,FLAT,0.5523900985717773,0.5108590722084045,True,0.0038888663881905304,False,2
2017-02-07,2017-02-08,0.0013095424917520316,FLAT,0.5495132803916931,0.5108590722084045,True,0.003792822448186787,False,2
2017-02-08,2017-02-09,0.005915120656897009,UP,0.5383822321891785,0.5108590722084045,True,0.003794229648278277,False,2
2017-02-09,2017-02-10,0.003938411107139749,UP,0.5204237699508667,0.5108590722084045,True,0.003949014165373285,False,2
2017-02-10,2017-02-13,0.005427814518752642,UP,0.4964959919452667,0.5108590722084045,False,0.003930627704662925,False,2
2017-02-13,2017-02-14,0.003987368557542392,UP,0.4848977327346802,0.5108590722084045,False,0.0040421606117871855,False,2
2017-02-14,2017-02-15,0.0052067943735727325,UP,0.48188069462776184,0.5108590722084045,False,0.0039226361027206134,False,2
2017-02-15,2017-02-16,-0.000851703264593723,FLAT,0.47124502062797546,0.5108590722084045,False,0.004002796756683315,False,2
2017-02-16,2017-02-17,0.0015750843771027802,FLAT,0.48385196924209595,0.5108590722084045,False,0.0038446477725320297,False,2
2017-02-17,2017-02-21,0.0059375429953654295,UP,0.48481786251068115,0.5108590722084045,False,0.003822798901828685,False,2
2017-02-21,2017-02-22,-0.000888409695124651,FLAT,0.4657617509365082,0.5108590722084045,False,0.0037807186923006207,False,2
2017-02-22,2017-02-23,0.0006769490091659686,FLAT,0.4914049804210663,0.5108590722084045,False,0.003709304068067099,False,2
2017-02-23,2017-02-24,0.0012680294472507694,FLAT,0.4810659885406494,0.5108590722084045,False,0.003357415139938614,False,2
2017-02-24,2017-02-27,0.0015616553239042482,FLAT,0.4919966459274292,0.5108590722084045,False,0.003305460121459543,False,2
2017-02-27,2017-02-28,-0.002702815899256432,FLAT,0.4869271516799927,0.5108590722084045,False,0.003220927803379409,False,2
2017-02-28,2017-03-01,0.013900476034819913,UP,0.5132251977920532,0.5108590722084045,True,0.002835941266627306,False,2
2017-03-01,2017-03-02,-0.0063173288108460054,DOWN,0.45413318276405334,0.5108590722084045,False,0.0038556397166600105,False,2
2017-03-02,2017-03-03,0.0006293142321694911,FLAT,0.515095055103302,0.5108590722084045,True,0.0043234614191743756,False,2
2017-03-03,2017-03-06,-0.0029823450487956103,FLAT,0.5148643851280212,0.5108590722084045,True,0.004324050926677925,False,2
2017-03-06,2017-03-07,-0.002991330425974492,FLAT,0.5384294390678406,0.5108590722084045,True,0.004335444014866497,False,2
2017-03-07,2017-03-08,-0.0018582759113619427,FLAT,0.5565456748008728,0.5108590722084045,True,0.004395620057933644,False,2
2017-03-08,2017-03-09,0.0012673866464249699,FLAT,0.5640769004821777,0.5108590722084045,True,0.004454256988803559,False,2
2017-03-09,2017-03-10,0.0034980620464540755,FLAT,0.5637050271034241,0.5108590722084045,True,0.004454430118102297,False,2
2017-03-10,2017-03-13,0.000504711334320593,FLAT,0.543951153755188,0.5108590722084045,True,0.004364066194962949,False,2
2017-03-13,2017-03-14,-0.003833939850330953,DOWN,0.5454188585281372,0.5108590722084045,True,0.00433109139711436,False,2
2017-03-14,2017-03-15,0.008616226851996199,UP,0.5792293548583984,0.5108590722084045,True,0.0043662852233063085,False,2
2017-03-15,2017-03-16,-0.001968880798203005,FLAT,0.5317879915237427,0.5108590722084045,True,0.00465297046955073,False,2
2017-03-16,2017-03-17,-0.006098721201673768,DOWN,0.5538438558578491,0.5108590722084045,True,0.004596825895341722,False,2
2017-03-17,2017-03-20,-0.00109748641307614,FLAT,0.5926531553268433,0.5108590722084045,True,0.004836644820536634,False,2
2017-03-20,2017-03-21,-0.012922639108276665,DOWN,0.6007063984870911,0.5108590722084045,True,0.004841994674673155,False,2
2017-03-21,2017-03-22,0.0023503912797317797,FLAT,0.5746947526931763,0.5108590722084045,True,0.005490844980299091,False,2
2017-03-22,2017-03-23,-0.0010676689588160469,FLAT,0.6502768397331238,0.5108590722084045,True,0.005529113924134484,False,2
2017-03-23,2017-03-24,-0.0007266587302462943,FLAT,0.6511669158935547,0.5108590722084045,True,0.0055245736401126,False,2
2017-03-24,2017-03-27,-0.0010268054951853855,FLAT,0.646115779876709,0.5108590722084045,True,0.005508724972316468,False,2
2017-03-27,2017-03-28,0.00725047829387214,UP,0.6338734030723572,0.5108590722084045,True,0.00548532626086279,False,2
2017-03-28,2017-03-29,0.0009344007884925202,FLAT,0.611741304397583,0.5108590722084045,True,0.005743450133741306,False,2
2017-03-29,2017-03-30,0.003179113888548334,FLAT,0.6057410836219788,0.5108590722084045,True,0.004699832466224192,False,2
2017-03-30,2017-03-31,-0.002330309697588091,FLAT,0.5946326851844788,0.5108590722084045,True,0.004601554581776341,False,2
2017-03-31,2017-04-03,-0.0017407339005489856,FLAT,0.6151157021522522,0.5108590722084045,True,0.004613700521366378,False,2
2017-04-03,2017-04-04,0.0006371738167705391,FLAT,0.6131609678268433,0.5108590722084045,True,0.004587744907780937,False,2
2017-04-04,2017-04-05,-0.002977065765407665,FLAT,0.5975716710090637,0.5108590722084045,True,0.0045558033638865595,False,2
2017-04-05,2017-04-06,0.0028072140437375797,FLAT,0.6213124394416809,0.5108590722084045,True,0.004582454175871871,False,2
2017-04-06,2017-04-07,-0.0010199112454537345,FLAT,0.6000149846076965,0.5108590722084045,True,0.004624292229201918,False,2
2017-04-07,2017-04-10,0.0005950584255413305,FLAT,0.6185325980186462,0.5108590722084045,True,0.004538513268263617,False,2
2017-04-10,2017-04-11,-0.001190471156455239,FLAT,0.6118082404136658,0.5108590722084045,True,0.0045396385749382675,False,2
2017-04-11,2017-04-12,-0.004391483266076876,DOWN,0.6244916319847107,0.5108590722084045,True,0.0044761753123452675,False,2
2017-04-12,2017-04-13,-0.006516095822653078,DOWN,0.6340480446815491,0.5108590722084045,True,0.004020539383047162,False,2
2017-04-13,2017-04-17,0.008820870798886493,UP,0.6362099051475525,0.5108590722084045,True,0.00420036761177866,False,2
2017-04-17,2017-04-18,-0.002988697482894407,FLAT,0.603958010673523,0.5108590722084045,True,0.004602784064222955,False,2
2017-04-18,2017-04-19,-0.0018402893127950092,FLAT,0.6303769946098328,0.5108590722084045,True,0.004634554277942924,False,2
2017-04-19,2017-04-20,0.008106166241988226,UP,0.625980794429779,0.5108590722084045,True,0.0036419458572762584,False,2
2017-04-20,2017-04-21,-0.0031919675206105603,DOWN,0.595252275466919,0.5108590722084045,True,0.0040474510565004515,False,2
2017-04-21,2017-04-24,0.010937881902130022,UP,0.6249352097511292,0.5108590722084045,True,0.004110560324722085,False,2
2017-04-24,2017-04-25,0.005801768898692426,UP,0.535979151725769,0.5108590722084045,True,0.0047603392168717625,False,2
2017-04-25,2017-04-26,-0.0006290351658648944,FLAT,0.498773455619812,0.5108590722084045,False,0.004873306682792429,False,2
2017-04-26,2017-04-27,0.0008386256551509145,FLAT,0.5145995020866394,0.5108590722084045,True,0.004658947384338886,False,2
2017-04-27,2017-04-28,-0.002181775908701382,FLAT,0.5087014436721802,0.5108590722084045,False,0.00465868908274921,False,2
2017-04-28,2017-05-01,0.0025169526318786625,FLAT,0.5348586440086365,0.5108590722084045,True,0.004659458156518652,False,2
2017-05-01,2017-05-02,0.00037705141196537673,FLAT,0.509606659412384,0.5108590722084045,False,0.004637218845372575,False,2
2017-05-02,2017-05-03,-0.0012153319250617428,FLAT,0.5230852961540222,0.5108590722084045,True,0.00460454645930408,False,2
2017-05-03,2017-05-04,0.0011734088389643792,FLAT,0.5408741235733032,0.5108590722084045,True,0.004625005929752211,False,2
2017-05-04,2017-05-05,0.003929288415371179,UP,0.5288206934928894,0.5108590722084045,True,0.004546955510841157,False,2
2017-05-05,2017-05-08,-0.00016686117395984122,FLAT,0.5062870979309082,0.5108590722084045,False,0.004579306933666648,False,2
2017-05-08,2017-05-09,-0.0009183937940459313,FLAT,0.5143967270851135,0.5108590722084045,True,0.0045644653588205325,False,2
2017-05-09,2017-05-10,0.001794215824099324,FLAT,0.5261192321777344,0.5108590722084045,True,0.004582979906990719,False,2
2017-05-10,2017-05-11,-0.0020448217218897295,FLAT,0.5219148397445679,0.5108590722084045,True,0.0045611167096037825,False,2
2017-05-11,2017-05-12,-0.001672419299264369,FLAT,0.55393385887146,0.5108590722084045,True,0.004443441582619669,False,2
2017-05-12,2017-05-15,0.005508306898499835,UP,0.5680354833602905,0.5108590722084045,True,0.004125374415162292,False,2
2017-05-15,2017-05-16,-0.000915946683242044,FLAT,0.5323278307914734,0.5108590722084045,True,0.003869125227485238,False,2
2017-05-16,2017-05-17,-0.017903375551923166,DOWN,0.5464115738868713,0.5108590722084045,True,0.0037775089911418944,False,2
2017-05-17,2017-05-18,0.004020390632640581,UP,0.6002326607704163,0.5108590722084045,True,0.005700698071503023,False,2
2017-05-18,2017-05-19,0.006483113050925737,UP,0.6242735385894775,0.5108590722084045,True,0.005483106336482689,False,2
2017-05-19,2017-05-22,0.005064601618306679,UP,0.5977001190185547,0.5108590722084045,True,0.005584401482435907,False,2
2017-05-22,2017-05-23,0.002210309181044507,FLAT,0.566851019859314,0.5108590722084045,True,0.005160854037312647,False,2
2017-05-23,2017-05-24,0.0023301202833640117,FLAT,0.5511451959609985,0.5108590722084045,True,0.005027162968422525,False,2
2017-05-24,2017-05-25,0.004768107829548058,UP,0.5412138104438782,0.5108590722084045,True,0.005041491214638103,False,2
2017-05-25,2017-05-26,-0.00020678756911771007,FLAT,0.5087027549743652,0.5108590722084045,False,0.005132710600859965,False,2
2017-05-26,2017-05-30,-0.0008692151411252482,FLAT,0.5247783660888672,0.5108590722084045,True,0.005094056132543284,False,2
2017-05-30,2017-05-31,-0.0002484679612337303,FLAT,0.5371878147125244,0.5108590722084045,True,0.005088738094776923,False,2
2017-05-31,2017-06-01,0.007920825887608271,UP,0.5520727634429932,0.5108590722084045,True,0.005092019439627267,False,2
2017-06-01,2017-06-02,0.003322865488960124,UP,0.4917195737361908,0.5108590722084045,False,0.00532903630675767,False,2
2017-06-02,2017-06-05,-0.0007374331472786077,FLAT,0.4950501322746277,0.5108590722084045,False,0.005354061146756954,False,2
2017-06-05,2017-06-06,-0.003201968087731701,DOWN,0.5093616247177124,0.5108590722084045,False,0.0053268200221640105,False,2
2017-06-06,2017-06-07,0.0018485306828973202,FLAT,0.536194920539856,0.5108590722084045,True,0.005401137305815821,False,2
2017-06-07,2017-06-08,0.0004923482644446555,FLAT,0.5238230228424072,0.5108590722084045,True,0.005391981040470216,False,2
2017-06-08,2017-06-09,-0.0015188948314465666,FLAT,0.5347187519073486,0.5108590722084045,True,0.005388138392023891,False,2
2017-06-09,2017-06-12,-0.00020544836984530822,FLAT,0.5359677672386169,0.5108590722084045,True,0.005374747050787347,False,2
2017-06-12,2017-06-13,0.004877968445439268,UP,0.47479167580604553,0.5284885168075562,False,0.005348677771745476,False,3
2017-06-13,2017-06-14,-0.0012684285469737472,FLAT,0.48624515533447266,0.5284885168075562,False,0.005321934792345078,False,3
2017-06-14,2017-06-15,-0.0019261955968753132,FLAT,0.4314345121383667,0.5284885168075562,False,0.005328762608812247,False,3
2017-06-15,2017-06-16,-0.004646314455727953,DOWN,0.48746997117996216,0.5284885168075562,False,0.0030991247551400963,False,3
2017-06-16,2017-06-19,0.00829064572206334,UP,0.45083433389663696,0.5284885168075562,False,0.003347360648640612,False,3
2017-06-19,2017-06-20,-0.0067669344344192285,DOWN,0.42963552474975586,0.5284885168075562,False,0.0035169196597259907,False,3
2017-06-20,2017-06-21,-0.0002469238618551728,FLAT,0.48066601157188416,0.5284885168075562,False,0.0038337922336168016,False,3
2017-06-21,2017-06-22,-0.0004528731087584111,FLAT,0.49173662066459656,0.5284885168075562,False,0.0038229875560751923,False,3
2017-06-22,2017-06-23,0.0011935246151813209,FLAT,0.47174450755119324,0.5284885168075562,False,0.0038073319438533836,False,3
2017-06-23,2017-06-26,0.0006578200308041038,FLAT,0.43442922830581665,0.5284885168075562,False,0.0036761551649101224,False,3
2017-06-26,2017-06-27,-0.008088820773010475,DOWN,0.4473722577095032,0.5284885168075562,False,0.003675181580729858,False,3
2017-06-27,2017-06-28,0.00891059742278559,UP,0.4777545630931854,0.5284885168075562,False,0.004125679971393704,False,3
2017-06-28,2017-06-29,-0.008827709082089772,DOWN,0.4749588668346405,0.5284885168075562,False,0.004583672470812113,False,3
2017-06-29,2017-06-30,0.0018627634061266214,FLAT,0.48891305923461914,0.5284885168075562,False,0.004670822147434718,False,3
2017-06-30,2017-07-03,0.0016941953757414919,FLAT,0.5235477685928345,0.5284885168075562,False,0.004620468830383411,False,3
2017-07-03,2017-07-05,0.0023093644883827986,FLAT,0.5151991844177246,0.5284885168075562,False,0.004645476068321987,False,3
2017-07-05,2017-07-06,-0.009186529833769774,DOWN,0.5013689398765564,0.5284885168075562,False,0.004631845135288592,False,3
2017-07-06,2017-07-07,0.006464190025662,UP,0.5448020696640015,0.5284885168075562,True,0.005028938481100636,False,3
2017-07-07,2017-07-10,0.0010732931559087027,FLAT,0.5303551554679871,0.5284885168075562,True,0.0052713014437032,False,3
2017-07-10,2017-07-11,-0.0007429118580426037,FLAT,0.5287132859230042,0.5284885168075562,True,0.005272753075720853,False,3
2017-07-11,2017-07-12,0.007486633392334205,UP,0.480442076921463,0.5284885168075562,False,0.005274076165828789,False,3
2017-07-12,2017-07-13,0.0016788639705180453,FLAT,0.43722769618034363,0.5284885168075562,False,0.005437074212229795,False,3
2017-07-13,2017-07-14,0.004653257098670055,UP,0.4694727063179016,0.5284885168075562,False,0.005443976018817105,False,3
2017-07-14,2017-07-17,-0.00012217222732245696,FLAT,0.4377329349517822,0.5284885168075562,False,0.005517408053917455,False,3
2017-07-17,2017-07-18,0.0005293466284006042,FLAT,0.4685159921646118,0.5284885168075562,False,0.005392428483614309,False,3
2017-07-18,2017-07-19,0.005399391200699996,UP,0.45301246643066406,0.5284885168075562,False,0.005079424530541829,False,3
2017-07-19,2017-07-20,0.000445265476278358,FLAT,0.4575800895690918,0.5284885168075562,False,0.004926880908661994,False,3
2017-07-20,2017-07-21,-0.0008907293022224442,FLAT,0.46754226088523865,0.5284885168075562,False,0.004921477129413012,False,3
2017-07-21,2017-07-24,-0.00024305269356146515,FLAT,0.4688442647457123,0.5284885168075562,False,0.004928532090475099,False,3
2017-07-24,2017-07-25,0.0024279343347230285,FLAT,0.4678565561771393,0.5284885168075562,False,0.004933344272579006,False,3
2017-07-25,2017-07-26,4.039408718685109e-05,FLAT,0.4520140290260315,0.5284885168075562,False,0.0049474021261614425,False,3
2017-07-26,2017-07-27,-0.0009299708830424845,FLAT,0.4452655017375946,0.5284885168075562,False,0.004487663358086678,False,3
2017-07-27,2017-07-28,-0.0011738006479158243,FLAT,0.43454301357269287,0.5284885168075562,False,0.0041284124106149515,False,3
2017-07-28,2017-07-31,-0.0005671665497943276,FLAT,0.49544644355773926,0.5284885168075562,False,0.003500211543479139,False,3
2017-07-31,2017-08-01,0.002226328264181252,FLAT,0.4792654514312744,0.5284885168075562,False,0.0035158965333655866,False,3
2017-08-01,2017-08-02,0.00048506393876542676,FLAT,0.48000839352607727,0.5284885168075562,False,0.0035232943230707344,False,3
2017-08-02,2017-08-03,-0.0019417308635190523,FLAT,0.4537869095802307,0.5284885168075562,False,0.0035124060990492805,False,3
2017-08-03,2017-08-04,0.0018204869352030433,FLAT,0.473947674036026,0.5284885168075562,False,0.0026886956150398017,False,3
2017-08-04,2017-08-07,0.0018575011648817466,FLAT,0.4264211058616638,0.5284885168075562,False,0.002406296867033218,False,3
2017-08-07,2017-08-08,-0.0024640031174037115,FLAT,0.44519051909446716,0.5284885168075562,False,0.0024125161591582152,False,3
2017-08-08,2017-08-09,-4.0421859814094676e-05,FLAT,0.4496498703956604,0.5284885168075562,False,0.0025112135942714324,False,3
2017-08-09,2017-08-10,-0.014215858360501283,DOWN,0.4558722972869873,0.5284885168075562,False,0.00200697782402566,False,3
2017-08-10,2017-08-11,0.001475775532283997,FLAT,0.527648389339447,0.5284885168075562,False,0.0038671188850456506,False,3
2017-08-11,2017-08-14,0.00986433721640411,UP,0.5949893593788147,0.5284885168075562,True,0.0037226100222238117,False,3
2017-08-14,2017-08-15,-0.00012168656353959788,FLAT,0.5048785209655762,0.5284885168075562,False,0.004361770951762586,False,3
2017-08-15,2017-08-16,0.00174286369876638,FLAT,0.5038281083106995,0.5284885168075562,False,0.00436165428207353,False,3
2017-08-16,2017-08-17,-0.015713671950320925,DOWN,0.4750540256500244,0.5284885168075562,False,0.0042048540738833,False,3
2017-08-17,2017-08-18,-0.001564387398651075,FLAT,0.5373222231864929,0.5284885168075562,True,0.005473734650382413,False,3
2017-08-18,2017-08-21,0.0007824682031745127,FLAT,0.6116512417793274,0.5284885168075562,True,0.00547627739697446,False,3
2017-08-21,2017-08-22,0.010402717245512966,UP,0.6037994623184204,0.5284885168075562,True,0.005487067317804141,False,3
2017-08-22,2017-08-23,-0.0035918605262235397,DOWN,0.5217679142951965,0.5284885168075562,False,0.005999821552293654,False,3
2017-08-23,2017-08-24,-0.002333404239043672,FLAT,0.5789375305175781,0.5284885168075562,True,0.006040569209436537,False,3
2017-08-24,2017-08-25,0.0023334042390438093,FLAT,0.5402954816818237,0.5284885168075562,True,0.006052946700100831,False,3
2017-08-25,2017-08-28,4.0928855422689685e-05,FLAT,0.5022301077842712,0.5284885168075562,False,0.00608778383743467,False,3
2017-08-28,2017-08-29,0.0011442066207465451,FLAT,0.5479719042778015,0.5284885168075562,True,0.006088834361630042,False,3
2017-08-29,2017-08-30,0.0047263601077370794,UP,0.5355322957038879,0.5284885168075562,True,0.006068595777719844,False,3
2017-08-30,2017-08-31,0.005998036163940785,UP,0.4887264370918274,0.5284885168075562,False,0.0061780175100638835,False,3
2017-08-31,2017-09-01,0.0014131625448807665,FLAT,0.44989195466041565,0.5284885168075562,False,0.006319752243481314,False,3
2017-09-01,2017-09-05,-0.007207963182428161,DOWN,0.4715348780155182,0.5284885168075562,False,0.006314594548285221,False,3
2017-09-05,2017-09-06,0.003407972920508354,UP,0.5348575711250305,0.5284885168075562,True,0.006503349181026269,False,3
2017-09-06,2017-09-07,-0.00012150912368609306,FLAT,0.5172877311706543,0.5284885168075562,False,0.006536134352131448,False,3
2017-09-07,2017-09-08,-0.001175370640639,FLAT,0.4858846664428711,0.5284885168075562,False,0.006536138326798557,False,3
2017-09-08,2017-09-11,0.010609449593480138,UP,0.5014933347702026,0.5284885168075562,False,0.005640524888675715,False,3
2017-09-11,2017-09-12,0.0033649686098124413,FLAT,0.433145672082901,0.5284885168075562,False,0.006070638169024479,False,3
2017-09-12,2017-09-13,0.0004797693782589755,FLAT,0.43799886107444763,0.5284885168075562,False,0.005737770588644961,False,3
2017-09-13,2017-09-14,-0.00031984101313377365,FLAT,0.44295641779899597,0.5284885168075562,False,0.005734774989734224,False,3
2017-09-14,2017-09-15,-0.0036051709400428365,DOWN,0.4344148635864258,0.5284885168075562,False,0.005734279515394883,False,3
2017-09-15,2017-09-18,0.0021246275872453704,FLAT,0.45955732464790344,0.5284885168075562,False,0.0044018907283720436,False,3
2017-09-18,2017-09-19,0.0010006204632380786,FLAT,0.461221307516098,0.5284885168075562,False,0.004355273022588433,False,3
2017-09-19,2017-09-20,0.0003599637585029596,FLAT,0.4418405592441559,0.5284885168075562,False,0.004353855643562951,False,3
2017-09-20,2017-09-21,-0.002682945539843174,FLAT,0.4330703616142273,0.5284885168075562,False,0.0038102983196767904,False,3
2017-09-21,2017-09-22,0.00020048133328691878,FLAT,0.44871339201927185,0.5284885168075562,False,0.0037585659655844073,False,3
2017-09-22,2017-09-25,-0.002046712076003897,FLAT,0.4441360533237457,0.5284885168075562,False,0.0036830218242215077,False,3
2017-09-25,2017-09-26,0.0006024343345111111,FLAT,0.45793044567108154,0.5284885168075562,False,0.003735952713288328,False,3
2017-09-26,2017-09-27,0.0038867727139802652,UP,0.454529732465744,0.5284885168075562,False,0.0037313784248247375,False,3
2017-09-27,2017-09-28,0.0011990530863811022,FLAT,0.42716366052627563,0.5284885168075562,False,0.0037902288420360577,False,3
2017-09-28,2017-09-29,0.003508874052771569,UP,0.45558083057403564,0.5284885168075562,False,0.0036909611211940426,False,3
2017-09-29,2017-10-02,0.004329315033571895,UP,0.42319533228874207,0.5284885168075562,False,0.0035483105377103873,False,3
2017-10-02,2017-10-03,0.0021378260553165727,FLAT,0.4257696270942688,0.5284885168075562,False,0.003635834496774258,False,3
2017-10-03,2017-10-04,0.0011857360751527833,FLAT,0.4227488040924072,0.5284885168075562,False,0.003100697289708765,False,3
2017-10-04,2017-10-05,0.005907622152979601,UP,0.42511576414108276,0.5284885168075562,False,0.003063149997078248,False,3
2017-10-05,2017-10-06,-0.0011394557373643071,FLAT,0.40215763449668884,0.5284885168075562,False,0.003213840451373581,False,3
2017-10-06,2017-10-09,-0.0016524955582182808,FLAT,0.41920068860054016,0.5284885168075562,False,0.0032122451461383847,False,3
2017-10-09,2017-10-10,0.0026348332265438115,FLAT,0.43578189611434937,0.5284885168075562,False,0.0024798474013594035,False,3
2017-10-10,2017-10-11,0.0015697717521929854,FLAT,0.43554985523223877,0.5284885168075562,False,0.0024474646121434543,False,3
2017-10-11,2017-10-12,-0.0014912096319125536,FLAT,0.4169277846813202,0.5284885168075562,False,0.0024496190901680784,False,3
2017-10-12,2017-10-13,0.0012166549542219028,FLAT,0.4390670657157898,0.5284885168075562,False,0.0024954065590966465,False,3
2017-10-13,2017-10-16,0.0013326920457795463,FLAT,0.41978105902671814,0.5284885168075562,False,0.0022587932425833395,False,3
2017-10-16,2017-10-17,0.0007048631214624703,FLAT,0.43487846851348877,0.5284885168075562,False,0.0022475855077782234,False,3
2017-10-17,2017-10-18,0.0009781099737367755,FLAT,0.43510890007019043,0.5284885168075562,False,0.002249266833891971,False,3
2017-10-18,2017-10-19,0.0002736684194568484,FLAT,0.4295668601989746,0.5284885168075562,False,0.0022429715536431,False,3
2017-10-19,2017-10-20,0.005147182821886276,UP,0.42354488372802734,0.5284885168075562,False,0.002069955083844993,False,3
2017-10-20,2017-10-23,-0.003896969419021379,DOWN,0.4049226939678192,0.5284885168075562,False,0.002225510076909329,False,3
2017-10-23,2017-10-24,0.0017555633745319232,FLAT,0.4453637897968292,0.5284885168075562,False,0.0024119742770865684,False,3
2017-10-24,2017-10-25,-0.004962418292052873,DOWN,0.4308930039405823,0.5284885168075562,False,0.0024051306344483815,False,3
2017-10-25,2017-10-26,0.0012918200248079085,FLAT,0.44188377261161804,0.5284885168075562,False,0.0027308659312866657,False,3
2017-10-26,2017-10-27,0.008142940958378798,UP,0.4599038362503052,0.5284885168075562,False,0.0027312344902560466,False,3
2017-10-27,2017-10-30,-0.0037320397514387566,DOWN,0.41879916191101074,0.5284885168075562,False,0.0031204004089708734,False,3
2017-10-30,2017-10-31,0.001556699677022446,FLAT,0.46580860018730164,0.5284885168075562,False,0.003223809800967414,False,3
2017-10-31,2017-11-01,0.0013212979863173313,FLAT,0.4370690882205963,0.5284885168075562,False,0.003214388737010899,False,3
2017-11-01,2017-11-02,0.0003883129120887515,FLAT,0.42887625098228455,0.5284885168075562,False,0.0032152963360542667,False,3
2017-11-02,2017-11-03,0.00333313948964476,UP,0.43252405524253845,0.5284885168075562,False,0.0029869223571573995,False,3
2017-11-03,2017-11-06,0.0015464680535225,FLAT,0.418857604265213,0.5284885168075562,False,0.0030192983025111846,False,3
2017-11-06,2017-11-07,-0.000695596986573822,FLAT,0.42213916778564453,0.5284885168075562,False,0.0029670640403352006,False,3
2017-11-07,2017-11-08,0.0016994554859494032,FLAT,0.4243599772453308,0.5284885168075562,False,0.0029613096714765576,False,3
2017-11-08,2017-11-09,-0.0036342907541265517,DOWN,0.4174879789352417,0.5284885168075562,False,0.002963250490036803,False,3
2017-11-09,2017-11-10,-0.0003099875604187004,FLAT,0.44092467427253723,0.5284885168075562,False,0.0030864791502150917,False,3
2017-11-10,2017-11-13,0.0009294382850910487,FLAT,0.46205469965934753,0.5284885168075562,False,0.003091600180383837,False,3
2017-11-13,2017-11-14,-0.002325217451833892,FLAT,0.4593755006790161,0.5284885168075562,False,0.003087965758193189,False,3
2017-11-14,2017-11-15,-0.005017839305914511,DOWN,0.4608553647994995,0.5284885168075562,False,0.003155719606110653,False,3
2017-11-15,2017-11-16,0.008465055348010226,UP,0.5107315182685852,0.5284885168075562,False,0.003378867599557313,False,3
2017-11-16,2017-11-17,-0.0029430388124721918,DOWN,0.47806739807128906,0.5284885168075562,False,0.003858295180134181,False,3
2017-11-17,2017-11-20,0.001704907667696995,FLAT,0.462267130613327,0.5284885168075562,False,0.003774146660640168,False,3
2017-11-20,2017-11-21,0.006521478333189071,UP,0.4643053412437439,0.5284885168075562,False,0.003664617840916114,False,3
2017-11-21,2017-11-22,-0.0008849657864718609,FLAT,0.4232942461967468,0.5284885168075562,False,0.003902853305897765,False,3
2017-11-22,2017-11-24,0.002307067052553484,FLAT,0.46029141545295715,0.5284885168075562,False,0.003694406919338241,False,3
2017-11-24,2017-11-27,-0.0004993348656304272,FLAT,0.4351795017719269,0.5284885168075562,False,0.0037074900055221534,False,3
2017-11-27,2017-11-28,0.010093697243671753,UP,0.43001383543014526,0.5284885168075562,False,0.0033027122944920286,False,3
2017-11-28,2017-11-29,-0.000608865143803894,FLAT,0.4072584807872772,0.5284885168075562,False,0.003784966644751631,False,3
2017-11-29,2017-11-30,0.008716868297143729,UP,0.43858322501182556,0.5284885168075562,False,0.003804483248059405,False,3
2017-11-30,2017-12-01,-0.0020776191554762393,FLAT,0.4058348834514618,0.5284885168075562,False,0.00417190481540963,False,3
2017-12-01,2017-12-04,-0.0012106577450937816,FLAT,0.416854590177536,0.5284885168075562,False,0.004240477236933981,False,3
2017-12-04,2017-12-05,-0.0036031069881391526,DOWN,0.43743762373924255,0.5284885168075562,False,0.004248433222351805,False,3
2017-12-05,2017-12-06,0.00018991240550295883,FLAT,0.49910297989845276,0.5284885168075562,False,0.0043734465718672415,False,3
2017-12-06,2017-12-07,0.0031481207607982854,UP,0.46247121691703796,0.5284885168075562,False,0.004361640761830831,False,3
2017-12-07,2017-12-08,0.005438294285834409,UP,0.44074347615242004,0.5284885168075562,False,0.0043879909993108585,False,3
2017-12-08,2017-12-11,0.0030084930440527815,UP,0.4346466064453125,0.5284885168075562,False,0.0043581933004003745,False,3
2017-12-11,2017-12-12,0.0017633095564034158,FLAT,0.41721439361572266,0.5284885168075562,False,0.0043527629053144905,False,3
2017-12-12,2017-12-13,-0.00011245395534321217,FLAT,0.42666754126548767,0.5284885168075562,False,0.004350321105831097,False,3
2017-12-13,2017-12-14,-0.004094580692557239,DOWN,0.42758941650390625,0.5284885168075562,False,0.004272430899976355,False,3
2017-12-14,2017-12-15,0.0031944935073848556,UP,0.44833487272262573,0.5284885168075562,False,0.004200175199829898,False,3
2017-12-15,2017-12-18,0.0063212133655446145,UP,0.42891642451286316,0.5284885168075562,False,0.003913294699974244,False,3
2017-12-18,2017-12-19,-0.003847806193067688,DOWN,0.4058379530906677,0.5284885168075562,False,0.003907668756178051,False,3
2017-12-19,2017-12-20,-0.0005242031016257336,FLAT,0.43186354637145996,0.5284885168075562,False,0.004118738298331832,False,3
2017-12-20,2017-12-21,0.00205752979580027,FLAT,0.4256913959980011,0.5284885168075562,False,0.003982645596724534,False,3
2017-12-21,2017-12-22,-0.000261551542800174,FLAT,0.42421284317970276,0.5284885168075562,False,0.003950506165170657,False,3
2017-12-22,2017-12-26,-0.001196960370748745,FLAT,0.4243896007537842,0.5284885168075562,False,0.003964036082350976,False,3
2017-12-26,2017-12-27,0.0004864450917694262,FLAT,0.4556380808353424,0.5284885168075562,False,0.0039842260934703855,False,3
2017-12-27,2017-12-28,0.0020552999273804086,FLAT,0.43595460057258606,0.5284885168075562,False,0.0034082217735742775,False,3
2017-12-28,2017-12-29,-0.0037776485465138097,DOWN,0.4321347177028656,0.5284885168075562,False,0.0034006956648163123,False,3
2017-12-29,2018-01-02,0.007131832978848311,UP,0.4432406425476074,0.5284885168075562,False,0.0030306696517191194,False,3
2018-01-02,2018-01-03,0.006305236517900342,UP,0.42133504152297974,0.5284885168075562,False,0.00332782112293548,False,3
2018-01-03,2018-01-04,0.004205969006937856,UP,0.40573740005493164,0.5284885168075562,False,0.0035073545348296943,False,3
2018-01-04,2018-01-05,0.0066419636880151334,UP,0.3977610468864441,0.5284885168075562,False,0.0033786834918016983,False,3
2018-01-05,2018-01-08,0.001827018359887614,FLAT,0.3820432424545288,0.5284885168075562,False,0.0035435232800644393,False,3
2018-01-08,2018-01-09,0.00226085897400062,FLAT,0.4059962034225464,0.5284885168075562,False,0.0035312686861043,False,3
2018-01-09,2018-01-10,-0.0015310520430786246,FLAT,0.3931219279766083,0.5284885168075562,False,0.003430477303652589,False,3
2018-01-10,2018-01-11,0.007269587246673126,UP,0.4478549361228943,0.5284885168075562,False,0.0034871213864314985,False,3
2018-01-11,2018-01-12,0.006497814656286375,UP,0.38773560523986816,0.5284885168075562,False,0.0037229454289185566,False,3
2018-01-12,2018-01-16,-0.0034241493275315635,DOWN,0.3815157115459442,0.5284885168075562,False,0.003843131777194282,False,3
2018-01-16,2018-01-17,0.00948652123001412,UP,0.40627726912498474,0.5284885168075562,False,0.003789251429719921,False,3
2018-01-17,2018-01-18,-0.0016822221528580157,FLAT,0.4472624957561493,0.5284885168075562,False,0.0041319503688939845,False,3
2018-01-18,2018-01-19,0.004539330364915846,UP,0.4305873215198517,0.5284885168075562,False,0.004119659336055904,False,3
2018-01-19,2018-01-22,0.008098068600671672,UP,0.43919500708580017,0.5284885168075562,False,0.003914956439081465,False,3
2018-01-22,2018-01-23,0.0021202385831359228,FLAT,0.39720186591148376,0.5284885168075562,False,0.004046399734457792,False,3
2018-01-23,2018-01-24,-0.0003884261136045274,FLAT,0.43049946427345276,0.5284885168075562,False,0.004045778012967187,False,3
2018-01-24,2018-01-25,0.0004236517551174197,FLAT,0.403682678937912,0.5284885168075562,False,0.004051014090595843,False,3
2018-01-25,2018-01-26,0.011511318685595344,UP,0.41486600041389465,0.5284885168075562,False,0.0039814939227922844,False,3
2018-01-26,2018-01-29,-0.006651965730186924,DOWN,0.41547244787216187,0.5284885168075562,False,0.004370013982818492,False,3
2018-01-29,2018-01-30,-0.01031003729590082,DOWN,0.4605344235897064,0.5284885168075562,False,0.004918571098422533,False,3
2018-01-30,2018-01-31,0.000496697061447709,FLAT,0.534721851348877,0.5284885168075562,True,0.005569209633080512,False,3
2018-01-31,2018-02-01,-0.0011358251214389856,FLAT,0.5189076066017151,0.5284885168075562,False,0.0054894058967712685,False,3
2018-02-01,2018-02-02,-0.022010383111866608,DOWN,0.5241187810897827,0.5284885168075562,False,0.005461804154366353,False,3
2018-02-02,2018-02-05,-0.042722279513735646,DOWN,0.5491195917129517,0.5284885168075562,True,0.007625206094473173,False,3
2018-02-05,2018-02-06,0.019510663660577923,UP,0.5910969972610474,0.5284885168075562,True,0.012211448798916304,True,3
2018-02-06,2018-02-07,-0.005439623715762403,DOWN,0.6430166959762573,0.5284885168075562,True,0.013093651496723835,True,3
2018-02-07,2018-02-08,-0.03823046263704881,DOWN,0.6414262056350708,0.5284885168075562,True,0.013109576163397299,True,3
2018-02-08,2018-02-09,0.014909817475535768,UP,0.6070764660835266,0.5284885168075562,True,0.015499128432346597,True,3
2018-02-09,2018-02-12,0.01457772518222007,UP,0.6286762952804565,0.5284885168075562,True,0.01585821202654007,True,3
2018-02-12,2018-02-13,0.0024843000945013955,FLAT,0.6318826079368591,0.5284885168075562,True,0.016204539387986293,True,3
2018-02-13,2018-02-14,0.013405963996401723,UP,0.6375425457954407,0.5284885168075562,True,0.016237100190095746,True,3
2018-02-14,2018-02-15,0.012679402008324459,UP,0.6434953808784485,0.5284885168075562,True,0.01640606806084094,True,3
2018-02-15,2018-02-16,0.00029291601113895456,FLAT,0.46761271357536316,0.5284885168075562,False,0.01672385215609411,True,3
2018-02-16,2018-02-20,-0.006280865885799406,DOWN,0.6298001408576965,0.5284885168075562,True,0.01667528580274373,True,3
2018-02-20,2018-02-21,-0.004986643075721539,FLAT,0.6223017573356628,0.5284885168075562,True,0.016557462541044985,True,3
2018-02-21,2018-02-22,0.0012952397605923607,FLAT,0.6385408639907837,0.5284885168075562,True,0.01653977966769557,True,3
2018-02-22,2018-02-23,0.015813643085869314,UP,0.6434041261672974,0.5284885168075562,True,0.016554798414149755,True,3
2018-02-23,2018-02-26,0.011545350102960344,UP,0.576384425163269,0.5284885168075562,True,0.017039098191008444,True,3
2018-02-26,2018-02-27,-0.01256512215254109,DOWN,0.45610934495925903,0.5284885168075562,False,0.017040471721598834,True,3
2018-02-27,2018-02-28,-0.01018174210369951,DOWN,0.6257468461990356,0.5284885168075562,True,0.01718456239247733,True,3
2018-02-28,2018-03-01,-0.014647454403250413,DOWN,0.6335515975952148,0.5284885168075562,True,0.017181255300628914,True,3
2018-03-01,2018-03-02,0.005141687129042214,FLAT,0.6045329570770264,0.5284885168075562,True,0.017405701570801187,True,3
2018-03-02,2018-03-05,0.011491677564123457,UP,0.6616306304931641,0.5284885168075562,True,0.017489594721486288,True,3
2018-03-05,2018-03-06,0.0025317951848754217,FLAT,0.6326444149017334,0.5284885168075562,True,0.017099462206292607,True,3
2018-03-06,2018-03-07,-0.00036655098033279134,FLAT,0.6268508434295654,0.5284885168075562,True,0.013932429857837176,True,3
2018-03-07,2018-03-08,0.004827420552534636,FLAT,0.5963064432144165,0.5284885168075562,True,0.013286597282988049,True,3
2018-03-08,2018-03-09,0.017252680326730694,UP,0.5598348379135132,0.5284885168075562,True,0.013236219772766221,True,3
2018-03-09,2018-03-12,-0.0012558752739862213,FLAT,0.4081805646419525,0.5284885168075562,False,0.009945149805677442,False,3
2018-03-12,2018-03-13,-0.006483661588719202,DOWN,0.5444447994232178,0.5284885168075562,True,0.009661341290883025,False,3
2018-03-13,2018-03-14,-0.00514480123251495,FLAT,0.5957103967666626,0.5284885168075562,True,0.009496928083154577,False,3
2018-03-14,2018-03-15,-0.0010902701411566486,FLAT,0.6008028984069824,0.5284885168075562,True,0.00963290976746104,False,3
2018-03-15,2018-03-16,-0.002913286019644701,FLAT,0.6129997968673706,0.5284885168075562,True,0.009244754511133798,False,3
2018-03-16,2018-03-19,-0.013622718723915883,DOWN,0.5706872344017029,0.5284885168075562,True,0.008856720541917808,False,3
2018-03-19,2018-03-20,0.001699254141819521,FLAT,0.596826434135437,0.5284885168075562,True,0.00938125065558427,False,3
2018-03-20,2018-03-21,-0.0019210893881974704,FLAT,0.6459936499595642,0.5284885168075562,True,0.009290900814577242,False,3
2018-03-21,2018-03-22,-0.025314885505682536,DOWN,0.6090236902236938,0.5284885168075562,True,0.009230837067790891,False,3
2018-03-22,2018-03-23,-0.021545054881122266,DOWN,0.5689948797225952,0.5284885168075562,True,0.010825071779974603,False,3
2018-03-23,2018-03-26,0.026991461654006305,UP,0.6161197423934937,0.5284885168075562,True,0.010946369729557684,False,3
2018-03-26,2018-03-27,-0.017158090832078213,DOWN,0.651518702507019,0.5284885168075562,True,0.012474367261752065,True,3
2018-03-27,2018-03-28,-0.0029591687796165682,FLAT,0.6157732605934143,0.5284885168075562,True,0.012712218477819467,True,3
2018-03-28,2018-03-29,0.01269666927359303,UP,0.633233368396759,0.5284885168075562,True,0.012587039223893875,True,3
2018-03-29,2018-04-02,-0.021820975402381346,DOWN,0.6437245607376099,0.5284885168075562,True,0.012651514621377457,True,3
2018-04-02,2018-04-03,0.012735537427426051,UP,0.6047667860984802,0.5284885168075562,True,0.013393444608467945,True,3
2018-04-03,2018-04-04,0.010642286151652277,UP,0.6427582502365112,0.5284885168075562,True,0.013463101258579304,True,3
2018-04-04,2018-04-05,0.007861027034026642,UP,0.6496451497077942,0.5284885168075562,True,0.013730812352230674,True,3
2018-04-05,2018-04-06,-0.022537931476096573,DOWN,0.5793138146400452,0.5284885168075562,True,0.013896302874560455,True,3
2018-04-06,2018-04-09,0.004916274982333761,FLAT,0.6015797257423401,0.5284885168075562,True,0.0145885067871186,True,3
2018-04-09,2018-04-10,0.015775273241340624,UP,0.6381605267524719,0.5284885168075562,True,0.013947442679443641,True,3
2018-04-10,2018-04-11,-0.00525604477589649,FLAT,0.5088295340538025,0.5284885168075562,False,0.014584888178373936,True,3
2018-04-11,2018-04-12,0.008193452924804723,UP,0.6378539800643921,0.5284885168075562,True,0.014569637216605142,True,3
2018-04-12,2018-04-13,-0.0029374081489083083,FLAT,0.6198917627334595,0.5284885168075562,True,0.014741562198357972,True,3
2018-04-13,2018-04-16,0.008188119499643706,UP,0.5951551795005798,0.5284885168075562,True,0.014743120118208872,True,3
2018-04-16,2018-04-17,0.010641624190932739,UP,0.5488697290420532,0.5284885168075562,True,0.014908000449309827,True,3
2018-04-17,2018-04-18,0.0007399911570353793,FLAT,0.4165734052658081,0.5284885168075562,False,0.01483686238906609,True,3
2018-04-18,2018-04-19,-0.005562986896832211,FLAT,0.4997542202472687,0.5284885168075562,False,0.01483244113791047,True,3
2018-04-19,2018-04-20,-0.008515567039637552,DOWN,0.6117614507675171,0.5284885168075562,True,0.014878215223116937,True,3
2018-04-20,2018-04-23,-0.00014996071858595708,FLAT,0.6193405389785767,0.5284885168075562,True,0.013827925366439132,True,3
2018-04-23,2018-04-24,-0.013558875321530377,DOWN,0.6334357261657715,0.5284885168075562,True,0.012819065872965909,True,3
2018-04-24,2018-04-25,0.00246859804023608,FLAT,0.5527649521827698,0.5284885168075562,True,0.011758647834795322,True,3
2018-04-25,2018-04-26,0.010114411105506966,UP,0.6401340365409851,0.5284885168075562,True,0.011086540191085468,False,3
2018-04-26,2018-04-27,0.0009383152387381556,FLAT,0.5695589184761047,0.5284885168075562,True,0.011251203043306816,False,3
2018-04-27,2018-04-30,-0.007720255132814476,FLAT,0.5556951761245728,0.5284885168075562,True,0.010923005341740382,False,3
2018-04-30,2018-05-01,0.0017752982142209552,FLAT,0.5404872894287109,0.5284885168075562,True,0.009793337745486734,False,3
2018-05-01,2018-05-02,-0.00674014707048817,FLAT,0.5966962575912476,0.5284885168075562,True,0.009422250985815514,False,3
2018-05-02,2018-05-03,-0.0022061439922913396,FLAT,0.5706576108932495,0.5284885168075562,True,0.009267090672582573,False,3
2018-05-03,2018-05-04,0.012863350788101215,UP,0.6109967231750488,0.5284885168075562,True,0.009085350782492398,False,3
2018-05-04,2018-05-07,0.003377585715348559,FLAT,0.5461825728416443,0.5284885168075562,True,0.0079592745255753,False,3
2018-05-07,2018-05-08,0.0,FLAT,0.5513370037078857,0.5284885168075562,True,0.00792882397091639,False,3
2018-05-08,2018-05-09,0.009619352007434372,UP,0.511017382144928,0.5284885168075562,False,0.0071397269290924764,False,3
2018-05-09,2018-05-10,0.009307162267612242,UP,0.3953462243080139,0.5284885168075562,False,0.007299903506981163,False,3
2018-05-10,2018-05-11,0.003046663385067629,FLAT,0.3951984643936157,0.5284885168075562,False,0.007361043035087497,False,3
2018-05-11,2018-05-14,0.00047635667222540955,FLAT,0.4413073658943176,0.5284885168075562,False,0.007308351602954378,False,3
2018-05-14,2018-05-15,-0.006910793655447388,FLAT,0.40197521448135376,0.5284885168075562,False,0.0071344686503206035,False,3
2018-05-15,2018-05-16,0.004196215302757945,FLAT,0.534245491027832,0.5284885168075562,True,0.0069696078317594825,False,3
2018-05-16,2018-05-17,-0.0008451280934807857,FLAT,0.5128510594367981,0.5284885168075562,False,0.00702714469886569,False,3
2018-05-17,2018-05-18,-0.0025031234696764274,FLAT,0.48588424921035767,0.5284885168075562,False,0.006896498307490862,False,3
2018-05-18,2018-05-21,0.007490428315173807,FLAT,0.47616222500801086,0.5284885168075562,False,0.006604142011042387,False,3
2018-05-21,2018-05-22,-0.0027840224319636165,FLAT,0.4214581251144409,0.5284885168075562,False,0.0067607083295421625,False,3
2018-05-22,2018-05-23,0.002747405579097633,FLAT,0.4673972427845001,0.5284885168075562,False,0.005891108845661374,False,3
2018-05-23,2018-05-24,-0.0020506729982943967,FLAT,0.4914501905441284,0.5284885168075562,False,0.005893108253129387,False,3
2018-05-24,2018-05-25,-0.002385518768943073,FLAT,0.45653077960014343,0.5284885168075562,False,0.00561220515352267,False,3
2018-05-25,2018-05-29,-0.01156767701107844,DOWN,0.5027706027030945,0.5284885168075562,False,0.005669405585909608,False,3
2018-05-29,2018-05-30,0.013256463199218327,UP,0.536906898021698,0.5284885168075562,True,0.006035660073097046,False,3
2018-05-30,2018-05-31,-0.006144745477856272,FLAT,0.544211208820343,0.5284885168075562,True,0.00664409194379379,False,3
2018-05-31,2018-06-01,0.009769804893101726,UP,0.5175719857215881,0.5284885168075562,False,0.0066068368703592045,False,3
2018-06-01,2018-06-04,0.004740164911957537,FLAT,0.4722508490085602,0.5284885168075562,False,0.006798050583082253,False,3
2018-06-04,2018-06-05,0.0007273171485391942,FLAT,0.40660446882247925,0.5284885168075562,False,0.006345459415336297,False,3
2018-06-05,2018-06-06,0.008325795761088207,FLAT,0.41745877265930176,0.5284885168075562,False,0.0063349671132477345,False,3
2018-06-06,2018-06-07,-0.00010814852973372621,FLAT,0.3662776052951813,0.5284885168075562,False,0.00650192413761817,False,3
2018-06-07,2018-06-08,0.002952004907865754,FLAT,0.38976168632507324,0.5284885168075562,False,0.006255254190307751,False,3
2018-06-08,2018-06-11,0.001329124999213643,FLAT,0.42055171728134155,0.5284885168075562,False,0.005990344020656513,False,3
2018-06-11,2018-06-12,0.0012915832391962585,FLAT,0.396687388420105,0.5284885168075562,False,0.0059735793621500605,False,3
2018-06-12,2018-06-13,-0.003196033347797097,FLAT,0.38615065813064575,0.5284885168075562,False,0.005972343995289295,False,3
2018-06-13,2018-06-14,0.0025145935900984335,FLAT,0.4358641505241394,0.5284885168075562,False,0.005765039738900743,False,3
2018-06-14,2018-06-15,-0.0057568829444289435,FLAT,0.4476240575313568,0.5284885168075562,False,0.005732163032156178,False,3
2018-06-15,2018-06-18,-0.0020589410069597174,FLAT,0.4768909215927124,0.5284885168075562,False,0.005925365929159581,False,3
2018-06-18,2018-06-19,-0.0038401581926364673,FLAT,0.5311643481254578,0.5284885168075562,True,0.005912630135430959,False,3
2018-06-19,2018-06-20,0.0017045399875246503,FLAT,0.5221196413040161,0.5284885168075562,False,0.0057950900359262075,False,3
2018-06-20,2018-06-21,-0.006288568780855549,FLAT,0.5129472017288208,0.5284885168075562,False,0.005752536462743669,False,3
2018-06-21,2018-06-22,0.0018215605524504461,FLAT,0.5203230381011963,0.5284885168075562,False,0.0059281946493916935,False,3
2018-06-22,2018-06-25,-0.013706339472387726,DOWN,0.5513220429420471,0.5284885168075562,True,0.005915389848676329,False,3
2018-06-25,2018-06-26,0.0022115972772832767,FLAT,0.5429698824882507,0.5284885168075562,True,0.006683176626458972,False,3
2018-06-26,2018-06-27,-0.008318746370276053,DOWN,0.6296622157096863,0.5284885168075562,True,0.006138976550480786,False,3
2018-06-27,2018-06-28,0.005701216707823484,FLAT,0.570447564125061,0.5284885168075562,True,0.005651454543757165,False,3
2018-06-28,2018-06-29,0.0014386048230611169,FLAT,0.634814441204071,0.5284885168075562,True,0.005660670976079568,False,3
2018-06-29,2018-07-02,0.0021356807072243403,FLAT,0.5982186198234558,0.5284885168075562,True,0.005190157946507466,False,3
2018-07-02,2018-07-03,-0.003537447464279723,FLAT,0.6251489520072937,0.5284885168075562,True,0.005085334683511898,False,3
2018-07-03,2018-07-05,0.00812486423702682,UP,0.5955854654312134,0.5284885168075562,True,0.005118000115160278,False,3
2018-07-05,2018-07-06,0.008422663255079442,UP,0.6128624677658081,0.5284885168075562,True,0.005099370297142593,False,3
2018-07-06,2018-07-09,0.008964060732821678,UP,0.4809737503528595,0.5284885168075562,False,0.00549954461072552,False,3
2018-07-09,2018-07-10,0.003591957963733901,FLAT,0.42647412419319153,0.5284885168075562,False,0.005843256095380227,False,3
2018-07-10,2018-07-11,-0.007341362398798512,DOWN,0.44594287872314453,0.5284885168075562,False,0.0058931038284305015,False,3
2018-07-11,2018-07-12,0.009025140287613701,UP,0.5318954586982727,0.5284885168075562,True,0.006110383140969667,False,3
2018-07-12,2018-07-13,0.0007871806047899389,FLAT,0.45827385783195496,0.5284885168075562,False,0.006416382246569351,False,3
2018-07-13,2018-07-16,-0.0008945664750428539,FLAT,0.4704367220401764,0.5284885168075562,False,0.006395751394465972,False,3
2018-07-16,2018-07-17,0.004037106955921009,FLAT,0.49397480487823486,0.5284885168075562,False,0.00624999212119214,False,3
2018-07-17,2018-07-18,0.0021013892624929227,FLAT,0.4559253454208374,0.5284885168075562,False,0.0062725151539442196,False,3
2018-07-18,2018-07-19,-0.0037785578169255564,FLAT,0.4495116174221039,0.5284885168075562,False,0.006186177604906825,False,3
2018-07-19,2018-07-20,-0.0011435368899324159,FLAT,0.481661319732666,0.5284885168075562,False,0.006274138312358029,False,3
2018-07-20,2018-07-23,0.0018576111890104257,FLAT,0.469142347574234,0.5284885168075562,False,0.0060737158270567785,False,3
2018-07-23,2018-07-24,0.005019405531929277,FLAT,0.4863934814929962,0.5284885168075562,False,0.006073983407113071,False,3
2018-07-24,2018-07-25,0.008486400193444807,UP,0.4412379860877991,0.5284885168075562,False,0.005046732860151512,False,3
2018-07-25,2018-07-26,-0.0023619061672846917,FLAT,0.43394917249679565,0.5284885168075562,False,0.005256484662940262,False,3
2018-07-26,2018-07-27,-0.006799313952093535,DOWN,0.46160009503364563,0.5284885168075562,False,0.004773668160629765,False,3
2018-07-27,2018-07-30,-0.005237203675095492,FLAT,0.4772936701774597,0.5284885168075562,False,0.005141070183353456,False,3
2018-07-30,2018-07-31,0.00491725038771483,FLAT,0.5257502794265747,0.5284885168075562,False,0.005384042177854776,False,3
2018-07-31,2018-08-01,-0.0016720374025657521,FLAT,0.4937266707420349,0.5284885168075562,False,0.005435027519254199,False,3
2018-08-01,2018-08-02,0.00543287371593472,FLAT,0.5109601020812988,0.5284885168075562,False,0.005355625519643919,False,3
2018-08-02,2018-08-03,0.004275670079224741,FLAT,0.4767739772796631,0.5284885168075562,False,0.005220566487875131,False,3
2018-08-03,2018-08-06,0.003660459201019565,FLAT,0.44723325967788696,0.5284885168075562,False,0.005016652210449385,False,3
2018-08-06,2018-08-07,0.00329687760242284,FLAT,0.4376738667488098,0.5284885168075562,False,0.0047313606845820425,False,3
2018-08-07,2018-08-08,-0.0004202687152244611,FLAT,0.4406328797340393,0.5284885168075562,False,0.004723957530953499,False,3
2018-08-08,2018-08-09,-0.0013670944295027395,FLAT,0.4613106846809387,0.5284885168075562,False,0.004301188413598025,False,3
2018-08-09,2018-08-10,-0.006722667999259242,DOWN,0.4482822120189667,0.5284885168075562,False,0.0039623882707633526,False,3
2018-08-10,2018-08-13,-0.0037504821950417855,FLAT,0.5011380314826965,0.5284885168075562,False,0.004323940771613943,False,3
2018-08-13,2018-08-14,0.006360402336152668,UP,0.527715265750885,0.5284885168075562,False,0.004423111678801644,False,3
2018-08-14,2018-08-15,-0.007495421687086555,DOWN,0.5350223779678345,0.5284885168075562,True,0.004549822226671916,False,3
2018-08-15,2018-08-16,0.008058854565280422,UP,0.5247508883476257,0.5284885168075562,False,0.004878214282187688,False,3
2018-08-16,2018-08-17,0.0035142010040534032,FLAT,0.5187363028526306,0.5284885168075562,False,0.00509269541092778,False,3
2018-08-17,2018-08-20,0.0021376696150321346,FLAT,0.46652674674987793,0.5284885168075562,False,0.005109471960959056,False,3
2018-08-20,2018-08-21,0.0023425576654248943,FLAT,0.4798367917537689,0.5284885168075562,False,0.005112465409498831,False,3
2018-08-21,2018-08-22,-0.0005938163953526431,FLAT,0.44919273257255554,0.5284885168075562,False,0.005035238698654616,False,3
2018-08-22,2018-08-23,-0.0013287814676808238,FLAT,0.4739367663860321,0.5284885168075562,False,0.00470752372471741,False,3
2018-08-23,2018-08-24,0.006000370927635234,UP,0.47166094183921814,0.5284885168075562,False,0.004681462587714652,False,3
2018-08-24,2018-08-27,0.007864333972650215,UP,0.42789381742477417,0.5284885168075562,False,0.004512950667322344,False,3
2018-08-27,2018-08-28,0.0004830589898629278,FLAT,0.3802945613861084,0.5284885168075562,False,0.004500029588395552,False,3
2018-08-28,2018-08-29,0.005366361323691596,UP,0.4311918318271637,0.5284885168075562,False,0.004443379271664194,False,3
2018-08-29,2018-08-30,-0.004056601512742224,DOWN,0.4302486479282379,0.5284885168075562,False,0.004457310477368252,False,3
2018-08-30,2018-08-31,3.448017043630606e-05,FLAT,0.46765339374542236,0.5284885168075562,False,0.004560369597811281,False,3
2018-08-31,2018-09-04,-0.0017237817279795312,FLAT,0.4883796274662018,0.5284885168075562,False,0.004517098934595105,False,3
2018-09-04,2018-09-05,-0.0026950426934643306,FLAT,0.4782505929470062,0.5284885168075562,False,0.004521255104585375,False,3
2018-09-05,2018-09-06,-0.003014590593621199,FLAT,0.48943769931793213,0.5284885168075562,False,0.004552486376760965,False,3
2018-09-06,2018-09-07,-0.001945247067113778,FLAT,0.5176692605018616,0.5284885168075562,False,0.004619566310997769,False,3
2018-09-07,2018-09-10,0.0017370162067597659,FLAT,0.549149751663208,0.5284885168075562,True,0.004633459913017826,False,3
2018-09-10,2018-09-11,0.0032919780210391766,FLAT,0.5217583775520325,0.5284885168075562,False,0.004320574132109697,False,3
2018-09-11,2018-09-12,0.0002421686584574769,FLAT,0.510504424571991,0.5284885168075562,False,0.004210205207165876,False,3
2018-09-12,2018-09-13,0.005897047898963309,UP,0.4699020981788635,0.5284885168075562,False,0.004035458472572264,False,3
2018-09-13,2018-09-14,0.00017196992111143846,FLAT,0.44357407093048096,0.5284885168075562,False,0.0036608794120410963,False,3
2018-09-14,2018-09-17,-0.005308373230784791,DOWN,0.44827255606651306,0.5284885168075562,False,0.0033367587463818127,False,3
2018-09-17,2018-09-18,0.005411499028350448,UP,0.5129697322845459,0.5284885168075562,False,0.0035866302561292757,False,3
2018-09-18,2018-09-19,0.001065045901419516,FLAT,0.4922064244747162,0.5284885168075562,False,0.003725546884403267,False,3
2018-09-19,2018-09-20,0.008071129316734715,UP,0.4491502642631531,0.5284885168075562,False,0.003710593084797347,False,3
2018-09-20,2018-09-21,-0.005430607129735593,DOWN,0.4013785123825073,0.5284885168075562,False,0.00402619704902953,False,3
2018-09-21,2018-09-24,-0.0033275660804232346,FLAT,0.4564811885356903,0.5284885168075562,False,0.004263464739803066,False,3
2018-09-24,2018-09-25,-0.0009281641822477785,FLAT,0.505414605140686,0.5284885168075562,False,0.004205904650911051,False,3
2018-09-25,2018-09-26,-0.0029967303134387914,FLAT,0.5117320418357849,0.5284885168075562,False,0.0038520018469179896,False,3
2018-09-26,2018-09-27,0.0027903545616681496,FLAT,0.4766494929790497,0.5284885168075562,False,0.003915051358824549,False,3
2018-09-27,2018-09-28,0.00010319319975419512,FLAT,0.4851686358451843,0.5284885168075562,False,0.003768608698376098,False,3
2018-09-28,2018-10-01,0.003468145787024826,FLAT,0.45931512117385864,0.5284885168075562,False,0.003653867682403112,False,3
2018-10-01,2018-10-02,-0.0005829464933681313,FLAT,0.441679984331131,0.5284885168075562,False,0.0037318341944876667,False,3
2018-10-02,2018-10-03,0.0005486341601209336,FLAT,0.47601717710494995,0.5284885168075562,False,0.003708821675775994,False,3
2018-10-03,2018-10-04,-0.007846412218619621,DOWN,0.45479971170425415,0.5284885168075562,False,0.0036412164975280145,False,3
2018-10-04,2018-10-05,-0.005612719892668467,DOWN,0.5265822410583496,0.5284885168075562,False,0.004024255252148171,False,3
2018-10-05,2018-10-08,0.0,FLAT,0.5620482563972473,0.5284885168075562,True,0.004207571938675903,False,3
2018-10-08,2018-10-09,-0.0014603577813288276,FLAT,0.5797958970069885,0.5284885168075562,True,0.004188545202906859,False,3
2018-10-09,2018-10-10,-0.032175327738924224,DOWN,0.5852819681167603,0.5284885168075562,True,0.004123351366623152,False,3
2018-10-10,2018-10-11,-0.022272704268319985,DOWN,0.5693889260292053,0.5284885168075562,True,0.008230651509132129,False,3
2018-10-11,2018-10-12,0.013792813721223516,UP,0.6219606399536133,0.5284885168075562,True,0.009180370090608486,False,3
2018-10-12,2018-10-15,-0.005632860513300101,DOWN,0.6319944858551025,0.5284885168075562,True,0.009927534613724922,False,3
2018-10-15,2018-10-16,0.021630259784663514,UP,0.6321519017219543,0.5284885168075562,True,0.00993239832767743,False,3
2018-10-16,2018-10-17,0.00017836608767098192,FLAT,0.6273666024208069,0.5284885168075562,True,0.011205765206037393,False,3
2018-10-17,2018-10-18,-0.01454642966960099,DOWN,0.6175618171691895,0.5284885168075562,True,0.01119541679032345,False,3
2018-10-18,2018-10-19,-0.0005428169793680889,FLAT,0.6096041798591614,0.5284885168075562,True,0.011278896679058723,False,3
2018-10-19,2018-10-22,-0.004498756680096918,FLAT,0.6383305191993713,0.5284885168075562,True,0.011276755831780822,False,3
2018-10-22,2018-10-23,-0.005103814901447561,DOWN,0.6371674537658691,0.5284885168075562,True,0.01128283932402497,False,3
2018-10-23,2018-10-24,-0.030767008987836523,DOWN,0.6374976634979248,0.5284885168075562,True,0.01128444374490136,False,3
2018-10-24,2018-10-25,0.017781489427391158,UP,0.6207965016365051,0.5284885168075562,True,0.012875458609098934,True,3
2018-10-25,2018-10-26,-0.017743878014358665,DOWN,0.6404946446418762,0.5284885168075562,True,0.013725977934294292,True,3
2018-10-26,2018-10-29,-0.005555679735930936,FLAT,0.6447807550430298,0.5284885168075562,True,0.014043746623296046,True,3
2018-10-29,2018-10-30,0.01470975811483792,UP,0.648902952671051,0.5284885168075562,True,0.01391631040521069,True,3
2018-10-30,2018-10-31,0.010624230324527811,UP,0.6456429958343506,0.5284885168075562,True,0.014577394728760113,True,3
2018-10-31,2018-11-01,0.010585627590690578,UP,0.6189144253730774,0.5284885168075562,True,0.014922195750763262,True,3
2018-11-01,2018-11-02,-0.005940593358602918,DOWN,0.6024226546287537,0.5284885168075562,True,0.01522219009275127,True,3
2018-11-02,2018-11-05,0.005501774145743519,FLAT,0.6353428959846497,0.5284885168075562,True,0.015225520330786632,True,3
2018-11-05,2018-11-06,0.0063079476191934235,UP,0.6256095170974731,0.5284885168075562,True,0.015329014092437556,True,3
2018-11-06,2018-11-07,0.021182942264952046,UP,0.6407966017723083,0.5284885168075562,True,0.015456546906283107,True,3
2018-11-07,2018-11-08,-0.0018165656782744369,FLAT,0.47155308723449707,0.5284885168075562,False,0.014587855191534814,True,3
2018-11-08,2018-11-09,-0.009816258332266129,DOWN,0.5941665768623352,0.5284885168075562,True,0.013591377640598605,True,3
2018-11-09,2018-11-12,-0.018861977910483718,DOWN,0.65093594789505,0.5284885168075562,True,0.013493091777223274,True,3
2018-11-12,2018-11-13,-0.001872867488496103,FLAT,0.6089923977851868,0.5284885168075562,True,0.014110747019144183,True,3
2018-11-13,2018-11-14,-0.006860150527645864,DOWN,0.6646093130111694,0.5284885168075562,True,0.013129803872662184,True,3
2018-11-14,2018-11-15,0.01038254163095934,UP,0.6079154014587402,0.5284885168075562,True,0.013176421530015086,True,3
2018-11-15,2018-11-16,0.002597246901833087,FLAT,0.6523035168647766,0.5284885168075562,True,0.013092158334101859,True,3
2018-11-16,2018-11-19,-0.017059178822574482,DOWN,0.6064454317092896,0.5284885168075562,True,0.013111885289074613,True,3
2018-11-19,2018-11-20,-0.01867955357480556,DOWN,0.6083433628082275,0.5284885168075562,True,0.013607055790152948,True,3
2018-11-20,2018-11-21,0.0034017265425041,FLAT,0.6112627387046814,0.5284885168075562,True,0.014145962117455117,True,3
2018-11-21,2018-11-23,-0.006701102367690993,DOWN,0.6531041264533997,0.5284885168075562,True,0.012416586066505305,True,3
2018-11-23,2018-11-26,0.016015415321976274,UP,0.6368693113327026,0.5284885168075562,True,0.011754605181232627,True,3
2018-11-26,2018-11-27,0.0033588160210941014,FLAT,0.6370630264282227,0.5284885168075562,True,0.011689804448811939,True,3
2018-11-27,2018-11-28,0.022764226209489338,UP,0.6469640135765076,0.5284885168075562,True,0.011620219628804457,True,3
2018-11-28,2018-11-29,-0.0021874574443871125,FLAT,0.5015850067138672,0.5284885168075562,False,0.012248327757870575,True,3
2018-11-29,2018-11-30,0.006076771771168585,FLAT,0.6201592087745667,0.5284885168075562,True,0.01206623921224379,True,3
2018-11-30,2018-12-03,0.01315450635189911,UP,0.595780074596405,0.5284885168075562,True,0.011911274285100772,True,3
2018-12-03,2018-12-04,-0.032938972726007744,DOWN,0.3369084298610687,0.5284885168075562,False,0.012140250018281184,True,3
2018-12-04,2018-12-06,-0.001518279337333273,FLAT,0.5393739342689514,0.5284885168075562,True,0.01429853168701467,True,3
2018-12-06,2018-12-07,-0.023510162043045117,DOWN,0.6426039934158325,0.5284885168075562,True,0.014206973498044043,True,3
2018-12-07,2018-12-10,0.0018952321119764235,FLAT,0.6076471209526062,0.5284885168075562,True,0.014053382732912043,True,3
2018-12-10,2018-12-11,0.00022717742319274082,FLAT,0.6314992904663086,0.5284885168075562,True,0.014097104671288867,True,3
2018-12-11,2018-12-12,0.005022713334834678,FLAT,0.6342802047729492,0.5284885168075562,True,0.014020867244861408,True,3
2018-12-12,2018-12-13,-0.0003390778254033106,FLAT,0.6143662333488464,0.5284885168075562,True,0.013565081866977276,True,3
2018-12-13,2018-12-14,-0.018637364083155077,DOWN,0.6198160648345947,0.5284885168075562,True,0.01356613664113705,True,3
2018-12-14,2018-12-17,-0.019813379448779447,DOWN,0.5872384309768677,0.5284885168075562,True,0.014068990446248906,True,3
2018-12-17,2018-12-18,-0.001097088026179746,FLAT,0.5941704511642456,0.5284885168075562,True,0.01430721872153661,True,3
2018-12-18,2018-12-19,-0.015088990911623237,DOWN,0.6272656321525574,0.5284885168075562,True,0.01425021675521141,True,3
2018-12-19,2018-12-20,-0.016411886126272028,DOWN,0.6238952279090881,0.5284885168075562,True,0.014158269842029128,True,3
2018-12-20,2018-12-21,-0.02652501947718206,DOWN,0.6186437010765076,0.5284885168075562,True,0.014038289165804657,True,3
2018-12-21,2018-12-24,-0.026778295497672407,DOWN,0.6323919892311096,0.5284885168075562,True,0.014855667794844077,True,3
2018-12-24,2018-12-26,0.049289909317996004,UP,0.6274594068527222,0.5284885168075562,True,0.015647251722562712,True,3
2018-12-26,2018-12-27,0.007648047996319477,FLAT,0.5722904205322266,0.5284885168075562,True,0.019407840486707142,True,3
2018-12-27,2018-12-28,-0.0012908207168937115,FLAT,0.6380698680877686,0.5284885168075562,True,0.019518597344361753,True,3
2018-12-28,2018-12-31,0.008720686114660408,FLAT,0.6297234892845154,0.5284885168075562,True,0.018501188923552143,True,3
2018-12-31,2019-01-02,0.0010397701860406516,FLAT,0.5951897501945496,0.5284885168075562,True,0.018751929086945188,True,3
2019-01-02,2019-01-03,-0.024152091139486728,DOWN,0.6177250742912292,0.5284885168075562,True,0.018634504215001246,True,3
2019-01-03,2019-01-04,0.03294696944123263,UP,0.6277713775634766,0.5284885168075562,True,0.01860482573196407,True,3
2019-01-04,2019-01-07,0.007853723405748247,FLAT,0.41334035992622375,0.5284885168075562,False,0.019526905912145637,True,3
2019-01-07,2019-01-08,0.009351468556684412,FLAT,0.5116968154907227,0.5284885168075562,False,0.019686708476364605,True,3
2019-01-08,2019-01-09,0.004662604047895456,FLAT,0.4072102904319763,0.5284885168075562,False,0.01924683797897996,True,3
2019-01-09,2019-01-10,0.003521348908550946,FLAT,0.413036584854126,0.5284885168075562,False,0.019280987594832544,True,3
2019-01-10,2019-01-11,0.0003862283308007157,FLAT,0.4877428114414215,0.5284885168075562,False,0.01930759009440492,True,3
2019-01-11,2019-01-14,-0.00611960961238011,FLAT,0.4910285174846649,0.5284885168075562,False,0.019259195722991635,True,3
2019-01-14,2019-01-15,0.011395631602565357,UP,0.529426634311676,0.5284885168075562,True,0.019288384999580372,True,3
2019-01-15,2019-01-16,0.0024169150781274914,FLAT,0.4012852907180786,0.5284885168075562,False,0.019053644688859984,True,3
2019-01-16,2019-01-17,0.007558078730287087,FLAT,0.39146924018859863,0.5284885168075562,False,0.018478113187954465,True,3
2019-01-17,2019-01-18,0.013222209602931542,UP,0.3582242429256439,0.5284885168075562,False,0.01852552458604737,True,3
2019-01-18,2019-01-22,-0.013602591137040479,DOWN,0.2897665500640869,0.5284885168075562,False,0.018269392365375236,True,3
2019-01-22,2019-01-23,0.0020902522366409632,FLAT,0.4559251070022583,0.5284885168075562,False,0.018123013117851874,True,3
2019-01-23,2019-01-24,0.0005312894201534258,FLAT,0.3626313805580139,0.5284885168075562,False,0.016739751199190255,True,3
2019-01-24,2019-01-25,0.00842583732694401,FLAT,0.37530821561813354,0.5284885168075562,False,0.015085469157699124,True,3
2019-01-25,2019-01-28,-0.007629258522316065,FLAT,0.31691619753837585,0.5284885168075562,False,0.011149445363764228,False,3
2019-01-28,2019-01-29,-0.0013278682247815595,FLAT,0.49176520109176636,0.5284885168075562,False,0.011394756191589755,True,3
2019-01-29,2019-01-30,0.01570676929998593,UP,0.48192548751831055,0.5284885168075562,False,0.011395504790688134,True,3
2019-01-30,2019-01-31,0.008744102128510768,FLAT,0.30901259183883667,0.5284885168075562,False,0.011681488300106452,True,3
2019-01-31,2019-02-01,0.0004815085008072138,FLAT,0.3088842034339905,0.5284885168075562,False,0.011726024101753543,True,3
2019-02-01,2019-02-04,0.007010817745824104,FLAT,0.30683469772338867,0.5284885168075562,False,0.009765378629535073,False,3
2019-02-04,2019-02-05,0.004183085590188793,FLAT,0.3200843930244446,0.5284885168075562,False,0.007265138524272251,False,3
2019-02-05,2019-02-06,-0.001319126204606274,FLAT,0.30437546968460083,0.5284885168075562,False,0.007201674499835141,False,3
2019-02-06,2019-02-07,-0.009578527266094447,FLAT,0.3365631699562073,0.5284885168075562,False,0.007144323769822527,False,3
2019-02-07,2019-02-08,0.0012207935612057648,FLAT,0.49693500995635986,0.5284885168075562,False,0.007662561602021165,False,3
2019-02-08,2019-02-11,0.0005544138732615392,FLAT,0.46198320388793945,0.5284885168075562,False,0.007660606195374376,False,3
2019-02-11,2019-02-12,0.01277742078377807,UP,0.3813325762748718,0.5284885168075562,False,0.007658614179913851,False,3
2019-02-12,2019-02-13,0.0032416722801614796,FLAT,0.30512145161628723,0.5284885168075562,False,0.0077436247193826205,False,3
2019-02-13,2019-02-14,-0.0022206731625570315,FLAT,0.3206613063812256,0.5284885168075562,False,0.007496987597222277,False,3
2019-02-14,2019-02-15,0.010838312654595526,UP,0.3909936845302582,0.5284885168075562,False,0.007578631350456672,False,3
2019-02-15,2019-02-19,0.0017290843444572733,FLAT,0.30948519706726074,0.5284885168075562,False,0.0077278024422259926,False,3
2019-02-19,2019-02-20,0.002013438816184354,FLAT,0.37326329946517944,0.5284885168075562,False,0.0073180897713288045,False,3
2019-02-20,2019-02-21,-0.0035622087717305444,FLAT,0.3549267649650574,0.5284885168075562,False,0.006320394066392884,False,3
2019-02-21,2019-02-22,0.006180848820195919,FLAT,0.39871978759765625,0.5284885168075562,False,0.006481591289952744,False,3
2019-02-22,2019-02-25,0.0013603065239562613,FLAT,0.3425668776035309,0.5284885168075562,False,0.00651014479036533,False,3
2019-02-25,2019-02-26,-0.0007157028820414423,FLAT,0.3304316997528076,0.5284885168075562,False,0.006383462393580404,False,3
2019-02-26,2019-02-27,-0.0004296895897642695,FLAT,0.3653053939342499,0.5284885168075562,False,0.0059793166130012974,False,3
2019-02-27,2019-02-28,-0.0018642707295814414,FLAT,0.3960924446582794,0.5284885168075562,False,0.005949458871978922,False,3
2019-02-28,2019-03-01,0.006224383297258263,FLAT,0.42670851945877075,0.5284885168075562,False,0.005212099744602246,False,3
2019-03-01,2019-03-04,-0.0036441021995717456,FLAT,0.35775646567344666,0.5284885168075562,False,0.00506983555009267,False,3
2019-03-04,2019-03-05,-0.0013610005125166476,FLAT,0.4133850038051605,0.5284885168075562,False,0.005212774147997854,False,3
2019-03-05,2019-03-06,-0.006075340033059994,FLAT,0.4825056195259094,0.5284885168075562,False,0.0050987515309291395,False,3
2019-03-06,2019-03-07,-0.00840058828033787,FLAT,0.5239495038986206,0.5284885168075562,False,0.005303368478913839,False,3
2019-03-07,2019-03-08,-0.002001996443957229,FLAT,0.5578439235687256,0.5284885168075562,True,0.00567355496326126,False,3
2019-03-08,2019-03-11,0.014397105360716386,UP,0.5778815150260925,0.5284885168075562,True,0.005204780418776771,False,3
2019-03-11,2019-03-12,0.003763873770286568,FLAT,0.48028215765953064,0.5284885168075562,False,0.006030214439903355,False,3
2019-03-12,2019-03-13,0.006597410473970337,FLAT,0.4264807105064392,0.5284885168075562,False,0.006047747956670626,False,3
2019-03-13,2019-03-14,-0.000639973980175984,FLAT,0.3942532539367676,0.5284885168075562,False,0.005587649170110408,False,3
2019-03-14,2019-03-15,0.0005333400882334389,FLAT,0.4526929259300232,0.5284885168075562,False,0.005584198559224287,False,3
2019-03-15,2019-03-18,0.0036192965574422,FLAT,0.450603723526001,0.5284885168075562,False,0.005531465449865701,False,3
2019-03-18,2019-03-19,0.00024793202768967686,FLAT,0.41187790036201477,0.5284885168075562,False,0.005090632395586539,False,3
2019-03-19,2019-03-20,-0.003014475661975376,FLAT,0.4045180082321167,0.5284885168075562,False,0.005088498375955571,False,3
2019-03-20,2019-03-21,0.011231393051487988,UP,0.48865169286727905,0.5284885168075562,False,0.005149856937141703,False,3
2019-03-21,2019-03-22,-0.01943396344627371,DOWN,0.4115912914276123,0.5284885168075562,False,0.00557164147427762,False,3
2019-03-22,2019-03-25,-0.0007522666061259927,FLAT,0.5583159327507019,0.5284885168075562,True,0.007119697001014203,False,3
2019-03-25,2019-03-26,0.007426435726463338,FLAT,0.5914229154586792,0.5284885168075562,True,0.007114429989519526,False,3
2019-03-26,2019-03-27,-0.005242807627602643,FLAT,0.526775062084198,0.5284885168075562,False,0.007306851508605931,False,3
2019-03-27,2019-03-28,0.0037832780734960493,FLAT,0.530292809009552,0.5284885168075562,True,0.007411396990179446,False,3
2019-03-28,2019-03-29,0.006285712996999891,FLAT,0.538266658782959,0.5284885168075562,True,0.007440927984485143,False,3
2019-03-29,2019-04-01,0.011789391005819612,UP,0.42820319533348083,0.5284885168075562,False,0.0074434828995055165,False,3
2019-04-01,2019-04-02,0.0004897329633613274,FLAT,0.28378334641456604,0.5284885168075562,False,0.007797461663749816,False,3
2019-04-02,2019-04-03,0.0015723974501072329,FLAT,0.4270481467247009,0.5284885168075562,False,0.007777203820329112,False,3
2019-04-03,2019-04-04,0.0026498594304710924,FLAT,0.3688468039035797,0.5284885168075562,False,0.007584732814596644,False,3
2019-04-04,2019-04-05,0.00482854485141518,FLAT,0.40767574310302734,0.5284885168075562,False,0.0072101626633713205,False,3
2019-04-05,2019-04-08,0.0007620937553832577,FLAT,0.3767779469490051,0.5284885168075562,False,0.007164015045408531,False,3
2019-04-08,2019-04-09,-0.005138046264924557,FLAT,0.3903965950012207,0.5284885168075562,False,0.006599453415494181,False,3
2019-04-09,2019-04-10,0.0034051838877499486,FLAT,0.4687288701534271,0.5284885168075562,False,0.00676003350537376,False,3
2019-04-10,2019-04-11,-0.0002775961504166229,FLAT,0.4118860065937042,0.5284885168075562,False,0.006667406912895125,False,3
2019-04-11,2019-04-12,0.00674315615413969,FLAT,0.4403378665447235,0.5284885168075562,False,0.0066625765452827945,False,3
2019-04-12,2019-04-15,-0.0006550340323746307,FLAT,0.36826425790786743,0.5284885168075562,False,0.006771796505792126,False,3
2019-04-15,2019-04-16,0.0006550340323745708,FLAT,0.4506716728210449,0.5284885168075562,False,0.006770460001881155,False,3
2019-04-16,2019-04-17,-0.002449894897439293,FLAT,0.4122467041015625,0.5284885168075562,False,0.006767630997021461,False,3
2019-04-17,2019-04-18,0.001967235540263141,FLAT,0.43538898229599,0.5284885168075562,False,0.006749597547365382,False,3
2019-04-18,2019-04-22,0.0008616382323780712,FLAT,0.4376172423362732,0.5284885168075562,False,0.0063438955556506076,False,3
2019-04-22,2019-04-23,0.008951499012848906,UP,0.4978248178958893,0.5284885168075562,False,0.004166041084088474,False,3
2019-04-23,2019-04-24,-0.002221784437925413,FLAT,0.4091973304748535,0.5284885168075562,False,0.004395331510202773,False,3
2019-04-24,2019-04-25,-0.0006162223571992094,FLAT,0.45482680201530457,0.5284885168075562,False,0.004346170354944598,False,3
2019-04-25,2019-04-26,0.004645982083609567,FLAT,0.457263320684433,0.5284885168075562,False,0.0040573825843656375,False,3
2019-04-26,2019-04-29,0.0015665152911773707,FLAT,0.4546394944190979,0.5284885168075562,False,0.004079967207232647,False,3
2019-04-29,2019-04-30,0.0005102788065382311,FLAT,0.4422232210636139,0.5284885168075562,False,0.0039668937840999395,False,3
2019-04-30,2019-05-01,-0.007544857686864009,DOWN,0.45123571157455444,0.5284885168075562,False,0.0032321117507499906,False,3
2019-05-01,2019-05-02,-0.0021612896914326185,FLAT,0.5084664821624756,0.5284885168075562,False,0.003801937643544119,False,3
2019-05-02,2019-05-03,0.009740191305968461,UP,0.5400219559669495,0.5284885168075562,True,0.003864069309438533,False,3
2019-05-03,2019-05-06,-0.004123688019534811,FLAT,0.47824540734291077,0.5284885168075562,False,0.0043367404552403085,False,3
2019-05-06,2019-05-07,-0.016840741177932043,DOWN,0.5421980023384094,0.5284885168075562,True,0.004401702042785925,False,3
2019-05-07,2019-05-08,-0.0013901712259481384,FLAT,0.5743606686592102,0.5284885168075562,True,0.005900033284736806,False,3
2019-05-08,2019-05-09,-0.0030303411039887115,FLAT,0.6323965191841125,0.5284885168075562,True,0.005791763535137501,False,3
2019-05-09,2019-05-10,0.005010806005722352,FLAT,0.6191621422767639,0.5284885168075562,True,0.005773603546304091,False,3
2019-05-10,2019-05-13,-0.02545139089151207,DOWN,0.6152718663215637,0.5284885168075562,True,0.005893737932006715,False,3
2019-05-13,2019-05-14,0.0090030333354504,UP,0.5925596356391907,0.5284885168075562,True,0.00797772115618681,False,3
2019-05-14,2019-05-15,0.0058403701425228565,UP,0.644405722618103,0.5284885168075562,True,0.008324537717176497,False,3
2019-05-15,2019-05-16,0.009218637124873778,UP,0.6212363839149475,0.5284885168075562,True,0.008463173924057956,False,3
2019-05-16,2019-05-17,-0.006486112083815541,DOWN,0.571405291557312,0.5284885168075562,True,0.008747168292035631,False,3
2019-05-17,2019-05-20,-0.006633991589894881,DOWN,0.5901851058006287,0.5284885168075562,True,0.008835474032169204,False,3
2019-05-20,2019-05-21,0.008975264330872007,UP,0.6272225379943848,0.5284885168075562,True,0.008923130014057994,False,3
2019-05-21,2019-05-22,-0.0030761895837895115,FLAT,0.595274031162262,0.5284885168075562,True,0.008924540554158512,False,3
2019-05-22,2019-05-23,-0.012293830495202978,DOWN,0.54462069272995,0.5284885168075562,True,0.00893223723553496,False,3
2019-05-23,2019-05-24,0.002265752281506773,FLAT,0.5686807036399841,0.5284885168075562,True,0.009271280951572133,False,3
2019-05-24,2019-05-28,-0.009344053622205415,DOWN,0.6229619979858398,0.5284885168075562,True,0.009200184929691328,False,3
2019-05-28,2019-05-29,-0.006733326325221417,DOWN,0.5832562446594238,0.5284885168075562,True,0.009310062694945883,False,3
2019-05-29,2019-05-30,0.0027274726482023966,FLAT,0.6033275127410889,0.5284885168075562,True,0.009332141766460463,False,3
2019-05-30,2019-05-31,-0.013566904278608705,DOWN,0.6262767314910889,0.5284885168075562,True,0.009337197790422207,False,3
2019-05-31,2019-06-03,-0.002546130046076572,FLAT,0.5993205308914185,0.5284885168075562,True,0.009674406982382764,False,3
2019-06-03,2019-06-04,0.021474402541057206,UP,0.6194260120391846,0.5284885168075562,True,0.009214738630825337,False,3
2019-06-04,2019-06-05,0.00862484793483843,UP,0.5976529121398926,0.5284885168075562,True,0.010760510396259268,False,3
2019-06-05,2019-06-06,0.0064816219771665325,UP,0.5172678232192993,0.5284885168075562,False,0.010431545427093129,False,3
2019-06-06,2019-06-07,0.009957305414700513,UP,0.5323444604873657,0.5284885168075562,True,0.010558639523270305,False,3
2019-06-07,2019-06-10,0.004578438629390509,FLAT,0.4296586513519287,0.5284885168075562,False,0.010790185144954343,False,3
2019-06-10,2019-06-11,-0.0002422943746959857,FLAT,0.3935861885547638,0.5284885168075562,False,0.010780409748302305,False,3
2019-06-11,2019-06-12,-0.0017668048057677373,FLAT,0.4389699101448059,0.5284885168075562,False,0.008947321982815084,False,3
2019-06-12,2019-06-13,0.00411776944390607,FLAT,0.5171101093292236,0.5284885168075562,False,0.008789052674007146,False,3
2019-06-13,2019-06-14,-0.0011055795772838002,FLAT,0.4718436896800995,0.5284885168075562,False,0.008746144818629183,False,3
2019-06-14,2019-06-17,0.0003801577932667984,FLAT,0.48713961243629456,0.5284885168075562,False,0.00852413732818225,False,3
2019-06-17,2019-06-18,0.010416577802197647,UP,0.4787835478782654,0.5284885168075562,False,0.008374654648893263,False,3
2019-06-18,2019-06-19,0.0022546508773736394,FLAT,0.3939560353755951,0.5284885168075562,False,0.00846538890059601,False,3
2019-06-19,2019-06-20,0.009508962073565962,UP,0.42403557896614075,0.5284885168075562,False,0.008283054945606135,False,3
2019-06-20,2019-06-21,-0.006306552614024858,DOWN,0.34189078211784363,0.5284885168075562,False,0.008423531480766668,False,3
2019-06-21,2019-06-24,-0.0012251902104004116,FLAT,0.4724729061126709,0.5284885168075562,False,0.00799320460971809,False,3
2019-06-24,2019-06-25,-0.009856358925298136,DOWN,0.45752227306365967,0.5284885168075562,False,0.0080264943410823,False,3
2019-06-25,2019-06-26,-0.0009979132649959425,FLAT,0.5176329612731934,0.5284885168075562,False,0.008064939092112552,False,3
2019-06-26,2019-06-27,0.0035397008525598983,FLAT,0.5353091955184937,0.5284885168075562,True,0.007842242963102002,False,3
2019-06-27,2019-06-28,0.005132603226520216,UP,0.5087521076202393,0.5284885168075562,False,0.007847517075691559,False,3
2019-06-28,2019-07-01,0.009037548842095075,UP,0.4589899480342865,0.5284885168075562,False,0.006932496082029055,False,3
2019-07-01,2019-07-02,0.002600920307729814,FLAT,0.39761707186698914,0.5284885168075562,False,0.006917979604186879,False,3
2019-07-02,2019-07-03,0.007963334238251185,UP,0.4545145332813263,0.5284885168075562,False,0.005509732617545793,False,3
2019-07-03,2019-07-08,-0.006648493261847134,DOWN,0.4026920199394226,0.5284885168075562,False,0.005474523191526832,False,3
2019-07-08,2019-07-09,0.001245753973685271,FLAT,0.5141317248344421,0.5284885168075562,False,0.0056935468212514695,False,3
2019-07-09,2019-07-10,0.00476665199014585,FLAT,0.5092449188232422,0.5284885168075562,False,0.00538773836517971,False,3
2019-07-10,2019-07-11,0.0023414923296165937,FLAT,0.4174942970275879,0.5284885168075562,False,0.0053932138269537026,False,3
2019-07-11,2019-07-12,0.004466959747767127,FLAT,0.4460878372192383,0.5284885168075562,False,0.005375213357082584,False,3
2019-07-12,2019-07-15,0.00033257767027727755,FLAT,0.4470829665660858,0.5284885168075562,False,0.005336457622098612,False,3
2019-07-15,2019-07-16,-0.0032304866243351086,FLAT,0.4615079164505005,0.5284885168075562,False,0.005329687741864539,False,3
2019-07-16,2019-07-17,-0.0068282785807129015,DOWN,0.48195359110832214,0.5284885168075562,False,0.00541429912248202,False,3
2019-07-17,2019-07-18,0.003654215241084162,FLAT,0.534980833530426,0.5284885168075562,True,0.0057465420889123925,False,3
2019-07-18,2019-07-19,-0.005570394083371622,DOWN,0.507844090461731,0.5284885168075562,False,0.0053805023880262115,False,3
2019-07-19,2019-07-22,0.002453428423312244,FLAT,0.5258896350860596,0.5284885168075562,False,0.005576466519736929,False,3
2019-07-22,2019-07-23,0.007124626357165882,UP,0.5315719246864319,0.5284885168075562,True,0.0052041586997797,False,3
2019-07-23,2019-07-24,0.0046885338992122775,FLAT,0.462447851896286,0.5284885168075562,False,0.005159516125211192,False,3
2019-07-24,2019-07-25,-0.004788524830942085,FLAT,0.44341692328453064,0.5284885168075562,False,0.005190296784261595,False,3
2019-07-25,2019-07-26,0.006677687088676026,UP,0.504621684551239,0.5284885168075562,False,0.004715480741883339,False,3
2019-07-26,2019-07-29,-0.001822852707620898,FLAT,0.4716642498970032,0.5284885168075562,False,0.004802646846958239,False,3
2019-07-29,2019-07-30,-0.0024577057220653642,FLAT,0.4587600529193878,0.5284885168075562,False,0.004861780854382029,False,3
2019-07-30,2019-07-31,-0.011000724758174285,DOWN,0.49988579750061035,0.5284885168075562,False,0.004878971925193031,False,3
2019-07-31,2019-08-01,-0.008746054656595139,DOWN,0.5456897616386414,0.5284885168075562,True,0.0052612782862194885,False,3
2019-08-01,2019-08-02,-0.007558001636935497,DOWN,0.5837537050247192,0.5284885168075562,True,0.005606835571038958,False,3
2019-08-02,2019-08-05,-0.030534562051236183,DOWN,0.6195855140686035,0.5284885168075562,True,0.005488638827266471,False,3
2019-08-05,2019-08-06,0.013925491826036846,UP,0.5930854082107544,0.5284885168075562,True,0.008564353537635969,False,3
2019-08-06,2019-08-07,0.0005905602442628199,FLAT,0.6413787603378296,0.5284885168075562,True,0.009275691355557263,False,3
2019-08-07,2019-08-08,0.019430085399064805,UP,0.6267948150634766,0.5284885168075562,True,0.009171117788269654,False,3
2019-08-08,2019-08-09,-0.006834829537225516,DOWN,0.6161819100379944,0.5284885168075562,True,0.010304633896713433,False,3
2019-08-09,2019-08-12,-0.012248036560968258,DOWN,0.6051971912384033,0.5284885168075562,True,0.010301269109218292,False,3
2019-08-12,2019-08-13,0.01543201892451634,UP,0.6203246712684631,0.5284885168075562,True,0.010562675380884547,False,3
2019-08-13,2019-08-14,-0.030013508527833754,DOWN,0.6263667345046997,0.5284885168075562,True,0.011263632910500868,False,3
2019-08-14,2019-08-15,0.002638291974810791,FLAT,0.5815789699554443,0.5284885168075562,True,0.012939583950401887,True,3
2019-08-15,2019-08-16,0.014647209402758953,UP,0.645604133605957,0.5284885168075562,True,0.012916623044683759,True,3
2019-08-16,2019-08-19,0.011975711839357873,UP,0.6342366933822632,0.5284885168075562,True,0.013438563039774299,True,3
2019-08-19,2019-08-20,-0.0076920481599652675,DOWN,0.5768163204193115,0.5284885168075562,True,0.01374812815175116,True,3
2019-08-20,2019-08-21,0.008102546592543804,UP,0.6177133917808533,0.5284885168075562,True,0.013689554760000024,True,3
2019-08-21,2019-08-22,-0.0003078841215291663,FLAT,0.6084396243095398,0.5284885168075562,True,0.013794092283283741,True,3
2019-08-22,2019-08-23,-0.026023122154553956,DOWN,0.6283788681030273,0.5284885168075562,True,0.01377448025197403,True,3
2019-08-23,2019-08-26,0.01099773278241975,UP,0.5842084288597107,0.5284885168075562,True,0.014689375084661714,True,3
2019-08-26,2019-08-27,-0.003931345687920276,FLAT,0.641097903251648,0.5284885168075562,True,0.01501610213130742,True,3
2019-08-27,2019-08-28,0.007016909077711493,UP,0.6242387294769287,0.5284885168075562,True,0.015020614960158149,True,3
2019-08-28,2019-08-29,0.01269204412996975,UP,0.6479070782661438,0.5284885168075562,True,0.015015258732924527,True,3
2019-08-29,2019-08-30,-0.00044433402609787723,FLAT,0.555615246295929,0.5284885168075562,True,0.015231152406916781,True,3
2019-08-30,2019-09-03,-0.005864390220290473,FLAT,0.6470533609390259,0.5284885168075562,True,0.015137596415357361,True,3
2019-09-03,2019-09-04,0.011286478156974084,UP,0.6342849135398865,0.5284885168075562,True,0.013429786042582869,True,3
2019-09-04,2019-09-05,0.012773460188535899,UP,0.5347092151641846,0.5284885168075562,True,0.013310656799082636,True,3
2019-09-05,2019-09-06,0.0007719149547857201,FLAT,0.42057764530181885,0.5284885168075562,False,0.013563800596514608,True,3
2019-09-06,2019-09-09,0.0005032265567412442,FLAT,0.45080816745758057,0.5284885168075562,False,0.012904449087318512,True,3
2019-09-09,2019-09-10,-0.00023479389778833577,FLAT,0.481492280960083,0.5284885168075562,False,0.012781212983571337,True,3
2019-09-10,2019-09-11,0.007085811591525636,UP,0.5535814762115479,0.5284885168075562,True,0.01239662206021611,True,3
2019-09-11,2019-09-12,0.0034578234743840117,FLAT,0.4031051695346832,0.5284885168075562,False,0.012046131460592718,True,3
2019-09-12,2019-09-13,-0.0006640732187665699,FLAT,0.4424046277999878,0.5284885168075562,False,0.009529034592588088,False,3
2019-09-13,2019-09-16,-0.0030935331973263717,FLAT,0.4531644284725189,0.5284885168075562,False,0.009563680210896678,False,3
2019-09-16,2019-09-17,0.0025288152959086615,FLAT,0.5455223321914673,0.5284885168075562,True,0.009224453739869801,False,3
2019-09-17,2019-09-18,0.0005979624441213626,FLAT,0.5129581093788147,0.5284885168075562,False,0.008919284832859803,False,3
2019-09-18,2019-09-19,-6.649019064353332e-05,FLAT,0.5198841691017151,0.5284885168075562,False,0.008661056335090392,False,3
2019-09-19,2019-09-20,-0.009343326984650329,DOWN,0.5025971531867981,0.5284885168075562,False,0.008543114259041942,False,3
2019-09-20,2019-09-23,-0.00023473092821791204,FLAT,0.5581051707267761,0.5284885168075562,True,0.008873702411208554,False,3
2019-09-23,2019-09-24,-0.007877755495086642,DOWN,0.5933277606964111,0.5284885168075562,True,0.0062154817683183735,False,3
2019-09-24,2019-09-25,0.005897336435891073,FLAT,0.5406153202056885,0.5284885168075562,True,0.006256881954807138,False,3
2019-09-25,2019-09-26,-0.002085349793006957,FLAT,0.6054208874702454,0.5284885168075562,True,0.006206185403495124,False,3
2019-09-26,2019-09-27,-0.005401789367287827,FLAT,0.5874653458595276,0.5284885168075562,True,0.006139916145507434,False,3
2019-09-27,2019-09-30,0.004627041562282594,FLAT,0.5642481446266174,0.5284885168075562,True,0.005703598119454124,False,3
2019-09-30,2019-10-01,-0.011966037944808815,DOWN,0.628442645072937,0.5284885168075562,True,0.005772672193453246,False,3
2019-10-01,2019-10-02,-0.01782256975732099,DOWN,0.5700528621673584,0.5284885168075562,True,0.006278752230882267,False,3
2019-10-02,2019-10-03,0.008159414042596264,UP,0.5997744798660278,0.5284885168075562,True,0.0069655073819797925,False,3
2019-10-03,2019-10-04,0.013441358871681356,UP,0.6486523151397705,0.5284885168075562,True,0.006548271537372134,False,3
2019-10-04,2019-10-07,-0.004323992734015643,FLAT,0.6284821033477783,0.5284885168075562,True,0.007322077637662371,False,3
2019-10-07,2019-10-08,-0.01564650102944047,DOWN,0.6164877414703369,0.5284885168075562,True,0.007362394394366197,False,3
2019-10-08,2019-10-09,0.009451571885068203,UP,0.5873262286186218,0.5284885168075562,True,0.00806579083237857,False,3
2019-10-09,2019-10-10,0.00674071872143132,UP,0.6351599097251892,0.5284885168075562,True,0.00821638148576922,False,3
2019-10-10,2019-10-11,0.010313595972103153,UP,0.6248371005058289,0.5284885168075562,True,0.008352685984057336,False,3
2019-10-11,2019-10-14,-0.0011143866413178003,FLAT,0.4870997965335846,0.5284885168075562,False,0.00875158137825891,False,3
2019-10-14,2019-10-15,0.009851608993839914,UP,0.5883801579475403,0.5284885168075562,True,0.008735519398830502,False,3
2019-10-15,2019-10-16,-0.0016073235020462092,FLAT,0.49332985281944275,0.5284885168075562,False,0.009026855670265668,False,3
2019-10-16,2019-10-17,0.0029447380856263902,FLAT,0.5215661525726318,0.5284885168075562,False,0.009028262645416759,False,3
2019-10-17,2019-10-18,-0.004386771567574111,FLAT,0.48936575651168823,0.5284885168075562,False,0.009060054271112838,False,3
2019-10-18,2019-10-21,0.006756293820613877,UP,0.5282562971115112,0.5284885168075562,False,0.008865357940530382,False,3
2019-10-21,2019-10-22,-0.0032720579067960155,FLAT,0.470735102891922,0.5284885168075562,False,0.00899465480673774,False,3
2019-10-22,2019-10-23,0.002905360610081085,FLAT,0.4941194951534271,0.5284885168075562,False,0.008831815252823314,False,3
2019-10-23,2019-10-24,0.001632620885338126,FLAT,0.5001229643821716,0.5284885168075562,False,0.008761133663170209,False,3
2019-10-24,2019-10-25,0.004086624568167749,FLAT,0.4526028335094452,0.5284885168075562,False,0.008745539567402164,False,3
2019-10-25,2019-10-28,0.005620718076230189,FLAT,0.4685823917388916,0.5284885168075562,False,0.008661830304635156,False,3
2019-10-28,2019-10-29,-0.0002967678740017448,FLAT,0.3515702188014984,0.5284885168075562,False,0.008686312198952332,False,3
2019-10-29,2019-10-30,0.003062563302630958,FLAT,0.44998788833618164,0.5284885168075562,False,0.008137902353590883,False,3
2019-10-30,2019-10-31,-0.0026668923721071673,FLAT,0.42739349603652954,0.5284885168075562,False,0.0067214566808698325,False,3
2019-10-31,2019-11-01,0.009221284008705375,UP,0.4758799374103546,0.5284885168075562,False,0.006695895374888591,False,3
2019-11-01,2019-11-04,0.0040096562307791505,FLAT,0.3938192129135132,0.5284885168075562,False,0.006381268587164206,False,3
2019-11-04,2019-11-05,-0.001106759036372921,FLAT,0.37624290585517883,0.5284885168075562,False,0.006219114793680098,False,3
2019-11-05,2019-11-06,0.00022798861467572957,FLAT,0.44656121730804443,0.5284885168075562,False,0.004653766198306413,False,3
2019-11-06,2019-11-07,0.003510556766204136,FLAT,0.461186021566391,0.5284885168075562,False,0.004444278084294482,False,3
2019-11-07,2019-11-08,0.002463087100965253,FLAT,0.4100414514541626,0.5284885168075562,False,0.004345236317497551,False,3
2019-11-08,2019-11-11,-0.001911569957013029,FLAT,0.45110267400741577,0.5284885168075562,False,0.003936113270830505,False,3
2019-11-11,2019-11-12,0.002105755666127964,FLAT,0.4997330605983734,0.5284885168075562,False,0.003974145513918676,False,3
2019-11-12,2019-11-13,0.00032359198641246465,FLAT,0.4510726034641266,0.5284885168075562,False,0.0035262604079379003,False,3
2019-11-13,2019-11-14,0.0014547216463183545,FLAT,0.4793793559074402,0.5284885168075562,False,0.0034577202876841955,False,3
2019-11-14,2019-11-15,0.007210321143979856,UP,0.4762161076068878,0.5284885168075562,False,0.003446919436565328,False,3
2019-11-15,2019-11-18,0.0007373414343136282,FLAT,0.4078758656978607,0.5284885168075562,False,0.0033453468121568374,False,3
2019-11-18,2019-11-19,-0.00028847292621450566,FLAT,0.46336081624031067,0.5284885168075562,False,0.0031872155837949076,False,3
2019-11-19,2019-11-20,-0.0037257267963938866,FLAT,0.44762682914733887,0.5284885168075562,False,0.002993056723343076,False,3
2019-11-20,2019-11-21,-0.001610202646275832,FLAT,0.4964643716812134,0.5284885168075562,False,0.003256583478818384,False,3
2019-11-21,2019-11-22,0.0022214083249144432,FLAT,0.4852501153945923,0.5284885168075562,False,0.0033440461577513504,False,3
2019-11-22,2019-11-25,0.007720326379659303,UP,0.4831865131855011,0.5284885168075562,False,0.003297358926098308,False,3
2019-11-25,2019-11-26,0.002263102331097842,FLAT,0.44401443004608154,0.5284885168075562,False,0.003463741074470047,False,3
2019-11-26,2019-11-27,0.004447635578399138,FLAT,0.42342662811279297,0.5284885168075562,False,0.0034358585422800125,False,3
2019-11-27,2019-11-29,-0.003715571088483604,FLAT,0.4143677055835724,0.5284885168075562,False,0.0034771819254204753,False,3
2019-11-29,2019-12-02,-0.008531029798460417,DOWN,0.4805125892162323,0.5284885168075562,False,0.003555589892694376,False,3
2019-12-02,2019-12-03,-0.00672913193653607,DOWN,0.5119097828865051,0.5284885168075562,False,0.0038066136964136203,False,3
2019-12-03,2019-12-04,0.006151301101662149,FLAT,0.571673572063446,0.5284885168075562,True,0.004090266384726217,False,3
2019-12-04,2019-12-05,0.0017963614766311558,FLAT,0.5479530692100525,0.5284885168075562,True,0.004271850203254888,False,3
2019-12-05,2019-12-06,0.009092586613345464,UP,0.4993159770965576,0.5284885168075562,False,0.004276807485379325,False,3
2019-12-06,2019-12-09,-0.003149076906539473,FLAT,0.39826464653015137,0.5284885168075562,False,0.0046308562519355575,False,3
2019-12-09,2019-12-10,-0.00111571743447098,FLAT,0.5187630653381348,0.5284885168075562,False,0.0047115726625070915,False,3
2019-12-10,2019-12-11,0.0028346690886243957,FLAT,0.5164135098457336,0.5284885168075562,False,0.004690841942442836,False,3
2019-12-11,2019-12-12,0.00858208537583208,UP,0.4514939785003662,0.5284885168075562,False,0.004704064343185963,False,3
2019-12-12,2019-12-13,0.0005989516697319707,FLAT,0.4282299280166626,0.5284885168075562,False,0.005006381810665201,False,3
2019-12-13,2019-12-16,0.006846522302296509,UP,0.43408575654029846,0.5284885168075562,False,0.005008487617727318,False,3
2019-12-16,2019-12-17,0.00021909125352912617,FLAT,0.3696622848510742,0.5284885168075562,False,0.004986272919058122,False,3
2019-12-17,2019-12-18,6.254776132376092e-05,FLAT,0.3908021152019501,0.5284885168075562,False,0.004990265696713508,False,3
2019-12-18,2019-12-19,0.004090616263375843,FLAT,0.4197946786880493,0.5284885168075562,False,0.004985386847035539,False,3
2019-12-19,2019-12-20,-0.0005298471481675991,FLAT,0.44514748454093933,0.5284885168075562,False,0.004883173831164506,False,3
2019-12-20,2019-12-23,0.0015265684873094025,FLAT,0.4094751179218292,0.5284885168075562,False,0.004851622484939141,False,3
2019-12-23,2019-12-24,3.116122791065835e-05,FLAT,0.4426513612270355,0.5284885168075562,False,0.004849861956758285,False,3
2019-12-24,2019-12-26,0.005309143350541635,UP,0.47261136770248413,0.5284885168075562,False,0.00464136997045231,False,3
2019-12-26,2019-12-27,-0.0002478076548954347,FLAT,0.44259655475616455,0.5284885168075562,False,0.004725961539744851,False,3
2019-12-27,2019-12-30,-0.0055284759156675346,DOWN,0.4131220877170563,0.5284885168075562,False,0.004682550560372897,False,3
2019-12-30,2019-12-31,0.0024263514356685496,FLAT,0.5048916935920715,0.5284885168075562,False,0.004797947029167955,False,3
2019-12-31,2020-01-02,0.009308464399828981,UP,0.5035303831100464,0.5284885168075562,False,0.004237305322953095,False,3
2020-01-02,2020-01-03,-0.0076010483986278365,DOWN,0.4289822280406952,0.5284885168075562,False,0.004090402653629685,False,3
2020-01-03,2020-01-06,0.00380779332143604,FLAT,0.5168707966804504,0.5284885168075562,False,0.004558444832857187,False,3
2020-01-06,2020-01-07,-0.002815737819690788,FLAT,0.5195756554603577,0.5284885168075562,False,0.004582167488952071,False,3
2020-01-07,2020-01-08,0.005315384309479369,UP,0.5117149949073792,0.5284885168075562,False,0.004356689017484054,False,3
2020-01-08,2020-01-09,0.006757763910630538,UP,0.4713767170906067,0.5284885168075562,False,0.004319588938696703,False,3
2020-01-09,2020-01-10,-0.0028818539244586834,FLAT,0.4432981312274933,0.5284885168075562,False,0.00441148949534025,False,3
2020-01-10,2020-01-13,0.006853806284860935,UP,0.4753156900405884,0.5284885168075562,False,0.004541236675966825,False,3
2020-01-13,2020-01-14,-0.001525786018845352,FLAT,0.43968716263771057,0.5284885168075562,False,0.004419477647321803,False,3
2020-01-14,2020-01-15,0.0022573074615838975,FLAT,0.4770773649215698,0.5284885168075562,False,0.0044719935011487254,False,3
2020-01-15,2020-01-16,0.008283978494246641,UP,0.44317522644996643,0.5284885168075562,False,0.004301558877361817,False,3
2020-01-16,2020-01-17,0.0031076970399105484,FLAT,0.4245397448539734,0.5284885168075562,False,0.004560969791187053,False,3
2020-01-17,2020-01-21,-0.001960119478876216,FLAT,0.4158797264099121,0.5284885168075562,False,0.004552668470419617,False,3
2020-01-21,2020-01-22,0.00012075499797367417,FLAT,0.4872055947780609,0.5284885168075562,False,0.00460004105990981,False,3
2020-01-22,2020-01-23,0.001146215804953398,FLAT,0.48079192638397217,0.5284885168075562,False,0.004586506399310558,False,3
2020-01-23,2020-01-24,-0.008932858535968823,DOWN,0.46796634793281555,0.5284885168075562,False,0.004587734304532219,False,3
2020-01-24,2020-01-27,-0.016159270785999106,DOWN,0.5133986473083496,0.5284885168075562,False,0.005152969946684749,False,3
2020-01-27,2020-01-28,0.01042465373821599,UP,0.5920467972755432,0.5284885168075562,True,0.006342040535439838,False,3
2020-01-28,2020-01-29,-0.0008263669800950709,FLAT,0.5846419930458069,0.5284885168075562,True,0.006748395300100814,False,3
2020-01-29,2020-01-30,0.0032400993602699547,FLAT,0.5740848183631897,0.5284885168075562,True,0.006603254033254073,False,3
2020-01-30,2020-01-31,-0.018324781429623002,DOWN,0.5409599542617798,0.5284885168075562,True,0.006615938398348239,False,3
2020-01-31,2020-02-03,0.007401083897971815,UP,0.5951419472694397,0.5284885168075562,True,0.007581604012319575,False,3
2020-02-03,2020-02-04,0.015126295011474384,UP,0.6309244632720947,0.5284885168075562,True,0.00758270608537017,False,3
2020-02-04,2020-02-05,0.011481839611606393,UP,0.5290195941925049,0.5284885168075562,True,0.008253752151075057,False,3
2020-02-05,2020-02-06,0.003359206688677661,FLAT,0.30472737550735474,0.5284885168075562,False,0.008535688225779136,False,3
2020-02-06,2020-02-07,-0.005343909914229443,DOWN,0.348102331161499,0.5284885168075562,False,0.008501352386964868,False,3
2020-02-07,2020-02-10,0.007437595617929694,UP,0.5164400339126587,0.5284885168075562,False,0.008534105789396928,False,3
2020-02-10,2020-02-11,0.0017315497884897969,FLAT,0.45298317074775696,0.5284885168075562,False,0.008608717325519459,False,3
2020-02-11,2020-02-12,0.006422105641496987,UP,0.40152913331985474,0.5284885168075562,False,0.008512275514835068,False,3
2020-02-12,2020-02-13,-0.0010675361685061084,FLAT,0.34011054039001465,0.5284885168075562,False,0.008568465899268237,False,3
2020-02-13,2020-02-14,0.0016008319963013102,FLAT,0.46010300517082214,0.5284885168075562,False,0.008585229805607594,False,3
2020-02-14,2020-02-18,-0.0025803258874645633,FLAT,0.4327220320701599,0.5284885168075562,False,0.008429101084979814,False,3
2020-02-18,2020-02-19,0.004769841309919101,UP,0.49772119522094727,0.5284885168075562,False,0.008450148987006342,False,3
2020-02-19,2020-02-20,-0.0041167086031452735,DOWN,0.4695175886154175,0.5284885168075562,False,0.008471991538585705,False,3
2020-02-20,2020-02-21,-0.010351661133344124,DOWN,0.5025047063827515,0.5284885168075562,False,0.008549124916179393,False,3
2020-02-21,2020-02-24,-0.03372784139233276,DOWN,0.556230902671814,0.5284885168075562,True,0.008906534113309572,False,3
2020-02-24,2020-02-25,-0.030770750603140915,DOWN,0.598860502243042,0.5284885168075562,True,0.011578912621480515,True,3
2020-02-25,2020-02-26,-0.0036849962639194165,FLAT,0.6083120703697205,0.5284885168075562,True,0.012965334791281391,True,3
2020-02-26,2020-02-27,-0.04595146753683802,DOWN,0.626806378364563,0.5284885168075562,True,0.012650598362593047,True,3
2020-02-27,2020-02-28,-0.004210390573741874,FLAT,0.6102413535118103,0.5284885168075562,True,0.01594751699574492,True,3
2020-02-28,2020-03-02,0.04239500466012263,UP,0.6213215589523315,0.5284885168075562,True,0.015839734098314514,True,3
2020-03-02,2020-03-03,-0.02905036247634815,DOWN,0.6032828092575073,0.5284885168075562,True,0.018717141171754773,True,3
2020-03-03,2020-03-04,0.04117363701185871,UP,0.6276394128799438,0.5284885168075562,True,0.0195110089972611,True,3
2020-03-04,2020-03-05,-0.03380675024137826,DOWN,0.48248395323753357,0.5284885168075562,False,0.02160018888483741,True,3
2020-03-05,2020-03-06,-0.016669275633020057,DOWN,0.6342558264732361,0.5284885168075562,True,0.022413188658549233,True,3
2020-03-06,2020-03-09,-0.08131252304186744,DOWN,0.6393831372261047,0.5284885168075562,True,0.022477326970086704,True,3
2020-03-09,2020-03-10,0.050450587293811376,UP,0.633790910243988,0.5284885168075562,True,0.02811092182697014,True,3
2020-03-10,2020-03-11,-0.04997673845028892,DOWN,0.5862118005752563,0.5284885168075562,True,0.030980938870725522,True,3
2020-03-11,2020-03-12,-0.10056886056624313,DOWN,0.638737142086029,0.5284885168075562,True,0.032304753204679765,True,3
2020-03-12,2020-03-13,0.08202809219873311,UP,0.6317427754402161,0.5284885168075562,True,0.03782511391858997,True,3
2020-03-13,2020-03-16,-0.11588653747701536,DOWN,0.5492123365402222,0.5284885168075562,True,0.043601724404751026,True,3
2020-03-16,2020-03-17,0.05258492094923695,UP,0.6417289972305298,0.5284885168075562,True,0.049322838472635154,True,3
2020-03-17,2020-03-18,-0.05195975100253782,DOWN,0.6103613972663879,0.5284885168075562,True,0.05166403319465353,True,3
2020-03-18,2020-03-19,0.0021227225413289978,FLAT,0.6510891318321228,0.5284885168075562,True,0.05211530054766028,True,3
2020-03-19,2020-03-20,-0.04991337303957533,DOWN,0.633292555809021,0.5284885168075562,True,0.05221613402306325,True,3
2020-03-20,2020-03-23,-0.025900755458341244,DOWN,0.643410861492157,0.5284885168075562,True,0.05270373300627562,True,3
2020-03-23,2020-03-24,0.08673099436253733,UP,0.6383005976676941,0.5284885168075562,True,0.05261632632287606,True,3
2020-03-24,2020-03-25,0.014859233619037203,FLAT,0.4677083194255829,0.5284885168075562,False,0.05750098383561712,True,3
2020-03-25,2020-03-26,0.05674869876971943,UP,0.6162307262420654,0.5284885168075562,True,0.057800535254980884,True,3
2020-03-26,2020-03-27,-0.030238259991311155,DOWN,0.41447913646698,0.5284885168075562,False,0.0591386147365037,True,3
2020-03-27,2020-03-30,0.031959525345806684,UP,0.6569939851760864,0.5284885168075562,True,0.05937131565253335,True,3
2020-03-30,2020-03-31,-0.015017586594124019,FLAT,0.5574896335601807,0.5284885168075562,True,0.058951250237173396,True,3
2020-03-31,2020-04-01,-0.04604904148877963,DOWN,0.6362473368644714,0.5284885168075562,True,0.05877491740617397,True,3
2020-04-01,2020-04-02,0.022813182552417124,UP,0.6795742511749268,0.5284885168075562,True,0.058196235712224625,True,3
2020-04-02,2020-04-03,-0.01455967225366192,FLAT,0.6305181980133057,0.5284885168075562,True,0.058455704490342264,True,3
2020-04-03,2020-04-06,0.06500673748543066,UP,0.668836772441864,0.5284885168075562,True,0.05844334277148583,True,3
2020-04-06,2020-04-07,0.0010189609599744974,FLAT,0.46693477034568787,0.5284885168075562,False,0.05807897055319677,True,3
2020-04-07,2020-04-08,0.033017294838593204,UP,0.5770920515060425,0.5284885168075562,True,0.05677838655872428,True,3
2020-04-08,2020-04-09,0.015102738376915347,FLAT,0.37442344427108765,0.5284885168075562,False,0.056288156365083095,True,3
2020-04-09,2020-04-13,-0.009172087816788214,FLAT,0.39466339349746704,0.5284885168075562,False,0.05112301789876468,True,3
2020-04-13,2020-04-14,0.029066322582236008,UP,0.5238734483718872,0.5284885168075562,False,0.04792609069878733,True,3
2020-04-14,2020-04-15,-0.021477091502921486,FLAT,0.39362895488739014,0.5284885168075562,False,0.03951589464938481,True,3
2020-04-15,2020-04-16,0.004812695780353366,FLAT,0.656406044960022,0.5284885168075562,True,0.03861845908927568,True,3
2020-04-16,2020-04-17,0.026656961689813345,UP,0.6008443832397461,0.5284885168075562,True,0.03624765004687545,True,3
2020-04-17,2020-04-20,-0.01777502481605561,FLAT,0.3374791145324707,0.5284885168075562,False,0.03646890776948148,True,3
2020-04-20,2020-04-21,-0.030833763390650033,DOWN,0.6370337605476379,0.5284885168075562,True,0.03439605960277951,True,3
2020-04-21,2020-04-22,0.021951826516892335,UP,0.6610606908798218,0.5284885168075562,True,0.034686381100533174,True,3
2020-04-22,2020-04-23,-7.173145408748019e-05,FLAT,0.4768633246421814,0.5284885168075562,False,0.029843839719719233,True,3
2020-04-23,2020-04-24,0.013842458314098777,FLAT,0.6180459856987,0.5284885168075562,True,0.029820857936101224,True,3
2020-04-24,2020-04-27,0.014315484816994305,FLAT,0.4794119894504547,0.5284885168075562,False,0.027437121831684435,True,3
2020-04-27,2020-04-28,-0.004609026663486172,FLAT,0.3781147003173828,0.5284885168075562,False,0.026295660870009806,True,3
2020-04-28,2020-04-29,0.025841699275864903,UP,0.49631884694099426,0.5284885168075562,False,0.02567654761936704,True,3
2020-04-29,2020-04-30,-0.009354281772853417,FLAT,0.3129534423351288,0.5284885168075562,False,0.025675592171907916,True,3
2020-04-30,2020-05-01,-0.02683016199258795,DOWN,0.49976351857185364,0.5284885168075562,False,0.022886627015108206,True,3
2020-05-01,2020-05-04,0.002754429163740411,FLAT,0.5899139046669006,0.5284885168075562,True,0.023897161102573023,True,3
2020-05-04,2020-05-05,0.009196902343131827,FLAT,0.6067631244659424,0.5284885168075562,True,0.023429927097552334,True,3
2020-05-05,2020-05-06,-0.006801801811007939,FLAT,0.4366200268268585,0.5284885168075562,False,0.019024893728553746,True,3
2020-05-06,2020-05-07,0.011994593193006048,FLAT,0.5256682634353638,0.5284885168075562,False,0.019166484543697602,True,3
2020-05-07,2020-05-08,0.01641079994986407,FLAT,0.4033731520175934,0.5284885168075562,False,0.01800255599276599,True,3
2020-05-08,2020-05-11,0.00020514089839544992,FLAT,0.3360181450843811,0.5284885168075562,False,0.018053321437962833,True,3
2020-05-11,2020-05-12,-0.020132891412706133,FLAT,0.39635592699050903,0.5284885168075562,False,0.017855021073301232,True,3
2020-05-12,2020-05-13,-0.017844129300901634,FLAT,0.47155138850212097,0.5284885168075562,False,0.01745433384384033,True,3
2020-05-13,2020-05-14,0.011896269895517233,FLAT,0.5803418159484863,0.5284885168075562,True,0.01723100161773964,True,3
2020-05-14,2020-05-15,0.004586432752557939,FLAT,0.6166385412216187,0.5284885168075562,True,0.017392323457283303,True,3
2020-05-15,2020-05-18,0.03000500773344127,UP,0.5826119184494019,0.5284885168075562,True,0.01635042054965535,True,3
2020-05-18,2020-05-19,-0.010324294894732978,FLAT,0.3011092245578766,0.5284885168075562,False,0.017099701558821602,True,3
2020-05-19,2020-05-20,0.016845334676130815,FLAT,0.4608737826347351,0.5284885168075562,False,0.01555130309731727,True,3
2020-05-20,2020-05-21,-0.006927885641062185,FLAT,0.3018074035644531,0.5284885168075562,False,0.015269209711487304,True,3
2020-05-21,2020-05-22,0.001897268327780096,FLAT,0.37654662132263184,0.5284885168075562,False,0.015420294609872912,True,3
2020-05-22,2020-05-26,0.012245272426979939,FLAT,0.334018349647522,0.5284885168075562,False,0.015197918978452771,True,3
2020-05-26,2020-05-27,0.014769397145406274,FLAT,0.2926424443721771,0.5284885168075562,False,0.015117583270028774,True,3
2020-05-27,2020-05-28,-0.0018466536446246286,FLAT,0.28788724541664124,0.5284885168075562,False,0.015288185085699794,True,3
2020-05-28,2020-05-29,0.004446008688818559,FLAT,0.3040062189102173,0.5284885168075562,False,0.014337028297492622,True,3
2020-05-29,2020-06-01,0.004033587965397369,FLAT,0.3140678107738495,0.5284885168075562,False,0.014110486076886941,True,3
2020-06-01,2020-06-02,0.008246054531519834,FLAT,0.3231268525123596,0.5284885168075562,False,0.012329124211119286,True,3
2020-06-02,2020-06-03,0.013220475147309174,FLAT,0.3047090172767639,0.5284885168075562,False,0.012364063809183692,True,3
2020-06-03,2020-06-04,-0.0026301691177292247,FLAT,0.29578810930252075,0.5284885168075562,False,0.012482755077407795,True,3
2020-06-04,2020-06-05,0.02530660249279807,UP,0.3287714123725891,0.5284885168075562,False,0.012320470713472906,True,3
2020-06-05,2020-06-08,0.01201500997240837,FLAT,0.28916409611701965,0.5284885168075562,False,0.0130797408322866,True,3
2020-06-08,2020-06-09,-0.0074846343424244625,FLAT,0.30752503871917725,0.5284885168075562,False,0.012917731890023522,True,3
2020-06-09,2020-06-10,-0.005595627288950511,FLAT,0.35781329870224,0.5284885168075562,False,0.013179761276520518,True,3
2020-06-10,2020-06-12,-0.04747287847905728,DOWN,0.36024606227874756,0.5284885168075562,False,0.012099621878637007,True,3
2020-06-12,2020-06-15,0.009292336713778283,FLAT,0.4379081130027771,0.5284885168075562,False,0.010864669229508326,False,3
2020-06-15,2020-06-16,0.019064798523327483,FLAT,0.6295574903488159,0.5284885168075562,True,0.010816261586589408,False,3
2020-06-16,2020-06-17,-0.004162497775089666,FLAT,0.3444117307662964,0.5284885168075562,False,0.011146802311064876,False,3
2020-06-17,2020-06-18,0.0003849452014608686,FLAT,0.5036540031433105,0.5284885168075562,False,0.010070162275922886,False,3
2020-06-18,2020-06-19,-0.010122210350604972,FLAT,0.5558996796607971,0.5284885168075562,True,0.009437203360762232,False,3
2020-06-19,2020-06-22,0.0063946878036367834,FLAT,0.5271214246749878,0.5284885168075562,False,0.009764722231176267,False,3
2020-06-22,2020-06-23,0.0045931078389241774,FLAT,0.6026707291603088,0.5284885168075562,True,0.009361262433148722,False,3
2020-06-23,2020-06-24,-0.025839694081199537,DOWN,0.43866392970085144,0.5284885168075562,False,0.009324949689595474,False,3
2020-06-24,2020-06-25,0.010663485031515948,FLAT,0.5582315325737,0.5284885168075562,True,0.011543540559231675,True,3
2020-06-25,2020-06-26,-0.024038096459339246,DOWN,0.6666132807731628,0.5284885168075562,True,0.011373436244546502,True,3
2020-06-26,2020-06-29,0.014590600813082581,FLAT,0.5625625848770142,0.5284885168075562,True,0.012910754834511122,True,3
2020-06-29,2020-06-30,0.012728196521442903,FLAT,0.6392547488212585,0.5284885168075562,True,0.013188164553727191,True,3
2020-06-30,2020-07-01,0.006980392070335714,FLAT,0.44521090388298035,0.5284885168075562,False,0.013366409513496264,True,3
2020-07-01,2020-07-02,0.005491854742917902,FLAT,0.4464840888977051,0.5284885168075562,False,0.01334537047821761,True,3
2020-07-02,2020-07-06,0.01531932074415112,FLAT,0.37995097041130066,0.5284885168075562,False,0.01315546674368817,True,3
2020-07-06,2020-07-07,-0.010367352129633484,FLAT,0.2906826436519623,0.5284885168075562,False,0.013363436766685194,True,3
2020-07-07,2020-07-08,0.007619548988834753,FLAT,0.5395789742469788,0.5284885168075562,True,0.012717374908784945,True,3
2020-07-08,2020-07-09,-0.0057091876716751115,FLAT,0.32257020473480225,0.5284885168075562,False,0.012574014000067944,True,3
2020-07-09,2020-07-10,0.010158770368597723,FLAT,0.45232415199279785,0.5284885168075562,False,0.012510595265015564,True,3
2020-07-10,2020-07-13,-0.008696669557654454,FLAT,0.3253065049648285,0.5284885168075562,False,0.012505825953741254,True,3
2020-07-13,2020-07-14,0.012875768095466747,FLAT,0.4325190782546997,0.5284885168075562,False,0.012560192454997132,True,3
2020-07-14,2020-07-15,0.009145287724412185,FLAT,0.40305095911026,0.5284885168075562,False,0.012698732457967142,True,3
2020-07-15,2020-07-16,-0.00329888738868124,FLAT,0.3002842962741852,0.5284885168075562,False,0.012175844723499436,True,3
2020-07-16,2020-07-17,0.002894875756376014,FLAT,0.37616875767707825,0.5284885168075562,False,0.01215659380108866,True,3
2020-07-17,2020-07-20,0.008049099456827503,FLAT,0.32855743169784546,0.5284885168075562,False,0.012158044075049107,True,3
2020-07-20,2020-07-21,0.002125275847297115,FLAT,0.3233191967010498,0.5284885168075562,False,0.011914902743513776,True,3
2020-07-21,2020-07-22,0.005675918714983156,FLAT,0.30565059185028076,0.5284885168075562,False,0.011879224963872542,True,3
2020-07-22,2020-07-23,-0.012003449762736863,FLAT,0.3116700053215027,0.5284885168075562,False,0.011892857065172922,True,3
2020-07-23,2020-07-24,-0.0064612134078021995,FLAT,0.4908643364906311,0.5284885168075562,False,0.01048815188041778,False,3
2020-07-24,2020-07-27,0.007265973018451793,FLAT,0.6007249355316162,0.5284885168075562,True,0.010529404167729885,False,3
2020-07-27,2020-07-28,-0.006362589928741833,FLAT,0.401217520236969,0.5284885168075562,False,0.008576613354315902,False,3
2020-07-28,2020-07-29,0.012223710163119286,FLAT,0.5270636677742004,0.5284885168075562,False,0.008457669257088136,False,3
2020-07-29,2020-07-30,-0.003574304927252317,FLAT,0.31509754061698914,0.5284885168075562,False,0.008426793458223693,False,3
2020-07-30,2020-07-31,0.007871143932114598,FLAT,0.5398718118667603,0.5284885168075562,True,0.008471463157319652,False,3
2020-07-31,2020-08-03,0.006928106146781003,FLAT,0.30507180094718933,0.5284885168075562,False,0.00853777363906133,False,3
2020-08-03,2020-08-04,0.0038551736353535687,FLAT,0.2947777509689331,0.5284885168075562,False,0.008053524872230227,False,3
2020-08-04,2020-08-05,0.00619174651583392,FLAT,0.28866899013519287,0.5284885168075562,False,0.0075319652273697505,False,3
2020-08-05,2020-08-06,0.006662293756877345,FLAT,0.2620459198951721,0.5284885168075562,False,0.007487814420061029,False,3
2020-08-06,2020-08-07,0.0007176581385700891,FLAT,0.26094380021095276,0.5284885168075562,False,0.007285916954142774,False,3
2020-08-07,2020-08-10,0.002984453160198847,FLAT,0.270417720079422,0.5284885168075562,False,0.007106528625062715,False,3
2020-08-10,2020-08-11,-0.008288928022774745,FLAT,0.2699117660522461,0.5284885168075562,False,0.006590118884314293,False,3
2020-08-11,2020-08-12,0.013846051698275444,UP,0.40905117988586426,0.5284885168075562,False,0.006651656936321944,False,3
2020-08-12,2020-08-13,-0.0018094117950114884,FLAT,0.27961620688438416,0.5284885168075562,False,0.006987177637132553,False,3
2020-08-13,2020-08-14,2.9717119300824814e-05,FLAT,0.34502121806144714,0.5284885168075562,False,0.006931344626029718,False,3
2020-08-14,2020-08-17,0.003171569384628661,FLAT,0.3608379065990448,0.5284885168075562,False,0.006951020035780738,False,3
2020-08-17,2020-08-18,0.0021580407948689,FLAT,0.3124191164970398,0.5284885168075562,False,0.006822945025841068,False,3
2020-08-18,2020-08-19,-0.004172416749373015,FLAT,0.2972688674926758,0.5284885168075562,False,0.006822967367153118,False,3
2020-08-19,2020-08-20,0.003108728585502381,FLAT,0.4262426793575287,0.5284885168075562,False,0.006902733661930689,False,3
2020-08-20,2020-08-21,0.0035411161582373403,FLAT,0.4953813850879669,0.5284885168075562,False,0.0061227317779549316,False,3
2020-08-21,2020-08-24,0.010082155503900299,UP,0.36312997341156006,0.5284885168075562,False,0.005766065161419114,False,3
2020-08-24,2020-08-25,0.0034931965962736824,FLAT,0.2705366909503937,0.5284885168075562,False,0.005912934152589476,False,3
2020-08-25,2020-08-26,0.009975685076455696,UP,0.2850640118122101,0.5284885168075562,False,0.005490878908393853,False,3
2020-08-26,2020-08-27,0.002184163117804633,FLAT,0.2552248239517212,0.5284885168075562,False,0.005322265141247701,False,3
2020-08-27,2020-08-28,0.006438619734780553,FLAT,0.26144567131996155,0.5284885168075562,False,0.005078801249179896,False,3
2020-08-28,2020-08-31,-0.003629114393204243,FLAT,0.27920985221862793,0.5284885168075562,False,0.0050256115848476,False,3
2020-08-31,2020-09-01,0.009374514174085585,UP,0.32222065329551697,0.5284885168075562,False,0.005203931534622834,False,3
2020-09-01,2020-09-02,0.014360393117624624,UP,0.281878262758255,0.5284885168075562,False,0.005393069620366739,False,3
2020-09-02,2020-09-03,-0.03502042462644392,DOWN,0.2726418375968933,0.5284885168075562,False,0.005908084012652135,False,3
2020-09-03,2020-09-04,-0.008198218003101077,FLAT,0.5017363429069519,0.5284885168075562,False,0.01043218631249859,False,3
2020-09-04,2020-09-08,-0.027703141558992693,DOWN,0.6552395224571228,0.5284885168075562,True,0.010661090640657078,False,3
2020-09-08,2020-09-09,0.019554908673632087,UP,0.5829089879989624,0.5284885168075562,True,0.012446735649209955,True,3
2020-09-09,2020-09-10,-0.017516163589897774,DOWN,0.5702986121177673,0.5284885168075562,True,0.013054700418822653,True,3
2020-09-10,2020-09-11,0.0005089689668963855,FLAT,0.5805856585502625,0.5284885168075562,True,0.013316377304808938,True,3
2020-09-11,2020-09-14,0.013085281479949857,UP,0.6160377264022827,0.5284885168075562,True,0.013314733545797215,True,3
2020-09-14,2020-09-15,0.005039640391992443,FLAT,0.5807302594184875,0.5284885168075562,True,0.013653306279094442,True,3
2020-09-15,2020-09-16,-0.003976517595813861,FLAT,0.5987022519111633,0.5284885168075562,True,0.013680779906874094,True,3
2020-09-16,2020-09-17,-0.008834169361647914,DOWN,0.5952087044715881,0.5284885168075562,True,0.01370646064708112,True,3
2020-09-17,2020-09-18,-0.015574449506466947,DOWN,0.6496533751487732,0.5284885168075562,True,0.013820786803991188,True,3
