target_date,outer_fold,actual_direction,stage1_move_probability,stage1_predicted_move,baseline_binary_up_score,baseline_prediction,candidate_down_probability,candidate_flat_probability,candidate_up_probability,candidate_prediction
2010-11-23,1,DOWN,0.5720929503440857,True,0.6192055940628052,UP,0.9156933426856995,0.08230962604284286,0.001997022656723857,DOWN
2010-11-24,1,UP,0.5107881426811218,True,0.7197080850601196,UP,0.001179355662316084,0.9988166093826294,4.0084323700284585e-06,FLAT
2010-11-26,1,DOWN,0.4370574355125427,False,0.05222691595554352,FLAT,0.27090150117874146,0.2970196604728699,0.4320788085460663,FLAT
2010-11-29,1,FLAT,0.5810977220535278,True,0.9997995495796204,UP,0.0007901731878519058,0.9883087873458862,0.010901077650487423,FLAT
2010-11-30,1,FLAT,0.4354255199432373,False,0.9743366837501526,FLAT,0.001417483203113079,0.0005686557269655168,0.9980138540267944,FLAT
2010-12-01,1,UP,0.505529522895813,True,0.87420654296875,UP,0.03235511854290962,0.7075306177139282,0.26011425256729126,FLAT
2010-12-02,1,UP,0.2968830466270447,False,0.7500211596488953,FLAT,0.005145516246557236,0.9366375207901001,0.05821693688631058,FLAT
2010-12-03,1,FLAT,0.25796374678611755,False,0.8516440391540527,FLAT,0.008415265008807182,0.9754326939582825,0.016152041032910347,FLAT
2010-12-06,1,FLAT,0.278961718082428,False,0.9069469571113586,FLAT,7.448281394317746e-06,0.9992547631263733,0.0007377386791631579,FLAT
2010-12-07,1,FLAT,0.4111776351928711,False,0.013440217822790146,FLAT,0.007749874610453844,0.992201566696167,4.858095780946314e-05,FLAT
2010-12-08,1,FLAT,0.3264368772506714,False,0.40486910939216614,FLAT,0.000554565922357142,0.9968336224555969,0.002611878328025341,FLAT
2010-12-09,1,FLAT,0.4508973956108093,False,0.003447465132921934,FLAT,0.5612169504165649,0.390182226896286,0.04860079661011696,FLAT
2010-12-10,1,FLAT,0.3732759654521942,False,0.9500990509986877,FLAT,1.304351280850824e-05,0.9999688863754272,1.8029631974059157e-05,FLAT
2010-12-13,1,FLAT,0.4101058542728424,False,0.062404241412878036,FLAT,0.0007912892033345997,0.9979565143585205,0.001252174493856728,FLAT
2010-12-14,1,FLAT,0.38536643981933594,False,0.04059602692723274,FLAT,0.0010667952010408044,0.9976372718811035,0.0012959263985976577,FLAT
2010-12-15,1,FLAT,0.44860148429870605,False,0.05130439251661301,FLAT,0.23105518519878387,0.7531442046165466,0.01580066978931427,FLAT
2010-12-16,1,FLAT,0.5055224895477295,True,0.7059454321861267,UP,0.010558410547673702,0.9883555173873901,0.0010860691545531154,FLAT
2010-12-17,1,FLAT,0.4680907428264618,True,0.7432264089584351,UP,2.469597166054882e-05,0.9999715089797974,3.820730853476562e-06,FLAT
2010-12-20,1,FLAT,0.5672352910041809,True,0.9959056377410889,UP,6.53840288578067e-07,0.9999556541442871,4.370707392808981e-05,FLAT
2010-12-21,1,UP,0.5054328441619873,True,0.8475766181945801,UP,0.12429700046777725,0.874972403049469,0.0007305798935703933,FLAT
2010-12-22,1,FLAT,0.4428500533103943,False,0.03193526342511177,FLAT,0.009854210540652275,0.9889350533485413,0.0012107680086046457,FLAT
2010-12-23,1,FLAT,0.44015732407569885,False,0.9994277358055115,FLAT,1.1962649750785204e-06,0.9999574422836304,4.132478716201149e-05,FLAT
2010-12-27,1,FLAT,0.49574869871139526,True,0.9776455163955688,UP,0.0008951611234806478,0.9990907907485962,1.41049713420216e-05,FLAT
2010-12-28,1,FLAT,0.5001209378242493,True,0.9880878329277039,UP,0.002421531593427062,0.9728202819824219,0.02475815825164318,FLAT
2010-12-29,1,FLAT,0.42636972665786743,False,0.9894235730171204,FLAT,3.982095586252399e-05,0.9980560541152954,0.0019042001804336905,FLAT
2010-12-30,1,FLAT,0.40984299778938293,False,0.9380865097045898,FLAT,0.00015342066762968898,0.9922385811805725,0.0076079885475337505,FLAT
2010-12-31,1,FLAT,0.43477392196655273,False,0.6506807208061218,FLAT,0.0013555630575865507,0.8728110790252686,0.12583333253860474,FLAT
2011-01-03,1,UP,0.4489274322986603,False,0.9249404668807983,FLAT,0.007429888471961021,0.272685706615448,0.7198843955993652,FLAT
2011-01-04,1,FLAT,0.3129628896713257,False,0.434502512216568,FLAT,0.00010955933248624206,0.9574883580207825,0.04240208491683006,FLAT
2011-01-05,1,FLAT,0.39649713039398193,False,0.010571291670203209,FLAT,0.1720111072063446,0.6086626052856445,0.21932630240917206,FLAT
2011-01-06,1,FLAT,0.4273953437805176,False,0.8557450175285339,FLAT,0.00335901346988976,0.19220604002475739,0.8044349551200867,FLAT
2011-01-07,1,FLAT,0.4352269470691681,False,0.07402816414833069,FLAT,0.15908163785934448,0.822939932346344,0.017978431656956673,FLAT
2011-01-10,1,FLAT,0.4380597770214081,False,0.0016390590462833643,FLAT,0.9775137901306152,0.002424641977995634,0.02006160281598568,FLAT
2011-01-11,1,FLAT,0.5413500070571899,True,0.9107739925384521,UP,0.11430686712265015,0.8286298513412476,0.05706329643726349,FLAT
2011-01-12,1,UP,0.44049060344696045,False,0.6095890998840332,FLAT,0.009099393151700497,0.8322692513465881,0.15863141417503357,FLAT
2011-01-13,1,FLAT,0.38552284240722656,False,0.37857869267463684,FLAT,7.101212395355105e-05,0.9711893200874329,0.028739700093865395,FLAT
2011-01-14,1,UP,0.4520164132118225,False,0.41521069407463074,FLAT,0.006250886712223291,0.9908339381217957,0.002915208227932453,FLAT
2011-01-18,1,FLAT,0.4710076153278351,True,0.9578909277915955,UP,0.003922947216778994,0.21548829972743988,0.7805887460708618,UP
2011-01-19,1,DOWN,0.4455415904521942,False,0.6969825029373169,FLAT,0.0010387508664280176,0.9756510853767395,0.023310180753469467,FLAT
2011-01-20,1,FLAT,0.5361948013305664,True,0.015159127302467823,DOWN,0.33281591534614563,0.2907165586948395,0.3764674663543701,UP
2011-01-21,1,FLAT,0.5474879145622253,True,0.0312921367585659,DOWN,0.9906418919563293,0.006516330875456333,0.002841806039214134,DOWN
2011-01-24,1,UP,0.4664408564567566,True,0.230704203248024,DOWN,0.09836979955434799,0.04623938351869583,0.8553907871246338,UP
2011-01-25,1,FLAT,0.4857614040374756,True,0.0005766524118371308,DOWN,0.568152666091919,0.4050970673561096,0.026750247925519943,DOWN
2011-01-26,1,FLAT,0.4797835648059845,True,0.0281677208840847,DOWN,0.009030918590724468,0.9079495072364807,0.08301959931850433,FLAT
2011-01-27,1,FLAT,0.45327630639076233,False,0.0032541598193347454,FLAT,0.07793127745389938,0.9187209010124207,0.0033478704281151295,FLAT
2011-01-28,1,DOWN,0.46835190057754517,True,0.3054031431674957,DOWN,0.0009113225387409329,0.9983824491500854,0.0007062711520120502,FLAT
2011-01-31,1,UP,0.523969292640686,True,0.9457868337631226,UP,0.20880305767059326,0.003707133000716567,0.7874897718429565,UP
2011-02-01,1,UP,0.5935171246528625,True,0.00890264566987753,DOWN,0.7452986836433411,0.24985520541667938,0.004846121184527874,DOWN
2011-02-02,1,FLAT,0.3075512945652008,False,0.8545340895652771,FLAT,0.0038932880852371454,0.9724587202072144,0.023648032918572426,FLAT
2011-02-03,1,FLAT,0.45967769622802734,False,0.8548895716667175,FLAT,0.0005215988494455814,0.9662983417510986,0.03318004682660103,FLAT
2011-02-04,1,FLAT,0.4313792288303375,False,0.9996802806854248,FLAT,2.0678475266322494e-05,0.9738823771476746,0.026096975430846214,FLAT
2011-02-07,1,UP,0.43243634700775146,False,0.9971035122871399,FLAT,0.0005907738814130425,0.8822520971298218,0.11715714633464813,FLAT
2011-02-08,1,FLAT,0.4217405915260315,False,0.9491130709648132,FLAT,0.38711467385292053,0.23340220749378204,0.379483163356781,FLAT
2011-02-09,1,FLAT,0.4196656346321106,False,0.9944747090339661,FLAT,0.00028763856971636415,0.9870525002479553,0.012659883126616478,FLAT
2011-02-10,1,FLAT,0.44002705812454224,False,0.6685910224914551,FLAT,0.06138722226023674,0.9058641195297241,0.032748643308877945,FLAT
2011-02-11,1,UP,0.4802088141441345,True,0.9920814037322998,UP,0.17745593190193176,0.7536109089851379,0.06893312186002731,FLAT
2011-02-14,1,FLAT,0.47472867369651794,True,0.9976262450218201,UP,0.0010868686949834228,0.758047878742218,0.24086527526378632,FLAT
2011-02-15,1,FLAT,0.4705647826194763,True,0.0017633293755352497,DOWN,0.09077292680740356,0.9044549465179443,0.004772150423377752,FLAT
2011-02-16,1,UP,0.48098915815353394,True,0.9993932247161865,UP,0.0002723181387409568,0.9890618920326233,0.010665733367204666,FLAT
2011-02-17,1,FLAT,0.4209424555301666,False,0.791520893573761,FLAT,0.027153901755809784,0.9649660587310791,0.007880089804530144,FLAT
2011-02-18,1,FLAT,0.4719107151031494,True,0.9598907232284546,UP,5.0274964451091364e-05,0.9885016679763794,0.01144811324775219,FLAT
2011-02-22,1,DOWN,0.41194695234298706,False,0.9843743443489075,FLAT,2.8702309009531746e-06,0.9998396635055542,0.00015743340190965682,FLAT
2011-02-23,1,DOWN,0.5379680395126343,True,0.4636738896369934,UP,0.1530369371175766,0.025645604357123375,0.8213174343109131,UP
2011-02-24,1,FLAT,0.6070374250411987,True,0.4905034601688385,UP,0.7101230025291443,0.011412122286856174,0.2784648835659027,DOWN
2011-02-25,1,UP,0.5750836133956909,True,0.0052782087586820126,DOWN,0.938251256942749,0.009071088396012783,0.05267767235636711,DOWN
2011-02-28,1,UP,0.4776903986930847,True,6.274375482462347e-05,DOWN,0.0009066444472409785,0.9892776012420654,0.009815813042223454,FLAT
2011-03-01,1,DOWN,0.408089816570282,False,0.9853518605232239,FLAT,0.0003614475717768073,0.9487563967704773,0.050882115960121155,FLAT
2011-03-02,1,FLAT,0.5004307627677917,True,0.7600358128547668,UP,0.788261353969574,0.0031393838580697775,0.2085992693901062,DOWN
2011-03-03,1,UP,0.6260282397270203,True,0.9539902806282043,UP,0.17653535306453705,0.16606348752975464,0.6574012041091919,UP
2011-03-04,1,DOWN,0.26236972212791443,False,0.21422997117042542,FLAT,0.1888365000486374,0.6086515784263611,0.20251193642616272,FLAT
2011-03-07,1,DOWN,0.5096223950386047,True,0.37349438667297363,UP,0.9154810905456543,0.05674171447753906,0.027777204290032387,DOWN
2011-03-08,1,UP,0.5866193771362305,True,0.23270265758037567,DOWN,0.5177269577980042,0.005392222665250301,0.476880818605423,DOWN
2011-03-09,1,FLAT,0.4611193537712097,False,0.9897772669792175,FLAT,0.007734134327620268,0.010874660685658455,0.981391191482544,FLAT
2011-03-10,1,DOWN,0.517724871635437,True,0.3336351215839386,UP,0.9761539101600647,0.0013026087544858456,0.02254348434507847,DOWN
2011-03-11,1,UP,0.49523264169692993,True,0.0017321776831522584,DOWN,0.32964426279067993,0.620780885219574,0.04957491159439087,FLAT
2011-03-14,1,DOWN,0.6084002256393433,True,0.5062980055809021,UP,0.6602840423583984,0.3216925859451294,0.018023358657956123,DOWN
2011-03-15,1,DOWN,0.5770019888877869,True,0.9918373227119446,UP,0.8040981888771057,0.014062405563890934,0.18183939158916473,DOWN
2011-03-16,1,DOWN,0.521277666091919,True,0.8976181745529175,UP,0.13899847865104675,0.7505821585655212,0.11041940003633499,FLAT
2011-03-17,1,UP,0.5730652809143066,True,0.9989655017852783,UP,0.0032426994293928146,0.8511180281639099,0.14563924074172974,FLAT
2011-03-18,1,FLAT,0.4535329043865204,False,0.0007318394491448998,FLAT,0.05326325446367264,0.9370661973953247,0.009670593775808811,FLAT
2011-03-21,1,UP,0.49818721413612366,True,0.022412847727537155,DOWN,0.741122841835022,0.120885469019413,0.13799169659614563,DOWN
2011-03-22,1,FLAT,0.3588358759880066,False,0.02372526191174984,FLAT,0.001742915716022253,0.9960979223251343,0.0021591077093034983,FLAT
2011-03-23,1,FLAT,0.613034725189209,True,0.1738678514957428,DOWN,0.3765615224838257,0.5676153898239136,0.05582304671406746,FLAT
2011-03-24,1,UP,0.6094458103179932,True,0.9990158081054688,UP,0.04582066833972931,0.9262082576751709,0.027971118688583374,FLAT
2011-03-25,1,FLAT,0.499382346868515,True,0.9985383749008179,UP,0.1784099042415619,0.06384751945734024,0.7577425837516785,UP
2011-03-28,1,FLAT,0.5004132390022278,True,0.9945928454399109,UP,0.19322936236858368,0.08872326463460922,0.7180473804473877,UP
2011-03-29,1,UP,0.47623005509376526,True,0.0061575016006827354,DOWN,0.015172531828284264,0.9785959720611572,0.006231449078768492,FLAT
2011-03-30,1,UP,0.34587517380714417,False,0.9963058233261108,FLAT,0.003285282291471958,0.43271222710609436,0.5640024542808533,FLAT
2011-03-31,1,FLAT,0.3714642822742462,False,0.567646861076355,FLAT,8.171579975169152e-05,0.9999148845672607,3.39574853569502e-06,FLAT
2011-04-01,1,FLAT,0.26538893580436707,False,0.001114029553718865,FLAT,0.2600359320640564,0.7322692275047302,0.007694821804761887,FLAT
2011-04-04,1,FLAT,0.2566044330596924,False,0.8130348920822144,FLAT,9.622862853575498e-05,0.9998944997787476,9.290484740631655e-06,FLAT
2011-04-05,1,FLAT,0.4026229679584503,False,0.017262309789657593,FLAT,0.17594198882579803,0.8203586935997009,0.003699352964758873,FLAT
2011-04-06,1,FLAT,0.4586937725543976,False,0.9489277005195618,FLAT,0.03131299465894699,0.9675842523574829,0.0011027539148926735,FLAT
2011-04-07,1,FLAT,0.40041109919548035,False,0.6499107480049133,FLAT,0.0017982067074626684,0.9981591105461121,4.264074232196435e-05,FLAT
2011-04-08,1,FLAT,0.48522379994392395,True,0.8882980346679688,UP,0.0025264685973525047,0.9944313168525696,0.003042209427803755,FLAT
2011-04-11,1,FLAT,0.5408772230148315,True,0.8174204230308533,UP,0.009698777459561825,0.3788539469242096,0.611447274684906,UP
2011-04-12,1,DOWN,0.5296728014945984,True,0.054301004856824875,DOWN,0.1276765912771225,0.06354953348636627,0.8087738752365112,UP
2011-04-13,1,FLAT,0.6360266804695129,True,0.8627268671989441,UP,0.711615264415741,0.2334972620010376,0.05488748103380203,DOWN
2011-04-14,1,FLAT,0.6117905974388123,True,0.6610324382781982,UP,0.9283327460289001,0.0009000124409794807,0.07076721638441086,DOWN
2011-04-15,1,FLAT,0.6290677189826965,True,0.9961426854133606,UP,0.38794082403182983,0.04814337193965912,0.5639157891273499,UP
2011-04-18,1,DOWN,0.5432449579238892,True,0.9533286690711975,UP,0.004889574367552996,0.9944000840187073,0.0007103803218342364,FLAT
2011-04-19,1,UP,0.6831759810447693,True,0.9992172718048096,UP,0.07098998874425888,0.744680643081665,0.1843293309211731,FLAT
2011-04-20,1,UP,0.5226481556892395,True,0.9244807362556458,UP,0.008040674030780792,0.8165135383605957,0.17544573545455933,FLAT
2011-04-21,1,FLAT,0.3224572539329529,False,0.012319589033722878,FLAT,0.5041491389274597,0.49541035294532776,0.0004404863575473428,FLAT
2011-04-25,1,FLAT,0.2782318890094757,False,0.07507631182670593,FLAT,0.0014836189802736044,0.997769832611084,0.0007465865346603096,FLAT
2011-04-26,1,UP,0.35777801275253296,False,0.05682443082332611,FLAT,0.16891440749168396,0.8149914741516113,0.01609412208199501,FLAT
2011-04-27,1,UP,0.2784113883972168,False,0.9783274531364441,FLAT,6.51911468594335e-05,0.9995513558387756,0.0003834146191366017,FLAT
2011-04-28,1,FLAT,0.25520390272140503,False,0.8580302000045776,FLAT,0.012239629402756691,0.8602790236473083,0.12748141586780548,FLAT
2011-04-29,1,FLAT,0.2851238548755646,False,0.9869194626808167,FLAT,1.042156418407103e-05,0.9995428323745728,0.0004468207189347595,FLAT
2011-05-02,1,FLAT,0.33332011103630066,False,0.2959774136543274,FLAT,0.05562341585755348,0.9395768642425537,0.004799724090844393,FLAT
2011-05-03,1,FLAT,0.35095319151878357,False,0.0034875068813562393,FLAT,0.9834234714508057,0.016403712332248688,0.00017283501802012324,FLAT
2011-05-04,1,DOWN,0.4529690444469452,False,0.062130268663167953,FLAT,0.7219549417495728,0.24839544296264648,0.029649632051587105,FLAT
2011-05-05,1,DOWN,0.4983023703098297,True,0.10401889681816101,DOWN,0.8534199595451355,0.04382026940584183,0.10275975614786148,DOWN
2011-05-06,1,FLAT,0.5815579295158386,True,0.895980954170227,UP,0.44533026218414307,0.41562071442604065,0.1390489786863327,DOWN
2011-05-09,1,FLAT,0.4075205326080322,False,0.9782236218452454,FLAT,0.0028208689764142036,0.0042124162428081036,0.9929667711257935,FLAT
2011-05-10,1,UP,0.5521739721298218,True,0.0055768489837646484,DOWN,0.666273295879364,0.33329787850379944,0.0004288292839191854,DOWN
2011-05-11,1,DOWN,0.40322014689445496,False,0.12458065897226334,FLAT,0.00029721198370680213,0.9989250302314758,0.0007777817663736641,FLAT
2011-05-12,1,FLAT,0.5300261378288269,True,0.9545235633850098,UP,0.9594758152961731,0.005439292639493942,0.03508481755852699,DOWN
2011-05-13,1,DOWN,0.49585622549057007,True,0.9991312623023987,UP,0.8564821481704712,0.0014959544641897082,0.14202190935611725,DOWN
2011-05-16,1,DOWN,0.6454144716262817,True,0.9915662407875061,UP,0.5418043732643127,5.3243114962242544e-05,0.45814236998558044,DOWN
2011-05-17,1,FLAT,0.6866773366928101,True,0.3913958966732025,UP,0.7997722029685974,0.013532726094126701,0.1866951286792755,DOWN
2011-05-18,1,UP,0.6279253363609314,True,0.1511542946100235,DOWN,0.9794098138809204,0.01968088373541832,0.0009092579712159932,DOWN
2011-05-19,1,FLAT,0.4850512146949768,True,0.11754406243562698,DOWN,0.8186764717102051,0.0875583365559578,0.09376516193151474,DOWN
2011-05-20,1,DOWN,0.455453485250473,False,0.7108778357505798,FLAT,0.17601405084133148,0.47879520058631897,0.34519070386886597,FLAT
2011-05-23,1,DOWN,0.616585910320282,True,0.9596076607704163,UP,0.2725889980792999,0.41066470742225647,0.3167462944984436,FLAT
2011-05-24,1,FLAT,0.6777817606925964,True,0.5131641030311584,UP,0.0724005177617073,0.6722181439399719,0.25538137555122375,FLAT
2011-05-25,1,FLAT,0.6428839564323425,True,0.003356396686285734,DOWN,0.9053328633308411,0.004746892023831606,0.0899202898144722,DOWN
2011-05-26,1,FLAT,0.6304502487182617,True,0.9797517657279968,UP,0.6067630052566528,0.2513231039047241,0.14191384613513947,DOWN
2011-05-27,1,FLAT,0.605559766292572,True,0.7035056352615356,UP,0.017875894904136658,0.9816794395446777,0.0004446501552592963,FLAT
2011-05-31,1,UP,0.4966350495815277,True,0.9980242252349854,UP,0.13900092244148254,0.3831626772880554,0.4778364300727844,UP
2011-06-01,1,DOWN,0.40432727336883545,False,0.9996299743652344,FLAT,0.0006203579250723124,0.8755373358726501,0.12384230643510818,FLAT
2011-06-02,1,FLAT,0.5444729328155518,True,0.14899462461471558,DOWN,0.8566617965698242,0.1196042150259018,0.02373393066227436,DOWN
2011-06-03,1,DOWN,0.6076681017875671,True,0.8952372074127197,UP,0.4056391417980194,0.03453463688492775,0.5598261952400208,UP
2011-06-06,1,DOWN,0.6439439654350281,True,0.10069055110216141,DOWN,0.40746229887008667,0.01594921387732029,0.5765884518623352,UP
2011-06-07,1,FLAT,0.6436347961425781,True,0.2209714949131012,DOWN,0.11605847626924515,0.16503937542438507,0.7189021110534668,UP
2011-06-08,1,FLAT,0.6061339378356934,True,0.24991822242736816,DOWN,0.022253746166825294,0.9549863934516907,0.02275989204645157,FLAT
2011-06-09,1,UP,0.6235718727111816,True,0.18940691649913788,DOWN,0.9552270174026489,0.042000576853752136,0.0027723421808332205,DOWN
2011-06-10,1,DOWN,0.623182475566864,True,0.9985867738723755,UP,0.03417935222387314,0.941289484500885,0.024531187489628792,FLAT
2011-06-13,1,FLAT,0.6219533681869507,True,0.8808548450469971,UP,0.01794362999498844,0.9697062969207764,0.012350043281912804,FLAT
2011-06-14,1,UP,0.6715174913406372,True,0.2079874873161316,DOWN,0.9970743656158447,0.0020492388866841793,0.0008764109807088971,DOWN
2011-06-15,1,DOWN,0.5689196586608887,True,0.06766227632761002,DOWN,0.06816026568412781,0.9260588884353638,0.005780814681202173,FLAT
2011-06-16,1,FLAT,0.6208139657974243,True,0.7900087237358093,UP,0.6419437527656555,0.35043925046920776,0.007617012597620487,DOWN
2011-06-17,1,FLAT,0.6091025471687317,True,0.34294557571411133,UP,0.9903947710990906,0.009187544696033001,0.0004177048394922167,DOWN
2011-06-20,1,FLAT,0.5939629077911377,True,0.10885956138372421,DOWN,0.37770795822143555,0.493348091840744,0.12894394993782043,FLAT
2011-06-21,1,UP,0.5772362947463989,True,0.995610773563385,UP,0.0514519028365612,0.8897863626480103,0.05876171216368675,FLAT
2011-06-22,1,DOWN,0.5780854821205139,True,0.4148837625980377,UP,0.9801408648490906,0.019449418410658836,0.00040978711331263185,DOWN
2011-06-23,1,FLAT,0.675372302532196,True,0.19694796204566956,DOWN,0.28234875202178955,0.6390670537948608,0.0785842090845108,FLAT
2011-06-24,1,DOWN,0.6542640924453735,True,0.06515759229660034,DOWN,0.9912266135215759,0.00600476423278451,0.0027686753310263157,DOWN
2011-06-27,1,UP,0.7026880383491516,True,0.38789287209510803,UP,0.8678020238876343,0.11999790370464325,0.012200143188238144,DOWN
2011-06-28,1,UP,0.5622148513793945,True,0.9982542395591736,UP,0.007689610589295626,0.40598011016845703,0.586330235004425,UP
2011-06-29,1,UP,0.52333664894104,True,0.6736757755279541,UP,0.7475385665893555,0.05656779557466507,0.19589360058307648,DOWN
2011-06-30,1,UP,0.4824341833591461,True,0.9973024129867554,UP,0.45861104130744934,0.5294991135597229,0.011889832094311714,FLAT
2011-07-01,1,UP,0.36169442534446716,False,0.7531275749206543,FLAT,0.13103869557380676,0.6594078540802002,0.20955343544483185,FLAT
2011-07-05,1,FLAT,0.25218725204467773,False,0.9877884984016418,FLAT,0.004063317086547613,0.5462701320648193,0.4496665298938751,FLAT
2011-07-06,1,FLAT,0.2883734405040741,False,0.17812980711460114,FLAT,0.15834452211856842,0.7914878129959106,0.05016770213842392,FLAT
2011-07-07,1,UP,0.3770860433578491,False,0.9872273206710815,FLAT,0.010687841102480888,0.9664467573165894,0.022865410894155502,FLAT
2011-07-08,1,DOWN,0.30588507652282715,False,0.7787429094314575,FLAT,7.979524525580928e-05,0.9995309114456177,0.0003892707754857838,FLAT
2011-07-11,1,DOWN,0.49289587140083313,True,0.0731939747929573,DOWN,0.10311634093523026,0.8603973984718323,0.03648628666996956,FLAT
2011-07-12,1,FLAT,0.49465298652648926,True,0.0057265800423920155,DOWN,0.9828830361366272,0.002273986116051674,0.01484293770045042,DOWN
2011-07-13,1,FLAT,0.6004229784011841,True,0.9115241169929504,UP,0.7170587182044983,0.047624606639146805,0.2353166788816452,DOWN
2011-07-14,1,DOWN,0.5137916803359985,True,0.7523291110992432,UP,0.4434654116630554,0.021599648520350456,0.5349349975585938,UP
2011-07-15,1,FLAT,0.5814165472984314,True,0.0408468097448349,DOWN,0.06283162534236908,0.9145915508270264,0.022576799616217613,FLAT
2011-07-18,1,DOWN,0.4437181055545807,False,0.002622696803882718,FLAT,0.09696550667285919,0.8980326056480408,0.005001896992325783,FLAT
2011-07-19,1,UP,0.6398363709449768,True,0.9726608991622925,UP,0.2165296971797943,0.04738346114754677,0.7360867857933044,UP
2011-07-20,1,FLAT,0.3991488814353943,False,0.32700201869010925,FLAT,0.0049414318054914474,0.751318633556366,0.24373993277549744,FLAT
2011-07-21,1,UP,0.5085452198982239,True,0.4176505506038666,UP,0.9471298456192017,0.027835503220558167,0.025034649297595024,DOWN
2011-07-22,1,FLAT,0.3459155261516571,False,0.8840972185134888,FLAT,0.00019403878832235932,0.9982605576515198,0.001545438775792718,FLAT
2011-07-25,1,FLAT,0.374099999666214,False,0.005444005597382784,FLAT,0.27622565627098083,0.7190895080566406,0.004684763494879007,FLAT
2011-07-26,1,FLAT,0.429837703704834,False,0.9936164617538452,FLAT,0.060425348579883575,0.061691172420978546,0.8778834939002991,FLAT
2011-07-27,1,DOWN,0.4096619486808777,False,0.8205922245979309,FLAT,0.7967599034309387,0.003294321009889245,0.19994574785232544,FLAT
2011-07-28,1,FLAT,0.42173251509666443,False,0.10844400525093079,FLAT,0.9410921335220337,0.013496150262653828,0.04541177675127983,FLAT
2011-07-29,1,DOWN,0.6605191230773926,True,0.9783586859703064,UP,0.9354143738746643,0.0035425820387899876,0.061043087393045425,DOWN
2011-08-01,1,FLAT,0.5745212435722351,True,0.9718889594078064,UP,0.43042415380477905,0.18685707449913025,0.3827187716960907,DOWN
2011-08-02,1,DOWN,0.5256575345993042,True,0.5152834057807922,UP,0.0013190947938710451,0.00017863519315142184,0.998502254486084,UP
2011-08-03,1,FLAT,0.47544121742248535,True,0.4872671365737915,UP,0.11665857583284378,0.004703762009739876,0.8786376714706421,UP
2011-08-04,1,DOWN,0.5741523504257202,True,0.045519787818193436,DOWN,0.8247731924057007,0.13246634602546692,0.04276048019528389,DOWN
2011-08-05,1,FLAT,0.4631141722202301,True,0.9078502655029297,UP,0.0006539470050483942,0.001491397270001471,0.9978546500205994,UP
2011-08-08,1,DOWN,0.6656140685081482,True,0.31229937076568604,DOWN,0.11944936215877533,0.8761661052703857,0.004384560976177454,FLAT
2011-08-09,1,UP,0.6704707741737366,True,0.9926794767379761,UP,0.028736183419823647,6.714774826832581e-06,0.9712571501731873,UP
2011-08-10,1,DOWN,0.39662259817123413,False,3.094803469139151e-05,FLAT,0.8786494731903076,0.04567154496908188,0.07567901164293289,FLAT
2011-08-11,1,UP,0.7293128371238708,True,0.8920808434486389,UP,0.08537577092647552,0.1422668993473053,0.7723573446273804,UP
2011-08-12,1,FLAT,0.5998019576072693,True,0.09390690922737122,DOWN,0.1468946784734726,0.8449092507362366,0.008196023292839527,FLAT
2011-08-15,1,UP,0.6389290690422058,True,0.15127484500408173,DOWN,0.5166741609573364,0.272439181804657,0.21088667213916779,DOWN
2011-08-16,1,FLAT,0.5062453150749207,True,0.0036397180519998074,DOWN,0.6160639524459839,0.375385046005249,0.008550997823476791,DOWN
2011-08-17,1,FLAT,0.6863303184509277,True,0.08462759107351303,DOWN,0.9913460612297058,0.007639651652425528,0.001014283625409007,DOWN
2011-08-18,1,DOWN,0.6925610303878784,True,0.8150964975357056,UP,0.004461610224097967,0.03006700798869133,0.9654713869094849,UP
2011-08-19,1,DOWN,0.7926158905029297,True,0.005867154337465763,DOWN,0.7132577896118164,0.2862042188644409,0.0005379699287004769,DOWN
2011-08-22,1,FLAT,0.7298910021781921,True,0.006663150154054165,DOWN,0.8487107753753662,0.15092165768146515,0.00036756182089447975,DOWN
2011-08-23,1,UP,0.7253613471984863,True,0.0005727973766624928,DOWN,0.9670115113258362,0.004838904365897179,0.028149623423814774,DOWN
2011-08-24,1,UP,0.3754706382751465,False,1.1349290616635699e-05,FLAT,0.9963036775588989,0.003666285192593932,3.0062687073950656e-05,FLAT
2011-08-25,1,DOWN,0.5751399397850037,True,0.94733726978302,UP,0.8334549069404602,0.07290346175432205,0.09364165365695953,DOWN
2011-08-26,1,UP,0.8379294276237488,True,0.23875293135643005,DOWN,0.144881933927536,0.2184169441461563,0.6367011070251465,UP
2011-08-29,1,UP,0.4073103070259094,False,0.15868258476257324,FLAT,0.5851068496704102,0.3473391830921173,0.06755393743515015,FLAT
2011-08-30,1,FLAT,0.3203634023666382,False,0.013303373008966446,FLAT,0.5328168272972107,0.22974109649658203,0.23744210600852966,FLAT
2011-08-31,1,FLAT,0.6672360301017761,True,0.12293507903814316,DOWN,0.8737002015113831,0.10872793942689896,0.017571888864040375,DOWN
2011-09-01,1,FLAT,0.6439982056617737,True,0.808010995388031,UP,0.3077639639377594,0.5622868537902832,0.1299491673707962,FLAT
2011-09-02,1,DOWN,0.7624748349189758,True,0.004292135126888752,DOWN,0.9753318428993225,0.0066419243812561035,0.018026204779744148,DOWN
2011-09-06,1,FLAT,0.7689923644065857,True,0.048459798097610474,DOWN,0.9677655100822449,0.028624804690480232,0.003609621897339821,DOWN
2011-09-07,1,UP,0.6683626174926758,True,0.8980357646942139,UP,0.978499174118042,0.013417057693004608,0.008083723485469818,DOWN
2011-09-08,1,FLAT,0.21056008338928223,False,0.00010606453724903986,FLAT,0.27677270770072937,0.6457027196884155,0.0775245651602745,FLAT
2011-09-09,1,DOWN,0.6758195161819458,True,0.09607289731502533,DOWN,0.8135688304901123,0.16021785140037537,0.026213282719254494,DOWN
2011-09-12,1,FLAT,0.7235580086708069,True,0.6592764854431152,UP,9.368568134959787e-05,0.9916786551475525,0.008227680809795856,FLAT
2011-09-13,1,FLAT,0.46618327498435974,True,0.9690350294113159,UP,0.05012914538383484,0.008589212782680988,0.9412816762924194,UP
2011-09-14,1,UP,0.39916324615478516,False,0.9947808384895325,FLAT,0.00029983153217472136,0.05143039673566818,0.948269784450531,FLAT
2011-09-15,1,UP,0.4947044551372528,True,0.9996837377548218,UP,0.0002256623120047152,0.01888115331530571,0.9808931350708008,UP
2011-09-16,1,FLAT,0.22577933967113495,False,0.9801614880561829,FLAT,0.01919112540781498,0.9089767336845398,0.07183218747377396,FLAT
2011-09-19,1,FLAT,0.40329408645629883,False,0.7709968686103821,FLAT,0.054252371191978455,0.7450645565986633,0.20068305730819702,FLAT
2011-09-20,1,FLAT,0.5116857886314392,True,0.034707847982645035,DOWN,0.9890553951263428,0.009464003145694733,0.0014805786777287722,DOWN
2011-09-21,1,DOWN,0.45544469356536865,False,0.6393272280693054,FLAT,0.32340914011001587,0.30771565437316895,0.3688751757144928,FLAT
2011-09-22,1,DOWN,0.5125864744186401,True,0.44940701127052307,UP,0.23663625121116638,0.7496424317359924,0.013721317984163761,FLAT
2011-09-23,1,FLAT,0.37715721130371094,False,0.030788565054535866,FLAT,0.8463451862335205,0.14570985734462738,0.007944980636239052,FLAT
2011-09-26,1,UP,0.5073815584182739,True,0.009893522597849369,DOWN,0.9488997459411621,0.026286618784070015,0.0248135793954134,DOWN
2011-09-27,1,FLAT,0.3724461793899536,False,0.6585376262664795,FLAT,0.029589109122753143,0.18779350817203522,0.7826173901557922,FLAT
2011-09-28,1,DOWN,0.5286189317703247,True,0.2783602178096771,DOWN,0.005727170035243034,0.992871105670929,0.001401783898472786,FLAT
2011-09-29,1,FLAT,0.7223916053771973,True,0.22042320668697357,DOWN,0.27525439858436584,0.5912759304046631,0.13346967101097107,FLAT
2011-09-30,1,DOWN,0.5418009161949158,True,0.7629911303520203,UP,0.13080133497714996,0.8445543646812439,0.02464430220425129,FLAT
2011-10-03,1,DOWN,0.6377459764480591,True,0.008338742889463902,DOWN,0.9619091749191284,0.0344136506319046,0.0036771660670638084,DOWN
2011-10-04,1,UP,0.6804380416870117,True,0.2845607399940491,DOWN,0.4895309507846832,0.03186362609267235,0.4786054491996765,DOWN
2011-10-05,1,UP,0.38487115502357483,False,0.08439937233924866,FLAT,0.847233772277832,0.14612022042274475,0.0066459872759878635,FLAT
2011-10-06,1,UP,0.3115890622138977,False,0.9389227628707886,FLAT,0.07821005582809448,0.4895000159740448,0.43228986859321594,FLAT
2011-10-07,1,FLAT,0.358784943819046,False,0.997836172580719,FLAT,0.009182775393128395,0.1147322729229927,0.8760849237442017,FLAT
2011-10-10,1,UP,0.6596869826316833,True,0.90097576379776,UP,0.17096419632434845,0.06531490385532379,0.7637208700180054,UP
2011-10-11,1,FLAT,0.26419541239738464,False,0.0003277667274232954,FLAT,0.23160997033119202,0.7591109275817871,0.009279035963118076,FLAT
2011-10-12,1,FLAT,0.519500195980072,True,0.40112581849098206,UP,0.015455523505806923,0.3656371235847473,0.6189073324203491,UP
2011-10-13,1,FLAT,0.40453341603279114,False,0.4975050091743469,FLAT,0.02264920063316822,0.9532385468482971,0.024112191051244736,FLAT
2011-10-14,1,UP,0.4499891400337219,False,0.07802115380764008,FLAT,0.007773302029818296,0.9051652550697327,0.08706142008304596,FLAT
2011-10-17,1,DOWN,0.3566572964191437,False,0.017568355426192284,FLAT,0.0008875158382579684,0.9926572442054749,0.006455220282077789,FLAT
2011-10-18,1,UP,0.3181520700454712,False,0.25160712003707886,FLAT,0.0027105766348540783,0.9933413863182068,0.003948029596358538,FLAT
2011-10-19,1,FLAT,0.41608497500419617,False,0.9737644791603088,FLAT,0.00015166308730840683,0.9936639070510864,0.006184455938637257,FLAT
2011-10-20,1,FLAT,0.40984249114990234,False,0.38409698009490967,FLAT,0.19806039333343506,0.5251388549804688,0.2768007218837738,FLAT
2011-10-21,1,UP,0.40980246663093567,False,0.014087582007050514,FLAT,0.969050943851471,0.02167016640305519,0.009278832003474236,FLAT
2011-10-24,1,FLAT,0.28562742471694946,False,0.9664382934570312,FLAT,0.006081920117139816,0.9927236437797546,0.0011944130528718233,FLAT
2011-10-25,1,DOWN,0.3782566785812378,False,4.018372419523075e-05,FLAT,0.5596416592597961,0.3758544623851776,0.06450389325618744,FLAT
2011-10-26,1,FLAT,0.38993382453918457,False,0.28540703654289246,FLAT,0.018505463376641273,0.9693987965583801,0.01209580060094595,FLAT
2011-10-27,1,UP,0.26550647616386414,False,0.3031502962112427,FLAT,0.04044196382164955,0.2267935425043106,0.732764482498169,FLAT
2011-10-28,1,FLAT,0.22088013589382172,False,1.5477393162655062e-06,FLAT,0.9107452034950256,0.08919866383075714,5.6127253628801554e-05,FLAT
2011-10-31,1,DOWN,0.39344701170921326,False,0.047237884253263474,FLAT,0.00028885662322863936,0.9954298734664917,0.004281286150217056,FLAT
2011-11-01,1,DOWN,0.37331005930900574,False,0.17336559295654297,FLAT,0.01825367845594883,0.12740463018417358,0.8543417453765869,FLAT
2011-11-02,1,UP,0.29263684153556824,False,0.7621273994445801,FLAT,0.010258059948682785,0.9529387950897217,0.03680314123630524,FLAT
2011-11-03,1,UP,0.23539942502975464,False,0.9228472113609314,FLAT,0.00016394520935136825,0.2547168731689453,0.7451192140579224,FLAT
2011-11-04,1,FLAT,0.35773465037345886,False,0.6962428689002991,FLAT,4.775699562742375e-05,0.9783375859260559,0.021614663302898407,FLAT
2011-11-07,1,FLAT,0.4619923532009125,False,0.7136195302009583,FLAT,9.265237167710438e-05,0.03453536331653595,0.9653720259666443,FLAT
2011-11-08,1,FLAT,0.4830187261104584,True,0.9956529140472412,UP,3.4905001484730747e-06,0.8435572385787964,0.15643925964832306,FLAT
2011-11-09,1,DOWN,0.37079840898513794,False,0.5463842749595642,FLAT,2.1062251676084998e-07,0.999529242515564,0.0004706094041466713,FLAT
2011-11-10,1,FLAT,0.2313571274280548,False,0.9198878407478333,FLAT,0.0007944717654027045,0.07111895084381104,0.9280865788459778,FLAT
2011-11-11,1,UP,0.3202815651893616,False,0.7439495325088501,FLAT,8.007140422705561e-05,0.9870851635932922,0.012834788300096989,FLAT
2011-11-14,1,FLAT,0.4232182800769806,False,0.07946166396141052,FLAT,0.0003264410770498216,0.9723153710365295,0.027358250692486763,FLAT
2011-11-15,1,FLAT,0.4229416251182556,False,0.982071578502655,FLAT,0.0002850327000487596,0.07159164547920227,0.9281233549118042,FLAT
2011-11-16,1,DOWN,0.5284238457679749,True,0.9989199638366699,UP,0.0038671784568578005,0.6986783146858215,0.29745444655418396,FLAT
2011-11-17,1,DOWN,0.2280394583940506,False,0.8060488700866699,FLAT,0.24252019822597504,0.19116266071796417,0.5663171410560608,FLAT
2011-11-18,1,FLAT,0.293171226978302,False,0.0037110482808202505,FLAT,0.021945320069789886,0.8224434852600098,0.15561121702194214,FLAT
2011-11-21,1,DOWN,0.38803815841674805,False,0.621921718120575,FLAT,0.0009450897923670709,0.9707655310630798,0.028289398178458214,FLAT
2011-11-22,1,FLAT,0.36073172092437744,False,0.13324379920959473,FLAT,0.000902760773897171,0.9910705089569092,0.008026747964322567,FLAT
2011-11-23,1,DOWN,0.461557537317276,False,0.7593991756439209,FLAT,0.00046645698603242636,0.009987943805754185,0.9895456433296204,FLAT
2011-11-25,1,FLAT,0.48313623666763306,True,0.031419787555933,DOWN,0.379713237285614,0.11133650690317154,0.5089502930641174,UP
2011-11-28,1,UP,0.5521898865699768,True,0.9871416091918945,UP,0.02007325366139412,0.9668160080909729,0.01311076246201992,FLAT
2011-11-29,1,FLAT,0.5742855668067932,True,2.1631161871482618e-05,DOWN,0.6518339514732361,0.34801119565963745,0.00015483408060390502,DOWN
2011-11-30,1,UP,0.5599595308303833,True,0.93108731508255,UP,0.8440744876861572,0.06862135976552963,0.08730410784482956,DOWN
2011-12-01,1,FLAT,0.4934951663017273,True,3.883582166963606e-07,DOWN,0.6981427073478699,0.3017939627170563,6.325831054709852e-05,DOWN
2011-12-02,1,FLAT,0.6218687891960144,True,0.0017198052955791354,DOWN,0.19355452060699463,0.7984586954116821,0.007986726239323616,FLAT
2011-12-05,1,FLAT,0.5509752631187439,True,9.350135951535776e-05,DOWN,0.9909501671791077,0.008962136693298817,8.76646299730055e-05,DOWN
2011-12-06,1,FLAT,0.37671589851379395,False,8.15858493297128e-06,FLAT,0.3504791855812073,0.0057045212015509605,0.6438162922859192,FLAT
2011-12-07,1,FLAT,0.4180055856704712,False,0.05769616737961769,FLAT,0.04716034233570099,0.6420906186103821,0.3107490539550781,FLAT
2011-12-08,1,DOWN,0.4115760028362274,False,0.05080603435635567,FLAT,0.07214608043432236,0.05452575534582138,0.8733282089233398,FLAT
2011-12-09,1,UP,0.3024030327796936,False,0.8044688701629639,FLAT,0.17502371966838837,0.03958147391676903,0.7853947877883911,FLAT
2011-12-12,1,FLAT,0.4795137941837311,True,0.06657791882753372,DOWN,0.1444014310836792,0.8541799783706665,0.0014186132466420531,FLAT
2011-12-13,1,FLAT,0.340487539768219,False,0.9115777015686035,FLAT,0.0004147735016886145,0.0020493702031672,0.9975358247756958,FLAT
2011-12-14,1,FLAT,0.20839937031269073,False,0.005981605965644121,FLAT,0.002282625064253807,0.27228808403015137,0.7254292964935303,FLAT
2011-12-15,1,FLAT,0.240073561668396,False,0.06904252618551254,FLAT,0.0016393207479268312,0.04022955521941185,0.9581311941146851,FLAT
2011-12-16,1,FLAT,0.43340855836868286,False,0.05270010605454445,FLAT,0.0010333398822695017,0.957545280456543,0.041421398520469666,FLAT
2011-12-19,1,FLAT,0.43601906299591064,False,3.229953290428966e-05,FLAT,0.038724448531866074,0.9438226819038391,0.017452869564294815,FLAT
2011-12-20,1,UP,0.4775927662849426,True,0.47191742062568665,UP,0.10588248074054718,0.30698344111442566,0.5871341228485107,UP
2011-12-21,1,FLAT,0.4361311197280884,False,0.0001339215668849647,FLAT,0.00571177713572979,0.6500722765922546,0.3442159593105316,FLAT
2011-12-22,1,FLAT,0.4749932289123535,True,0.9264690279960632,UP,0.13652603328227997,0.33481481671333313,0.5286591649055481,UP
2011-12-23,1,FLAT,0.4663175344467163,True,0.6782653331756592,UP,0.025856638327240944,0.45099937915802,0.523144006729126,UP
2011-12-27,1,FLAT,0.40609005093574524,False,0.9312551617622375,FLAT,3.8070595564931864e-06,0.9999899864196777,6.258656867430545e-06,FLAT
2011-12-28,1,DOWN,0.38556769490242004,False,0.9944098591804504,FLAT,2.4209623006754555e-05,0.9998064637184143,0.00016934172890614718,FLAT
2011-12-29,1,FLAT,0.2982414662837982,False,0.06101975217461586,FLAT,0.5481055974960327,0.1997411698102951,0.252153217792511,FLAT
2011-12-30,1,FLAT,0.35894525051116943,False,0.9883285760879517,FLAT,3.794043732341379e-05,0.999727189540863,0.00023481437528971583,FLAT
2012-01-03,1,UP,0.4973723888397217,True,0.8830695748329163,UP,0.0002590103540569544,0.9996793270111084,6.166238017613068e-05,FLAT
2012-01-04,1,FLAT,0.23035041987895966,False,0.04284138232469559,FLAT,0.0003688486758619547,0.9994838237762451,0.00014734732394572347,FLAT
2012-01-05,1,FLAT,0.42181235551834106,False,0.5332452654838562,FLAT,9.600007615517825e-05,0.9143913388252258,0.08551261574029922,FLAT
2012-01-06,1,FLAT,0.4262072443962097,False,0.9808943867683411,FLAT,0.0009390949853695929,0.8291109800338745,0.1699499785900116,FLAT
2012-01-09,1,FLAT,0.4376027584075928,False,0.8307099342346191,FLAT,0.0017820479115471244,0.9931265115737915,0.0050913747400045395,FLAT
2012-01-10,1,FLAT,0.4177364110946655,False,0.31369516253471375,FLAT,0.07880035042762756,0.8927435874938965,0.028456078842282295,FLAT
2012-01-11,1,FLAT,0.2440517395734787,False,0.6233040690422058,FLAT,0.00051434978377074,0.9994113445281982,7.435256702592596e-05,FLAT
2012-01-12,1,FLAT,0.3296402096748352,False,0.15125639736652374,FLAT,0.11304958164691925,0.8652392625808716,0.02171112783253193,FLAT
2012-01-13,1,FLAT,0.3615131378173828,False,0.2688676714897156,FLAT,0.012433730997145176,0.9872217774391174,0.00034446839708834887,FLAT
2012-01-17,1,FLAT,0.43683922290802,False,0.9976226687431335,FLAT,5.2310628234408796e-05,0.9962664246559143,0.003681307891383767,FLAT
2012-01-18,1,FLAT,0.1489289551973343,False,0.7400704026222229,FLAT,0.006794740445911884,0.9151283502578735,0.07807698100805283,FLAT
2012-01-19,1,FLAT,0.3676172196865082,False,0.02936541475355625,FLAT,0.009606828913092613,0.9896613359451294,0.0007318906718865037,FLAT
2012-01-20,1,FLAT,0.3380485773086548,False,0.5743252038955688,FLAT,2.6498416900722077e-06,0.9996724128723145,0.00032491597812622786,FLAT
2012-01-23,1,FLAT,0.36940065026283264,False,0.48436644673347473,FLAT,1.8794563629853656e-06,0.975021481513977,0.024976642802357674,FLAT
2012-01-24,1,FLAT,0.4220871925354004,False,0.7903735041618347,FLAT,0.0005991954240016639,0.9463468790054321,0.053053971379995346,FLAT
2012-01-25,1,FLAT,0.4740312397480011,True,0.9580039381980896,UP,9.290346497436985e-05,0.9963885545730591,0.0035185841843485832,FLAT
2012-01-26,1,FLAT,0.3757269084453583,False,0.8650593757629395,FLAT,8.392247764277272e-06,0.9998757839202881,0.00011584588355617598,FLAT
2012-01-27,1,FLAT,0.3274717926979065,False,0.6603091955184937,FLAT,0.03849603608250618,0.8647623062133789,0.09674158692359924,FLAT
2012-01-30,1,FLAT,0.5225176811218262,True,0.4255240857601166,UP,0.00017180047871079296,0.9994310736656189,0.00039712994475848973,FLAT
2012-01-31,1,FLAT,0.5170091986656189,True,0.9843493103981018,UP,0.0005998312262818217,0.5066439509391785,0.4927562475204468,FLAT
2012-02-01,1,FLAT,0.4346868395805359,False,0.935955822467804,FLAT,0.015989206731319427,0.01154121570289135,0.9724695682525635,FLAT
2012-02-02,1,FLAT,0.33746087551116943,False,0.979613184928894,FLAT,7.693893522286999e-09,0.9999995231628418,4.426409248026175e-07,FLAT
2012-02-03,1,UP,0.4603722393512726,False,0.9840704202651978,FLAT,1.0434663636260666e-05,0.8691727519035339,0.13081681728363037,FLAT
2012-02-06,1,FLAT,0.29895180463790894,False,0.10004691779613495,FLAT,4.261694812157657e-06,0.9993146657943726,0.0006810948252677917,FLAT
2012-02-07,1,FLAT,0.4524659514427185,False,0.10370035469532013,FLAT,4.465546953724697e-05,0.9144411087036133,0.08551428467035294,FLAT
2012-02-08,1,FLAT,0.42644864320755005,False,0.994012176990509,FLAT,1.4416540352613083e-06,0.9944175481796265,0.005581018049269915,FLAT
2012-02-09,1,FLAT,0.3217683732509613,False,0.0981576144695282,FLAT,4.605862341122702e-05,0.9974532723426819,0.002500684466212988,FLAT
2012-02-10,1,FLAT,0.2953841984272003,False,0.02828671596944332,FLAT,0.004222542513161898,0.9868584871292114,0.008918988518416882,FLAT
2012-02-13,1,FLAT,0.4360246956348419,False,0.854900598526001,FLAT,1.0928452866210137e-05,0.9997770190238953,0.00021200407354626805,FLAT
2012-02-14,1,FLAT,0.3341631293296814,False,0.6177053451538086,FLAT,1.0425277423564694e-06,0.9999452829360962,5.365127435652539e-05,FLAT
2012-02-15,1,FLAT,0.36243635416030884,False,0.3411000370979309,FLAT,0.0058939699083566666,0.9851052761077881,0.009000791236758232,FLAT
2012-02-16,1,UP,0.4546632468700409,False,0.8413102030754089,FLAT,0.002705668332055211,0.0947517678141594,0.9025425910949707,FLAT
2012-02-17,1,FLAT,0.3593100607395172,False,9.044479520525783e-05,FLAT,0.0005154437967576087,0.9931986927986145,0.006285838317126036,FLAT
2012-02-21,1,FLAT,0.3562171161174774,False,0.8731438517570496,FLAT,2.4459635028506455e-07,0.9999839067459106,1.590728061273694e-05,FLAT
2012-02-22,1,FLAT,0.3199619948863983,False,0.08344002068042755,FLAT,0.012369481846690178,0.9842057228088379,0.003424798371270299,FLAT
2012-02-23,1,FLAT,0.38048237562179565,False,0.9131184220314026,FLAT,0.004076496232300997,0.9626845717430115,0.03323899209499359,FLAT
2012-02-24,1,FLAT,0.3501388430595398,False,0.7965167164802551,FLAT,0.00016357432468794286,0.9997983574867249,3.8071524613769725e-05,FLAT
2012-02-27,1,FLAT,0.3435289263725281,False,0.24275250732898712,FLAT,0.00023904179397504777,0.9997146725654602,4.625065048458055e-05,FLAT
2012-02-28,1,FLAT,0.3720208704471588,False,0.8683167099952698,FLAT,0.003916543908417225,0.17084376513957977,0.8252397179603577,FLAT
2012-02-29,1,FLAT,0.31375953555107117,False,0.7555113434791565,FLAT,6.2439689827442635e-06,0.9918695688247681,0.008124146610498428,FLAT
2012-03-01,1,FLAT,0.30018100142478943,False,0.014224519021809101,FLAT,0.7000969648361206,0.13067905604839325,0.16922394931316376,FLAT
2012-03-02,1,FLAT,0.33073756098747253,False,0.18814681470394135,FLAT,0.0002465271973051131,0.9995608925819397,0.00019262499699834734,FLAT
2012-03-05,1,FLAT,0.40824100375175476,False,0.5500668287277222,FLAT,0.02838388830423355,0.8733007907867432,0.0983152762055397,FLAT
2012-03-06,1,DOWN,0.46868422627449036,True,0.4864494204521179,UP,0.0006825540331192315,0.731756329536438,0.267561137676239,FLAT
2012-03-07,1,FLAT,0.47697868943214417,True,0.005192643031477928,DOWN,0.051458489149808884,0.8836794495582581,0.06486212462186813,FLAT
2012-03-08,1,UP,0.561514675617218,True,0.00679192878305912,DOWN,0.016484102234244347,0.9777994751930237,0.005716416053473949,FLAT
2012-03-09,1,FLAT,0.4002359211444855,False,0.0021454081870615482,FLAT,0.0037504436913877726,0.8905006647109985,0.10574890673160553,FLAT
2012-03-12,1,FLAT,0.3166417181491852,False,0.10558272153139114,FLAT,0.0005566367181017995,0.9802040457725525,0.019239334389567375,FLAT
2012-03-13,1,UP,0.3369642496109009,False,0.129727303981781,FLAT,0.052022844552993774,0.39876678586006165,0.5492103695869446,FLAT
2012-03-14,1,FLAT,0.25050047039985657,False,0.004031514748930931,FLAT,0.04033103212714195,0.9158310890197754,0.04383789375424385,FLAT
2012-03-15,1,FLAT,0.3365740478038788,False,0.1678142547607422,FLAT,0.010910368524491787,0.9890123605728149,7.726743206148967e-05,FLAT
2012-03-16,1,FLAT,0.26384273171424866,False,0.005040313582867384,FLAT,0.1261330544948578,0.828851044178009,0.04501594230532646,FLAT
2012-03-19,1,FLAT,0.28446847200393677,False,0.9813076257705688,FLAT,3.788658432313241e-05,0.9996323585510254,0.00032973664929158986,FLAT
2012-03-20,1,FLAT,0.3151058256626129,False,0.3615780472755432,FLAT,0.0456877201795578,0.5789250135421753,0.3753872811794281,FLAT
2012-03-21,1,FLAT,0.3894945979118347,False,0.5343933701515198,FLAT,0.0018583843484520912,0.9607253670692444,0.03741632029414177,FLAT
2012-03-22,1,DOWN,0.3654143214225769,False,0.06700672954320908,FLAT,0.0035099501255899668,0.9910604357719421,0.005429661367088556,FLAT
2012-03-23,1,FLAT,0.5358933806419373,True,0.9506544470787048,UP,0.022307423874735832,0.9597371816635132,0.01795537769794464,FLAT
2012-03-26,1,UP,0.47596004605293274,True,0.9329167008399963,UP,0.000108371015812736,0.9917114973068237,0.008180145174264908,FLAT
2012-03-27,1,FLAT,0.3791092038154602,False,0.7556174993515015,FLAT,5.6192460760939866e-05,0.9996528625488281,0.00029097171500325203,FLAT
2012-03-28,1,FLAT,0.467660129070282,True,0.18775618076324463,DOWN,0.0007939564529806376,0.9987830519676208,0.0004230194026604295,FLAT
2012-03-29,1,FLAT,0.44497841596603394,False,0.001874276320450008,FLAT,0.022221669554710388,0.010933888144791126,0.9668444395065308,FLAT
2012-03-30,1,FLAT,0.5062466859817505,True,0.7430596351623535,UP,0.2454272210597992,0.23721706867218018,0.517355740070343,UP
2012-04-02,1,UP,0.4158400297164917,False,0.9256638884544373,FLAT,0.007763339206576347,0.7734577655792236,0.21877887845039368,FLAT
2012-04-03,1,FLAT,0.33648747205734253,False,0.2652154564857483,FLAT,0.0021072260569781065,0.9674404859542847,0.030452266335487366,FLAT
2012-04-04,1,DOWN,0.3278142213821411,False,0.9567322134971619,FLAT,0.0012503860052675009,0.4008118510246277,0.5979377627372742,FLAT
2012-04-05,1,FLAT,0.5517845153808594,True,0.9928056597709656,UP,0.3936097025871277,0.0013263745931908488,0.6050639152526855,UP
2012-04-09,1,DOWN,0.5313403606414795,True,0.9998818635940552,UP,0.04062801972031593,0.2708432078361511,0.6885287761688232,UP
2012-04-10,1,DOWN,0.6978980898857117,True,0.7203446626663208,UP,0.00462428480386734,0.84160977602005,0.1537659764289856,FLAT
2012-04-11,1,UP,0.588070273399353,True,0.14693127572536469,DOWN,0.0016832196852192283,0.9572394490242004,0.04107733070850372,FLAT
2012-04-12,1,UP,0.6121290326118469,True,0.10362004488706589,DOWN,0.01856202632188797,0.9298824071884155,0.05155552551150322,FLAT
2012-04-13,1,DOWN,0.6030301451683044,True,0.06932609528303146,DOWN,0.9814863801002502,0.017263207584619522,0.0012504482874646783,DOWN
2012-04-16,1,FLAT,0.6890301704406738,True,0.7082586288452148,UP,0.4036300480365753,0.23753449320793152,0.35883545875549316,DOWN
2012-04-17,1,UP,0.6604285836219788,True,0.47779348492622375,UP,0.99062180519104,0.0005630881059914827,0.008815142326056957,DOWN
2012-04-18,1,FLAT,0.6287462711334229,True,0.9835277199745178,UP,0.21430768072605133,0.7583901882171631,0.027302086353302002,FLAT
2012-04-19,1,DOWN,0.689781665802002,True,0.5260705351829529,UP,0.05647347494959831,0.9377480149269104,0.005778465420007706,FLAT
2012-04-20,1,FLAT,0.7083470225334167,True,0.0498821847140789,DOWN,0.04412026330828667,0.09250691533088684,0.863372802734375,UP
2012-04-23,1,DOWN,0.6194419860839844,True,0.10221807658672333,DOWN,0.5790339112281799,0.41034653782844543,0.010619571432471275,DOWN
2012-04-24,1,FLAT,0.6939367055892944,True,0.6995134949684143,UP,0.4210851788520813,0.22883565723896027,0.350079208612442,DOWN
2012-04-25,1,UP,0.6297833919525146,True,0.18315543234348297,DOWN,0.015131291933357716,0.9793969988822937,0.005471730604767799,FLAT
2012-04-26,1,UP,0.539418637752533,True,0.012056766077876091,DOWN,0.015357241965830326,0.9834570288658142,0.0011857590870931745,FLAT
2012-04-27,1,FLAT,0.567571759223938,True,0.9975376129150391,UP,0.012770324014127254,0.9742042422294617,0.013025430962443352,FLAT
2012-04-30,1,FLAT,0.42089369893074036,False,0.48037636280059814,FLAT,0.2282981127500534,0.04078051820397377,0.7309213876724243,FLAT
2012-05-01,1,UP,0.44706669449806213,False,0.9919256567955017,FLAT,0.511402428150177,0.32574567198753357,0.16285191476345062,FLAT
2012-05-02,1,FLAT,0.3994230031967163,False,0.9977879524230957,FLAT,0.056296076625585556,0.7989457845687866,0.1447581648826599,FLAT
2012-05-03,1,DOWN,0.4402545392513275,False,0.3432036340236664,FLAT,0.9840991497039795,0.0041938358917832375,0.011706957593560219,FLAT
2012-05-04,1,DOWN,0.5005650520324707,True,0.5105997323989868,UP,0.9424896836280823,0.0005476026562973857,0.05696267634630203,DOWN
2012-05-07,1,FLAT,0.6183853149414062,True,0.12572228908538818,DOWN,0.7716357111930847,0.20703105628490448,0.0213332362473011,DOWN
2012-05-08,1,FLAT,0.6396082639694214,True,0.9544709920883179,UP,0.6113715767860413,0.19498060643672943,0.1936478465795517,DOWN
2012-05-09,1,DOWN,0.6510289311408997,True,0.05792533606290817,DOWN,0.6694512963294983,0.02069726400077343,0.3098514676094055,DOWN
2012-05-10,1,FLAT,0.7214639782905579,True,0.8860703706741333,UP,0.6524392366409302,0.2234213501214981,0.12413948029279709,DOWN
2012-05-11,1,FLAT,0.5876427888870239,True,0.5950821042060852,UP,0.06317269057035446,0.934483528137207,0.0023437815252691507,FLAT
2012-05-14,1,DOWN,0.6973990201950073,True,0.9779797792434692,UP,0.4883686602115631,0.19382473826408386,0.317806601524353,DOWN
2012-05-15,1,DOWN,0.7008652687072754,True,0.004371169954538345,DOWN,0.9365529417991638,0.03119579516351223,0.03225124254822731,DOWN
2012-05-16,1,FLAT,0.6784472465515137,True,0.013130825944244862,DOWN,0.09711582213640213,0.7957994341850281,0.10708475857973099,FLAT
2012-05-17,1,DOWN,0.6617879271507263,True,0.010975347831845284,DOWN,0.9932700991630554,0.0017608699854463339,0.004969086032360792,DOWN
2012-05-18,1,DOWN,0.607374370098114,True,0.0011459586676210165,DOWN,0.9127383232116699,0.0838967114686966,0.0033650195691734552,DOWN
2012-05-21,1,UP,0.651951014995575,True,0.6857311129570007,UP,0.09629412740468979,0.6099462509155273,0.29375961422920227,FLAT
2012-05-22,1,FLAT,0.6003334522247314,True,0.0007610944448970258,DOWN,0.9993212223052979,0.00013472083082888275,0.0005440876120701432,DOWN
2012-05-23,1,FLAT,0.7002080678939819,True,0.22085131704807281,DOWN,0.6788168549537659,0.00042929983465000987,0.32075387239456177,DOWN
2012-05-24,1,FLAT,0.6599196195602417,True,0.9822160005569458,UP,0.8248976469039917,0.010948543436825275,0.1641538143157959,DOWN
2012-05-25,1,FLAT,0.625775933265686,True,0.803587019443512,UP,0.5730038285255432,0.18776051700115204,0.23923559486865997,DOWN
2012-05-29,1,UP,0.6462174654006958,True,0.9472981095314026,UP,0.3879651725292206,0.6012265682220459,0.010808226652443409,FLAT
2012-05-30,1,DOWN,0.5568109154701233,True,0.9472284913063049,UP,0.6235243678092957,0.22237467765808105,0.15410096943378448,DOWN
2012-05-31,1,FLAT,0.7274221777915955,True,0.023383207619190216,DOWN,0.6764072179794312,0.03405141830444336,0.2895413935184479,DOWN
2012-06-01,1,DOWN,0.6927043199539185,True,0.05470113828778267,DOWN,0.994860827922821,0.0003586634120438248,0.004780457820743322,DOWN
2012-06-04,1,FLAT,0.7026882171630859,True,0.0073201898485422134,DOWN,0.013793246820569038,0.9852035045623779,0.0010032221907749772,FLAT
2012-06-05,1,UP,0.6216047406196594,True,0.0011584388557821512,DOWN,0.0982685461640358,0.8958031535148621,0.005928270053118467,FLAT
2012-06-06,1,UP,0.5764840841293335,True,0.3033505380153656,DOWN,0.06449277698993683,0.9332524538040161,0.0022547198459506035,FLAT
2012-06-07,1,FLAT,0.47168686985969543,True,0.0026391376741230488,DOWN,0.9393560290336609,0.041955795139074326,0.018688201904296875,DOWN
2012-06-08,1,UP,0.6401681900024414,True,0.9968187808990479,UP,0.37581363320350647,0.04411564767360687,0.5800707340240479,UP
2012-06-11,1,DOWN,0.6111282110214233,True,0.9836810827255249,UP,0.029355160892009735,0.5774602293968201,0.3931845724582672,FLAT
2012-06-12,1,UP,0.6563745141029358,True,0.025549912825226784,DOWN,0.15643805265426636,0.8397237062454224,0.0038382704369723797,FLAT
2012-06-13,1,DOWN,0.4821690618991852,True,0.990526556968689,UP,0.00451528700068593,0.01104455441236496,0.9844402074813843,UP
2012-06-14,1,UP,0.7139509916305542,True,0.31486043334007263,DOWN,0.2700251638889313,0.11456970870494843,0.6154050827026367,UP
2012-06-15,1,FLAT,0.4838852286338806,True,0.7061787247657776,UP,0.8279442191123962,0.15465743839740753,0.017398422583937645,DOWN
2012-06-18,1,FLAT,0.5694239735603333,True,0.004608977120369673,DOWN,0.22655503451824188,0.7732844352722168,0.00016056782624218613,FLAT
2012-06-19,1,UP,0.4701779782772064,True,0.7871307134628296,UP,0.09472184628248215,0.9025058746337891,0.0027722769882529974,FLAT
2012-06-20,1,FLAT,0.3353435695171356,False,0.002116856398060918,FLAT,0.9113032817840576,0.016282225027680397,0.07241444289684296,FLAT
2012-06-21,1,DOWN,0.38943085074424744,False,0.17523126304149628,FLAT,0.06303548812866211,0.9239429235458374,0.013021607883274555,FLAT
2012-06-22,1,UP,0.41827651858329773,False,0.36519119143486023,FLAT,0.8591639399528503,0.0979733094573021,0.04286276549100876,FLAT
2012-06-25,1,DOWN,0.5437775254249573,True,0.6100192070007324,UP,0.00040823203744366765,0.9964237809181213,0.003167937509715557,FLAT
2012-06-26,1,FLAT,0.6834154725074768,True,0.08392229676246643,DOWN,0.0016906759701669216,0.9982921481132507,1.7216227206517942e-05,FLAT
2012-06-27,1,UP,0.5832399129867554,True,0.8682654500007629,UP,0.002229374134913087,0.9927999973297119,0.004970674403011799,FLAT
2012-06-28,1,FLAT,0.5231878161430359,True,0.17986109852790833,DOWN,0.984637439250946,0.015136228874325752,0.00022626915597356856,DOWN
2012-06-29,1,UP,0.4956768751144409,True,0.9750185012817383,UP,0.9072402119636536,0.009549432434141636,0.08321033418178558,DOWN
2012-07-02,1,FLAT,0.30233195424079895,False,2.2306412006400933e-07,FLAT,0.5681926608085632,0.43180662393569946,7.499641014874214e-07,FLAT
2012-07-03,1,UP,0.325865238904953,False,0.9627042412757874,FLAT,0.024114450439810753,0.9757832884788513,0.00010230138286715373,FLAT
2012-07-05,1,FLAT,0.33851751685142517,False,0.026974378153681755,FLAT,0.3878430724143982,0.5913878083229065,0.02076917327940464,FLAT
2012-07-06,1,DOWN,0.2801593244075775,False,0.7435890436172485,FLAT,0.571034848690033,0.42884209752082825,0.00012307560245972127,FLAT
2012-07-09,1,FLAT,0.4259425401687622,False,0.9852219223976135,FLAT,0.4283178746700287,0.24869397282600403,0.3229881525039673,FLAT
2012-07-10,1,DOWN,0.5183743238449097,True,0.3418485224246979,UP,0.11679822951555252,0.8616405725479126,0.02156112901866436,FLAT
2012-07-11,1,FLAT,0.516522228717804,True,0.9678244590759277,UP,0.8030006289482117,0.0002426202700007707,0.19675670564174652,DOWN
2012-07-12,1,FLAT,0.5246434211730957,True,0.02269241027534008,DOWN,0.9993637204170227,0.0003175849560648203,0.00031875682179816067,DOWN
2012-07-13,1,UP,0.6801106333732605,True,0.42313602566719055,UP,0.9759882092475891,0.02261878177523613,0.0013930469285696745,DOWN
2012-07-16,1,FLAT,0.46601319313049316,True,0.303951621055603,DOWN,0.3205190896987915,0.03998658433556557,0.6394943594932556,UP
2012-07-17,1,UP,0.5197908878326416,True,0.9823976159095764,UP,0.4584999084472656,0.24725067615509033,0.29424944519996643,DOWN
2012-07-18,1,UP,0.36317968368530273,False,0.9503071308135986,FLAT,0.006499605253338814,0.3647364675998688,0.6287638545036316,FLAT
2012-07-19,1,FLAT,0.3663696050643921,False,0.3360193967819214,FLAT,0.14671675860881805,0.4199519455432892,0.43333131074905396,FLAT
2012-07-20,1,DOWN,0.2538277804851532,False,0.6451482176780701,FLAT,0.0013063122751191258,0.9967695474624634,0.00192421511746943,FLAT
2012-07-23,1,DOWN,0.45236334204673767,False,0.9993153810501099,FLAT,0.5476282835006714,0.014876761473715305,0.4374949634075165,FLAT
2012-07-24,1,DOWN,0.6034994125366211,True,0.9725468158721924,UP,0.057000257074832916,0.8954704999923706,0.04752928391098976,FLAT
2012-07-25,1,FLAT,0.7169358730316162,True,0.9991216063499451,UP,0.12412816286087036,0.018911132588982582,0.8569607734680176,UP
2012-07-26,1,UP,0.6077642440795898,True,0.494839608669281,UP,0.5276877880096436,0.46527791023254395,0.007034296169877052,DOWN
2012-07-27,1,UP,0.3986594080924988,False,0.12207501381635666,FLAT,0.21608394384384155,0.774838387966156,0.009077661670744419,FLAT
2012-07-30,1,FLAT,0.3357836604118347,False,0.0008040437824092805,FLAT,0.5349917411804199,0.45294803380966187,0.012060283683240414,FLAT
2012-07-31,1,DOWN,0.47152087092399597,True,0.3661234676837921,UP,0.09205896407365799,0.9069428443908691,0.0009981923503801227,FLAT
2012-08-01,1,FLAT,0.37448492646217346,False,0.9997524619102478,FLAT,0.0296477098017931,0.13625465333461761,0.8340976238250732,FLAT
2012-08-02,1,DOWN,0.2195175439119339,False,0.6923931837081909,FLAT,0.16643783450126648,0.25198572874069214,0.5815764665603638,FLAT
2012-08-03,1,UP,0.5364763736724854,True,0.9834781289100647,UP,0.4380367398262024,0.0472290962934494,0.514734148979187,UP
2012-08-06,1,FLAT,0.29895496368408203,False,0.0007099693757481873,FLAT,0.004758469294756651,0.9950148463249207,0.00022664395510219038,FLAT
2012-08-07,1,FLAT,0.34291329979896545,False,0.005989461671561003,FLAT,0.0007495149038732052,0.997126042842865,0.002124438527971506,FLAT
2012-08-08,1,FLAT,0.29894745349884033,False,0.0001440609630662948,FLAT,0.02651454135775566,0.9734503626823425,3.516301512718201e-05,FLAT
2012-08-09,1,FLAT,0.4385199546813965,False,0.9789095520973206,FLAT,5.4363358685805e-06,0.9998481273651123,0.00014642365567851812,FLAT
2012-08-10,1,FLAT,0.4200524389743805,False,0.5532893538475037,FLAT,0.001733975252136588,0.9979943037033081,0.00027169796521775424,FLAT
2012-08-13,1,FLAT,0.43224069476127625,False,0.9988600015640259,FLAT,8.84149812918622e-06,0.9995583891868591,0.0004327763745095581,FLAT
2012-08-14,1,FLAT,0.4544726610183716,False,0.7510716319084167,FLAT,3.947804998460924e-06,0.9999680519104004,2.8040742108714767e-05,FLAT
2012-08-15,1,FLAT,0.4089280962944031,False,0.12925206124782562,FLAT,0.004246377386152744,0.9957451224327087,8.447800610156264e-06,FLAT
2012-08-16,1,UP,0.4871536195278168,True,0.9072192311286926,UP,4.259925481164828e-05,0.9999171495437622,4.0205199184129015e-05,FLAT
2012-08-17,1,FLAT,0.34812331199645996,False,0.6494156122207642,FLAT,0.007226449437439442,0.9925174713134766,0.0002560555294621736,FLAT
2012-08-20,1,FLAT,0.39608484506607056,False,0.8742863535881042,FLAT,2.4213100004999433e-06,0.99994957447052,4.795229688170366e-05,FLAT
2012-08-21,1,FLAT,0.4593779444694519,False,0.999744713306427,FLAT,0.00011784613161580637,0.9986909031867981,0.0011913201306015253,FLAT
2012-08-22,1,FLAT,0.4028404951095581,False,0.9983882904052734,FLAT,0.001154285273514688,0.959791898727417,0.03905384615063667,FLAT
2012-08-23,1,DOWN,0.416760116815567,False,0.9971936941146851,FLAT,0.009715376421809196,0.7561041712760925,0.2341804951429367,FLAT
2012-08-24,1,FLAT,0.6353073120117188,True,0.9952746629714966,UP,0.0043296655640006065,0.45719659328460693,0.5384737253189087,UP
2012-08-27,1,FLAT,0.4629092514514923,True,0.9999629259109497,UP,2.880329930121661e-06,0.9895387291908264,0.010458406060934067,FLAT
2012-08-28,1,FLAT,0.5372568964958191,True,0.6725839376449585,UP,0.4728143513202667,0.41929543018341064,0.10789019614458084,DOWN
2012-08-29,1,FLAT,0.48041224479675293,True,0.842079222202301,UP,0.006110210902988911,0.32030192017555237,0.6735879182815552,UP
2012-08-30,1,DOWN,0.5020751357078552,True,0.6936749219894409,UP,0.7910007238388062,0.014537341892719269,0.1944618672132492,DOWN
2012-08-31,1,FLAT,0.606231153011322,True,0.9434789419174194,UP,0.3145211637020111,0.6276051998138428,0.057873621582984924,FLAT
2012-09-04,1,FLAT,0.45319628715515137,False,0.4474684000015259,FLAT,0.001977437175810337,0.6662296652793884,0.3317928910255432,FLAT
2012-09-05,1,FLAT,0.5114305019378662,True,0.0004972509341314435,DOWN,0.9873149394989014,0.0015192137798294425,0.01116577535867691,DOWN
2012-09-06,1,UP,0.5174777507781982,True,0.002198009053245187,DOWN,0.9706171154975891,0.020338011905550957,0.009044867940247059,DOWN
2012-09-07,1,FLAT,0.28792887926101685,False,0.0038269003853201866,FLAT,0.001648138277232647,0.9981623291969299,0.00018950679805129766,FLAT
2012-09-10,1,FLAT,0.1890225112438202,False,0.15994621813297272,FLAT,0.0008350899443030357,0.9990668892860413,9.80896656983532e-05,FLAT
2012-09-11,1,FLAT,0.40985843539237976,False,0.7469934821128845,FLAT,0.0008713112329132855,0.9989633560180664,0.00016537736519239843,FLAT
2012-09-12,1,FLAT,0.219844251871109,False,0.724185049533844,FLAT,0.32166069746017456,0.6343297362327576,0.04400958865880966,FLAT
2012-09-13,1,UP,0.19963517785072327,False,0.9096249938011169,FLAT,0.04677595943212509,0.6137872934341431,0.33943673968315125,FLAT
2012-09-14,1,FLAT,0.26433780789375305,False,0.8603261113166809,FLAT,0.0024183085188269615,0.9961990714073181,0.0013826191425323486,FLAT
2012-09-17,1,FLAT,0.2919338345527649,False,1.2827854334318545e-05,FLAT,0.7981852889060974,0.20002512633800507,0.0017895916244015098,FLAT
2012-09-18,1,FLAT,0.379380464553833,False,0.00043293862836435437,FLAT,0.07349497824907303,0.9064237475395203,0.020081298425793648,FLAT
2012-09-19,1,FLAT,0.4029458165168762,False,0.6044016480445862,FLAT,0.00014151482901070267,0.9926161766052246,0.007242364343255758,FLAT
2012-09-20,1,FLAT,0.3733455240726471,False,0.9509916305541992,FLAT,0.0005566937616094947,0.9991770386695862,0.000266232033027336,FLAT
2012-09-21,1,FLAT,0.4326837956905365,False,0.7439600229263306,FLAT,0.15401944518089294,0.7899415493011475,0.056039031594991684,FLAT
2012-09-24,1,FLAT,0.5001245737075806,True,0.6937679648399353,UP,5.496525773196481e-05,0.9996691942214966,0.0002758500922936946,FLAT
2012-09-25,1,DOWN,0.5339630842208862,True,0.9965183734893799,UP,0.08068335056304932,0.20382611453533173,0.7154905796051025,UP
2012-09-26,1,FLAT,0.60751873254776,True,0.9770046472549438,UP,0.09680511802434921,0.42830345034599304,0.47489139437675476,UP
2012-09-27,1,UP,0.6834481358528137,True,0.9680452942848206,UP,0.08906092494726181,0.633561372756958,0.277377724647522,FLAT
2012-09-28,1,FLAT,0.4516991972923279,False,0.0019860428292304277,FLAT,0.8193461894989014,0.16162684559822083,0.01902698166668415,FLAT
2012-10-01,1,FLAT,0.6381477117538452,True,0.9907724857330322,UP,0.2357679307460785,0.7514230608940125,0.01280906144529581,FLAT
2012-10-02,1,FLAT,0.5689881443977356,True,0.9491857886314392,UP,0.95681232213974,0.0005246577202342451,0.042662978172302246,DOWN
2012-10-03,1,FLAT,0.4395742416381836,False,0.9875890612602234,FLAT,0.01775464415550232,0.09158267080783844,0.8906627297401428,FLAT
2012-10-04,1,UP,0.4513123035430908,False,0.8991326093673706,FLAT,0.2311139702796936,0.6432787179946899,0.12560731172561646,FLAT
2012-10-05,1,FLAT,0.36263030767440796,False,0.9664721488952637,FLAT,0.022191854193806648,0.7884422540664673,0.18936589360237122,FLAT
2012-10-08,1,FLAT,0.29211705923080444,False,0.5799531936645508,FLAT,0.16014604270458221,0.032114990055561066,0.8077389597892761,FLAT
2012-10-09,1,DOWN,0.45261576771736145,False,0.33448776602745056,FLAT,0.0448685921728611,0.5771926641464233,0.37793874740600586,FLAT
2012-10-10,1,DOWN,0.5643105506896973,True,0.7740046381950378,UP,0.9086438417434692,0.0053404951468110085,0.08601570129394531,DOWN
2012-10-11,1,FLAT,0.6039759516716003,True,0.06430978327989578,DOWN,0.9944543242454529,0.0008499834802933037,0.0046957312151789665,DOWN
2012-10-12,1,FLAT,0.587286651134491,True,0.696757972240448,UP,0.9876788258552551,0.011308328248560429,0.0010128132998943329,DOWN
2012-10-15,1,UP,0.6588109135627747,True,0.7477307915687561,UP,0.9989107847213745,0.0003053680120501667,0.0007838106248527765,DOWN
2012-10-16,1,UP,0.5158105492591858,True,0.9826012253761292,UP,0.11025073379278183,0.6551927924156189,0.23455648124217987,FLAT
2012-10-17,1,FLAT,0.449111670255661,False,0.08924631029367447,FLAT,0.3197668194770813,0.5933046936988831,0.08692850172519684,FLAT
2012-10-18,1,FLAT,0.41336169838905334,False,0.15152762830257416,FLAT,0.6717520356178284,0.32307472825050354,0.005173268727958202,FLAT
2012-10-19,1,DOWN,0.40240785479545593,False,0.9494242072105408,FLAT,0.25895896553993225,0.027979087084531784,0.7130619883537292,FLAT
2012-10-22,1,FLAT,0.6552681922912598,True,0.9837559461593628,UP,0.8835719227790833,0.08960901200771332,0.02681903913617134,DOWN
2012-10-23,1,DOWN,0.570024847984314,True,0.9880979657173157,UP,0.3640633821487427,0.08583288639783859,0.5501037240028381,UP
2012-10-24,1,FLAT,0.6072174906730652,True,0.7944943904876709,UP,0.6414306163787842,0.35578617453575134,0.0027832265477627516,DOWN
2012-10-25,1,FLAT,0.6452867984771729,True,0.05822962895035744,DOWN,0.5967101454734802,0.05042034760117531,0.3528694808483124,DOWN
2012-10-26,1,FLAT,0.6611525416374207,True,0.5078482031822205,UP,0.9591097831726074,0.015278247185051441,0.025611955672502518,DOWN
2012-10-31,1,FLAT,0.6663752198219299,True,0.9737656116485596,UP,0.8349961042404175,0.07428183406591415,0.09072210639715195,DOWN
2012-11-01,1,UP,0.650922954082489,True,0.805767834186554,UP,0.9959527254104614,5.361114290280966e-06,0.004041924141347408,DOWN
2012-11-02,1,DOWN,0.5661945939064026,True,0.12271085381507874,DOWN,0.9696660041809082,0.014864766038954258,0.015469149686396122,DOWN
2012-11-05,1,FLAT,0.608487606048584,True,0.00032219558488577604,DOWN,0.997178316116333,0.0007239513797685504,0.002097727730870247,DOWN
2012-11-06,1,UP,0.6627766489982605,True,0.9842961430549622,UP,0.4687889516353607,0.0052429139614105225,0.5259681344032288,UP
2012-11-07,1,DOWN,0.5669275522232056,True,0.999991774559021,UP,0.11004867404699326,0.47020402550697327,0.4197472929954529,FLAT
2012-11-08,1,DOWN,0.5646055340766907,True,0.7788708209991455,UP,0.9260492920875549,0.03417952358722687,0.039771225303411484,DOWN
2012-11-09,1,FLAT,0.6357956528663635,True,0.03410062938928604,DOWN,0.019143370911478996,0.006675217300653458,0.9741814136505127,UP
2012-11-12,1,FLAT,0.6589912176132202,True,0.9833112955093384,UP,0.6173962950706482,0.3097943663597107,0.07280935347080231,DOWN
2012-11-13,1,FLAT,0.6053714752197266,True,0.9803933501243591,UP,0.008624606765806675,0.9874792695045471,0.00389614375308156,FLAT
2012-11-14,1,DOWN,0.6489742994308472,True,0.9809908866882324,UP,0.8028752207756042,0.1271325796842575,0.06999219954013824,DOWN
2012-11-15,1,FLAT,0.6676780581474304,True,0.17444847524166107,DOWN,0.005210430361330509,0.943133533000946,0.05165598541498184,FLAT
2012-11-16,1,FLAT,0.6672563552856445,True,0.3255119025707245,UP,0.31439411640167236,0.6202388405799866,0.06536705046892166,FLAT
2012-11-19,1,UP,0.6431525349617004,True,0.8799622654914856,UP,0.0420311763882637,0.9559637904167175,0.0020050895400345325,FLAT
2012-11-20,1,FLAT,0.49247193336486816,True,0.9758716225624084,UP,0.008752940222620964,0.09259528666734695,0.8986517786979675,UP
2012-11-21,1,FLAT,0.5757019519805908,True,0.9990717172622681,UP,0.28440919518470764,0.3960127532482147,0.31957805156707764,FLAT
2012-11-23,1,UP,0.589389979839325,True,0.9786968231201172,UP,0.8686537742614746,0.10270952433347702,0.02863665111362934,DOWN
2012-11-26,1,FLAT,0.5126111507415771,True,0.9910036325454712,UP,0.008183451369404793,0.9074475765228271,0.08436895906925201,FLAT
2012-11-27,1,FLAT,0.5625432133674622,True,0.9455671906471252,UP,0.5414577126502991,0.4413272738456726,0.017215056344866753,DOWN
2012-11-28,1,UP,0.5572764277458191,True,0.7019482851028442,UP,0.6437938213348389,0.3512803614139557,0.004925837274640799,DOWN
2012-11-29,1,FLAT,0.5229101181030273,True,0.9989401698112488,UP,0.011901849880814552,0.9825138449668884,0.005584304686635733,FLAT
2012-11-30,1,FLAT,0.4069255590438843,False,0.9967093467712402,FLAT,0.001693438389338553,0.991856575012207,0.006449979729950428,FLAT
2012-12-03,1,FLAT,0.46724870800971985,True,0.047784317284822464,DOWN,0.8610720634460449,0.07971030473709106,0.05921759456396103,DOWN
2012-12-04,1,FLAT,0.43075549602508545,False,0.07544417679309845,FLAT,0.5818580389022827,0.01953677088022232,0.39860519766807556,FLAT
2012-12-05,1,FLAT,0.4920068383216858,True,0.7902222275733948,UP,0.23337422311306,0.7348348498344421,0.031790900975465775,FLAT
2012-12-06,1,FLAT,0.5002058148384094,True,0.7319568991661072,UP,0.9440351128578186,0.046794578433036804,0.00917031615972519,DOWN
2012-12-07,1,FLAT,0.5329551100730896,True,0.16038106381893158,DOWN,0.8582012057304382,0.14077401161193848,0.0010247244499623775,DOWN
2012-12-10,1,FLAT,0.4124086797237396,False,0.9942439198493958,FLAT,0.0003652533341664821,0.9975454211235046,0.0020893460605293512,FLAT
2012-12-11,1,UP,0.5025104880332947,True,0.9891913533210754,UP,0.08088859915733337,0.8228883743286133,0.09622307866811752,FLAT
2012-12-12,1,FLAT,0.3937588930130005,False,0.2716406285762787,FLAT,0.0037509705871343613,0.9960609078407288,0.0001881206699181348,FLAT
2012-12-13,1,DOWN,0.4378323256969452,False,0.9434985518455505,FLAT,0.0026716904249042273,0.9955820441246033,0.0017462346004322171,FLAT
2012-12-14,1,FLAT,0.5488376021385193,True,0.6458275318145752,UP,0.3728199303150177,0.6224215626716614,0.0047585442662239075,FLAT
2012-12-17,1,UP,0.5658788084983826,True,0.7155235409736633,UP,0.6575492024421692,0.2848902940750122,0.05756053701043129,DOWN
2012-12-18,1,UP,0.3866935074329376,False,0.9937911629676819,FLAT,0.018005892634391785,0.7226052284240723,0.25938880443573,FLAT
2012-12-19,1,DOWN,0.3736618161201477,False,0.9953946471214294,FLAT,0.014107638970017433,0.9461513161659241,0.03974103927612305,FLAT
2012-12-20,1,UP,0.4812372624874115,True,0.9999192953109741,UP,0.03439675644040108,0.8600729703903198,0.10553032159805298,FLAT
2012-12-21,1,DOWN,0.4081513285636902,False,0.6962836980819702,FLAT,0.03457421809434891,0.9541496634483337,0.011276185512542725,FLAT
2012-12-24,1,FLAT,0.5872324109077454,True,0.9999886751174927,UP,0.0029778392054140568,0.9711447954177856,0.02587735466659069,FLAT
2012-12-26,1,FLAT,0.7076353430747986,True,0.9958316683769226,UP,0.058772012591362,0.2112489491701126,0.7299790382385254,UP
2012-12-27,1,FLAT,0.4934941828250885,True,0.9999371767044067,UP,0.14080852270126343,0.0005462158587761223,0.8586452603340149,UP
2012-12-28,1,DOWN,0.5922534465789795,True,0.9821402430534363,UP,0.20453117787837982,0.0008621108718216419,0.7946066856384277,UP
2012-12-31,1,UP,0.5843847393989563,True,0.9999349117279053,UP,0.00041194783989340067,0.09381122142076492,0.905776858329773,UP
2013-01-02,1,UP,0.5041238069534302,True,0.21092009544372559,DOWN,0.4877694249153137,0.498839408159256,0.013391132466495037,FLAT
2013-01-03,1,FLAT,0.3238495886325836,False,0.00010409921378595755,FLAT,9.906238119583577e-05,0.9995738863945007,0.0003270831657573581,FLAT
2013-01-04,1,FLAT,0.42622095346450806,False,0.00045444630086421967,FLAT,0.07104466110467911,0.9032500386238098,0.02570522390305996,FLAT
2013-01-07,1,FLAT,0.3730359375476837,False,0.9851609468460083,FLAT,0.00025668629677966237,0.7083214521408081,0.2914218604564667,FLAT
2013-01-08,1,FLAT,0.4393235146999359,False,0.0700988620519638,FLAT,0.017071615904569626,0.9209349751472473,0.06199340894818306,FLAT
2013-01-09,1,FLAT,0.47676798701286316,True,0.11647246778011322,DOWN,0.001518283155746758,0.9221855998039246,0.07629609107971191,FLAT
2013-01-10,1,UP,0.4961909055709839,True,0.09326787292957306,DOWN,0.990143895149231,0.009442366659641266,0.00041369537939317524,DOWN
2013-01-11,1,FLAT,0.37713316082954407,False,0.815466582775116,FLAT,5.64209130970994e-07,0.9999288320541382,7.062502118060365e-05,FLAT
2013-01-14,1,FLAT,0.49919652938842773,True,0.39223983883857727,UP,0.005342888180166483,0.994454562664032,0.00020255222625564784,FLAT
2013-01-15,1,FLAT,0.5512644648551941,True,0.16331787407398224,DOWN,0.09912104904651642,0.900834321975708,4.4645123125519603e-05,FLAT
2013-01-16,1,FLAT,0.54621422290802,True,0.9931913018226624,UP,0.003815645584836602,0.9026665091514587,0.09351783990859985,FLAT
2013-01-17,1,UP,0.5360551476478577,True,0.20418933033943176,DOWN,0.06948810815811157,0.8569836616516113,0.07352816313505173,FLAT
2013-01-18,1,FLAT,0.4490639567375183,False,0.0952189564704895,FLAT,0.21148686110973358,0.785584032535553,0.0029290462844073772,FLAT
2013-01-22,1,FLAT,0.46094009280204773,False,0.9738537669181824,FLAT,0.0006601121858693659,0.9981546998023987,0.0011851978488266468,FLAT
2013-01-23,1,FLAT,0.511565625667572,True,0.32653188705444336,UP,0.01906808465719223,0.9186937212944031,0.062238164246082306,FLAT
2013-01-24,1,FLAT,0.5008527636528015,True,0.1818207949399948,DOWN,0.33069124817848206,0.617488443851471,0.051820360124111176,FLAT
2013-01-25,1,UP,0.49382302165031433,True,0.9323020577430725,UP,0.05094889923930168,0.9307262897491455,0.018324844539165497,FLAT
2013-01-28,1,FLAT,0.4648541808128357,True,0.10319764167070389,DOWN,0.008307076059281826,0.9902477860450745,0.0014450959861278534,FLAT
2013-01-29,1,FLAT,0.524117648601532,True,0.9363768696784973,UP,0.03638728708028793,0.9634971618652344,0.00011554711090866476,FLAT
2013-01-30,1,FLAT,0.4901430904865265,True,0.992379903793335,UP,0.0015534014673903584,0.3719121515750885,0.6265344619750977,UP
2013-01-31,1,FLAT,0.5027787089347839,True,0.951043426990509,UP,0.0036105161998420954,0.996147632598877,0.00024187889357563108,FLAT
2013-02-01,1,UP,0.564831554889679,True,0.5907906293869019,UP,0.1430298537015915,0.24883416295051575,0.6081359386444092,UP
2013-02-04,1,DOWN,0.40428510308265686,False,0.9907082319259644,FLAT,8.312996158110764e-08,0.9980883002281189,0.0019115543691441417,FLAT
2013-02-05,1,UP,0.5867007374763489,True,0.9983565211296082,UP,0.0006205139798112214,0.10718387365341187,0.8921956419944763,UP
2013-02-06,1,FLAT,0.4684508144855499,True,0.9877105355262756,UP,1.8056863382298616e-07,0.9982563853263855,0.0017434497131034732,FLAT
2013-02-07,1,FLAT,0.508203387260437,True,0.9994719624519348,UP,1.8525500991017907e-06,0.9999041557312012,9.401994611835107e-05,FLAT
2013-02-08,1,UP,0.5341384410858154,True,0.8893116116523743,UP,0.24793903529644012,0.06601808965206146,0.686042845249176,UP
2013-02-11,1,FLAT,0.497965931892395,True,0.535157322883606,UP,2.896753176173661e-05,0.8896358013153076,0.11033526062965393,FLAT
2013-02-12,1,FLAT,0.5315067768096924,True,0.599078893661499,UP,0.16796831786632538,0.7969838976860046,0.03504778444766998,FLAT
2013-02-13,1,FLAT,0.5018957853317261,True,0.9937043786048889,UP,0.00011030043242499232,0.9937501549720764,0.0061394949443638325,FLAT
2013-02-14,1,FLAT,0.49575623869895935,True,0.776912271976471,UP,0.22208482027053833,0.6552762985229492,0.12263889610767365,FLAT
2013-02-15,1,FLAT,0.5263590812683105,True,0.9949946403503418,UP,0.0013939236523583531,0.708118736743927,0.2904873788356781,FLAT
2013-02-19,1,UP,0.49009981751441956,True,0.9997972846031189,UP,0.31074222922325134,0.2794446647167206,0.4098130762577057,UP
2013-02-20,1,DOWN,0.5209208726882935,True,0.9628132581710815,UP,0.021731136366724968,0.8044248819351196,0.17384393513202667,FLAT
2013-02-21,1,DOWN,0.5504759550094604,True,0.21803493797779083,DOWN,0.9021632671356201,0.0019985504914075136,0.09583818167448044,DOWN
2013-02-22,1,UP,0.6530924439430237,True,0.9799687266349792,UP,0.05435236543416977,0.15282854437828064,0.792819082736969,UP
2013-02-25,1,DOWN,0.4960034489631653,True,0.619658350944519,UP,0.0014990990748628974,0.7010945677757263,0.29740631580352783,FLAT
2013-02-26,1,UP,0.4661538600921631,True,0.996986448764801,UP,0.0011906474828720093,0.0023361933417618275,0.9964731335639954,UP
2013-02-27,1,UP,0.5974879860877991,True,0.9995394945144653,UP,0.0005473329802043736,0.9979569911956787,0.0014957174425944686,FLAT
2013-02-28,1,FLAT,0.5131774544715881,True,0.42344820499420166,UP,0.020238852128386497,0.9359087347984314,0.04385240003466606,FLAT
2013-03-01,1,FLAT,0.5724590420722961,True,0.9591112732887268,UP,0.8835294842720032,0.09962345659732819,0.01684700697660446,DOWN
2013-03-04,1,FLAT,0.5118229985237122,True,0.9953302145004272,UP,0.014697283506393433,0.9676545858383179,0.017648164182901382,FLAT
2013-03-05,1,UP,0.36152881383895874,False,0.9985559582710266,FLAT,0.029532022774219513,0.4471215307712555,0.523346483707428,FLAT
2013-03-06,1,FLAT,0.30355918407440186,False,0.3615134060382843,FLAT,0.0005721782799810171,0.9994133710861206,1.4497447409667075e-05,FLAT
2013-03-07,1,FLAT,0.2691997289657593,False,0.00865129940211773,FLAT,0.038497112691402435,0.9609341025352478,0.0005688100354745984,FLAT
2013-03-08,1,FLAT,0.2966815233230591,False,0.8400719165802002,FLAT,7.854014984332025e-05,0.9996575117111206,0.0002639174635987729,FLAT
2013-03-11,1,FLAT,0.3249071538448334,False,0.9387703537940979,FLAT,1.836662158893887e-05,0.999681830406189,0.0002998140116687864,FLAT
2013-03-12,1,FLAT,0.40740668773651123,False,0.967542290687561,FLAT,3.068451042054221e-05,0.9989578723907471,0.0010114399483427405,FLAT
2013-03-13,1,FLAT,0.48815783858299255,True,0.12253610789775848,DOWN,0.05667217820882797,0.9433218240737915,6.009504431858659e-06,FLAT
2013-03-14,1,FLAT,0.473269522190094,True,0.9908972382545471,UP,3.596518354243017e-06,0.9999810457229614,1.539099685032852e-05,FLAT
2013-03-15,1,DOWN,0.3947027623653412,False,0.5847532749176025,FLAT,2.5795321562327445e-05,0.9999120235443115,6.21198196313344e-05,FLAT
2013-03-18,1,DOWN,0.5422810316085815,True,0.9944140911102295,UP,0.0003095226129516959,0.9992260932922363,0.00046435254625976086,FLAT
2013-03-19,1,FLAT,0.636003315448761,True,0.9993089437484741,UP,3.74678238586057e-05,0.9939472675323486,0.006015230901539326,FLAT
2013-03-20,1,UP,0.5414995551109314,True,0.8933866620063782,UP,0.9439531564712524,0.03021528758108616,0.025831518694758415,DOWN
2013-03-21,1,DOWN,0.4287584125995636,False,0.7256545424461365,FLAT,0.0001921999646583572,0.9996988773345947,0.00010894420847762376,FLAT
2013-03-22,1,UP,0.6472683548927307,True,0.9976071119308472,UP,0.058452606201171875,0.7700744271278381,0.17147290706634521,FLAT
2013-03-25,1,FLAT,0.45466744899749756,False,0.9728403687477112,FLAT,4.830635134567274e-06,0.9947242140769958,0.0052708848379552364,FLAT
2013-03-26,1,UP,0.5077653527259827,True,0.9499731659889221,UP,0.2709208130836487,0.6534962058067322,0.07558295875787735,FLAT
2013-03-27,1,FLAT,0.40155020356178284,False,0.9951935410499573,FLAT,6.070188646845054e-06,0.9964455962181091,0.0035483103711158037,FLAT
2013-03-28,1,FLAT,0.41113656759262085,False,0.9943901896476746,FLAT,0.13170452415943146,0.15730305016040802,0.7109923958778381,FLAT
2013-04-01,1,FLAT,0.35483893752098083,False,0.963811993598938,FLAT,0.1285288780927658,0.7412997484207153,0.13017137348651886,FLAT
2013-04-02,1,FLAT,0.40168440341949463,False,0.962346076965332,FLAT,0.05351286754012108,0.056347738951444626,0.8901394009590149,FLAT
2013-04-03,1,DOWN,0.3281463384628296,False,0.16241712868213654,FLAT,0.01905228942632675,0.836174488067627,0.14477324485778809,FLAT
2013-04-04,1,FLAT,0.505295991897583,True,0.9867295026779175,UP,0.07573907822370529,0.04137180745601654,0.8828891515731812,UP
2013-04-05,1,FLAT,0.41886940598487854,False,0.9964308738708496,FLAT,0.001578790950588882,0.9920122027397156,0.006409057416021824,FLAT
2013-04-08,1,UP,0.5688347816467285,True,0.9058830142021179,UP,0.8867251873016357,0.027448710054159164,0.08582617342472076,DOWN
2013-04-09,1,FLAT,0.37171265482902527,False,0.9857089519500732,FLAT,0.0009240945219062269,0.7334418296813965,0.26563411951065063,FLAT
2013-04-10,1,UP,0.3470746576786041,False,0.6311827301979065,FLAT,0.022951632738113403,0.9002595543861389,0.07678883522748947,FLAT
2013-04-11,1,FLAT,0.24658340215682983,False,0.022522833198308945,FLAT,0.0034040703903883696,0.9960389137268066,0.0005569441709667444,FLAT
2013-04-12,1,FLAT,0.27294182777404785,False,0.9103991389274597,FLAT,0.00028830181690864265,0.9994937181472778,0.00021790344908367842,FLAT
2013-04-15,1,DOWN,0.3138203024864197,False,0.013986130245029926,FLAT,0.28813233971595764,0.7017754912376404,0.010092159733176231,FLAT
2013-04-16,1,UP,0.48079755902290344,True,0.9835679531097412,UP,0.01762659102678299,0.0006796421366743743,0.9816938042640686,UP
2013-04-17,1,DOWN,0.38665512204170227,False,0.0009559018071740866,FLAT,0.2561236321926117,0.7336214184761047,0.01025492511689663,FLAT
2013-04-18,1,DOWN,0.5168126821517944,True,0.9945429563522339,UP,0.24271182715892792,0.07103920727968216,0.6862488985061646,UP
2013-04-19,1,UP,0.7325895428657532,True,0.7763267755508423,UP,0.8757032752037048,0.05909069627523422,0.06520599126815796,DOWN
2013-04-22,1,FLAT,0.5487836003303528,True,0.02985476888716221,DOWN,0.8859956860542297,0.11395490169525146,4.9444464821135625e-05,DOWN
2013-04-23,1,UP,0.5364997386932373,True,0.9980756044387817,UP,0.264892578125,0.43236151337623596,0.30274587869644165,FLAT
2013-04-24,1,FLAT,0.4708772301673889,True,0.9781067967414856,UP,0.17057834565639496,0.4341464936733246,0.39527514576911926,FLAT
2013-04-25,1,FLAT,0.3694276511669159,False,0.007392058148980141,FLAT,0.8251643180847168,0.02888127975165844,0.14595438539981842,FLAT
2013-04-26,1,FLAT,0.33896738290786743,False,0.9956670999526978,FLAT,0.4631687104701996,0.27675867080688477,0.2600726783275604,FLAT
2013-04-29,1,UP,0.3513748049736023,False,0.6394259929656982,FLAT,0.656075119972229,0.2902088761329651,0.053716011345386505,FLAT
2013-04-30,1,FLAT,0.33329033851623535,False,0.6032918691635132,FLAT,0.46029675006866455,0.4366263747215271,0.10307683050632477,FLAT
2013-05-01,1,DOWN,0.3571675717830658,False,0.9872334003448486,FLAT,0.08757678419351578,0.8705829381942749,0.04184027761220932,FLAT
2013-05-02,1,UP,0.46602514386177063,True,0.9704889059066772,UP,0.014131490141153336,0.04293818771839142,0.9429303407669067,UP
2013-05-03,1,UP,0.36700132489204407,False,0.644960880279541,FLAT,0.008725695312023163,0.5875880718231201,0.4036862552165985,FLAT
2013-05-06,1,FLAT,0.32670333981513977,False,0.07690577208995819,FLAT,0.015273051336407661,0.9839014410972595,0.0008254797430709004,FLAT
2013-05-07,1,FLAT,0.4765228033065796,True,0.38458189368247986,UP,0.02681087888777256,0.9718416929244995,0.0013474354054778814,FLAT
2013-05-08,1,FLAT,0.39077165722846985,False,0.0787447988986969,FLAT,0.008726628497242928,0.9911371469497681,0.00013625939027406275,FLAT
2013-05-09,1,FLAT,0.425740510225296,False,0.9827515482902527,FLAT,0.0016068213153630495,0.9977338314056396,0.0006593011203221977,FLAT
2013-05-10,1,FLAT,0.4720572233200073,True,0.7477754950523376,UP,0.8276727199554443,0.1706208437681198,0.001706432900391519,DOWN
2013-05-13,1,FLAT,0.4362586736679077,False,0.9047735333442688,FLAT,0.0023826148826628923,0.9953030347824097,0.002314411336556077,FLAT
2013-05-14,1,UP,0.4896109402179718,True,0.21323761343955994,DOWN,0.17351174354553223,0.822425127029419,0.004063173197209835,FLAT
2013-05-15,1,UP,0.4003559648990631,False,0.30621039867401123,FLAT,0.019895043224096298,0.5596305727958679,0.4204743802547455,FLAT
2013-05-16,1,FLAT,0.44147196412086487,False,0.3267887234687805,FLAT,0.03544559329748154,0.24621835350990295,0.7183360457420349,FLAT
2013-05-17,1,UP,0.4964577853679657,True,0.7171016931533813,UP,0.016871143132448196,0.9733564853668213,0.009772401303052902,FLAT
2013-05-20,1,FLAT,0.37544819712638855,False,0.7040213942527771,FLAT,1.887806320155505e-05,0.9969587326049805,0.0030223820358514786,FLAT
2013-05-21,1,FLAT,0.49482330679893494,True,0.0011664340272545815,DOWN,0.020077062770724297,0.9791771769523621,0.0007457670290023088,FLAT
2013-05-22,1,DOWN,0.42094317078590393,False,0.9468259215354919,FLAT,0.014118794351816177,0.6706047058105469,0.315276563167572,FLAT
2013-05-23,1,FLAT,0.4125054180622101,False,0.5839553475379944,FLAT,0.0003692514437716454,0.3013836741447449,0.6982470154762268,FLAT
2013-05-24,1,FLAT,0.57118821144104,True,0.9994558691978455,UP,0.0005991871003061533,0.6192331910133362,0.38016757369041443,FLAT
2013-05-28,1,UP,0.5644387006759644,True,0.9344340562820435,UP,0.001432793796993792,0.7962373495101929,0.2023298591375351,FLAT
2013-05-29,1,DOWN,0.3825109004974365,False,0.7500393986701965,FLAT,7.734394603176042e-05,0.6544700264930725,0.34545260667800903,FLAT
2013-05-30,1,FLAT,0.5768416523933411,True,0.9987217783927917,UP,0.00693265488371253,0.7698302268981934,0.22323714196681976,FLAT
2013-05-31,1,DOWN,0.5296873450279236,True,0.9259846806526184,UP,0.07540416717529297,0.03334639593958855,0.891249418258667,UP
2013-06-03,1,UP,0.5748212337493896,True,0.9398121237754822,UP,0.018619714304804802,0.7957237362861633,0.1856565624475479,FLAT
2013-06-04,1,FLAT,0.6031241416931152,True,0.999692440032959,UP,0.013181861490011215,0.07203846424818039,0.9147796630859375,UP
2013-06-05,1,DOWN,0.6337437033653259,True,0.973178505897522,UP,0.005190514028072357,0.0011053694179281592,0.9937041401863098,UP
2013-06-06,1,UP,0.6014999747276306,True,0.9368086457252502,UP,0.0058427369222044945,0.8843578100204468,0.10979945212602615,FLAT
2013-06-07,1,UP,0.615816056728363,True,0.9567192196846008,UP,0.16988608241081238,0.5768401026725769,0.2532738149166107,FLAT
2013-06-10,1,FLAT,0.46447238326072693,True,0.985541045665741,UP,0.00025004480266943574,0.9565058350563049,0.04324408248066902,FLAT
2013-06-11,1,DOWN,0.4086403548717499,False,0.059640418738126755,FLAT,0.1782059222459793,0.7200424075126648,0.10175168514251709,FLAT
2013-06-12,1,DOWN,0.5806668996810913,True,0.9050375819206238,UP,0.25043079257011414,0.7074557542800903,0.04211338981986046,FLAT
2013-06-13,1,UP,0.6299164891242981,True,0.6262603998184204,UP,0.6855657696723938,0.30147337913513184,0.012960903346538544,DOWN
2013-06-14,1,DOWN,0.5753685832023621,True,0.3684772253036499,UP,0.09058388322591782,0.9045219421386719,0.004894196055829525,FLAT
2013-06-17,1,UP,0.6472378969192505,True,0.11270076036453247,DOWN,0.9957137107849121,0.00025266705779358745,0.004033700097352266,DOWN
2013-06-18,1,UP,0.5160762071609497,True,0.9765253067016602,UP,0.01566038466989994,0.9763864874839783,0.007953166030347347,FLAT
2013-06-19,1,DOWN,0.41166576743125916,False,0.961970865726471,FLAT,0.0005349066341295838,0.9481004476547241,0.051364630460739136,FLAT
2013-06-20,1,DOWN,0.60260409116745,True,0.14638221263885498,DOWN,0.9237087965011597,0.01335170865058899,0.06293945759534836,DOWN
2013-06-21,1,FLAT,0.5874943733215332,True,0.9400167465209961,UP,0.0009561562328599393,0.6727229952812195,0.3263208866119385,FLAT
2013-06-24,1,DOWN,0.6532062888145447,True,0.39111974835395813,UP,0.13732299208641052,0.14155210554599762,0.7211248874664307,UP
2013-06-25,1,UP,0.6727492809295654,True,0.8674261569976807,UP,0.09020373225212097,0.08382928371429443,0.8259669542312622,UP
2013-06-26,1,UP,0.6168206334114075,True,0.9862157106399536,UP,0.05918033421039581,0.6462399959564209,0.2945796847343445,FLAT
2013-06-27,1,FLAT,0.5766476988792419,True,0.9959014058113098,UP,0.02744782157242298,0.9614740014076233,0.011078203096985817,FLAT
2013-06-28,1,FLAT,0.5840280055999756,True,0.948895275592804,UP,0.9312863349914551,0.06169572472572327,0.007017911411821842,DOWN
2013-07-01,1,UP,0.6509132385253906,True,0.49428117275238037,UP,0.991630494594574,0.0012988804373890162,0.007070590276271105,DOWN
2013-07-02,1,FLAT,0.5203468799591064,True,0.8222745060920715,UP,0.9841547012329102,0.002592358272522688,0.013252920471131802,DOWN
2013-07-03,1,FLAT,0.620583176612854,True,0.9953349232673645,UP,0.9180577993392944,0.00437111034989357,0.0775710865855217,DOWN
2013-07-05,1,UP,0.5445259809494019,True,0.9968216419219971,UP,0.7900567054748535,0.010853048413991928,0.19909027218818665,DOWN
2013-07-08,1,UP,0.5113075971603394,True,0.9993793964385986,UP,0.09908872842788696,0.4659912586212158,0.4349200129508972,FLAT
2013-07-09,1,UP,0.4306633472442627,False,0.9999583959579468,FLAT,0.0034221999812871218,0.02668396197259426,0.9698938727378845,FLAT
2013-07-10,1,FLAT,0.33190205693244934,False,0.9951445460319519,FLAT,3.786774323089048e-05,0.997955322265625,0.0020067570731043816,FLAT
2013-07-11,1,UP,0.3830147981643677,False,0.48776301741600037,FLAT,0.25466862320899963,0.7366080284118652,0.008723302744328976,FLAT
2013-07-12,1,FLAT,0.28464752435684204,False,0.10952745378017426,FLAT,0.00047290517250075936,0.9989529848098755,0.0005740288179367781,FLAT
2013-07-15,1,FLAT,0.41841402649879456,False,0.01822834275662899,FLAT,0.0035831534769386053,0.9962825179100037,0.00013436908193398267,FLAT
2013-07-16,1,FLAT,0.44260138273239136,False,0.03289692476391792,FLAT,0.8847633004188538,0.11227677017450333,0.002959947567433119,FLAT
2013-07-17,1,FLAT,0.4624873995780945,True,0.03544149920344353,DOWN,0.031169379130005836,0.9686370491981506,0.00019356717530172318,FLAT
2013-07-18,1,FLAT,0.4424722194671631,False,0.9895793795585632,FLAT,0.0003690760931931436,0.9987899661064148,0.0008409751462750137,FLAT
2013-07-19,1,FLAT,0.4600147306919098,False,0.5932754874229431,FLAT,0.17898039519786835,0.5571048855781555,0.26391470432281494,FLAT
2013-07-22,1,FLAT,0.501071572303772,True,0.9921337366104126,UP,0.0056474534794688225,0.8061032891273499,0.18824924528598785,FLAT
2013-07-23,1,FLAT,0.5159288048744202,True,0.6734582781791687,UP,0.020969338715076447,0.9444023966789246,0.03462827578186989,FLAT
2013-07-24,1,FLAT,0.518851101398468,True,0.1209680512547493,DOWN,0.49327993392944336,0.48739832639694214,0.0193217433989048,DOWN
2013-07-25,1,FLAT,0.5175616145133972,True,0.1087527796626091,DOWN,0.14831842482089996,0.04743751510977745,0.8042440414428711,UP
2013-07-26,1,FLAT,0.5384148359298706,True,0.9605885148048401,UP,8.630218508187681e-05,0.9954954385757446,0.0044182040728628635,FLAT
2013-07-29,1,FLAT,0.5546815991401672,True,0.9927849769592285,UP,0.07894366979598999,0.4316960871219635,0.4893602728843689,UP
2013-07-30,1,FLAT,0.6177138090133667,True,0.8802496790885925,UP,0.022415462881326675,0.1636124700307846,0.8139720559120178,UP
2013-07-31,1,FLAT,0.543572723865509,True,0.6083309054374695,UP,0.2439740002155304,0.363357812166214,0.392668217420578,UP
2013-08-01,1,UP,0.5184265971183777,True,0.35154861211776733,UP,0.5425871014595032,0.005833716597408056,0.45157915353775024,DOWN
2013-08-02,1,FLAT,0.43467313051223755,False,0.9935670495033264,FLAT,1.999630967475241e-06,0.9998446702957153,0.00015329962479881942,FLAT
2013-08-05,1,FLAT,0.4944280683994293,True,0.9952762126922607,UP,9.803388820728287e-05,0.998890221118927,0.0010117428610101342,FLAT
2013-08-06,1,DOWN,0.5499675869941711,True,0.03288465365767479,DOWN,0.07194039225578308,0.9213078022003174,0.006751825101673603,FLAT
2013-08-07,1,FLAT,0.552867591381073,True,0.9952514171600342,UP,0.0012228313134983182,0.766524076461792,0.2322530448436737,FLAT
2013-08-08,1,FLAT,0.6300138235092163,True,0.9292954802513123,UP,0.1772400289773941,0.05824429541826248,0.7645156979560852,UP
2013-08-09,1,FLAT,0.5126529335975647,True,0.9317302703857422,UP,0.02172631211578846,0.40569615364074707,0.5725774765014648,UP
2013-08-12,1,FLAT,0.6384473443031311,True,0.9943318367004395,UP,0.17099353671073914,0.13092394173145294,0.6980825066566467,UP
2013-08-13,1,FLAT,0.6332541108131409,True,0.6054004430770874,UP,0.0011760329362004995,0.615792453289032,0.3830315172672272,FLAT
2013-08-14,1,FLAT,0.5470144152641296,True,0.9998717308044434,UP,0.002389488508924842,0.9544919729232788,0.04311848804354668,FLAT
2013-08-15,1,DOWN,0.6825107336044312,True,0.9528551697731018,UP,0.00923923309892416,0.8793869018554688,0.1113738864660263,FLAT
2013-08-16,1,FLAT,0.6284746527671814,True,0.9462679624557495,UP,0.0006778386305086315,0.9103058576583862,0.08901629596948624,FLAT
2013-08-19,1,DOWN,0.6785621643066406,True,0.999679446220398,UP,0.00019913160940632224,0.8857555985450745,0.11404520273208618,FLAT
2013-08-20,1,FLAT,0.6539014577865601,True,0.9991304278373718,UP,0.01962403394281864,0.06055912747979164,0.9198168516159058,UP
2013-08-21,1,DOWN,0.6099420189857483,True,0.994074285030365,UP,0.002731412649154663,0.9622063040733337,0.035062260925769806,FLAT
2013-08-22,1,UP,0.6688788533210754,True,0.9946268200874329,UP,0.014171481132507324,0.5116478800773621,0.474180668592453,FLAT
2013-08-23,1,FLAT,0.5445273518562317,True,0.995161235332489,UP,0.008334615267813206,0.912462592124939,0.07920282334089279,FLAT
2013-08-26,1,FLAT,0.5597259998321533,True,0.9964663982391357,UP,0.0008358584018424153,0.9940862655639648,0.00507788872346282,FLAT
2013-08-27,1,DOWN,0.6374343633651733,True,0.8252767324447632,UP,0.7643057107925415,0.0668608546257019,0.1688334345817566,DOWN
2013-08-28,1,FLAT,0.6171481013298035,True,0.027786454185843468,DOWN,0.737819254398346,0.2270766645669937,0.03510408103466034,DOWN
2013-08-29,1,FLAT,0.6116072535514832,True,0.9379797577857971,UP,0.9704715013504028,0.02102096937596798,0.008507543243467808,DOWN
2013-08-30,1,FLAT,0.6593822240829468,True,0.12394019961357117,DOWN,0.9867174625396729,0.003797943005338311,0.009484607726335526,DOWN
2013-09-03,1,FLAT,0.6635472774505615,True,0.9382600784301758,UP,0.9486737847328186,0.03431251272559166,0.01701371558010578,DOWN
2013-09-04,1,UP,0.6184043288230896,True,0.9795728325843811,UP,0.6462659239768982,0.3146682381629944,0.03906582295894623,DOWN
2013-09-05,1,FLAT,0.5619627833366394,True,0.9976255297660828,UP,0.02622409164905548,0.9543789029121399,0.019396988674998283,FLAT
2013-09-06,1,FLAT,0.5485150218009949,True,0.9999744892120361,UP,0.25573819875717163,0.6027098298072815,0.14155200123786926,FLAT
2013-09-09,1,UP,0.6002684831619263,True,0.24928921461105347,DOWN,0.9927366971969604,0.001561015727929771,0.0057023512199521065,DOWN
2013-09-10,1,UP,0.38088077306747437,False,0.9251284003257751,FLAT,0.004351695533841848,0.9586458206176758,0.0370025560259819,FLAT
2013-09-11,1,FLAT,0.3683527708053589,False,0.961974024772644,FLAT,0.0010899375192821026,0.9937230944633484,0.005187013652175665,FLAT
2013-09-12,1,FLAT,0.34862247109413147,False,0.9819766283035278,FLAT,0.0033147865906357765,0.9542294144630432,0.04245581850409508,FLAT
2013-09-13,1,FLAT,0.3496015965938568,False,0.02275686524808407,FLAT,0.02104983665049076,0.972183883190155,0.0067662629298865795,FLAT
2013-09-16,1,UP,0.3506655693054199,False,0.45546743273735046,FLAT,0.00016406392387580127,0.9997820258140564,5.389901707530953e-05,FLAT
2013-09-17,1,FLAT,0.27789485454559326,False,0.4305257499217987,FLAT,0.0989392027258873,0.8854866027832031,0.015574214980006218,FLAT
2013-09-18,1,UP,0.42522338032722473,False,0.14317671954631805,FLAT,0.020094649866223335,0.9762867093086243,0.0036186310462653637,FLAT
2013-09-19,1,FLAT,0.39195287227630615,False,0.09687337279319763,FLAT,0.49578553438186646,0.4206579327583313,0.08355648815631866,FLAT
2013-09-20,1,DOWN,0.47390618920326233,True,0.023885849863290787,DOWN,0.0008823607349768281,0.9954174757003784,0.0037001476157456636,FLAT
2013-09-23,1,FLAT,0.5791224837303162,True,0.9539044499397278,UP,0.08511518687009811,0.6709479093551636,0.2439369559288025,FLAT
2013-09-24,1,FLAT,0.6344641447067261,True,0.9962384700775146,UP,0.09302863478660583,0.48000600934028625,0.4269653856754303,FLAT
2013-09-25,1,FLAT,0.5912483334541321,True,0.9832746386528015,UP,0.1405709832906723,0.32405519485473633,0.5353738069534302,UP
2013-09-26,1,FLAT,0.6169397830963135,True,0.5379257798194885,UP,0.8000592589378357,0.016847804188728333,0.18309286236763,DOWN
2013-09-27,1,FLAT,0.6272349953651428,True,0.9586475491523743,UP,0.10476662963628769,0.8885867595672607,0.00664663128554821,FLAT
2013-09-30,1,DOWN,0.5962721705436707,True,0.9997922778129578,UP,9.09434529603459e-05,0.9913482069969177,0.008560866117477417,FLAT
2013-10-01,1,UP,0.5930868983268738,True,0.999990701675415,UP,0.001177853555418551,0.721606433391571,0.2772156894207001,FLAT
2013-10-02,1,FLAT,0.5783120393753052,True,0.999214768409729,UP,0.003602175507694483,0.5584484934806824,0.4379493296146393,FLAT
2013-10-03,1,DOWN,0.6092871427536011,True,0.9994087219238281,UP,0.10841485112905502,0.5946922302246094,0.296892911195755,FLAT
2013-10-04,1,UP,0.5828812122344971,True,0.36556103825569153,UP,0.0859857052564621,0.7791505455970764,0.13486377894878387,FLAT
2013-10-07,1,DOWN,0.5097118616104126,True,0.9926407933235168,UP,0.00865687895566225,0.9777097702026367,0.013633385300636292,FLAT
2013-10-08,1,DOWN,0.5748550891876221,True,0.9967566132545471,UP,0.2711772918701172,0.38567858934402466,0.34314411878585815,FLAT
2013-10-09,1,FLAT,0.607351541519165,True,0.016656016930937767,DOWN,0.9867205619812012,0.00010788631334435195,0.013171495869755745,DOWN
2013-10-10,1,UP,0.672627866268158,True,0.9953464865684509,UP,0.0685873031616211,0.48998844623565674,0.44142431020736694,FLAT
2013-10-11,1,UP,0.564766526222229,True,0.28058260679244995,DOWN,0.09738083183765411,0.8940116763114929,0.008607524447143078,FLAT
2013-10-14,1,FLAT,0.4644099175930023,True,0.9950582981109619,UP,0.00016104773385450244,0.8432020545005798,0.15663693845272064,FLAT
2013-10-15,1,DOWN,0.4858477711677551,True,0.7625577449798584,UP,0.008643314242362976,0.000992813496850431,0.9903638958930969,UP
2013-10-16,1,UP,0.4773344099521637,True,0.9975919723510742,UP,0.011827160604298115,0.9693915843963623,0.018781188875436783,FLAT
2013-10-17,1,UP,0.4770910143852234,True,0.6424834728240967,UP,0.20458197593688965,0.7928537130355835,0.0025643175467848778,FLAT
2013-10-18,1,UP,0.459289014339447,False,0.3610616624355316,FLAT,0.008528494276106358,0.9607774019241333,0.03069414012134075,FLAT
2013-10-21,1,FLAT,0.2753451466560364,False,0.19281785190105438,FLAT,0.000120386881462764,0.9767189025878906,0.023160681128501892,FLAT
2013-10-22,1,UP,0.36966952681541443,False,0.0014322188217192888,FLAT,0.1437000185251236,0.8549173474311829,0.0013826590729877353,FLAT
2013-10-23,1,FLAT,0.3999873697757721,False,0.3592846095561981,FLAT,0.06428302824497223,0.775016188621521,0.1607007533311844,FLAT
2013-10-24,1,FLAT,0.5372128486633301,True,0.6163737773895264,UP,0.9456346035003662,0.054169438779354095,0.00019602019165176898,DOWN
2013-10-25,1,FLAT,0.5104056596755981,True,0.9998329877853394,UP,7.850609836168587e-05,0.9960197806358337,0.0039017079398036003,FLAT
2013-10-28,1,FLAT,0.45432689785957336,False,0.6066899299621582,FLAT,5.389082434703596e-05,0.9999303817749023,1.5720514056738466e-05,FLAT
2013-10-29,1,UP,0.5134134292602539,True,0.3579522371292114,UP,0.6346458792686462,0.3583340048789978,0.007020097225904465,DOWN
2013-10-30,1,DOWN,0.4963127374649048,True,0.001083933049812913,DOWN,0.02260689064860344,0.975562334060669,0.0018308005528524518,FLAT
2013-10-31,1,FLAT,0.5250899195671082,True,0.3424760103225708,UP,0.00043988655670545995,0.9970400929450989,0.002519969828426838,FLAT
2013-11-01,1,FLAT,0.5842162370681763,True,0.4009436070919037,UP,0.009440033696591854,0.7552034854888916,0.2353564351797104,FLAT
2013-11-04,1,FLAT,0.5561630129814148,True,0.5604721903800964,UP,0.0033471891656517982,0.956825315952301,0.039827533066272736,FLAT
2013-11-05,1,FLAT,0.5710576176643372,True,0.29283416271209717,DOWN,1.5721196177764796e-05,0.999840259552002,0.00014398946950677782,FLAT
2013-11-06,1,UP,0.5984356999397278,True,0.9543782472610474,UP,2.8447357180994004e-05,0.9919053316116333,0.008066147565841675,FLAT
2013-11-07,1,DOWN,0.5351095199584961,True,0.8590764403343201,UP,3.747328446479514e-05,0.999818742275238,0.00014386790280696005,FLAT
2013-11-08,1,UP,0.5977368354797363,True,0.9941555261611938,UP,0.0011832838645204902,0.7975817918777466,0.2012348771095276,FLAT
2013-11-11,1,FLAT,0.5636496543884277,True,0.9691475629806519,UP,0.00580941466614604,0.9229332804679871,0.07125727832317352,FLAT
2013-11-12,1,FLAT,0.5932209491729736,True,0.7269258499145508,UP,0.002983979182317853,0.8755356073379517,0.12148047238588333,FLAT
2013-11-13,1,UP,0.5795814990997314,True,0.9480006098747253,UP,0.15762147307395935,0.7789791226387024,0.06339941173791885,FLAT
2013-11-14,1,UP,0.5278840661048889,True,0.9879502058029175,UP,0.0008940356783568859,0.9909219145774841,0.008184037171304226,FLAT
2013-11-15,1,FLAT,0.49219807982444763,True,0.9651382565498352,UP,0.0005495004006661475,0.9958745837211609,0.0035759061574935913,FLAT
2013-11-18,1,FLAT,0.4707525968551636,True,0.9309009313583374,UP,0.00012810115003958344,0.997621476650238,0.0022503850050270557,FLAT
2013-11-19,1,FLAT,0.5350075960159302,True,0.8783931732177734,UP,0.013918322511017323,0.9754366874694824,0.010645058937370777,FLAT
2013-11-20,1,FLAT,0.5643401145935059,True,0.3269803822040558,UP,0.06837712973356247,0.9036661386489868,0.02795671857893467,FLAT
2013-11-21,1,UP,0.5500556826591492,True,0.09581471979618073,DOWN,0.4149201512336731,0.004641491919755936,0.5804383754730225,UP
2013-11-22,1,UP,0.5124264359474182,True,0.3245575428009033,UP,0.00020995856903027743,0.993448793888092,0.006341218948364258,FLAT
2013-11-25,1,FLAT,0.5226280689239502,True,0.8365704417228699,UP,0.0012516214046627283,0.9982142448425293,0.0005341735668480396,FLAT
2013-11-26,1,FLAT,0.5438818335533142,True,0.5553614497184753,UP,0.08381388336420059,0.9107758402824402,0.005410294979810715,FLAT
2013-11-27,1,FLAT,0.5512421131134033,True,0.00043450933299027383,DOWN,0.7980186343193054,0.19894814491271973,0.0030332468450069427,DOWN
2013-11-29,1,FLAT,0.5593396425247192,True,0.0756683275103569,DOWN,0.4466789662837982,0.5504123568534851,0.00290870713070035,FLAT
2013-12-02,1,FLAT,0.5591723322868347,True,0.9789531230926514,UP,0.08513722568750381,0.9097732305526733,0.005089476704597473,FLAT
2013-12-03,1,FLAT,0.5529090762138367,True,0.4212041199207306,UP,0.0038809701800346375,0.9882392883300781,0.007879674434661865,FLAT
2013-12-04,1,FLAT,0.6292347311973572,True,0.9997093081474304,UP,0.0873294249176979,0.23726262152194977,0.6754079461097717,UP
2013-12-05,1,FLAT,0.623348593711853,True,0.9999439716339111,UP,0.0033550173975527287,0.00017619263962842524,0.9964687824249268,UP
2013-12-06,1,UP,0.6594634056091309,True,0.9929986000061035,UP,0.01858752965927124,0.1346525102853775,0.8467599749565125,UP
2013-12-09,1,FLAT,0.4625992178916931,True,0.9230868220329285,UP,6.997166565270163e-06,0.995158851146698,0.004834200721234083,FLAT
2013-12-10,1,FLAT,0.5217909812927246,True,0.9873883128166199,UP,0.003674194449558854,0.9544980525970459,0.041827764362096786,FLAT
2013-12-11,1,DOWN,0.5920306444168091,True,0.9990695118904114,UP,0.0021611296106129885,0.014100427739322186,0.9837384223937988,UP
2013-12-12,1,FLAT,0.5887037515640259,True,0.9418314099311829,UP,0.7094830274581909,0.017776887863874435,0.27274009585380554,DOWN
2013-12-13,1,FLAT,0.6828534007072449,True,0.9479530453681946,UP,0.2068539261817932,0.6374643445014954,0.15568172931671143,FLAT
2013-12-16,1,UP,0.6678604483604431,True,0.9543272256851196,UP,0.43638911843299866,0.5485200881958008,0.015090745873749256,FLAT
2013-12-17,1,FLAT,0.5915488004684448,True,0.6804597973823547,UP,0.19591736793518066,0.8014319539070129,0.002650722162798047,FLAT
2013-12-18,1,UP,0.6305202841758728,True,0.9911921620368958,UP,0.10311145335435867,0.341655969619751,0.555232584476471,UP
2013-12-19,1,FLAT,0.5502110719680786,True,0.9799523949623108,UP,0.011856816709041595,0.9879385828971863,0.00020466811838559806,FLAT
2013-12-20,1,FLAT,0.5159552097320557,True,0.05272151902318001,DOWN,0.1042184829711914,0.8649892807006836,0.030792267993092537,FLAT
2013-12-23,1,UP,0.5093412399291992,True,0.9800772070884705,UP,0.00024291800218634307,0.9975355863571167,0.002221464877948165,FLAT
2013-12-24,1,FLAT,0.3962022066116333,False,0.09114930778741837,FLAT,0.10611748695373535,0.8602852821350098,0.03359723463654518,FLAT
2013-12-26,1,UP,0.43545839190483093,False,0.057842761278152466,FLAT,4.897758844890632e-05,0.9967312812805176,0.0032198037952184677,FLAT
2013-12-27,1,FLAT,0.47070762515068054,True,0.839934229850769,UP,0.00023324099311139435,0.9992395639419556,0.0005272086127661169,FLAT
2013-12-30,1,FLAT,0.4868188500404358,True,0.049282412976026535,DOWN,0.16801758110523224,0.8317912220954895,0.00019118601630907506,FLAT
2013-12-31,1,UP,0.5316845774650574,True,0.5243025422096252,UP,0.023803245276212692,0.9754349589347839,0.0007617751252837479,FLAT
2014-01-02,1,DOWN,0.5007145404815674,True,0.8587124943733215,UP,0.0006164097576402128,0.988914430141449,0.010469150729477406,FLAT
2014-01-03,1,FLAT,0.6031637191772461,True,0.9576290249824524,UP,0.0013884264044463634,0.03217840567231178,0.9664331674575806,UP
2014-01-06,1,FLAT,0.6033598780632019,True,0.1524268388748169,DOWN,0.12032574415206909,0.26899516582489014,0.610679030418396,UP
2014-01-07,1,UP,0.6027724742889404,True,0.06071924790740013,DOWN,0.7762394547462463,0.15401498973369598,0.06974554806947708,DOWN
2014-01-08,1,FLAT,0.5663877725601196,True,0.8302261233329773,UP,0.000312541815219447,0.9519714713096619,0.04771598055958748,FLAT
2014-01-09,1,FLAT,0.5932619571685791,True,0.0002513542422093451,DOWN,0.9961588382720947,0.002787761390209198,0.0010534098837524652,DOWN
2014-01-10,1,FLAT,0.5859240293502808,True,0.05459372326731682,DOWN,0.9860036969184875,0.003013189882040024,0.010983114130795002,DOWN
2014-01-13,1,DOWN,0.5608914494514465,True,0.8339899778366089,UP,0.04605064541101456,0.9523169994354248,0.00163241196423769,FLAT
2014-01-14,1,UP,0.6289825439453125,True,0.9995427131652832,UP,0.01613166183233261,0.18116648495197296,0.8027018308639526,UP
2014-01-15,1,UP,0.5713302493095398,True,0.0018094530096277595,DOWN,0.21284033358097076,0.6879116892814636,0.09924798458814621,FLAT
2014-01-16,1,FLAT,0.5366643071174622,True,0.015511758625507355,DOWN,0.948387861251831,0.025434667244553566,0.026177536696195602,DOWN
2014-01-17,1,FLAT,0.5773169994354248,True,0.2847992181777954,DOWN,0.38415950536727905,0.4710384011268616,0.144802063703537,FLAT
2014-01-21,1,FLAT,0.6047239303588867,True,0.9602670669555664,UP,0.002343744272366166,0.3287830650806427,0.6688732504844666,UP
2014-01-22,1,FLAT,0.5593447685241699,True,0.8355838656425476,UP,0.5953536033630371,0.01777251623570919,0.38687384128570557,DOWN
2014-01-23,1,DOWN,0.5481330752372742,True,0.12514567375183105,DOWN,0.6688147783279419,0.06637275964021683,0.26481249928474426,DOWN
2014-01-24,1,DOWN,0.6146084666252136,True,0.9991940855979919,UP,0.1733163446187973,0.7471973299980164,0.07948637753725052,FLAT
2014-01-27,1,DOWN,0.5369218587875366,True,0.8022006154060364,UP,0.8481354713439941,0.0036040409468114376,0.14826050400733948,DOWN
2014-01-28,1,UP,0.6625587940216064,True,0.9923800230026245,UP,0.0010310286888852715,0.031962763518095016,0.967006266117096,UP
2014-01-29,1,DOWN,0.639174222946167,True,0.11113237589597702,DOWN,0.0023038641083985567,0.9970239996910095,0.0006721453974023461,FLAT
2014-01-30,1,UP,0.6079616546630859,True,0.9550662040710449,UP,0.9416201114654541,0.04346653074026108,0.014913355000317097,DOWN
2014-01-31,1,DOWN,0.5621781349182129,True,0.8346491456031799,UP,0.8232200145721436,0.13854403793811798,0.038235925137996674,DOWN
2014-02-03,1,DOWN,0.6977953910827637,True,0.4453357458114624,UP,0.9590792655944824,0.039924506098032,0.0009961928008124232,DOWN
2014-02-04,1,UP,0.6637593507766724,True,0.8290135264396667,UP,0.9877001047134399,0.004048054106533527,0.008251842111349106,DOWN
2014-02-05,1,FLAT,0.6192694902420044,True,0.8992480039596558,UP,0.30779314041137695,0.6697689890861511,0.02243792824447155,FLAT
2014-02-06,1,UP,0.6835477352142334,True,0.9939042925834656,UP,0.3754673898220062,0.37059980630874634,0.25393280386924744,DOWN
2014-02-07,1,UP,0.5849809646606445,True,0.8749844431877136,UP,0.00906588789075613,0.9893192648887634,0.0016148666618391871,FLAT
2014-02-10,1,FLAT,0.5551435947418213,True,0.7497431635856628,UP,0.005513859447091818,0.9939512014389038,0.0005349317798390985,FLAT
2014-02-11,1,UP,0.5582910180091858,True,0.9991662502288818,UP,0.9650987982749939,0.012948091141879559,0.021953074261546135,DOWN
2014-02-12,1,FLAT,0.5480368137359619,True,0.9997534155845642,UP,0.0014069005846977234,0.9903692603111267,0.008223854005336761,FLAT
2014-02-13,1,FLAT,0.44599243998527527,False,0.6861541867256165,FLAT,0.4814380407333374,0.40479570627212524,0.11376623809337616,FLAT
2014-02-14,1,UP,0.49193665385246277,True,0.9758412837982178,UP,0.004111038986593485,0.8906050324440002,0.10528390109539032,FLAT
2014-02-18,1,FLAT,0.41225481033325195,False,0.9910678267478943,FLAT,0.0013962103985249996,0.9907547831535339,0.00784897431731224,FLAT
2014-02-19,1,DOWN,0.4323701560497284,False,0.06321236491203308,FLAT,0.04227672517299652,0.9320059418678284,0.025717388838529587,FLAT
2014-02-20,1,UP,0.4348848760128021,False,0.8244701027870178,FLAT,0.6781796216964722,0.2731168568134308,0.04870353639125824,FLAT
2014-02-21,1,FLAT,0.47461646795272827,True,0.3284669518470764,UP,0.16285440325737,0.8359895348548889,0.001156062469817698,FLAT
2014-02-24,1,UP,0.46347832679748535,True,0.21903377771377563,DOWN,0.045152079313993454,0.9543431997299194,0.0005047204322181642,FLAT
2014-02-25,1,FLAT,0.4583417475223541,False,0.99959796667099,FLAT,0.09241766482591629,0.30050644278526306,0.6070758700370789,FLAT
2014-02-26,1,FLAT,0.4864944815635681,True,0.018180761486291885,DOWN,0.16139166057109833,0.8168546557426453,0.02175367809832096,FLAT
2014-02-27,1,UP,0.5371397733688354,True,0.9660991430282593,UP,0.5463123321533203,0.45240968465805054,0.0012779460521414876,DOWN
2014-02-28,1,FLAT,0.4956880807876587,True,0.9999550580978394,UP,0.0014541730051860213,0.968709409236908,0.029836371541023254,FLAT
2014-03-03,1,DOWN,0.4496239423751831,False,0.9928324222564697,FLAT,0.0005635874113067985,0.9635966420173645,0.03583972156047821,FLAT
2014-03-04,2,UP,0.5401809811592102,True,0.6784040927886963,UP,0.29392579197883606,0.4430028796195984,0.2630712687969208,FLAT
2014-03-05,2,FLAT,0.47738879919052124,False,0.40841391682624817,FLAT,0.235965758562088,0.45985984802246094,0.30417436361312866,FLAT
2014-03-06,2,FLAT,0.48838499188423157,False,0.367127388715744,FLAT,0.26819780468940735,0.4276503622531891,0.30415186285972595,FLAT
2014-03-07,2,FLAT,0.47891759872436523,False,0.5071088671684265,FLAT,0.23663224279880524,0.329193115234375,0.43417462706565857,FLAT
2014-03-10,2,FLAT,0.48095613718032837,False,0.4556218981742859,FLAT,0.24436812102794647,0.3773351013660431,0.37829679250717163,FLAT
2014-03-11,2,DOWN,0.5093395113945007,False,0.6165858507156372,FLAT,0.2424500733613968,0.4129156768321991,0.3446342945098877,FLAT
2014-03-12,2,FLAT,0.5328250527381897,True,0.6466265916824341,UP,0.19889232516288757,0.4000791907310486,0.40102848410606384,UP
2014-03-13,2,DOWN,0.5561744570732117,True,0.5943781137466431,UP,0.2927309572696686,0.43742358684539795,0.2698454260826111,FLAT
2014-03-14,2,FLAT,0.5898295044898987,True,0.5086488723754883,DOWN,0.35917341709136963,0.31821563839912415,0.3226109445095062,DOWN
2014-03-17,2,UP,0.6199934482574463,True,0.6177075505256653,UP,0.2833935618400574,0.3045215308666229,0.4120849370956421,UP
2014-03-18,2,UP,0.5885083675384521,True,0.6287034153938293,UP,0.2934916913509369,0.21310709416866302,0.4934011995792389,UP
2014-03-19,2,DOWN,0.5536694526672363,True,0.5183890461921692,DOWN,0.35712605714797974,0.2892257869243622,0.35364821553230286,DOWN
2014-03-20,2,UP,0.6008917093276978,True,0.5969683527946472,UP,0.37307170033454895,0.33312806487083435,0.2938002347946167,DOWN
2014-03-21,2,DOWN,0.5686808824539185,True,0.691256582736969,UP,0.2515186071395874,0.32263535261154175,0.42584607005119324,UP
2014-03-24,2,FLAT,0.6280390024185181,True,0.6261197328567505,UP,0.42747846245765686,0.24145515263080597,0.33106645941734314,DOWN
2014-03-25,2,FLAT,0.626036524772644,True,0.5844807624816895,UP,0.29917511343955994,0.286003053188324,0.4148218035697937,UP
2014-03-26,2,DOWN,0.5932510495185852,True,0.728782057762146,UP,0.3325226306915283,0.34998074173927307,0.3174965977668762,FLAT
2014-03-27,2,FLAT,0.630713701248169,True,0.5455232858657837,UP,0.2940712571144104,0.2855519950389862,0.4203767478466034,UP
2014-03-28,2,UP,0.6405504941940308,True,0.5488258600234985,UP,0.2646748423576355,0.45980823040008545,0.27551689743995667,FLAT
2014-03-31,2,UP,0.6129578948020935,True,0.667655348777771,UP,0.2815891206264496,0.2599474787712097,0.4584634304046631,UP
2014-04-01,2,UP,0.5635783672332764,True,0.5438879132270813,UP,0.42896905541419983,0.3104083836078644,0.2606225311756134,DOWN
2014-04-02,2,FLAT,0.5368147492408752,True,0.41253265738487244,DOWN,0.4201301634311676,0.2867397964000702,0.2931300401687622,DOWN
2014-04-03,2,FLAT,0.5094502568244934,False,0.6919172406196594,FLAT,0.22080817818641663,0.3679623603820801,0.4112294912338257,FLAT
2014-04-04,2,DOWN,0.5184388160705566,True,0.6628133654594421,UP,0.2728091776371002,0.3286769688129425,0.3985138535499573,UP
2014-04-07,2,DOWN,0.5963117480278015,True,0.46268486976623535,DOWN,0.36913126707077026,0.245305135846138,0.3855636417865753,UP
2014-04-08,2,FLAT,0.6291345953941345,True,0.5410916209220886,UP,0.41976553201675415,0.2918803095817566,0.28835415840148926,DOWN
2014-04-09,2,UP,0.6384279131889343,True,0.5004926323890686,DOWN,0.370958536863327,0.2646600604057312,0.36438143253326416,DOWN
2014-04-10,2,DOWN,0.5748579502105713,True,0.47965776920318604,DOWN,0.3103720545768738,0.3094942569732666,0.38013365864753723,UP
2014-04-11,2,DOWN,0.5548506379127502,True,0.5222690105438232,DOWN,0.3740648627281189,0.33229586482048035,0.29363924264907837,DOWN
2014-04-14,2,UP,0.6402031183242798,True,0.504795253276825,DOWN,0.332314670085907,0.36240634322166443,0.3052789866924286,FLAT
2014-04-15,2,UP,0.6392830014228821,True,0.636323094367981,UP,0.31704002618789673,0.3669653832912445,0.3159945607185364,FLAT
2014-04-16,2,UP,0.6442503333091736,True,0.6434951424598694,UP,0.3265262842178345,0.3883211612701416,0.2851525843143463,FLAT
2014-04-17,2,FLAT,0.5692861080169678,True,0.4533691704273224,DOWN,0.36791300773620605,0.34815099835395813,0.2839359939098358,DOWN
2014-04-21,2,FLAT,0.5794911980628967,True,0.4894445538520813,DOWN,0.4606940746307373,0.26241761445999146,0.27688831090927124,DOWN
2014-04-22,2,FLAT,0.5588499307632446,True,0.7177181839942932,UP,0.2128096967935562,0.4508762061595917,0.3363140821456909,FLAT
2014-04-23,2,FLAT,0.5414568781852722,True,0.6946338415145874,UP,0.20702271163463593,0.46895599365234375,0.32402127981185913,FLAT
2014-04-24,2,FLAT,0.5465327501296997,True,0.7200457453727722,UP,0.33499670028686523,0.3110564649105072,0.35394683480262756,UP
2014-04-25,2,DOWN,0.522925078868866,True,0.7044209241867065,UP,0.22575296461582184,0.2980210483074188,0.4762260317802429,UP
2014-04-28,2,FLAT,0.6032554507255554,True,0.432890385389328,DOWN,0.34282734990119934,0.3401065170764923,0.31706613302230835,DOWN
2014-04-29,2,FLAT,0.5779059529304504,True,0.3852393925189972,DOWN,0.38788697123527527,0.2230035662651062,0.38910943269729614,UP
2014-04-30,2,FLAT,0.5456767678260803,True,0.5346719026565552,DOWN,0.31390225887298584,0.30417370796203613,0.381924033164978,UP
2014-05-01,2,FLAT,0.5474355816841125,True,0.5289933085441589,DOWN,0.22260117530822754,0.45304927229881287,0.3243495225906372,FLAT
2014-05-02,2,FLAT,0.5341637134552002,True,0.5876442193984985,UP,0.3105396330356598,0.3914981782436371,0.2979622185230255,FLAT
2014-05-05,2,FLAT,0.5450332164764404,True,0.42572301626205444,DOWN,0.48444831371307373,0.2580420970916748,0.2575095593929291,DOWN
2014-05-06,2,DOWN,0.5576531291007996,True,0.6884753704071045,UP,0.2082979381084442,0.43857818841934204,0.35312390327453613,FLAT
2014-05-07,2,UP,0.5975694060325623,True,0.6589899063110352,UP,0.47430598735809326,0.19993388652801514,0.3257600963115692,DOWN
2014-05-08,2,FLAT,0.5613459348678589,True,0.5232665538787842,DOWN,0.2607971429824829,0.34999606013298035,0.3892068564891815,UP
2014-05-09,2,FLAT,0.5729135274887085,True,0.3254314959049225,DOWN,0.398080050945282,0.31003814935684204,0.291881799697876,DOWN
2014-05-12,2,UP,0.5641130208969116,True,0.4462537169456482,DOWN,0.47915905714035034,0.21428154408931732,0.3065594434738159,DOWN
2014-05-13,2,FLAT,0.5028232336044312,False,0.43617770075798035,FLAT,0.22038426995277405,0.5020536780357361,0.27756208181381226,FLAT
2014-05-14,2,FLAT,0.5031771063804626,False,0.688467800617218,FLAT,0.22011466324329376,0.38401564955711365,0.3958696722984314,FLAT
2014-05-15,2,DOWN,0.5302667617797852,True,0.6077316999435425,UP,0.47245752811431885,0.25473785400390625,0.2728046774864197,DOWN
2014-05-16,2,FLAT,0.6124780178070068,True,0.625352680683136,UP,0.38781046867370605,0.24154014885425568,0.3706493675708771,DOWN
2014-05-19,2,FLAT,0.5900185108184814,True,0.4429401159286499,DOWN,0.3939867615699768,0.2390722632408142,0.366940975189209,DOWN
2014-05-20,2,DOWN,0.5765218734741211,True,0.34064123034477234,DOWN,0.38410067558288574,0.3299022912979126,0.28599706292152405,DOWN
2014-05-21,2,UP,0.6169471144676208,True,0.5086154341697693,DOWN,0.42987921833992004,0.3239661753177643,0.24615460634231567,DOWN
2014-05-22,2,FLAT,0.5444270372390747,True,0.680582582950592,UP,0.28108495473861694,0.3107536733150482,0.40816134214401245,UP
2014-05-23,2,FLAT,0.5309712290763855,True,0.5971804261207581,UP,0.2822705805301666,0.36029526591300964,0.35743415355682373,FLAT
2014-05-27,2,UP,0.5164327621459961,True,0.4986400604248047,DOWN,0.1850474625825882,0.40548768639564514,0.40946489572525024,UP
2014-05-28,2,FLAT,0.4800269901752472,False,0.6338135004043579,FLAT,0.21502013504505157,0.4217406213283539,0.3632392883300781,FLAT
2014-05-29,2,UP,0.4948265254497528,False,0.6355493664741516,FLAT,0.22065821290016174,0.4441302716732025,0.33521151542663574,FLAT
2014-05-30,2,FLAT,0.4828087389469147,False,0.6474440097808838,FLAT,0.19351419806480408,0.39536213874816895,0.41112369298934937,FLAT
2014-06-02,2,FLAT,0.4958207309246063,False,0.566220760345459,FLAT,0.19318687915802002,0.48452162742614746,0.32229143381118774,FLAT
2014-06-03,2,FLAT,0.48661360144615173,False,0.6296604871749878,FLAT,0.1972513347864151,0.43940573930740356,0.36334291100502014,FLAT
2014-06-04,2,FLAT,0.5115761160850525,True,0.6261626482009888,UP,0.2380283772945404,0.4724828600883484,0.289488822221756,FLAT
2014-06-05,2,UP,0.5094939470291138,False,0.6066575646400452,FLAT,0.2385132610797882,0.5042524337768555,0.2572343051433563,FLAT
2014-06-06,2,FLAT,0.49709510803222656,False,0.4290545582771301,FLAT,0.26828619837760925,0.42783868312835693,0.3038751482963562,FLAT
2014-06-09,2,FLAT,0.47014155983924866,False,0.5859414339065552,FLAT,0.20016129314899445,0.40721219778060913,0.39262646436691284,FLAT
2014-06-10,2,FLAT,0.47961241006851196,False,0.569118082523346,FLAT,0.18085122108459473,0.5948038697242737,0.2243448942899704,FLAT
2014-06-11,2,FLAT,0.49499014019966125,False,0.5830236077308655,FLAT,0.15711621940135956,0.560248851776123,0.2826349437236786,FLAT
2014-06-12,2,DOWN,0.5175883173942566,True,0.5731648206710815,UP,0.2114514261484146,0.5791309475898743,0.20941764116287231,FLAT
2014-06-13,2,FLAT,0.5559918880462646,True,0.6089146733283997,UP,0.3436312675476074,0.35346531867980957,0.3029034435749054,FLAT
2014-06-16,2,FLAT,0.5477162003517151,True,0.5898793935775757,UP,0.20611661672592163,0.4610064625740051,0.33287689089775085,FLAT
2014-06-17,2,FLAT,0.5500540733337402,True,0.5856122374534607,UP,0.2729561924934387,0.42813900113105774,0.29890477657318115,FLAT
2014-06-18,2,UP,0.5488353967666626,True,0.5282211899757385,DOWN,0.20572306215763092,0.5161691308021545,0.27810782194137573,FLAT
2014-06-19,2,FLAT,0.5247943997383118,True,0.5075322389602661,DOWN,0.2631407678127289,0.4357220530509949,0.30113717913627625,FLAT
2014-06-20,2,FLAT,0.49834904074668884,False,0.5505096912384033,FLAT,0.29189980030059814,0.3555770516395569,0.35252317786216736,FLAT
2014-06-23,2,FLAT,0.5331773161888123,True,0.4560379385948181,DOWN,0.355082631111145,0.27863094210624695,0.3662864565849304,UP
2014-06-24,2,DOWN,0.5321112275123596,True,0.5165619254112244,DOWN,0.25466325879096985,0.4283898174762726,0.31694695353507996,FLAT
2014-06-25,2,UP,0.5804039835929871,True,0.5459014177322388,UP,0.47504785656929016,0.30563363432884216,0.2193184643983841,DOWN
2014-06-26,2,FLAT,0.5635415315628052,True,0.5351552367210388,DOWN,0.29489102959632874,0.3800477981567383,0.3250611424446106,FLAT
2014-06-27,2,FLAT,0.5603739619255066,True,0.5458927750587463,UP,0.34624090790748596,0.36931294202804565,0.2844460904598236,FLAT
2014-06-30,2,FLAT,0.5558976531028748,True,0.4977332353591919,DOWN,0.30973494052886963,0.38626837730407715,0.3039967119693756,FLAT
2014-07-01,2,UP,0.5591154098510742,True,0.5569977760314941,UP,0.2860409915447235,0.43871986865997314,0.2752391993999481,FLAT
2014-07-02,2,FLAT,0.5141600966453552,True,0.4095971882343292,DOWN,0.23853157460689545,0.34783846139907837,0.4136298894882202,UP
2014-07-03,2,UP,0.5170387029647827,True,0.5920132994651794,UP,0.23793865740299225,0.39609092473983765,0.3659703731536865,FLAT
2014-07-07,2,FLAT,0.4878670573234558,False,0.5765435695648193,FLAT,0.18720358610153198,0.39179331064224243,0.4210030436515808,FLAT
2014-07-08,2,DOWN,0.52197265625,True,0.5524517297744751,UP,0.2476191520690918,0.36564579606056213,0.3867350220680237,UP
2014-07-09,2,UP,0.5814018845558167,True,0.5864428281784058,UP,0.4792030155658722,0.32109344005584717,0.19970358908176422,DOWN
2014-07-10,2,FLAT,0.5343841910362244,True,0.628696084022522,UP,0.22537516057491302,0.4328993856906891,0.3417254090309143,FLAT
2014-07-11,2,FLAT,0.5869491696357727,True,0.5238216519355774,DOWN,0.4597284495830536,0.334658682346344,0.2056128829717636,DOWN
2014-07-14,2,UP,0.5815859436988831,True,0.44808632135391235,DOWN,0.24351635575294495,0.493086576461792,0.26339706778526306,FLAT
2014-07-15,2,FLAT,0.5325967669487,True,0.4432874321937561,DOWN,0.27496740221977234,0.37889549136161804,0.34613707661628723,FLAT
2014-07-16,2,FLAT,0.5612262487411499,True,0.6392767429351807,UP,0.49821120500564575,0.25503575801849365,0.24675299227237701,DOWN
2014-07-17,2,DOWN,0.5261966586112976,True,0.476599782705307,DOWN,0.2554146349430084,0.4098730683326721,0.3347122371196747,FLAT
2014-07-18,2,UP,0.6037279367446899,True,0.5658455491065979,UP,0.39152464270591736,0.3199039399623871,0.28857141733169556,DOWN
2014-07-21,2,FLAT,0.5626534223556519,True,0.6353292465209961,UP,0.5058324933052063,0.27663394808769226,0.21753357350826263,DOWN
2014-07-22,2,UP,0.5829818844795227,True,0.49432748556137085,DOWN,0.44537636637687683,0.2669229209423065,0.28770074248313904,DOWN
2014-07-23,2,FLAT,0.5504601001739502,True,0.491835355758667,DOWN,0.2605150043964386,0.39965903759002686,0.33982598781585693,FLAT
2014-07-24,2,FLAT,0.5177041888237,True,0.4412204325199127,DOWN,0.20862919092178345,0.38244250416755676,0.4089283049106598,UP
2014-07-25,2,DOWN,0.5273231267929077,True,0.5074151158332825,DOWN,0.2052653282880783,0.35450878739356995,0.44022583961486816,UP
2014-07-28,2,FLAT,0.5783292651176453,True,0.5464141368865967,UP,0.4619157910346985,0.24766401946544647,0.29042020440101624,DOWN
2014-07-29,2,DOWN,0.5789291858673096,True,0.5242219567298889,DOWN,0.4417996108531952,0.30692288279533386,0.25127750635147095,DOWN
2014-07-30,2,FLAT,0.6159002780914307,True,0.5568177103996277,UP,0.38119375705718994,0.21373173594474792,0.40507447719573975,UP
2014-07-31,2,DOWN,0.6145855784416199,True,0.3887312710285187,DOWN,0.25787419080734253,0.32125693559646606,0.420868843793869,UP
2014-08-01,2,FLAT,0.5874084234237671,True,0.5876412391662598,UP,0.3546384274959564,0.3133701682090759,0.33199143409729004,DOWN
2014-08-04,2,UP,0.6645528674125671,True,0.5373978018760681,DOWN,0.3987540602684021,0.33730950951576233,0.2639364004135132,DOWN
2014-08-05,2,DOWN,0.631912887096405,True,0.3847128748893738,DOWN,0.26771774888038635,0.28998610377311707,0.44229617714881897,UP
2014-08-06,2,FLAT,0.6080348491668701,True,0.6062339544296265,UP,0.37793052196502686,0.35901787877082825,0.2630515992641449,DOWN
2014-08-07,2,DOWN,0.6505496501922607,True,0.5224853754043579,DOWN,0.31958043575286865,0.3727843165397644,0.30763524770736694,FLAT
2014-08-08,2,UP,0.6402847766876221,True,0.5353469848632812,DOWN,0.3692557215690613,0.2818775475025177,0.3488667607307434,DOWN
2014-08-11,2,FLAT,0.6018787622451782,True,0.6236599683761597,UP,0.27149584889411926,0.3312959372997284,0.39720821380615234,UP
2014-08-12,2,FLAT,0.5746821761131287,True,0.45291510224342346,DOWN,0.2697102427482605,0.3301663100719452,0.4001234471797943,UP
2014-08-13,2,UP,0.6090149879455566,True,0.5214377045631409,DOWN,0.35364386439323425,0.3434903621673584,0.30286574363708496,DOWN
2014-08-14,2,UP,0.5717708468437195,True,0.4974525570869446,DOWN,0.24075184762477875,0.45643624663352966,0.3028118908405304,FLAT
2014-08-15,2,FLAT,0.5743500590324402,True,0.5686029195785522,UP,0.2528497278690338,0.4177215099334717,0.3294287621974945,FLAT
2014-08-18,2,UP,0.602500319480896,True,0.6614275574684143,UP,0.3537901043891907,0.29395511746406555,0.35225480794906616,DOWN
2014-08-19,2,UP,0.5246388912200928,True,0.48133599758148193,DOWN,0.15683726966381073,0.526115357875824,0.31704744696617126,FLAT
2014-08-20,2,FLAT,0.511711597442627,True,0.6257081031799316,UP,0.17728590965270996,0.48149600625038147,0.3412180542945862,FLAT
2014-08-21,2,FLAT,0.5166193246841431,True,0.5390238165855408,UP,0.23167283833026886,0.48628169298171997,0.28204551339149475,FLAT
2014-08-22,2,FLAT,0.4924117624759674,False,0.5510674118995667,FLAT,0.1762939840555191,0.5613235831260681,0.26238247752189636,FLAT
2014-08-25,2,UP,0.5104078650474548,False,0.6245113611221313,FLAT,0.16589480638504028,0.5384764075279236,0.29562878608703613,FLAT
2014-08-26,2,FLAT,0.4775776267051697,False,0.5769201517105103,FLAT,0.23829039931297302,0.48819786310195923,0.27351176738739014,FLAT
2014-08-27,2,FLAT,0.4926200807094574,False,0.6466780304908752,FLAT,0.22265097498893738,0.5110313892364502,0.2663176655769348,FLAT
2014-08-28,2,FLAT,0.5013732314109802,False,0.4708763360977173,FLAT,0.1641230285167694,0.579677939414978,0.25619903206825256,FLAT
2014-08-29,2,FLAT,0.5149367451667786,True,0.4251396954059601,DOWN,0.24180074036121368,0.4219522774219513,0.33624693751335144,FLAT
2014-09-02,2,FLAT,0.49636560678482056,False,0.4493543803691864,FLAT,0.26626476645469666,0.36336997151374817,0.3703652620315552,FLAT
2014-09-03,2,FLAT,0.5064967274665833,False,0.4906185567378998,FLAT,0.22760474681854248,0.4508815109729767,0.32151374220848083,FLAT
2014-09-04,2,FLAT,0.5172518491744995,True,0.5526013374328613,UP,0.2804722189903259,0.35654178261756897,0.3629860281944275,UP
2014-09-05,2,UP,0.5377205610275269,True,0.5985573530197144,UP,0.32317447662353516,0.32801395654678345,0.3488115668296814,UP
2014-09-08,2,FLAT,0.5202889442443848,True,0.6120927333831787,UP,0.23765185475349426,0.5170803666114807,0.24526777863502502,FLAT
2014-09-09,2,DOWN,0.545681893825531,True,0.494691401720047,DOWN,0.20994652807712555,0.49961787462234497,0.29043564200401306,FLAT
2014-09-10,2,UP,0.5893054008483887,True,0.6689493656158447,UP,0.5081580281257629,0.3222094476222992,0.16963253915309906,DOWN
2014-09-11,2,FLAT,0.5634587407112122,True,0.49563509225845337,DOWN,0.3605174422264099,0.3138384222984314,0.3256441056728363,DOWN
2014-09-12,2,DOWN,0.5719148516654968,True,0.5116914510726929,DOWN,0.30883994698524475,0.3703625500202179,0.32079753279685974,FLAT
2014-09-15,2,FLAT,0.6025742292404175,True,0.42752915620803833,DOWN,0.2887597978115082,0.4999709129333496,0.2112693041563034,FLAT
2014-09-16,2,UP,0.6151024699211121,True,0.5365610718727112,DOWN,0.37276071310043335,0.29136958718299866,0.3358697295188904,DOWN
2014-09-17,2,FLAT,0.5819280743598938,True,0.5290020704269409,DOWN,0.350106805562973,0.3036790192127228,0.3462141752243042,DOWN
2014-09-18,2,UP,0.5611044764518738,True,0.5702909827232361,UP,0.3377881348133087,0.27616235613822937,0.3860495090484619,UP
2014-09-19,2,DOWN,0.5179616808891296,True,0.5195982456207275,DOWN,0.22363801300525665,0.35981425642967224,0.4165477156639099,UP
2014-09-22,2,DOWN,0.5794099569320679,True,0.4623331129550934,DOWN,0.4959383010864258,0.23769015073776245,0.2663715183734894,DOWN
2014-09-23,2,DOWN,0.6202453970909119,True,0.531056821346283,DOWN,0.35403871536254883,0.37019479274749756,0.2757664620876312,FLAT
2014-09-24,2,UP,0.6388891339302063,True,0.5893521308898926,UP,0.31292805075645447,0.35502591729164124,0.3320460915565491,FLAT
2014-09-25,2,DOWN,0.6126003265380859,True,0.46886709332466125,DOWN,0.2531658113002777,0.38818877935409546,0.35864537954330444,FLAT
2014-09-26,2,UP,0.6015822291374207,True,0.6554843187332153,UP,0.2766031324863434,0.47881603240966797,0.24458083510398865,FLAT
2014-09-29,2,FLAT,0.6359575986862183,True,0.4167807698249817,DOWN,0.3111102283000946,0.28983181715011597,0.39905792474746704,UP
2014-09-30,2,FLAT,0.6585255265235901,True,0.53742915391922,DOWN,0.3757609724998474,0.37564051151275635,0.24859850108623505,DOWN
2014-10-01,2,DOWN,0.6580109000205994,True,0.5462427139282227,UP,0.4017203152179718,0.290559858083725,0.307719886302948,DOWN
2014-10-02,2,FLAT,0.6327642202377319,True,0.5070288777351379,DOWN,0.26965734362602234,0.5112765431404114,0.2190660983324051,FLAT
2014-10-03,2,UP,0.6426451206207275,True,0.5532277822494507,UP,0.30295875668525696,0.40131044387817383,0.2957307994365692,FLAT
2014-10-06,2,FLAT,0.5833212733268738,True,0.5571423172950745,UP,0.2741788625717163,0.2869495153427124,0.4388716220855713,UP
2014-10-07,2,DOWN,0.6210955381393433,True,0.731764018535614,UP,0.20128148794174194,0.24179157614707947,0.556926965713501,UP
2014-10-08,2,UP,0.5794017314910889,True,0.4895589351654053,DOWN,0.2919187843799591,0.4616962969303131,0.24638493359088898,FLAT
2014-10-09,2,DOWN,0.591778576374054,True,0.48999086022377014,DOWN,0.34113365411758423,0.39123255014419556,0.2676337659358978,FLAT
2014-10-10,2,DOWN,0.5398082733154297,True,0.5798488259315491,UP,0.3111759126186371,0.39234042167663574,0.29648369550704956,FLAT
2014-10-13,2,DOWN,0.6237328052520752,True,0.4504978060722351,DOWN,0.246824711561203,0.1837506741285324,0.5694246292114258,UP
2014-10-14,2,FLAT,0.6224636435508728,True,0.654830813407898,UP,0.23946991562843323,0.2845105528831482,0.47601956129074097,UP
2014-10-15,2,DOWN,0.6453465819358826,True,0.5125887393951416,DOWN,0.3266797959804535,0.2708306908607483,0.40248948335647583,UP
2014-10-16,2,FLAT,0.6368862390518188,True,0.5309239625930786,DOWN,0.35078275203704834,0.2697385549545288,0.37947872281074524,UP
2014-10-17,2,UP,0.6228089928627014,True,0.46176064014434814,DOWN,0.3330703377723694,0.27793219685554504,0.38899746537208557,UP
2014-10-20,2,UP,0.5997482538223267,True,0.641351580619812,UP,0.2465485781431198,0.4022728204727173,0.3511785864830017,FLAT
2014-10-21,2,UP,0.5499459505081177,True,0.6009489297866821,UP,0.27208518981933594,0.4075845777988434,0.32033026218414307,FLAT
2014-10-22,2,DOWN,0.4963701665401459,False,0.3617888391017914,FLAT,0.2696543037891388,0.4202706813812256,0.3100750148296356,FLAT
2014-10-23,2,UP,0.6512212157249451,True,0.5786107778549194,UP,0.32765403389930725,0.25368615984916687,0.4186597764492035,UP
2014-10-24,2,UP,0.562267005443573,True,0.5716767907142639,UP,0.21907958388328552,0.5228815078735352,0.2580389082431793,FLAT
2014-10-27,2,FLAT,0.49226114153862,False,0.6310228705406189,FLAT,0.19452551007270813,0.4902160167694092,0.3152585029602051,FLAT
2014-10-28,2,UP,0.5763156414031982,True,0.4960518479347229,DOWN,0.28220486640930176,0.4578458070755005,0.25994932651519775,FLAT
2014-10-29,2,FLAT,0.4458104968070984,False,0.36194130778312683,FLAT,0.20933105051517487,0.501479983329773,0.2891889214515686,FLAT
2014-10-30,2,UP,0.505821704864502,False,0.44864413142204285,FLAT,0.24984511733055115,0.5061853528022766,0.24396951496601105,FLAT
2014-10-31,2,UP,0.46878549456596375,False,0.45311418175697327,FLAT,0.2759872376918793,0.42592117190361023,0.2980916500091553,FLAT
2014-11-03,2,FLAT,0.4294404089450836,False,0.3509960472583771,FLAT,0.25336238741874695,0.410430371761322,0.33620721101760864,FLAT
2014-11-04,2,FLAT,0.4571281373500824,False,0.3553527593612671,FLAT,0.17417877912521362,0.5336887836456299,0.2921324372291565,FLAT
2014-11-05,2,UP,0.47613269090652466,False,0.302704393863678,FLAT,0.2625545263290405,0.45092594623565674,0.2865195572376251,FLAT
2014-11-06,2,FLAT,0.43195849657058716,False,0.4075465798377991,FLAT,0.3395099341869354,0.38806799054145813,0.27242207527160645,FLAT
2014-11-07,2,FLAT,0.44527825713157654,False,0.41609373688697815,FLAT,0.17158626019954681,0.5278887748718262,0.3005249500274658,FLAT
2014-11-10,2,FLAT,0.4540793299674988,False,0.4177836775779724,FLAT,0.24522456526756287,0.42037564516067505,0.3343998193740845,FLAT
2014-11-11,2,FLAT,0.4513513743877411,False,0.5363428592681885,FLAT,0.23036395013332367,0.43022477626800537,0.3394112288951874,FLAT
2014-11-12,2,FLAT,0.46298661828041077,False,0.5964157581329346,FLAT,0.24254350364208221,0.4279119074344635,0.3295446038246155,FLAT
2014-11-13,2,FLAT,0.4878484010696411,False,0.41366857290267944,FLAT,0.22793197631835938,0.4356953799724579,0.33637264370918274,FLAT
2014-11-14,2,FLAT,0.47318825125694275,False,0.4559888541698456,FLAT,0.18276910483837128,0.5219090580940247,0.29532182216644287,FLAT
2014-11-17,2,FLAT,0.4873483180999756,False,0.44565486907958984,FLAT,0.2043951451778412,0.4715549647808075,0.3240499496459961,FLAT
2014-11-18,2,UP,0.4927493631839752,False,0.6483418941497803,FLAT,0.17807413637638092,0.5091608762741089,0.3127650320529938,FLAT
2014-11-19,2,FLAT,0.4790254235267639,False,0.5375210046768188,FLAT,0.1734587401151657,0.5691128969192505,0.257428377866745,FLAT
2014-11-20,2,FLAT,0.5016867518424988,False,0.5652031302452087,FLAT,0.20490604639053345,0.4527861475944519,0.34230783581733704,FLAT
2014-11-21,2,UP,0.5136014819145203,True,0.5577419996261597,UP,0.18741485476493835,0.5057478547096252,0.306837260723114,FLAT
2014-11-24,2,FLAT,0.4650847911834717,False,0.5490908622741699,FLAT,0.26220211386680603,0.37985390424728394,0.3579440116882324,FLAT
2014-11-25,2,FLAT,0.4805276095867157,False,0.3869199752807617,FLAT,0.22918687760829926,0.38240498304367065,0.3884081244468689,FLAT
2014-11-26,2,FLAT,0.49406322836875916,False,0.49972662329673767,FLAT,0.22794602811336517,0.42243003845214844,0.3496239483356476,FLAT
2014-11-28,2,FLAT,0.4844888746738434,False,0.5975444912910461,FLAT,0.19755017757415771,0.44654810428619385,0.3559017777442932,FLAT
2014-12-01,2,DOWN,0.5030389428138733,False,0.36578190326690674,FLAT,0.2625580430030823,0.42222800850868225,0.31521400809288025,FLAT
2014-12-02,2,UP,0.5624680519104004,True,0.45163875818252563,DOWN,0.29419174790382385,0.4153573215007782,0.29045096039772034,FLAT
2014-12-03,2,FLAT,0.5362087488174438,True,0.4314787685871124,DOWN,0.24790391325950623,0.5145813822746277,0.23751471936702728,FLAT
2014-12-04,2,FLAT,0.49904608726501465,False,0.4353557229042053,FLAT,0.21718962490558624,0.4645444452762604,0.3182659149169922,FLAT
2014-12-05,2,FLAT,0.5293756723403931,True,0.5406736731529236,UP,0.3141259551048279,0.35222065448760986,0.33365345001220703,FLAT
2014-12-08,2,DOWN,0.5087034106254578,False,0.42591798305511475,FLAT,0.21302653849124908,0.42537975311279297,0.36159375309944153,FLAT
2014-12-09,2,FLAT,0.5653356313705444,True,0.49032062292099,DOWN,0.4396437108516693,0.2994838356971741,0.26087242364883423,DOWN
2014-12-10,2,DOWN,0.5869566202163696,True,0.5882948040962219,UP,0.4037516415119171,0.28504982590675354,0.31119856238365173,DOWN
2014-12-11,2,UP,0.6283848881721497,True,0.5931386351585388,UP,0.3214517831802368,0.31342774629592896,0.36512044072151184,UP
2014-12-12,2,DOWN,0.6697590947151184,True,0.5031328201293945,DOWN,0.2748109996318817,0.38445332646369934,0.34073567390441895,FLAT
2014-12-15,2,DOWN,0.6454476118087769,True,0.5701009035110474,UP,0.3099330961704254,0.3619617223739624,0.3281051516532898,FLAT
2014-12-16,2,DOWN,0.6682934165000916,True,0.5998270511627197,UP,0.2012636512517929,0.3902324140071869,0.4085039496421814,UP
2014-12-17,2,UP,0.6624056100845337,True,0.6648199558258057,UP,0.33808770775794983,0.28723013401031494,0.37468215823173523,UP
2014-12-18,2,UP,0.6280407905578613,True,0.4599097669124603,DOWN,0.38982000946998596,0.32944369316101074,0.2807362973690033,DOWN
2014-12-19,2,FLAT,0.5078259110450745,False,0.3958231210708618,FLAT,0.28884896636009216,0.39064088463783264,0.3205101490020752,FLAT
2014-12-22,2,FLAT,0.5965730547904968,True,0.4634245038032532,DOWN,0.2663576006889343,0.43653368949890137,0.2971087694168091,FLAT
2014-12-23,2,FLAT,0.5386272668838501,True,0.40720489621162415,DOWN,0.19977866113185883,0.4436912536621094,0.3565301299095154,FLAT
2014-12-24,2,FLAT,0.5491282939910889,True,0.45021048188209534,DOWN,0.2032928466796875,0.5236430168151855,0.27306410670280457,FLAT
2014-12-26,2,FLAT,0.5550020933151245,True,0.469381719827652,DOWN,0.19892309606075287,0.511159360408783,0.289917528629303,FLAT
2014-12-29,2,FLAT,0.5173246264457703,True,0.6431313753128052,UP,0.18782734870910645,0.5038199424743652,0.3083527386188507,FLAT
2014-12-30,2,FLAT,0.5118069052696228,True,0.5897552371025085,UP,0.19632212817668915,0.6148272752761841,0.18885058164596558,FLAT
2014-12-31,2,DOWN,0.5585112571716309,True,0.5565404891967773,UP,0.3597894012928009,0.3826219141483307,0.2575887143611908,FLAT
2015-01-02,2,FLAT,0.5419381856918335,True,0.6012762188911438,UP,0.3507547974586487,0.2666328549385071,0.38261234760284424,UP
2015-01-05,2,DOWN,0.6138678193092346,True,0.5600535273551941,UP,0.41274958848953247,0.31623032689094543,0.2710200548171997,DOWN
2015-01-06,2,DOWN,0.539142370223999,True,0.533648669719696,DOWN,0.2612396478652954,0.4586491584777832,0.2801112234592438,FLAT
2015-01-07,2,UP,0.6332484483718872,True,0.5079184770584106,DOWN,0.38491591811180115,0.31711238622665405,0.2979717254638672,DOWN
2015-01-08,2,UP,0.6350981593132019,True,0.5940262675285339,UP,0.29123565554618835,0.35738325119018555,0.3513811528682709,FLAT
2015-01-09,2,DOWN,0.5370495319366455,True,0.49698007106781006,DOWN,0.3123425841331482,0.3879709541797638,0.2996864318847656,FLAT
2015-01-12,2,DOWN,0.6225004196166992,True,0.604528546333313,UP,0.2454434484243393,0.3914543688297272,0.3631021976470947,FLAT
2015-01-13,2,FLAT,0.6421421766281128,True,0.5163863897323608,DOWN,0.4027880132198334,0.2719324827194214,0.32527956366539,DOWN
2015-01-14,2,FLAT,0.6470146179199219,True,0.5788690447807312,UP,0.30559873580932617,0.2886884808540344,0.405712753534317,UP
2015-01-15,2,DOWN,0.6571798920631409,True,0.5072231292724609,DOWN,0.32471778988838196,0.3713914155960083,0.30389079451560974,FLAT
2015-01-16,2,UP,0.6627088785171509,True,0.46046146750450134,DOWN,0.28689107298851013,0.2858368456363678,0.42727211117744446,UP
2015-01-20,2,FLAT,0.608539342880249,True,0.40001341700553894,DOWN,0.3678397834300995,0.25763627886772156,0.37452393770217896,UP
2015-01-21,2,FLAT,0.603339433670044,True,0.42590561509132385,DOWN,0.3243500888347626,0.31739526987075806,0.35825470089912415,UP
2015-01-22,2,UP,0.5811150074005127,True,0.4224443733692169,DOWN,0.3102392256259918,0.3043108582496643,0.38544997572898865,UP
2015-01-23,2,FLAT,0.5128281116485596,True,0.3956400156021118,DOWN,0.17637865245342255,0.5246917009353638,0.29892969131469727,FLAT
2015-01-26,2,FLAT,0.6193143129348755,True,0.5311147570610046,DOWN,0.3589422404766083,0.29725220799446106,0.34380558133125305,DOWN
2015-01-27,2,DOWN,0.5781565308570862,True,0.7018327713012695,UP,0.21968969702720642,0.3287431299686432,0.4515671730041504,UP
2015-01-28,2,DOWN,0.60780268907547,True,0.6230216026306152,UP,0.424884170293808,0.3159400224685669,0.25917577743530273,DOWN
2015-01-29,2,UP,0.5667908787727356,True,0.43992796540260315,DOWN,0.30206602811813354,0.23815403878688812,0.4597799479961395,UP
2015-01-30,2,DOWN,0.6231889128684998,True,0.6406009793281555,UP,0.26916611194610596,0.24753424525260925,0.4832996726036072,UP
2015-02-02,2,UP,0.5695415735244751,True,0.4153209328651428,DOWN,0.3618515729904175,0.2733013927936554,0.3648470342159271,UP
2015-02-03,2,UP,0.618648886680603,True,0.6587662100791931,UP,0.3118915259838104,0.3414091467857361,0.3466993272304535,UP
2015-02-04,2,FLAT,0.5344473719596863,True,0.46670615673065186,DOWN,0.2719995677471161,0.5223665833473206,0.20563383400440216,FLAT
2015-02-05,2,UP,0.6021604537963867,True,0.38181766867637634,DOWN,0.4097609519958496,0.2637372612953186,0.3265018165111542,DOWN
2015-02-06,2,FLAT,0.5206905007362366,True,0.530897855758667,DOWN,0.24528804421424866,0.47689181566238403,0.2778201699256897,FLAT
2015-02-09,2,FLAT,0.5574840307235718,True,0.36937257647514343,DOWN,0.31436777114868164,0.33185839653015137,0.3537738621234894,UP
2015-02-10,2,UP,0.6054837703704834,True,0.44499877095222473,DOWN,0.4664854407310486,0.24288642406463623,0.2906280755996704,DOWN
2015-02-11,2,FLAT,0.48599639534950256,False,0.6353527307510376,FLAT,0.2468450665473938,0.4741213321685791,0.2790336310863495,FLAT
2015-02-12,2,UP,0.5078364014625549,False,0.40875422954559326,FLAT,0.30415230989456177,0.4026949107646942,0.2931528091430664,FLAT
2015-02-13,2,FLAT,0.4417768120765686,False,0.3847328722476959,FLAT,0.23627200722694397,0.4545065760612488,0.30922138690948486,FLAT
2015-02-17,2,FLAT,0.4400840103626251,False,0.3979339301586151,FLAT,0.22457607090473175,0.4824976623058319,0.29292625188827515,FLAT
2015-02-18,2,FLAT,0.46324509382247925,False,0.4978921115398407,FLAT,0.19893883168697357,0.5699508190155029,0.2311103194952011,FLAT
2015-02-19,2,FLAT,0.47714340686798096,False,0.4662347733974457,FLAT,0.16242054104804993,0.5579169392585754,0.27966251969337463,FLAT
2015-02-20,2,FLAT,0.48535069823265076,False,0.39703628420829773,FLAT,0.17093124985694885,0.5850127339363098,0.24405603110790253,FLAT
2015-02-23,2,FLAT,0.46476978063583374,False,0.4714014232158661,FLAT,0.17778627574443817,0.5699619650840759,0.2522517442703247,FLAT
2015-02-24,2,FLAT,0.4819948375225067,False,0.537129282951355,FLAT,0.3050849437713623,0.4053644835948944,0.2895505726337433,FLAT
2015-02-25,2,FLAT,0.476837694644928,False,0.4576450288295746,FLAT,0.2341654896736145,0.49734508991241455,0.26848945021629333,FLAT
2015-02-26,2,FLAT,0.4799909293651581,False,0.4271300137042999,FLAT,0.1982252448797226,0.5642006397247314,0.23757408559322357,FLAT
2015-02-27,2,FLAT,0.4999062120914459,False,0.46941617131233215,FLAT,0.22519446909427643,0.4264283776283264,0.3483771085739136,FLAT
2015-03-02,2,UP,0.5320377349853516,True,0.55774986743927,UP,0.21174368262290955,0.5057241916656494,0.2825321555137634,FLAT
2015-03-03,2,FLAT,0.503553569316864,False,0.442004531621933,FLAT,0.20602916181087494,0.5008262991905212,0.2931445240974426,FLAT
2015-03-04,2,FLAT,0.539048433303833,True,0.6307153105735779,UP,0.2356976568698883,0.4665651321411133,0.2977372407913208,FLAT
2015-03-05,2,FLAT,0.5765365362167358,True,0.5600478053092957,UP,0.4258063733577728,0.34695982933044434,0.22723379731178284,DOWN
2015-03-06,2,DOWN,0.5726261734962463,True,0.6080794334411621,UP,0.35245832800865173,0.32405316829681396,0.3234885036945343,DOWN
2015-03-09,2,FLAT,0.601943850517273,True,0.435396671295166,DOWN,0.281272292137146,0.4782347083091736,0.24049298465251923,FLAT
2015-03-10,2,DOWN,0.6273375749588013,True,0.6427398920059204,UP,0.2237939089536667,0.29545915126800537,0.480746865272522,UP
2015-03-11,2,FLAT,0.5756680369377136,True,0.5020150542259216,DOWN,0.2773788869380951,0.5201283693313599,0.20249272882938385,FLAT
2015-03-12,2,UP,0.6600847840309143,True,0.6350194215774536,UP,0.25703808665275574,0.3070377707481384,0.43592411279678345,UP
2015-03-13,2,DOWN,0.6190330982208252,True,0.5575137138366699,UP,0.33546721935272217,0.3031674027442932,0.3613653779029846,UP
2015-03-16,2,UP,0.6543673872947693,True,0.6193345785140991,UP,0.32080918550491333,0.4014311134815216,0.2777596414089203,FLAT
2015-03-17,2,FLAT,0.6050956845283508,True,0.5187758803367615,DOWN,0.4558919668197632,0.32402265071868896,0.22008544206619263,DOWN
2015-03-18,2,UP,0.6189829707145691,True,0.5107594132423401,DOWN,0.5057594776153564,0.255985826253891,0.23825468122959137,DOWN
2015-03-19,2,FLAT,0.5940271019935608,True,0.43314051628112793,DOWN,0.30772194266319275,0.36299651861190796,0.3292815089225769,FLAT
2015-03-20,2,FLAT,0.591658890247345,True,0.4185437560081482,DOWN,0.3958735167980194,0.3684794306755066,0.2356470376253128,DOWN
2015-03-23,2,FLAT,0.5784002542495728,True,0.4549476206302643,DOWN,0.3275050222873688,0.34312012791633606,0.32937484979629517,FLAT
2015-03-24,2,FLAT,0.5823405385017395,True,0.5070611834526062,DOWN,0.40494948625564575,0.3225022554397583,0.27254819869995117,DOWN
2015-03-25,2,DOWN,0.6178362369537354,True,0.5250105857849121,DOWN,0.3756897449493408,0.33508938550949097,0.28922080993652344,DOWN
2015-03-26,2,FLAT,0.5306941270828247,True,0.531008243560791,DOWN,0.25540491938591003,0.3731108605861664,0.37148424983024597,FLAT
2015-03-27,2,FLAT,0.6571929454803467,True,0.6402511596679688,UP,0.32812950015068054,0.3578786253929138,0.31399187445640564,FLAT
2015-03-30,2,UP,0.6310091614723206,True,0.684404194355011,UP,0.2552487552165985,0.4018077552318573,0.3429434597492218,FLAT
2015-03-31,2,DOWN,0.5807055234909058,True,0.4995259940624237,DOWN,0.35572847723960876,0.31079554557800293,0.3334759473800659,DOWN
2015-04-01,2,FLAT,0.6408929228782654,True,0.5862556099891663,UP,0.3366249203681946,0.3893195688724518,0.27405551075935364,FLAT
2015-04-02,2,FLAT,0.6303918361663818,True,0.6014520525932312,UP,0.36138129234313965,0.2987367808818817,0.339881956577301,DOWN
2015-04-06,2,UP,0.6029713153839111,True,0.6139708161354065,UP,0.2661837637424469,0.4085632562637329,0.3252529501914978,FLAT
2015-04-07,2,FLAT,0.6108633279800415,True,0.5406765937805176,UP,0.32567963004112244,0.4160802364349365,0.25824013352394104,FLAT
2015-04-08,2,FLAT,0.6000643372535706,True,0.5334790349006653,DOWN,0.33372387290000916,0.31405192613601685,0.3522242307662964,UP
2015-04-09,2,FLAT,0.5800507664680481,True,0.5481780171394348,UP,0.36463093757629395,0.3128760755062103,0.3224929869174957,DOWN
2015-04-10,2,FLAT,0.573698878288269,True,0.728882372379303,UP,0.3482798933982849,0.3300139307975769,0.3217061460018158,DOWN
2015-04-13,2,FLAT,0.5274190306663513,True,0.5340009927749634,DOWN,0.16466368734836578,0.4708225727081299,0.36451372504234314,FLAT
2015-04-14,2,FLAT,0.562867283821106,True,0.6665561199188232,UP,0.3700113296508789,0.3219333291053772,0.3080553412437439,DOWN
2015-04-15,2,FLAT,0.5671514868736267,True,0.5727635622024536,UP,0.39398080110549927,0.3710537254810333,0.2349654734134674,DOWN
2015-04-16,2,FLAT,0.5222728252410889,True,0.48609891533851624,DOWN,0.22048638761043549,0.47915205359458923,0.3003615438938141,FLAT
2015-04-17,2,DOWN,0.5329311490058899,True,0.6094914078712463,UP,0.2561372220516205,0.42495495080947876,0.31890782713890076,FLAT
2015-04-20,2,UP,0.591113269329071,True,0.6194540858268738,UP,0.304730623960495,0.3934858739376068,0.3017834722995758,FLAT
2015-04-21,2,FLAT,0.5507493615150452,True,0.5364804267883301,DOWN,0.3022528886795044,0.3317452669143677,0.36600184440612793,UP
2015-04-22,2,FLAT,0.5486250519752502,True,0.6101180911064148,UP,0.293239951133728,0.32426878809928894,0.38249123096466064,UP
2015-04-23,2,FLAT,0.5214158892631531,True,0.5768033266067505,UP,0.18699364364147186,0.41213709115982056,0.400869220495224,FLAT
2015-04-24,2,FLAT,0.5250766277313232,True,0.6137579083442688,UP,0.19158850610256195,0.4991137683391571,0.30929768085479736,FLAT
2015-04-27,2,FLAT,0.5033664107322693,False,0.503906786441803,FLAT,0.2290876805782318,0.36557045578956604,0.4053419232368469,FLAT
2015-04-28,2,FLAT,0.5305892825126648,True,0.4894760847091675,DOWN,0.32845619320869446,0.3341388404369354,0.3374050259590149,UP
2015-04-29,2,FLAT,0.5391300916671753,True,0.6372601389884949,UP,0.21274971961975098,0.47050753235816956,0.31674277782440186,FLAT
2015-04-30,2,DOWN,0.5674368739128113,True,0.5209286212921143,DOWN,0.4304945468902588,0.345775842666626,0.22372967004776,DOWN
2015-05-01,2,UP,0.6093226075172424,True,0.5525760054588318,UP,0.28864890336990356,0.44227543473243713,0.2690756618976593,FLAT
2015-05-04,2,FLAT,0.5602108240127563,True,0.6880808472633362,UP,0.3125591278076172,0.3279639184474945,0.3594769835472107,UP
2015-05-05,2,DOWN,0.5454857349395752,True,0.500061571598053,DOWN,0.3355920612812042,0.294562965631485,0.369844913482666,UP
2015-05-06,2,FLAT,0.6064344048500061,True,0.532011091709137,DOWN,0.34086450934410095,0.45734065771102905,0.20179486274719238,FLAT
2015-05-07,2,FLAT,0.6382266283035278,True,0.5971324443817139,UP,0.23064932227134705,0.31747883558273315,0.4518718719482422,UP
2015-05-08,2,UP,0.6394219994544983,True,0.5052431225776672,DOWN,0.32564055919647217,0.4239594340324402,0.25040003657341003,FLAT
2015-05-11,2,FLAT,0.5332589149475098,True,0.579001784324646,UP,0.2518858015537262,0.3378308117389679,0.4102833867073059,UP
2015-05-12,2,FLAT,0.5871250629425049,True,0.5430659055709839,UP,0.4631699323654175,0.3515658974647522,0.18526417016983032,DOWN
2015-05-13,2,FLAT,0.6278727650642395,True,0.5576707124710083,UP,0.4874030351638794,0.31110551953315735,0.20149143040180206,DOWN
2015-05-14,2,UP,0.6060071587562561,True,0.5316504836082458,DOWN,0.2983022928237915,0.2783609628677368,0.4233366847038269,UP
2015-05-15,2,FLAT,0.5105040073394775,False,0.5723018050193787,FLAT,0.23588688671588898,0.47354423999786377,0.29056885838508606,FLAT
2015-05-18,2,FLAT,0.5222419500350952,True,0.5168685913085938,DOWN,0.23762847483158112,0.3982633054256439,0.36410823464393616,FLAT
2015-05-19,2,FLAT,0.5104829668998718,False,0.4518817961215973,FLAT,0.2301490306854248,0.45826542377471924,0.31158551573753357,FLAT
2015-05-20,2,FLAT,0.5298764705657959,True,0.3080313801765442,DOWN,0.21910157799720764,0.39418256282806396,0.3867158591747284,FLAT
2015-05-21,2,FLAT,0.5276867747306824,True,0.5455365180969238,UP,0.30093055963516235,0.41941186785697937,0.2796575129032135,FLAT
2015-05-22,2,FLAT,0.52773517370224,True,0.5109359622001648,DOWN,0.23815344274044037,0.4474203884601593,0.3144262135028839,FLAT
2015-05-26,2,DOWN,0.5349288582801819,True,0.6740328669548035,UP,0.2397065907716751,0.37069183588027954,0.38960155844688416,UP
2015-05-27,2,UP,0.5948860049247742,True,0.6385815739631653,UP,0.30605074763298035,0.3879408538341522,0.3060084283351898,FLAT
2015-05-28,2,FLAT,0.560545802116394,True,0.5764515995979309,UP,0.3273572623729706,0.3002510964870453,0.37239161133766174,UP
2015-05-29,2,DOWN,0.5739256739616394,True,0.4813136160373688,DOWN,0.29105591773986816,0.4005095958709717,0.30843445658683777,FLAT
2015-06-01,2,FLAT,0.6119297742843628,True,0.5605698823928833,UP,0.3497644364833832,0.42319968342781067,0.22703592479228973,FLAT
2015-06-02,2,FLAT,0.5982128381729126,True,0.5574642419815063,UP,0.34211379289627075,0.3284718692302704,0.3294143080711365,DOWN
2015-06-03,2,FLAT,0.6171063184738159,True,0.5284055471420288,DOWN,0.43468931317329407,0.2806461751461029,0.2846645712852478,DOWN
2015-06-04,2,DOWN,0.5861890316009521,True,0.3469446003437042,DOWN,0.40234851837158203,0.3369009494781494,0.26075050234794617,DOWN
2015-06-05,2,FLAT,0.6330946683883667,True,0.576774537563324,UP,0.3374766707420349,0.4102365970611572,0.2522867023944855,FLAT
2015-06-08,2,DOWN,0.6235189437866211,True,0.4696446657180786,DOWN,0.3888578414916992,0.2781481146812439,0.3329940140247345,DOWN
2015-06-09,2,FLAT,0.6286519169807434,True,0.48684629797935486,DOWN,0.25167107582092285,0.42138198018074036,0.326946884393692,FLAT
2015-06-10,2,UP,0.6344324350357056,True,0.5553316473960876,UP,0.2657095789909363,0.4505079686641693,0.2837824523448944,FLAT
2015-06-11,2,FLAT,0.5912665128707886,True,0.5455018281936646,UP,0.33458390831947327,0.3297637701034546,0.33565232157707214,UP
2015-06-12,2,DOWN,0.5803779363632202,True,0.6456985473632812,UP,0.20256978273391724,0.39184319972991943,0.4055870771408081,UP
2015-06-15,2,FLAT,0.6401194334030151,True,0.5582512617111206,UP,0.3477290868759155,0.323447585105896,0.32882335782051086,DOWN
2015-06-16,2,UP,0.6410095691680908,True,0.5427212119102478,UP,0.2926948070526123,0.3893659710884094,0.3179391920566559,FLAT
2015-06-17,2,FLAT,0.6177896857261658,True,0.39275094866752625,DOWN,0.3341975212097168,0.39920055866241455,0.26660192012786865,FLAT
2015-06-18,2,UP,0.6264175772666931,True,0.4786132276058197,DOWN,0.2849832773208618,0.371611624956131,0.3434050977230072,FLAT
2015-06-19,2,DOWN,0.5438249111175537,True,0.4438417851924896,DOWN,0.342381089925766,0.3333238661289215,0.3242949843406677,DOWN
2015-06-22,2,UP,0.6111371517181396,True,0.475681871175766,DOWN,0.3066032826900482,0.3467631936073303,0.34663355350494385,FLAT
2015-06-23,2,FLAT,0.5707847476005554,True,0.4411049783229828,DOWN,0.3723958432674408,0.27237096428871155,0.35523325204849243,DOWN
2015-06-24,2,DOWN,0.5749428868293762,True,0.6268952488899231,UP,0.32564619183540344,0.28012892603874207,0.3942248523235321,UP
2015-06-25,2,FLAT,0.6138352155685425,True,0.6124303340911865,UP,0.3283099830150604,0.3452509939670563,0.3264390826225281,FLAT
2015-06-26,2,FLAT,0.6193203926086426,True,0.525704026222229,DOWN,0.34580254554748535,0.3116733431816101,0.34252411127090454,DOWN
2015-06-29,2,DOWN,0.6186378598213196,True,0.5924098491668701,UP,0.2638583481311798,0.31925585865974426,0.41688576340675354,UP
2015-06-30,2,FLAT,0.5899006724357605,True,0.6090602278709412,UP,0.4536345899105072,0.2439456284046173,0.3024197816848755,DOWN
2015-07-01,2,UP,0.6470754146575928,True,0.6449517607688904,UP,0.2638888359069824,0.37727591395378113,0.35883527994155884,FLAT
2015-07-02,2,FLAT,0.6040446758270264,True,0.615911066532135,UP,0.28075146675109863,0.2780288755893707,0.44121962785720825,UP
2015-07-06,2,FLAT,0.6424232125282288,True,0.6098152995109558,UP,0.31306150555610657,0.314327597618103,0.3726108968257904,UP
2015-07-07,2,UP,0.647925078868866,True,0.48116534948349,DOWN,0.39929506182670593,0.37038230895996094,0.23032259941101074,DOWN
2015-07-08,2,DOWN,0.6275529265403748,True,0.4393234848976135,DOWN,0.3520479202270508,0.36075931787490845,0.2871927320957184,FLAT
2015-07-09,2,FLAT,0.5737848877906799,True,0.5562088489532471,UP,0.2966143786907196,0.2868044972419739,0.4165811538696289,UP
2015-07-10,2,UP,0.6713871955871582,True,0.5058557391166687,DOWN,0.2755351662635803,0.2979077994823456,0.4265569746494293,UP
2015-07-13,2,UP,0.5808293223381042,True,0.43477100133895874,DOWN,0.37213897705078125,0.2832990884780884,0.34456193447113037,DOWN
2015-07-14,2,FLAT,0.5553741455078125,True,0.4210178554058075,DOWN,0.38191765546798706,0.25915300846099854,0.3589293658733368,DOWN
2015-07-15,2,FLAT,0.5447381138801575,True,0.6807892322540283,UP,0.2183157056570053,0.45505788922309875,0.32662636041641235,FLAT
2015-07-16,2,UP,0.5669350624084473,True,0.3807017505168915,DOWN,0.24714089930057526,0.3516403138637543,0.40121880173683167,UP
2015-07-17,2,FLAT,0.5105130076408386,False,0.5426508784294128,FLAT,0.16664257645606995,0.5603604912757874,0.2729969024658203,FLAT
2015-07-20,2,FLAT,0.5235376954078674,True,0.375844806432724,DOWN,0.27004683017730713,0.41201478242874146,0.3179383873939514,FLAT
2015-07-21,2,FLAT,0.5201478004455566,True,0.49970489740371704,DOWN,0.22377346456050873,0.37658604979515076,0.39964044094085693,UP
2015-07-22,2,FLAT,0.5520498752593994,True,0.579734206199646,UP,0.25366246700286865,0.4550139605998993,0.29132357239723206,FLAT
2015-07-23,2,DOWN,0.5578144788742065,True,0.5217785239219666,DOWN,0.33000025153160095,0.3852860927581787,0.2847136855125427,FLAT
2015-07-24,2,DOWN,0.567481279373169,True,0.6080668568611145,UP,0.5002385377883911,0.3418733775615692,0.15788809955120087,DOWN
2015-07-27,2,DOWN,0.5738123655319214,True,0.5548936128616333,UP,0.3170345425605774,0.4626081585884094,0.22035729885101318,FLAT
2015-07-28,2,UP,0.625744104385376,True,0.4337207078933716,DOWN,0.34464114904403687,0.4610557556152344,0.19430308043956757,FLAT
2015-07-29,2,UP,0.5835074186325073,True,0.5741184949874878,UP,0.35038313269615173,0.2806406319141388,0.36897626519203186,UP
2015-07-30,2,FLAT,0.5575568675994873,True,0.5573657751083374,UP,0.36320385336875916,0.3641479015350342,0.2726482152938843,FLAT
2015-07-31,2,FLAT,0.5732388496398926,True,0.5479132533073425,UP,0.43412846326828003,0.31138724088668823,0.25448426604270935,DOWN
2015-08-03,2,FLAT,0.5703068971633911,True,0.44670796394348145,DOWN,0.37035441398620605,0.2879064083099365,0.34173914790153503,DOWN
2015-08-04,2,FLAT,0.6059213876724243,True,0.49122005701065063,DOWN,0.487937331199646,0.27920034527778625,0.23286227881908417,DOWN
2015-08-05,2,FLAT,0.6086016893386841,True,0.33880168199539185,DOWN,0.32647010684013367,0.37288665771484375,0.30064326524734497,FLAT
2015-08-06,2,DOWN,0.5842254757881165,True,0.3993079960346222,DOWN,0.36765918135643005,0.32279208302497864,0.3095487654209137,DOWN
2015-08-07,2,FLAT,0.6196128726005554,True,0.5612569451332092,UP,0.3114011287689209,0.3304842710494995,0.358114629983902,UP
2015-08-10,2,UP,0.6196535229682922,True,0.36631566286087036,DOWN,0.37132951617240906,0.37479156255722046,0.2538789212703705,FLAT
2015-08-11,2,DOWN,0.5541966557502747,True,0.38346126675605774,DOWN,0.30806681513786316,0.3842487037181854,0.3076845109462738,FLAT
2015-08-12,2,FLAT,0.6254959106445312,True,0.4540678858757019,DOWN,0.4529190957546234,0.3320716917514801,0.2150091826915741,DOWN
2015-08-13,2,FLAT,0.6264283061027527,True,0.5022683143615723,DOWN,0.3093668818473816,0.38744986057281494,0.30318325757980347,FLAT
2015-08-14,2,FLAT,0.6071242690086365,True,0.4786635935306549,DOWN,0.32819515466690063,0.3381236791610718,0.3336811363697052,FLAT
2015-08-17,2,UP,0.5994177460670471,True,0.5202249884605408,DOWN,0.21933701634407043,0.4098326563835144,0.37083035707473755,FLAT
2015-08-18,2,FLAT,0.5886020064353943,True,0.4694472849369049,DOWN,0.25763049721717834,0.43676304817199707,0.3056064546108246,FLAT
2015-08-19,2,DOWN,0.5992096662521362,True,0.5344534516334534,DOWN,0.2989196181297302,0.338203102350235,0.3628772795200348,UP
2015-08-20,2,DOWN,0.6193109154701233,True,0.5337141156196594,DOWN,0.43187928199768066,0.2929592430591583,0.2751615047454834,DOWN
2015-08-21,2,DOWN,0.579062819480896,True,0.464539498090744,DOWN,0.4400644600391388,0.2819056510925293,0.2780298590660095,DOWN
2015-08-24,2,DOWN,0.5828679800033569,True,0.5487369298934937,UP,0.32128778100013733,0.2900894284248352,0.3886227607727051,UP
2015-08-25,2,DOWN,0.6543815732002258,True,0.647738516330719,UP,0.2332916110754013,0.19876140356063843,0.5679470300674438,UP
2015-08-26,2,UP,0.6506851315498352,True,0.5623248219490051,UP,0.22692646086215973,0.43922922015190125,0.33384430408477783,FLAT
2015-08-27,2,UP,0.615205705165863,True,0.4261592924594879,DOWN,0.2822429835796356,0.3445770740509033,0.37317994236946106,UP
2015-08-28,2,FLAT,0.5814425945281982,True,0.38625895977020264,DOWN,0.28958818316459656,0.37553471326828003,0.3348771035671234,FLAT
2015-08-31,2,DOWN,0.6103792786598206,True,0.571692943572998,UP,0.25624948740005493,0.3075930178165436,0.4361574649810791,UP
2015-09-01,2,DOWN,0.6259247660636902,True,0.520855724811554,DOWN,0.3210310935974121,0.3235255479812622,0.3554433584213257,UP
2015-09-02,2,UP,0.6087839603424072,True,0.5749183893203735,UP,0.2570512890815735,0.3250677287578583,0.4178810119628906,UP
2015-09-03,2,FLAT,0.5553577542304993,True,0.4666779041290283,DOWN,0.25615236163139343,0.33557766675949097,0.4082699418067932,UP
2015-09-04,2,DOWN,0.6113641262054443,True,0.6622265577316284,UP,0.4132368564605713,0.24706658720970154,0.3396965563297272,DOWN
2015-09-08,2,UP,0.600440502166748,True,0.6126753687858582,UP,0.26737740635871887,0.3988775908946991,0.33374494314193726,FLAT
2015-09-09,2,DOWN,0.48085981607437134,False,0.6819378137588501,FLAT,0.2661118805408478,0.3094489574432373,0.4244391620159149,FLAT
2015-09-10,2,FLAT,0.6226494312286377,True,0.6172812581062317,UP,0.34772729873657227,0.24279126524925232,0.409481406211853,UP
2015-09-11,2,FLAT,0.541149914264679,True,0.4987061321735382,DOWN,0.32393330335617065,0.3146941363811493,0.3613725006580353,UP
2015-09-14,2,FLAT,0.5521905422210693,True,0.6935843229293823,UP,0.3037068843841553,0.29279083013534546,0.40350231528282166,UP
2015-09-15,2,UP,0.6299493908882141,True,0.7123828530311584,UP,0.352885901927948,0.2452356070280075,0.4018784761428833,UP
2015-09-16,2,UP,0.4715633988380432,False,0.6754047274589539,FLAT,0.2610737383365631,0.294664591550827,0.4442616105079651,FLAT
2015-09-17,2,FLAT,0.5068814754486084,False,0.5834541320800781,FLAT,0.22385656833648682,0.5247437953948975,0.2513996660709381,FLAT
2015-09-18,2,DOWN,0.5130622982978821,True,0.492911696434021,DOWN,0.4811994731426239,0.35283163189888,0.1659688800573349,DOWN
2015-09-21,2,FLAT,0.6433078646659851,True,0.583267092704773,UP,0.3251503109931946,0.3319559097290039,0.3428937792778015,UP
2015-09-22,2,DOWN,0.6162635684013367,True,0.5527358055114746,UP,0.268634170293808,0.30842241644859314,0.42294344305992126,UP
2015-09-23,2,FLAT,0.5575927495956421,True,0.46225348114967346,DOWN,0.2081436961889267,0.24645835161209106,0.545397937297821,UP
2015-09-24,2,FLAT,0.6449332237243652,True,0.4775710999965668,DOWN,0.3434709906578064,0.2844257056713104,0.3721033036708832,UP
2015-09-25,2,FLAT,0.583371639251709,True,0.536828875541687,DOWN,0.46839621663093567,0.2330261766910553,0.29857760667800903,DOWN
2015-09-28,2,DOWN,0.671485960483551,True,0.4494752585887909,DOWN,0.3128353953361511,0.28652316331863403,0.4006415009498596,UP
2015-09-29,2,FLAT,0.6259496808052063,True,0.5969274640083313,UP,0.24129290878772736,0.3752394914627075,0.3834676146507263,UP
2015-09-30,2,UP,0.6154351830482483,True,0.6628783941268921,UP,0.2747614085674286,0.31369227170944214,0.4115462899208069,UP
2015-10-01,2,FLAT,0.561199963092804,True,0.588860273361206,UP,0.30385875701904297,0.3437339663505554,0.352407306432724,UP
2015-10-02,2,UP,0.5707505941390991,True,0.5777981281280518,UP,0.25047796964645386,0.25396406650543213,0.4955580234527588,UP
2015-10-05,2,UP,0.4599810838699341,False,0.4870385527610779,FLAT,0.3101913034915924,0.44066017866134644,0.24914857745170593,FLAT
2015-10-06,2,FLAT,0.41312655806541443,False,0.3916313052177429,FLAT,0.23118695616722107,0.5305764079093933,0.2382366806268692,FLAT
2015-10-07,2,FLAT,0.5358710289001465,True,0.3560250401496887,DOWN,0.23711846768856049,0.45783472061157227,0.30504685640335083,FLAT
2015-10-08,2,UP,0.43468284606933594,False,0.49897998571395874,FLAT,0.22473137080669403,0.5599743723869324,0.21529428660869598,FLAT
2015-10-09,2,FLAT,0.4069543182849884,False,0.45333024859428406,FLAT,0.17772068083286285,0.5734032988548279,0.24887599050998688,FLAT
2015-10-12,2,FLAT,0.451698362827301,False,0.5334311127662659,FLAT,0.22372277081012726,0.4947507679462433,0.28152647614479065,FLAT
2015-10-13,2,FLAT,0.45473989844322205,False,0.5226789116859436,FLAT,0.1983100175857544,0.5090774893760681,0.2926124632358551,FLAT
2015-10-14,2,FLAT,0.4679095149040222,False,0.39667919278144836,FLAT,0.25564277172088623,0.5223515033721924,0.22200576961040497,FLAT
2015-10-15,2,UP,0.47302570939064026,False,0.43858855962753296,FLAT,0.21203559637069702,0.572913646697998,0.21505075693130493,FLAT
2015-10-16,2,FLAT,0.382966011762619,False,0.39087042212486267,FLAT,0.2121926099061966,0.5267740488052368,0.26103338599205017,FLAT
2015-10-19,2,FLAT,0.4000664949417114,False,0.5757809281349182,FLAT,0.21677006781101227,0.3992030620574951,0.3840268850326538,FLAT
2015-10-20,2,FLAT,0.44471314549446106,False,0.3592442572116852,FLAT,0.22810114920139313,0.5232090353965759,0.24868983030319214,FLAT
2015-10-21,2,FLAT,0.4418427050113678,False,0.4076594412326813,FLAT,0.25956040620803833,0.474709153175354,0.26573044061660767,FLAT
2015-10-22,2,UP,0.4504660367965698,False,0.4796984791755676,FLAT,0.24664682149887085,0.42697471380233765,0.3263785243034363,FLAT
2015-10-23,2,UP,0.3898775279521942,False,0.3853488862514496,FLAT,0.23883850872516632,0.4963662922382355,0.2647952139377594,FLAT
2015-10-26,2,FLAT,0.37323030829429626,False,0.39878368377685547,FLAT,0.23237980902194977,0.42349973320961,0.34412041306495667,FLAT
2015-10-27,2,FLAT,0.43867984414100647,False,0.44464194774627686,FLAT,0.22836202383041382,0.49467700719833374,0.27696096897125244,FLAT
2015-10-28,2,UP,0.44407033920288086,False,0.28915074467658997,FLAT,0.23609690368175507,0.49762871861457825,0.2662743926048279,FLAT
2015-10-29,2,FLAT,0.39953896403312683,False,0.4213689863681793,FLAT,0.1986146718263626,0.42822396755218506,0.37316134572029114,FLAT
2015-10-30,2,FLAT,0.4275800287723541,False,0.5323143601417542,FLAT,0.1972780078649521,0.517797589302063,0.2849244177341461,FLAT
2015-11-02,2,UP,0.4508676528930664,False,0.5663079619407654,FLAT,0.21299295127391815,0.47313618659973145,0.3138708770275116,FLAT
2015-11-03,2,FLAT,0.41810864210128784,False,0.44889843463897705,FLAT,0.17161498963832855,0.4917665123939514,0.33661848306655884,FLAT
2015-11-04,2,FLAT,0.42990225553512573,False,0.47407975792884827,FLAT,0.180345356464386,0.5488283038139343,0.2708263099193573,FLAT
2015-11-05,2,FLAT,0.4427621364593506,False,0.3982824683189392,FLAT,0.21382351219654083,0.46458709239959717,0.3215893507003784,FLAT
2015-11-06,2,FLAT,0.4651584029197693,False,0.6250182390213013,FLAT,0.2133791744709015,0.5365451574325562,0.25007566809654236,FLAT
2015-11-09,2,DOWN,0.4936531186103821,False,0.43059414625167847,FLAT,0.25241079926490784,0.4854351580142975,0.2621540129184723,FLAT
2015-11-10,2,FLAT,0.5327621102333069,True,0.6505574584007263,UP,0.22541137039661407,0.5334356427192688,0.24115297198295593,FLAT
2015-11-11,2,FLAT,0.5558135509490967,True,0.5734630227088928,UP,0.19757288694381714,0.3614214360713959,0.4410056173801422,UP
2015-11-12,2,DOWN,0.552475094795227,True,0.44374242424964905,DOWN,0.31945133209228516,0.3285174071788788,0.35203123092651367,UP
2015-11-13,2,DOWN,0.5337364077568054,True,0.5693756341934204,UP,0.2716173827648163,0.5186200737953186,0.20976249873638153,FLAT
2015-11-16,2,UP,0.5985363721847534,True,0.5368776917457581,DOWN,0.2541409730911255,0.49798062443733215,0.24787841737270355,FLAT
2015-11-17,2,FLAT,0.642086923122406,True,0.6278414130210876,UP,0.32270780205726624,0.2810281813144684,0.39626404643058777,UP
2015-11-18,2,UP,0.6562498807907104,True,0.5972050428390503,UP,0.3077087700366974,0.272866427898407,0.4194248616695404,UP
2015-11-19,2,FLAT,0.548079252243042,True,0.5307205319404602,DOWN,0.2468782663345337,0.3399769067764282,0.4131448268890381,UP
2015-11-20,2,FLAT,0.5670163035392761,True,0.45445510745048523,DOWN,0.33483466506004333,0.38097649812698364,0.284188836812973,FLAT
2015-11-23,2,FLAT,0.5315314531326294,True,0.5616203546524048,UP,0.24526260793209076,0.3639795482158661,0.39075782895088196,UP
2015-11-24,2,FLAT,0.553901731967926,True,0.5262377262115479,DOWN,0.27432891726493835,0.4160805344581604,0.309590607881546,FLAT
2015-11-25,2,FLAT,0.5612720847129822,True,0.6351532936096191,UP,0.272091269493103,0.4000191390514374,0.327889621257782,FLAT
2015-11-27,2,FLAT,0.5561793446540833,True,0.6507033109664917,UP,0.20922593772411346,0.3356945812702179,0.45507946610450745,UP
2015-11-30,2,FLAT,0.5300644636154175,True,0.4648062288761139,DOWN,0.2931801676750183,0.4378454387187958,0.2689744234085083,FLAT
2015-12-01,2,UP,0.5689306855201721,True,0.44866207242012024,DOWN,0.34637123346328735,0.2519376873970032,0.40169110894203186,UP
2015-12-02,2,DOWN,0.4882163405418396,False,0.4846023917198181,FLAT,0.1758386194705963,0.5880826711654663,0.23607872426509857,FLAT
2015-12-03,2,DOWN,0.5697197318077087,True,0.4924231767654419,DOWN,0.26981329917907715,0.4803766906261444,0.24981002509593964,FLAT
2015-12-04,2,UP,0.5550954341888428,True,0.5980793833732605,UP,0.2505967915058136,0.33589816093444824,0.41350504755973816,UP
2015-12-07,2,FLAT,0.5561286807060242,True,0.4948236048221588,DOWN,0.2769741415977478,0.35646069049835205,0.36656510829925537,UP
2015-12-08,2,FLAT,0.6079195737838745,True,0.5421006083488464,UP,0.36965516209602356,0.3349548876285553,0.29538998007774353,DOWN
2015-12-09,2,FLAT,0.6324499845504761,True,0.5855662822723389,UP,0.3183123767375946,0.3718484938144684,0.309839129447937,FLAT
2015-12-10,2,FLAT,0.6293367743492126,True,0.49958038330078125,DOWN,0.33218690752983093,0.34538525342941284,0.32242780923843384,FLAT
2015-12-11,2,DOWN,0.6865576505661011,True,0.5893326997756958,UP,0.30918797850608826,0.3617209792137146,0.32909107208251953,FLAT
2015-12-14,2,FLAT,0.5937159657478333,True,0.38617315888404846,DOWN,0.3217136561870575,0.31858333945274353,0.3597029745578766,UP
2015-12-15,2,UP,0.6959992051124573,True,0.537051260471344,DOWN,0.35042664408683777,0.316288024187088,0.333285391330719,DOWN
2015-12-16,2,UP,0.6216526031494141,True,0.5554994940757751,UP,0.33144983649253845,0.2865075469017029,0.3820425570011139,UP
2015-12-17,2,DOWN,0.5565291047096252,True,0.48192065954208374,DOWN,0.3413930833339691,0.4044029414653778,0.2542039752006531,FLAT
2015-12-18,2,DOWN,0.622896671295166,True,0.5595082640647888,UP,0.25095316767692566,0.33021873235702515,0.4188280403614044,UP
2015-12-21,2,FLAT,0.6142727136611938,True,0.59867924451828,UP,0.27478647232055664,0.3798145055770874,0.34539902210235596,FLAT
2015-12-22,2,FLAT,0.6074500679969788,True,0.5710527300834656,UP,0.2637360394001007,0.41353195905685425,0.32273200154304504,FLAT
2015-12-23,2,UP,0.5644287467002869,True,0.6096531748771667,UP,0.26368293166160583,0.41827237606048584,0.3180447220802307,FLAT
2015-12-24,2,FLAT,0.5285965204238892,True,0.5120834112167358,DOWN,0.37135621905326843,0.3705993592739105,0.25804439187049866,DOWN
2015-12-28,2,FLAT,0.5990062952041626,True,0.4516737759113312,DOWN,0.3896692097187042,0.3287132680416107,0.28161755204200745,DOWN
2015-12-29,2,UP,0.6048548817634583,True,0.5345982909202576,DOWN,0.36522194743156433,0.33298227190971375,0.3017958104610443,DOWN
2015-12-30,2,FLAT,0.5106507539749146,False,0.5593449473381042,FLAT,0.2470378279685974,0.36398324370384216,0.38897886872291565,FLAT
2015-12-31,2,DOWN,0.6149459481239319,True,0.5902372598648071,UP,0.333008736371994,0.39613303542137146,0.2708582878112793,FLAT
2016-01-04,2,DOWN,0.5800412893295288,True,0.5687580704689026,UP,0.3612199127674103,0.3363288342952728,0.3024512827396393,DOWN
2016-01-05,2,FLAT,0.5488244295120239,True,0.5149246454238892,DOWN,0.3265056908130646,0.37390419840812683,0.299590140581131,FLAT
2016-01-06,2,DOWN,0.6008192896842957,True,0.6464758515357971,UP,0.24969582259655,0.33433058857917786,0.41597357392311096,UP
2016-01-07,2,DOWN,0.560695230960846,True,0.45754513144493103,DOWN,0.2947560250759125,0.45655280351638794,0.24869120121002197,FLAT
2016-01-08,2,DOWN,0.5922870635986328,True,0.5011175870895386,DOWN,0.35289210081100464,0.2698977589607239,0.3772101402282715,UP
2016-01-11,2,FLAT,0.6350309252738953,True,0.6063855886459351,UP,0.23528452217578888,0.3695562779903412,0.3951592445373535,UP
2016-01-12,2,UP,0.6158926486968994,True,0.646541953086853,UP,0.3163308799266815,0.33314722776412964,0.35052186250686646,UP
2016-01-13,2,DOWN,0.601144552230835,True,0.47741931676864624,DOWN,0.3234882354736328,0.36754894256591797,0.30896276235580444,FLAT
2016-01-14,2,UP,0.6156713962554932,True,0.6364750266075134,UP,0.22458858788013458,0.35745176672935486,0.41795969009399414,UP
2016-01-15,2,DOWN,0.5864096283912659,True,0.5286595225334167,DOWN,0.30143147706985474,0.387345552444458,0.31122297048568726,FLAT
2016-01-19,2,FLAT,0.6012665629386902,True,0.5146714448928833,DOWN,0.23869161307811737,0.3267929255962372,0.43451547622680664,UP
2016-01-20,2,DOWN,0.611749529838562,True,0.5237037539482117,DOWN,0.2647040784358978,0.3609042763710022,0.3743916451931,UP
2016-01-21,2,FLAT,0.6033434271812439,True,0.5832931995391846,UP,0.27457356452941895,0.3483143746852875,0.3771120607852936,UP
2016-01-22,2,UP,0.5958552956581116,True,0.6261425614356995,UP,0.2652038335800171,0.327497273683548,0.40729883313179016,UP
2016-01-25,2,DOWN,0.5111762285232544,True,0.38614171743392944,DOWN,0.26231861114501953,0.4013420343399048,0.3363393247127533,FLAT
2016-01-26,2,UP,0.6147679090499878,True,0.580568790435791,UP,0.27136215567588806,0.44402366876602173,0.2846141457557678,FLAT
2016-01-27,2,DOWN,0.5220232605934143,True,0.5910163521766663,UP,0.33092090487480164,0.3237783908843994,0.3453007638454437,UP
2016-01-28,2,FLAT,0.6162613034248352,True,0.4900287389755249,DOWN,0.38292068243026733,0.32430171966552734,0.29277756810188293,DOWN
2016-01-29,2,UP,0.583017885684967,True,0.4194583296775818,DOWN,0.23997317254543304,0.41331812739372253,0.34670865535736084,FLAT
2016-02-01,2,FLAT,0.3887915015220642,False,0.5875021815299988,FLAT,0.3358544409275055,0.3431623876094818,0.3209831714630127,FLAT
2016-02-02,2,DOWN,0.5611037015914917,True,0.6035479307174683,UP,0.22081375122070312,0.5192999839782715,0.2598862946033478,FLAT
2016-02-03,2,FLAT,0.5693688988685608,True,0.5605705976486206,UP,0.3535363972187042,0.31960737705230713,0.32685619592666626,DOWN
2016-02-04,2,FLAT,0.6394377946853638,True,0.45760494470596313,DOWN,0.289315789937973,0.28841593861579895,0.4222683012485504,UP
2016-02-05,2,DOWN,0.6499598026275635,True,0.3418629765510559,DOWN,0.38069742918014526,0.30297034978866577,0.3163321912288666,DOWN
2016-02-08,2,DOWN,0.6373629570007324,True,0.5209360122680664,DOWN,0.3440604507923126,0.36583471298217773,0.29010480642318726,FLAT
2016-02-09,2,FLAT,0.5842342972755432,True,0.5931758284568787,UP,0.33336150646209717,0.3576754629611969,0.30896303057670593,FLAT
2016-02-10,2,FLAT,0.5853553414344788,True,0.3754864037036896,DOWN,0.36894169449806213,0.3274432122707367,0.30361512303352356,DOWN
2016-02-11,2,DOWN,0.631040096282959,True,0.6224306225776672,UP,0.2914775609970093,0.2912377119064331,0.4172847270965576,UP
2016-02-12,2,UP,0.5993001461029053,True,0.4503082036972046,DOWN,0.2964068353176117,0.34246811270713806,0.36112508177757263,UP
2016-02-16,2,UP,0.5605177283287048,True,0.5421786904335022,UP,0.23937173187732697,0.32192400097846985,0.43870431184768677,UP
2016-02-17,2,UP,0.4611626863479614,False,0.5383663773536682,FLAT,0.34751203656196594,0.3165386915206909,0.3359493017196655,FLAT
2016-02-18,2,FLAT,0.3663848340511322,False,0.44200947880744934,FLAT,0.20950362086296082,0.5306428670883179,0.2598535120487213,FLAT
2016-02-19,2,FLAT,0.5399940609931946,True,0.4326985776424408,DOWN,0.2576585114002228,0.40728601813316345,0.33505547046661377,FLAT
2016-02-22,2,UP,0.5110990405082703,True,0.5096482634544373,DOWN,0.19153770804405212,0.5275654792785645,0.2808968126773834,FLAT
2016-02-23,2,DOWN,0.3977031111717224,False,0.6262638568878174,FLAT,0.15799720585346222,0.5748224854469299,0.26718032360076904,FLAT
2016-02-24,2,FLAT,0.5581699013710022,True,0.6235612630844116,UP,0.24571353197097778,0.356339693069458,0.3979467749595642,UP
2016-02-25,2,UP,0.5225245952606201,True,0.5871380567550659,UP,0.27937978506088257,0.41595712304115295,0.30466312170028687,FLAT
2016-02-26,2,FLAT,0.4072956442832947,False,0.5491241812705994,FLAT,0.2048913836479187,0.4400523602962494,0.3550563156604767,FLAT
2016-02-29,2,FLAT,0.4804385304450989,False,0.4101565480232239,FLAT,0.24612124264240265,0.35597798228263855,0.39790078997612,FLAT
2016-03-01,2,UP,0.48792746663093567,False,0.6364122033119202,FLAT,0.22368749976158142,0.46550899744033813,0.31080350279808044,FLAT
2016-03-02,2,FLAT,0.3745211362838745,False,0.49017247557640076,FLAT,0.24906595051288605,0.48365259170532227,0.2672814428806305,FLAT
2016-03-03,2,FLAT,0.42102116346359253,False,0.37310516834259033,FLAT,0.20775927603244781,0.5107518434524536,0.281488835811615,FLAT
2016-03-04,2,FLAT,0.4293908476829529,False,0.49408048391342163,FLAT,0.2027578353881836,0.5213877558708191,0.2758543789386749,FLAT
2016-03-07,2,FLAT,0.43903133273124695,False,0.43613100051879883,FLAT,0.19265350699424744,0.46552908420562744,0.3418174386024475,FLAT
2016-03-08,2,DOWN,0.46028634905815125,False,0.39127233624458313,FLAT,0.19557060301303864,0.5103282928466797,0.2941010892391205,FLAT
2016-03-09,2,FLAT,0.48698288202285767,False,0.4988647401332855,FLAT,0.36150413751602173,0.4169160723686218,0.22157977521419525,FLAT
2016-03-10,2,FLAT,0.4402022361755371,False,0.5415894985198975,FLAT,0.260446697473526,0.450470507144928,0.28908276557922363,FLAT
2016-03-11,2,UP,0.46409058570861816,False,0.44510361552238464,FLAT,0.23386994004249573,0.43779265880584717,0.3283374011516571,FLAT
2016-03-14,2,FLAT,0.38364744186401367,False,0.3991972506046295,FLAT,0.293369323015213,0.4648311138153076,0.24179963767528534,FLAT
2016-03-15,2,FLAT,0.45836159586906433,False,0.4352036118507385,FLAT,0.23372463881969452,0.45651930570602417,0.3097560703754425,FLAT
2016-03-16,2,FLAT,0.47803938388824463,False,0.32305648922920227,FLAT,0.2096894383430481,0.46003249287605286,0.33027803897857666,FLAT
2016-03-17,2,FLAT,0.4721222221851349,False,0.41132548451423645,FLAT,0.1813424676656723,0.4489660859107971,0.36969149112701416,FLAT
2016-03-18,2,FLAT,0.4324774146080017,False,0.45629820227622986,FLAT,0.212111696600914,0.501865029335022,0.2860232889652252,FLAT
2016-03-21,2,FLAT,0.4570537209510803,False,0.3763613998889923,FLAT,0.23644402623176575,0.41419583559036255,0.3493601679801941,FLAT
2016-03-22,2,FLAT,0.46044784784317017,False,0.49739909172058105,FLAT,0.2131587564945221,0.44339773058891296,0.34344354271888733,FLAT
2016-03-23,2,FLAT,0.48931893706321716,False,0.3327142894268036,FLAT,0.2008276730775833,0.5088303089141846,0.2903420031070709,FLAT
2016-03-24,2,FLAT,0.5144277811050415,True,0.5277000665664673,DOWN,0.24264243245124817,0.5019754767417908,0.25538209080696106,FLAT
2016-03-28,2,FLAT,0.5474339723587036,True,0.6079714894294739,UP,0.23099540174007416,0.4885403513908386,0.2804642617702484,FLAT
2016-03-29,2,UP,0.524836540222168,True,0.6137874126434326,UP,0.2146945595741272,0.36161118745803833,0.4236941933631897,UP
2016-03-30,2,FLAT,0.5153712034225464,True,0.51470547914505,DOWN,0.21427474915981293,0.5411195158958435,0.24460577964782715,FLAT
2016-03-31,2,FLAT,0.45132875442504883,False,0.5236592888832092,FLAT,0.22704318165779114,0.45023536682128906,0.3227214515209198,FLAT
2016-04-01,2,FLAT,0.49488747119903564,False,0.5568116307258606,FLAT,0.3069112002849579,0.4074283838272095,0.28566044569015503,FLAT
2016-04-04,2,FLAT,0.5031008124351501,False,0.5379328727722168,FLAT,0.2139122188091278,0.5500346422195435,0.23605313897132874,FLAT
2016-04-05,2,DOWN,0.499921590089798,False,0.49010708928108215,FLAT,0.2614074647426605,0.49209409952163696,0.24649842083454132,FLAT
2016-04-06,2,UP,0.5818002820014954,True,0.6207858920097351,UP,0.44435739517211914,0.3254123628139496,0.23023025691509247,DOWN
2016-04-07,2,DOWN,0.5209537744522095,True,0.43595626950263977,DOWN,0.25339263677597046,0.45123010873794556,0.2953771948814392,FLAT
2016-04-08,2,FLAT,0.594822108745575,True,0.6096630692481995,UP,0.35042673349380493,0.428451269865036,0.22112196683883667,FLAT
2016-04-11,2,FLAT,0.5907868146896362,True,0.6028410196304321,UP,0.37927117943763733,0.36096665263175964,0.25976213812828064,DOWN
2016-04-12,2,UP,0.6104074716567993,True,0.6960051655769348,UP,0.25253617763519287,0.3043642044067383,0.44309961795806885,UP
2016-04-13,2,UP,0.5490077137947083,True,0.4152544438838959,DOWN,0.2897247076034546,0.3413993716239929,0.3688759505748749,UP
2016-04-14,2,FLAT,0.44620364904403687,False,0.48377376794815063,FLAT,0.22337526082992554,0.5027779340744019,0.2738468647003174,FLAT
2016-04-15,2,FLAT,0.4762933552265167,False,0.5953192114830017,FLAT,0.2932499945163727,0.4119502902030945,0.29479965567588806,FLAT
2016-04-18,2,FLAT,0.4868352711200714,False,0.5269452929496765,FLAT,0.2605054974555969,0.4076167047023773,0.33187776803970337,FLAT
2016-04-19,2,FLAT,0.46636632084846497,False,0.6579127311706543,FLAT,0.18318819999694824,0.5318084359169006,0.28500333428382874,FLAT
2016-04-20,2,FLAT,0.4432196617126465,False,0.6036324501037598,FLAT,0.2224951982498169,0.3244171142578125,0.4530877470970154,FLAT
2016-04-21,2,FLAT,0.4563988447189331,False,0.4479670524597168,FLAT,0.25318416953086853,0.4941493272781372,0.25266650319099426,FLAT
2016-04-22,2,FLAT,0.5067737102508545,False,0.4581010937690735,FLAT,0.22093512117862701,0.5538475513458252,0.2252173274755478,FLAT
2016-04-25,2,FLAT,0.5248457193374634,True,0.5517125129699707,UP,0.3506472408771515,0.3578232228755951,0.2915295362472534,FLAT
2016-04-26,2,FLAT,0.5377684831619263,True,0.5647040009498596,UP,0.28957048058509827,0.4344784617424011,0.2759510278701782,FLAT
2016-04-27,2,FLAT,0.5178312659263611,True,0.5151243209838867,DOWN,0.3513539135456085,0.3011404573917389,0.3475055992603302,DOWN
2016-04-28,2,DOWN,0.5213262438774109,True,0.517531156539917,DOWN,0.3571312725543976,0.3921028673648834,0.2507658004760742,FLAT
2016-04-29,2,FLAT,0.5891410112380981,True,0.47263917326927185,DOWN,0.34465062618255615,0.42964425683021545,0.22570514678955078,FLAT
2016-05-02,2,UP,0.6181285977363586,True,0.43996694684028625,DOWN,0.2622091472148895,0.40711575746536255,0.3306750953197479,FLAT
2016-05-03,2,DOWN,0.5924435257911682,True,0.5974040627479553,UP,0.2373509407043457,0.41006574034690857,0.3525833785533905,FLAT
2016-05-04,2,FLAT,0.6196685433387756,True,0.4333091974258423,DOWN,0.3371562957763672,0.4614182710647583,0.2014254629611969,FLAT
2016-05-05,2,FLAT,0.6476975083351135,True,0.3821491301059723,DOWN,0.34799009561538696,0.47931450605392456,0.1726953387260437,FLAT
2016-05-06,2,FLAT,0.6394439339637756,True,0.5717760920524597,UP,0.35892540216445923,0.3296676576137543,0.3114069104194641,DOWN
2016-05-09,2,FLAT,0.6344011425971985,True,0.3858509063720703,DOWN,0.2677592933177948,0.3531462848186493,0.3790944218635559,UP
2016-05-10,2,UP,0.6158043146133423,True,0.4762241244316101,DOWN,0.29525652527809143,0.3842843770980835,0.3204590976238251,FLAT
2016-05-11,2,DOWN,0.535731315612793,True,0.45281538367271423,DOWN,0.2064899057149887,0.4091843068599701,0.3843258023262024,FLAT
2016-05-12,2,FLAT,0.6264920234680176,True,0.4857363700866699,DOWN,0.4024335443973541,0.30980849266052246,0.287757933139801,DOWN
2016-05-13,2,DOWN,0.6108872890472412,True,0.580360472202301,UP,0.30730459094047546,0.3159995973110199,0.37669581174850464,UP
2016-05-16,2,UP,0.6183562278747559,True,0.5638455152511597,UP,0.3845776915550232,0.4107940196990967,0.20462825894355774,FLAT
2016-05-17,2,DOWN,0.5896188616752625,True,0.35161077976226807,DOWN,0.3030145466327667,0.2952556014060974,0.4017298221588135,UP
2016-05-18,2,FLAT,0.6218987107276917,True,0.4800370931625366,DOWN,0.33608105778694153,0.4748806953430176,0.1890382468700409,FLAT
2016-05-19,2,FLAT,0.635262668132782,True,0.4245893359184265,DOWN,0.3778568506240845,0.3228128254413605,0.29933035373687744,DOWN
2016-05-20,2,FLAT,0.6296793818473816,True,0.4884730875492096,DOWN,0.3780176639556885,0.3454490602016449,0.2765333354473114,DOWN
2016-05-23,2,FLAT,0.5867136716842651,True,0.4514431357383728,DOWN,0.3987300992012024,0.27116644382476807,0.33010339736938477,DOWN
2016-05-24,2,UP,0.5987863540649414,True,0.5892301201820374,UP,0.34142711758613586,0.28756383061408997,0.37100905179977417,UP
2016-05-25,2,UP,0.537675678730011,True,0.45761069655418396,DOWN,0.38965141773223877,0.30940067768096924,0.3009479343891144,DOWN
2016-05-26,2,FLAT,0.4662601053714752,False,0.629377543926239,FLAT,0.2022070735692978,0.44915571808815,0.3486371636390686,FLAT
2016-05-27,2,FLAT,0.4931107461452484,False,0.5327062010765076,FLAT,0.2489079236984253,0.4212038815021515,0.32988816499710083,FLAT
2016-05-31,2,FLAT,0.4793437719345093,False,0.6339892745018005,FLAT,0.19009391963481903,0.41877564787864685,0.3911304175853729,FLAT
2016-06-01,2,FLAT,0.504228413105011,False,0.5855748653411865,FLAT,0.21816831827163696,0.3917478621006012,0.39008384943008423,FLAT
2016-06-02,2,FLAT,0.5147548317909241,True,0.5905689597129822,UP,0.20485664904117584,0.49004065990448,0.3051026463508606,FLAT
2016-06-03,2,FLAT,0.49481406807899475,False,0.6165140867233276,FLAT,0.25183776021003723,0.49159058928489685,0.2565716803073883,FLAT
2016-06-06,2,FLAT,0.5314581394195557,True,0.4139961898326874,DOWN,0.4162878394126892,0.29455801844596863,0.28915414214134216,DOWN
2016-06-07,2,FLAT,0.48380035161972046,False,0.397981196641922,FLAT,0.34303608536720276,0.37199804186820984,0.2849659323692322,FLAT
2016-06-08,2,FLAT,0.4862028658390045,False,0.3929001986980438,FLAT,0.33706340193748474,0.39780935645103455,0.2651272416114807,FLAT
2016-06-09,2,FLAT,0.4761410653591156,False,0.48439157009124756,FLAT,0.2751273512840271,0.42047229409217834,0.30440038442611694,FLAT
2016-06-10,2,DOWN,0.5051679015159607,False,0.5470453500747681,FLAT,0.3148331940174103,0.4040991961956024,0.2810676097869873,FLAT
2016-06-13,2,DOWN,0.5566422939300537,True,0.4873396158218384,DOWN,0.43238553404808044,0.3727669417858124,0.1948474943637848,DOWN
2016-06-14,2,FLAT,0.5698708295822144,True,0.6739264130592346,UP,0.3029625415802002,0.3142366409301758,0.3828008472919464,UP
2016-06-15,2,FLAT,0.6144812107086182,True,0.48522621393203735,DOWN,0.3320189118385315,0.3164166510105133,0.3515644371509552,UP
2016-06-16,2,FLAT,0.6402125954627991,True,0.6727985739707947,UP,0.3432299494743347,0.3080454170703888,0.3487246036529541,UP
2016-06-17,2,DOWN,0.6504528522491455,True,0.5595383048057556,UP,0.2516615390777588,0.4215725064277649,0.3267659842967987,FLAT
2016-06-20,2,UP,0.647572934627533,True,0.5701310038566589,UP,0.2573559582233429,0.4383338689804077,0.3043102025985718,FLAT
2016-06-21,2,FLAT,0.6457895040512085,True,0.5730257630348206,UP,0.3284643888473511,0.30818450450897217,0.36335107684135437,UP
2016-06-22,2,FLAT,0.6406896114349365,True,0.5346808433532715,DOWN,0.23652850091457367,0.2713714838027954,0.4921000301837921,UP
2016-06-23,2,UP,0.6423459649085999,True,0.5941747426986694,UP,0.27012714743614197,0.24522966146469116,0.48464322090148926,UP
2016-06-24,2,DOWN,0.5589411854743958,True,0.5713080167770386,UP,0.4023444354534149,0.3099168837070465,0.2877386212348938,DOWN
2016-06-27,2,DOWN,0.5230711698532104,True,0.3981856107711792,DOWN,0.37395986914634705,0.2604529857635498,0.36558717489242554,DOWN
2016-06-28,2,UP,0.6393918991088867,True,0.4170691668987274,DOWN,0.26120078563690186,0.4225060045719147,0.31629320979118347,FLAT
2016-06-29,2,UP,0.5801164507865906,True,0.3513788878917694,DOWN,0.3338377773761749,0.36930304765701294,0.29685911536216736,FLAT
2016-06-30,2,UP,0.550377607345581,True,0.4499155879020691,DOWN,0.40945518016815186,0.3546966314315796,0.23584814369678497,DOWN
2016-07-01,2,FLAT,0.5320799946784973,True,0.4863951504230499,DOWN,0.306954950094223,0.3973757028579712,0.2956693470478058,FLAT
2016-07-05,2,DOWN,0.5583167672157288,True,0.5340482592582703,DOWN,0.2839752733707428,0.4028395712375641,0.3131851553916931,FLAT
2016-07-06,2,UP,0.6254920959472656,True,0.4397352635860443,DOWN,0.417181134223938,0.31387239694595337,0.2689465284347534,DOWN
2016-07-07,2,FLAT,0.57355797290802,True,0.6200272440910339,UP,0.28682973980903625,0.4508190453052521,0.2623511850833893,FLAT
2016-07-08,2,UP,0.5742085576057434,True,0.35280659794807434,DOWN,0.2956278622150421,0.2728763520717621,0.4314957857131958,UP
2016-07-11,2,FLAT,0.4720301032066345,False,0.4582785964012146,FLAT,0.27333229780197144,0.4847169816493988,0.24195069074630737,FLAT
2016-07-12,2,UP,0.4845750331878662,False,0.5392723679542542,FLAT,0.17940537631511688,0.4901782274246216,0.33041635155677795,FLAT
2016-07-13,2,FLAT,0.460338294506073,False,0.3717087209224701,FLAT,0.2263917177915573,0.5160890817642212,0.2575191855430603,FLAT
2016-07-14,2,FLAT,0.47068673372268677,False,0.5840201377868652,FLAT,0.24402059614658356,0.47233515977859497,0.2836441993713379,FLAT
2016-07-15,2,FLAT,0.446416974067688,False,0.41240841150283813,FLAT,0.2242947816848755,0.4899718463420868,0.2857334315776825,FLAT
2016-07-18,2,FLAT,0.4729498028755188,False,0.42408061027526855,FLAT,0.28081589937210083,0.41194623708724976,0.3072378933429718,FLAT
2016-07-19,2,FLAT,0.48206573724746704,False,0.6042447090148926,FLAT,0.24487662315368652,0.44803085923194885,0.30709248781204224,FLAT
2016-07-20,2,FLAT,0.4864673316478729,False,0.5673660635948181,FLAT,0.16343620419502258,0.6027857661247253,0.23377805948257446,FLAT
2016-07-21,2,FLAT,0.4767882823944092,False,0.39701125025749207,FLAT,0.21665413677692413,0.506324291229248,0.2770216166973114,FLAT
2016-07-22,2,FLAT,0.4927785098552704,False,0.5105322599411011,FLAT,0.24748484790325165,0.5237739086151123,0.22874125838279724,FLAT
2016-07-25,2,FLAT,0.49092891812324524,False,0.4820183515548706,FLAT,0.19818171858787537,0.5461429357528687,0.25567537546157837,FLAT
2016-07-26,2,FLAT,0.5104211568832397,False,0.5076526999473572,FLAT,0.25235703587532043,0.45064765214920044,0.2969953417778015,FLAT
2016-07-27,2,FLAT,0.5182085037231445,True,0.4121953845024109,DOWN,0.23125307261943817,0.4805706739425659,0.2881762683391571,FLAT
2016-07-28,2,FLAT,0.5205464363098145,True,0.46732765436172485,DOWN,0.24624615907669067,0.37259629368782043,0.3811575472354889,UP
2016-07-29,2,FLAT,0.5336784720420837,True,0.6602762937545776,UP,0.20592179894447327,0.42018213868141174,0.3738960325717926,FLAT
2016-08-01,2,FLAT,0.5191570520401001,True,0.644277811050415,UP,0.18518559634685516,0.4349536895751953,0.37986069917678833,FLAT
2016-08-02,2,DOWN,0.5345333218574524,True,0.4864678680896759,DOWN,0.23093470931053162,0.4269335865974426,0.34213173389434814,FLAT
2016-08-03,2,FLAT,0.5786091089248657,True,0.5536410808563232,UP,0.36494114995002747,0.4400148093700409,0.19504404067993164,FLAT
2016-08-04,2,FLAT,0.5771275758743286,True,0.4732185900211334,DOWN,0.37159979343414307,0.24883820116519928,0.3795619606971741,UP
2016-08-05,2,UP,0.5721471905708313,True,0.49731770157814026,DOWN,0.40416446328163147,0.28779953718185425,0.3080359995365143,DOWN
2016-08-08,2,FLAT,0.5120587944984436,True,0.43798136711120605,DOWN,0.24743647873401642,0.3392646610736847,0.4132988154888153,UP
2016-08-09,2,FLAT,0.5179997682571411,True,0.45418864488601685,DOWN,0.24830421805381775,0.3743230700492859,0.37737271189689636,UP
2016-08-10,2,FLAT,0.510269820690155,False,0.4433978199958801,FLAT,0.25119510293006897,0.36613214015960693,0.3826727271080017,FLAT
2016-08-11,2,FLAT,0.5370867252349854,True,0.5720193982124329,UP,0.5118064284324646,0.2678298354148865,0.22036373615264893,DOWN
2016-08-12,2,FLAT,0.4862830340862274,False,0.5653775334358215,FLAT,0.2854820787906647,0.3344246447086334,0.3800932466983795,FLAT
2016-08-15,2,FLAT,0.534540593624115,True,0.5875418782234192,UP,0.23068055510520935,0.4629806876182556,0.3063388168811798,FLAT
2016-08-16,2,FLAT,0.5100421905517578,False,0.4467701017856598,FLAT,0.22607389092445374,0.38833174109458923,0.3855943977832794,FLAT
2016-08-17,2,FLAT,0.5642796754837036,True,0.4981185793876648,DOWN,0.37652966380119324,0.3319527208805084,0.29151758551597595,DOWN
2016-08-18,2,FLAT,0.5591432452201843,True,0.6138179302215576,UP,0.2358943074941635,0.41655150055885315,0.34755417704582214,FLAT
2016-08-19,2,FLAT,0.5322026014328003,True,0.42624160647392273,DOWN,0.25740447640419006,0.41544920206069946,0.32714635133743286,FLAT
2016-08-22,2,FLAT,0.5521186590194702,True,0.5896896123886108,UP,0.3276679515838623,0.353375643491745,0.3189564347267151,FLAT
2016-08-23,2,FLAT,0.5508112907409668,True,0.5534273386001587,UP,0.34082573652267456,0.35660818219184875,0.3025660812854767,FLAT
2016-08-24,2,FLAT,0.5290060043334961,True,0.4969530999660492,DOWN,0.3768636882305145,0.3336249589920044,0.2895113527774811,DOWN
2016-08-25,2,FLAT,0.5911816954612732,True,0.5070897340774536,DOWN,0.48366543650627136,0.29104217886924744,0.22529232501983643,DOWN
2016-08-26,2,FLAT,0.5995438098907471,True,0.5724950432777405,UP,0.31254449486732483,0.363010436296463,0.32444503903388977,FLAT
2016-08-29,2,FLAT,0.621810257434845,True,0.3740598261356354,DOWN,0.3757120966911316,0.2478673905134201,0.3764204680919647,UP
2016-08-30,2,FLAT,0.579317569732666,True,0.6378614902496338,UP,0.28885114192962646,0.41681423783302307,0.2943345904350281,FLAT
2016-08-31,2,FLAT,0.5976211428642273,True,0.4830562472343445,DOWN,0.33098241686820984,0.3877837061882019,0.28123384714126587,FLAT
2016-09-01,2,FLAT,0.6227424740791321,True,0.3188510537147522,DOWN,0.45032161474227905,0.2577713429927826,0.29190704226493835,DOWN
2016-09-02,2,FLAT,0.6201393008232117,True,0.5466736555099487,UP,0.3376415967941284,0.30723658204078674,0.3551218807697296,UP
2016-09-06,2,FLAT,0.5592542290687561,True,0.6260848641395569,UP,0.4653971195220947,0.2885921001434326,0.24601079523563385,DOWN
2016-09-07,2,FLAT,0.5346317887306213,True,0.35896676778793335,DOWN,0.23545199632644653,0.3472992479801178,0.41724878549575806,UP
2016-09-08,2,FLAT,0.5436166524887085,True,0.4952758550643921,DOWN,0.26451224088668823,0.3754234313964844,0.36006438732147217,FLAT
2016-09-09,2,DOWN,0.5753573179244995,True,0.33493131399154663,DOWN,0.33334586024284363,0.3761045038700104,0.2905495762825012,FLAT
2016-09-12,2,UP,0.589149534702301,True,0.4026084542274475,DOWN,0.43842461705207825,0.32323548197746277,0.2383398562669754,DOWN
2016-09-13,2,DOWN,0.638790488243103,True,0.6500372886657715,UP,0.29945576190948486,0.39335545897483826,0.3071887791156769,FLAT
2016-09-14,2,FLAT,0.6023313403129578,True,0.5406419634819031,UP,0.2580272853374481,0.3996148109436035,0.34235790371894836,FLAT
2016-09-15,2,UP,0.6692374348640442,True,0.5981886982917786,UP,0.260188490152359,0.19434809684753418,0.5454633831977844,UP
2016-09-16,2,DOWN,0.633148193359375,True,0.45508068799972534,DOWN,0.35769781470298767,0.3370133340358734,0.3052888810634613,DOWN
2016-09-19,2,FLAT,0.6405421495437622,True,0.4285021424293518,DOWN,0.2788347601890564,0.373955637216568,0.3472095727920532,FLAT
2016-09-20,2,FLAT,0.6319884657859802,True,0.572261393070221,UP,0.29375556111335754,0.24509257078170776,0.4611518085002899,UP
2016-09-21,2,UP,0.6356746554374695,True,0.615693986415863,UP,0.278569757938385,0.348135381937027,0.373294860124588,UP
2016-09-22,2,UP,0.5885476469993591,True,0.4196859896183014,DOWN,0.4528971314430237,0.31939011812210083,0.2277127355337143,DOWN
2016-09-23,2,DOWN,0.5568927526473999,True,0.5484817624092102,UP,0.243632510304451,0.41024428606033325,0.34612324833869934,FLAT
2016-09-26,2,DOWN,0.6148536801338196,True,0.525784969329834,DOWN,0.4514809548854828,0.32089078426361084,0.22762829065322876,DOWN
2016-09-27,2,UP,0.6189883351325989,True,0.5872265100479126,UP,0.3718430995941162,0.3481740355491638,0.2799828052520752,DOWN
2016-09-28,2,FLAT,0.5853796601295471,True,0.5053299069404602,DOWN,0.2906080186367035,0.36972758173942566,0.33966439962387085,FLAT
2016-09-29,2,DOWN,0.5772223472595215,True,0.6955122351646423,UP,0.3199438750743866,0.2912656366825104,0.388790488243103,UP
2016-09-30,2,UP,0.6063077449798584,True,0.4896549582481384,DOWN,0.33487242460250854,0.41255638003349304,0.2525712251663208,FLAT
2016-10-03,2,FLAT,0.5779619812965393,True,0.6423213481903076,UP,0.3690999150276184,0.35373422503471375,0.27716588973999023,DOWN
2016-10-04,2,FLAT,0.6014025807380676,True,0.5871239304542542,UP,0.32491540908813477,0.42263349890708923,0.252451092004776,FLAT
2016-10-05,2,FLAT,0.6236599683761597,True,0.43444445729255676,DOWN,0.3338715136051178,0.4061475992202759,0.25998085737228394,FLAT
2016-10-06,2,FLAT,0.5782372355461121,True,0.5987341403961182,UP,0.24848376214504242,0.341683030128479,0.40983325242996216,UP
2016-10-07,2,FLAT,0.5907616019248962,True,0.6730684041976929,UP,0.28119152784347534,0.3887958526611328,0.33001258969306946,FLAT
2016-10-10,2,FLAT,0.6216263771057129,True,0.5301244854927063,DOWN,0.31008169054985046,0.36835286021232605,0.3215654790401459,FLAT
2016-10-13,2,FLAT,0.6177706718444824,True,0.4925943613052368,DOWN,0.3608059287071228,0.33697742223739624,0.30221667885780334,DOWN
2016-10-14,2,FLAT,0.6242865920066833,True,0.36188754439353943,DOWN,0.3663915991783142,0.3675400912761688,0.2660682797431946,FLAT
2016-10-17,2,FLAT,0.6202467083930969,True,0.5485648512840271,UP,0.31291165947914124,0.34448757767677307,0.3426007628440857,FLAT
2016-10-18,2,UP,0.6045615077018738,True,0.5851455330848694,UP,0.3393900394439697,0.37948301434516907,0.2811269760131836,FLAT
2016-10-19,2,FLAT,0.6105021238327026,True,0.6074748039245605,UP,0.28211867809295654,0.39339983463287354,0.32448142766952515,FLAT
2016-10-20,2,FLAT,0.5933972001075745,True,0.42177534103393555,DOWN,0.33000805974006653,0.31255975365638733,0.35743215680122375,UP
2016-10-21,2,FLAT,0.6068823337554932,True,0.5089560747146606,DOWN,0.33293280005455017,0.34669262170791626,0.32037457823753357,FLAT
2016-10-24,2,FLAT,0.6080527305603027,True,0.6221068501472473,UP,0.29029667377471924,0.45811715722084045,0.2515861690044403,FLAT
2016-10-25,2,FLAT,0.5784062147140503,True,0.4639722406864166,DOWN,0.3617126941680908,0.31086868047714233,0.32741862535476685,DOWN
2016-10-26,2,FLAT,0.6162846684455872,True,0.5655078291893005,UP,0.3226092457771301,0.37748807668685913,0.29990267753601074,FLAT
2016-10-27,2,FLAT,0.6112623810768127,True,0.47529736161231995,DOWN,0.33074435591697693,0.37404894828796387,0.2952067255973816,FLAT
2016-10-28,2,FLAT,0.6013851165771484,True,0.47596001625061035,DOWN,0.2534019649028778,0.3062431514263153,0.4403548836708069,UP
2016-10-31,2,FLAT,0.6095269322395325,True,0.5287737846374512,DOWN,0.3889755308628082,0.2891989052295685,0.3218255639076233,DOWN
2016-11-01,2,DOWN,0.6039321422576904,True,0.6592062711715698,UP,0.26917564868927,0.26570776104927063,0.46511656045913696,UP
2016-11-02,2,DOWN,0.5809672474861145,True,0.5936678051948547,UP,0.3021835684776306,0.26635634899139404,0.43146011233329773,UP
2016-11-03,2,DOWN,0.627604603767395,True,0.6057264804840088,UP,0.283348023891449,0.38265180587768555,0.33400020003318787,FLAT
2016-11-04,2,FLAT,0.6396846175193787,True,0.6376955509185791,UP,0.2218237668275833,0.28348609805107117,0.49469006061553955,UP
2016-11-07,2,UP,0.6588752269744873,True,0.5930771827697754,UP,0.3153822422027588,0.23989541828632355,0.44472238421440125,UP
2016-11-08,2,UP,0.5688697695732117,True,0.5234494209289551,DOWN,0.5347027778625488,0.2402511090040207,0.2250460833311081,DOWN
2016-11-09,2,UP,0.5976869463920593,True,0.6212926506996155,UP,0.35072633624076843,0.36940866708755493,0.27986496686935425,FLAT
2016-11-10,2,FLAT,0.5573013424873352,True,0.4087980389595032,DOWN,0.27248212695121765,0.4654174745082855,0.2621003985404968,FLAT
2016-11-11,2,FLAT,0.5128535628318787,True,0.5697482824325562,UP,0.3098568916320801,0.34300699830055237,0.34713611006736755,UP
2016-11-16,2,FLAT,0.5112379193305969,True,0.45773303508758545,DOWN,0.26287150382995605,0.39907118678092957,0.3380573093891144,FLAT
2016-11-17,2,UP,0.5321046113967896,True,0.42415866255760193,DOWN,0.23212362825870514,0.45897820591926575,0.3088981509208679,FLAT
2016-11-18,2,FLAT,0.5015063285827637,False,0.41701164841651917,FLAT,0.19085921347141266,0.4935310184955597,0.31560978293418884,FLAT
2016-11-21,2,UP,0.516863226890564,True,0.5608046650886536,UP,0.20223084092140198,0.4979088008403778,0.2998603582382202,FLAT
2016-11-22,2,FLAT,0.48118045926094055,False,0.5370810031890869,FLAT,0.1493525505065918,0.5886929631233215,0.2619544565677643,FLAT
2016-11-23,2,FLAT,0.4718444347381592,False,0.3986504375934601,FLAT,0.17985376715660095,0.5427466630935669,0.27739959955215454,FLAT
2016-11-25,2,FLAT,0.49545884132385254,False,0.4977263808250427,FLAT,0.17815068364143372,0.5682679414749146,0.2535814046859741,FLAT
2016-11-28,2,DOWN,0.47170794010162354,False,0.6313347816467285,FLAT,0.16786465048789978,0.4692692756652832,0.3628661036491394,FLAT
2016-11-29,2,FLAT,0.5159069895744324,True,0.4008747637271881,DOWN,0.20576032996177673,0.48828360438346863,0.30595603585243225,FLAT
2016-11-30,2,FLAT,0.5039733052253723,False,0.5815348625183105,FLAT,0.2355305552482605,0.520272970199585,0.24419644474983215,FLAT
2016-12-01,2,FLAT,0.5182958245277405,True,0.35229241847991943,DOWN,0.31780925393104553,0.3980075716972351,0.284183144569397,FLAT
2016-12-02,2,FLAT,0.5453737378120422,True,0.4396931231021881,DOWN,0.3362104892730713,0.3412579894065857,0.3225315511226654,FLAT
2016-12-05,2,UP,0.5631675124168396,True,0.5770273804664612,UP,0.2826229929924011,0.3962869644165039,0.32109004259109497,FLAT
2016-12-06,2,FLAT,0.530160665512085,True,0.5331209301948547,DOWN,0.2911093533039093,0.41177359223365784,0.2971170246601105,FLAT
2016-12-07,2,UP,0.5109360218048096,True,0.5652574300765991,UP,0.24945782124996185,0.3924855887889862,0.35805654525756836,FLAT
2016-12-08,2,FLAT,0.46423283219337463,False,0.4872720241546631,FLAT,0.21011482179164886,0.5203185677528381,0.2695665955543518,FLAT
2016-12-09,2,UP,0.46491140127182007,False,0.516002893447876,FLAT,0.23022931814193726,0.42932838201522827,0.3404422998428345,FLAT
2016-12-12,2,FLAT,0.4566657543182373,False,0.5402066707611084,FLAT,0.17514526844024658,0.505454957485199,0.31939974427223206,FLAT
2016-12-13,2,UP,0.47415605187416077,False,0.3443683087825775,FLAT,0.22935554385185242,0.48000556230545044,0.29063883423805237,FLAT
2016-12-14,2,DOWN,0.45224905014038086,False,0.34605613350868225,FLAT,0.2468850016593933,0.43645739555358887,0.31665754318237305,FLAT
2016-12-15,2,FLAT,0.5164227485656738,True,0.44100210070610046,DOWN,0.3038385808467865,0.4793247580528259,0.2168366014957428,FLAT
2016-12-16,2,DOWN,0.5033622980117798,False,0.5467344522476196,FLAT,0.21254894137382507,0.48150569200515747,0.30594536662101746,FLAT
2016-12-19,2,FLAT,0.5466874837875366,True,0.42009034752845764,DOWN,0.3502339720726013,0.3512440323829651,0.2985219955444336,FLAT
2016-12-20,2,FLAT,0.5457695722579956,True,0.5213927626609802,DOWN,0.20788784325122833,0.49805718660354614,0.2940549850463867,FLAT
2016-12-21,2,FLAT,0.521681010723114,True,0.6585156917572021,UP,0.18574638664722443,0.4446260333061218,0.36962756514549255,FLAT
2016-12-22,2,FLAT,0.544151782989502,True,0.5390956997871399,UP,0.17834894359111786,0.5979464054107666,0.22370465099811554,FLAT
2016-12-23,2,FLAT,0.5560230016708374,True,0.6990634799003601,UP,0.24665474891662598,0.4383482038974762,0.3149971067905426,FLAT
2016-12-27,2,FLAT,0.5578573346138,True,0.6290059685707092,UP,0.2105461061000824,0.434983491897583,0.3544703722000122,FLAT
2016-12-28,2,DOWN,0.5437026619911194,True,0.6189562678337097,UP,0.16945503652095795,0.4007500410079956,0.42979493737220764,UP
2016-12-29,2,FLAT,0.586004912853241,True,0.5843634009361267,UP,0.3096316158771515,0.3005774915218353,0.38979092240333557,UP
2016-12-30,2,FLAT,0.6023066639900208,True,0.6371300220489502,UP,0.30400800704956055,0.3492893874645233,0.34670260548591614,FLAT
2017-01-03,2,UP,0.6141100525856018,True,0.6643531918525696,UP,0.2950998842716217,0.29142946004867554,0.41347062587738037,UP
2017-01-04,2,UP,0.5744304060935974,True,0.562750518321991,UP,0.33151912689208984,0.33614614605903625,0.3323347568511963,FLAT
2017-01-05,2,FLAT,0.5478405356407166,True,0.41998276114463806,DOWN,0.29928645491600037,0.29822421073913574,0.4024893045425415,UP
2017-01-06,2,FLAT,0.5600047707557678,True,0.41835469007492065,DOWN,0.33994266390800476,0.3333320617675781,0.3267253041267395,DOWN
2017-01-09,2,FLAT,0.5303328037261963,True,0.6715668439865112,UP,0.2533801198005676,0.40713801980018616,0.339481920003891,FLAT
2017-01-10,2,FLAT,0.5630436539649963,True,0.49230122566223145,DOWN,0.3531016409397125,0.31682419776916504,0.33007416129112244,DOWN
2017-01-11,2,FLAT,0.5638520121574402,True,0.6475417613983154,UP,0.29575932025909424,0.379731684923172,0.32450899481773376,FLAT
2017-01-12,2,FLAT,0.5426919460296631,True,0.604699432849884,UP,0.208072230219841,0.4638274013996124,0.3281003534793854,FLAT
2017-01-13,2,FLAT,0.5670427680015564,True,0.5847907662391663,UP,0.29711076617240906,0.4125729501247406,0.2903163433074951,FLAT
2017-01-17,2,FLAT,0.5430067181587219,True,0.6417203545570374,UP,0.3582335114479065,0.295358806848526,0.3464076817035675,DOWN
2017-01-18,2,FLAT,0.5856040120124817,True,0.3158476650714874,DOWN,0.5124955773353577,0.23774117231369019,0.24976325035095215,DOWN
2017-01-19,2,FLAT,0.5717515349388123,True,0.4603930413722992,DOWN,0.3261989653110504,0.2859385013580322,0.38786253333091736,UP
2017-01-20,2,FLAT,0.6047741174697876,True,0.518290102481842,DOWN,0.3464187979698181,0.39292213320732117,0.2606590688228607,FLAT
2017-01-23,2,FLAT,0.5658032298088074,True,0.495629221200943,DOWN,0.31436020135879517,0.32686156034469604,0.3587782382965088,UP
2017-01-24,2,UP,0.5925915241241455,True,0.5209952592849731,DOWN,0.4327421486377716,0.26897984743118286,0.2982780635356903,DOWN
2017-01-25,2,UP,0.5542974472045898,True,0.42037928104400635,DOWN,0.4201563596725464,0.2363765388727188,0.34346717596054077,DOWN
2017-01-26,2,FLAT,0.4764864444732666,False,0.5484074950218201,FLAT,0.2439185529947281,0.5241869688034058,0.23189447820186615,FLAT
2017-01-27,2,FLAT,0.5095847845077515,False,0.6233199834823608,FLAT,0.18585872650146484,0.4992515444755554,0.3148897886276245,FLAT
2017-01-30,2,DOWN,0.5178478956222534,True,0.5638386607170105,UP,0.20092883706092834,0.469271183013916,0.32979997992515564,FLAT
2017-01-31,2,FLAT,0.5736796259880066,True,0.486370325088501,DOWN,0.3496008813381195,0.3700036406517029,0.2803954482078552,FLAT
2017-02-01,2,FLAT,0.5888996124267578,True,0.44492307305336,DOWN,0.40005162358283997,0.33907026052474976,0.26087814569473267,DOWN
2017-02-02,2,FLAT,0.5870252251625061,True,0.41600072383880615,DOWN,0.41807323694229126,0.3273663818836212,0.25456035137176514,DOWN
2017-02-03,2,UP,0.5790690183639526,True,0.4955556094646454,DOWN,0.3830331563949585,0.33139902353286743,0.2855678200721741,DOWN
2017-02-06,2,FLAT,0.5139150023460388,True,0.42072176933288574,DOWN,0.422322541475296,0.2881813645362854,0.2894960641860962,DOWN
2017-02-07,2,FLAT,0.5523900985717773,True,0.41592398285865784,DOWN,0.5181303024291992,0.23595939576625824,0.24591033160686493,DOWN
2017-02-08,2,FLAT,0.5495132803916931,True,0.4002695679664612,DOWN,0.40637943148612976,0.2792489528656006,0.31437158584594727,DOWN
2017-02-09,2,UP,0.5383822321891785,True,0.534537136554718,DOWN,0.43363505601882935,0.3214925229549408,0.24487237632274628,DOWN
2017-02-10,2,UP,0.5204237699508667,True,0.5338760614395142,DOWN,0.1805218905210495,0.5192148685455322,0.30026328563690186,FLAT
2017-02-13,2,UP,0.4964959919452667,False,0.6953417658805847,FLAT,0.19305913150310516,0.407839834690094,0.39910098910331726,FLAT
2017-02-14,2,UP,0.4848977327346802,False,0.63808274269104,FLAT,0.17647422850131989,0.45422807335853577,0.36929771304130554,FLAT
2017-02-15,2,UP,0.48188069462776184,False,0.46211493015289307,FLAT,0.218949556350708,0.4674847424030304,0.3135656416416168,FLAT
2017-02-16,2,FLAT,0.47124502062797546,False,0.40711015462875366,FLAT,0.22706066071987152,0.4874066710472107,0.28553274273872375,FLAT
2017-02-17,2,FLAT,0.48385196924209595,False,0.3172893226146698,FLAT,0.20852497220039368,0.5528091788291931,0.2386658638715744,FLAT
2017-02-21,2,UP,0.48481786251068115,False,0.5577511191368103,FLAT,0.18386675417423248,0.5170518755912781,0.29908138513565063,FLAT
2017-02-22,2,FLAT,0.4657617509365082,False,0.3869880437850952,FLAT,0.18002760410308838,0.5244481563568115,0.2955242395401001,FLAT
2017-02-23,2,FLAT,0.4914049804210663,False,0.5172730088233948,FLAT,0.19623588025569916,0.5226026773452759,0.2811613976955414,FLAT
2017-02-24,2,FLAT,0.4810659885406494,False,0.3110787272453308,FLAT,0.29178717732429504,0.3831460773944855,0.32506677508354187,FLAT
2017-02-27,2,FLAT,0.4919966459274292,False,0.4301251471042633,FLAT,0.2606548070907593,0.44876182079315186,0.2905833125114441,FLAT
2017-02-28,2,FLAT,0.4869271516799927,False,0.5008177757263184,FLAT,0.2547215223312378,0.49404415488243103,0.2512343227863312,FLAT
2017-03-01,2,UP,0.5132251977920532,True,0.4675239324569702,DOWN,0.3257555663585663,0.3761920928955078,0.2980523705482483,FLAT
2017-03-02,2,DOWN,0.45413318276405334,False,0.45862337946891785,FLAT,0.20599739253520966,0.4938603341579437,0.3001422584056854,FLAT
2017-03-03,2,FLAT,0.515095055103302,True,0.474152535200119,DOWN,0.27780893445014954,0.4119531214237213,0.31023794412612915,FLAT
2017-03-06,2,FLAT,0.5148643851280212,True,0.6127045154571533,UP,0.23237302899360657,0.4559992551803589,0.31162768602371216,FLAT
2017-03-07,2,FLAT,0.5384294390678406,True,0.48363006114959717,DOWN,0.19484378397464752,0.47800156474113464,0.32715463638305664,FLAT
2017-03-08,2,FLAT,0.5565456748008728,True,0.5961654186248779,UP,0.29035887122154236,0.3969869017601013,0.31265416741371155,FLAT
2017-03-09,2,FLAT,0.5640769004821777,True,0.521990954875946,DOWN,0.4560560882091522,0.22779220342636108,0.3161516785621643,DOWN
2017-03-10,2,FLAT,0.5637050271034241,True,0.5648049712181091,UP,0.25959455966949463,0.41949158906936646,0.3209138512611389,FLAT
2017-03-13,2,FLAT,0.543951153755188,True,0.5942507982254028,UP,0.20384590327739716,0.3433511555194855,0.4528029263019562,UP
2017-03-14,2,DOWN,0.5454188585281372,True,0.510308027267456,DOWN,0.24330708384513855,0.34609001874923706,0.4106028974056244,UP
2017-03-15,2,UP,0.5792293548583984,True,0.5728214383125305,UP,0.467501163482666,0.3031998574733734,0.22929902374744415,DOWN
2017-03-16,2,FLAT,0.5317879915237427,True,0.41554495692253113,DOWN,0.319020539522171,0.3179813027381897,0.3629981577396393,UP
2017-03-17,2,DOWN,0.5538438558578491,True,0.5373791456222534,DOWN,0.2597951292991638,0.3829980790615082,0.3572067320346832,FLAT
2017-03-20,2,FLAT,0.5926531553268433,True,0.5469582080841064,UP,0.35118353366851807,0.3023871183395386,0.34642934799194336,DOWN
2017-03-21,2,DOWN,0.6007063984870911,True,0.5122379064559937,DOWN,0.41321539878845215,0.26424527168273926,0.3225393295288086,DOWN
2017-03-22,2,FLAT,0.5746947526931763,True,0.5336061120033264,DOWN,0.2647508680820465,0.36021915078163147,0.3750300109386444,UP
2017-03-23,2,FLAT,0.6502768397331238,True,0.627883791923523,UP,0.2473040670156479,0.43344730138778687,0.31924864649772644,FLAT
2017-03-24,2,FLAT,0.6511669158935547,True,0.6562630534172058,UP,0.2674809992313385,0.3822861611843109,0.3502327799797058,FLAT
2017-03-27,2,FLAT,0.646115779876709,True,0.6633596420288086,UP,0.2519250810146332,0.28685250878334045,0.46122241020202637,UP
2017-03-28,2,UP,0.6338734030723572,True,0.6254148483276367,UP,0.2782007157802582,0.34402671456336975,0.3777725100517273,UP
2017-03-29,2,FLAT,0.611741304397583,True,0.44773977994918823,DOWN,0.3710968494415283,0.30748382210731506,0.32141929864883423,DOWN
2017-03-30,2,FLAT,0.6057410836219788,True,0.6912598013877869,UP,0.28557196259498596,0.3711284399032593,0.34329959750175476,FLAT
2017-03-31,2,FLAT,0.5946326851844788,True,0.6434964537620544,UP,0.3481912314891815,0.3591823875904083,0.29262635111808777,FLAT
2017-04-03,2,FLAT,0.6151157021522522,True,0.6235690712928772,UP,0.3481534719467163,0.2598128616809845,0.3920336365699768,UP
2017-04-04,2,FLAT,0.6131609678268433,True,0.5383649468421936,DOWN,0.33315974473953247,0.3390595614910126,0.32778072357177734,FLAT
2017-04-05,2,FLAT,0.5975716710090637,True,0.705003559589386,UP,0.3387768566608429,0.3294219970703125,0.3318011164665222,DOWN
2017-04-06,2,FLAT,0.6213124394416809,True,0.6006342768669128,UP,0.23724673688411713,0.28125885128974915,0.48149439692497253,UP
2017-04-07,2,FLAT,0.6000149846076965,True,0.41981175541877747,DOWN,0.3656856119632721,0.36596566438674927,0.268348753452301,FLAT
2017-04-10,2,FLAT,0.6185325980186462,True,0.5402119755744934,UP,0.3142887353897095,0.3803454339504242,0.3053658902645111,FLAT
2017-04-11,2,FLAT,0.6118082404136658,True,0.5609451532363892,UP,0.34578725695610046,0.34430286288261414,0.3099098801612854,DOWN
2017-04-12,2,DOWN,0.6244916319847107,True,0.5393391251564026,UP,0.32041922211647034,0.28816714882850647,0.3914135992527008,UP
2017-04-13,2,DOWN,0.6340480446815491,True,0.4644570052623749,DOWN,0.3666948974132538,0.34740474820137024,0.28590038418769836,DOWN
2017-04-17,2,UP,0.6362099051475525,True,0.5580665469169617,UP,0.2986488342285156,0.3826786279678345,0.3186724781990051,FLAT
2017-04-18,2,FLAT,0.603958010673523,True,0.4866473972797394,DOWN,0.3277356028556824,0.2291414737701416,0.44312289357185364,UP
2017-04-19,2,FLAT,0.6303769946098328,True,0.6003454923629761,UP,0.35187339782714844,0.3958550691604614,0.25227153301239014,FLAT
2017-04-20,2,UP,0.625980794429779,True,0.5809468626976013,UP,0.31355682015419006,0.3462202847003937,0.34022292494773865,FLAT
2017-04-21,2,DOWN,0.595252275466919,True,0.45983701944351196,DOWN,0.4934046268463135,0.25007492303848267,0.2565203905105591,DOWN
2017-04-24,2,UP,0.6249352097511292,True,0.6101462841033936,UP,0.34316644072532654,0.29299288988113403,0.3638406991958618,UP
2017-04-25,2,UP,0.535979151725769,True,0.6439788937568665,UP,0.3249644935131073,0.3593681752681732,0.31566736102104187,FLAT
2017-04-26,2,FLAT,0.498773455619812,False,0.5571982860565186,FLAT,0.26477912068367004,0.5028141736984253,0.23240667581558228,FLAT
2017-04-27,2,FLAT,0.5145995020866394,True,0.5381028652191162,DOWN,0.2550797164440155,0.4525673985481262,0.29235294461250305,FLAT
2017-04-28,2,FLAT,0.5087014436721802,False,0.6549370884895325,FLAT,0.21296337246894836,0.3545681834220886,0.4324684739112854,FLAT
2017-05-01,2,FLAT,0.5348586440086365,True,0.5714099407196045,UP,0.1911492794752121,0.40577736496925354,0.40307334065437317,FLAT
2017-05-02,2,FLAT,0.509606659412384,False,0.462775319814682,FLAT,0.20744866132736206,0.38225433230400085,0.4102970361709595,FLAT
2017-05-03,2,FLAT,0.5230852961540222,True,0.6392759084701538,UP,0.24252021312713623,0.3848174214363098,0.37266236543655396,FLAT
2017-05-04,2,FLAT,0.5408741235733032,True,0.5538070201873779,UP,0.2979816496372223,0.3719173073768616,0.3301011025905609,FLAT
2017-05-05,2,UP,0.5288206934928894,True,0.5429282784461975,UP,0.22137807309627533,0.37037935853004456,0.4082425832748413,UP
2017-05-08,2,FLAT,0.5062870979309082,False,0.4864613711833954,FLAT,0.20769572257995605,0.30841711163520813,0.4838872253894806,FLAT
2017-05-09,2,FLAT,0.5143967270851135,True,0.6162629127502441,UP,0.23501911759376526,0.42237114906311035,0.342609703540802,FLAT
2017-05-10,2,FLAT,0.5261192321777344,True,0.674831211566925,UP,0.22531020641326904,0.34515929222106934,0.4295305013656616,UP
2017-05-11,2,FLAT,0.5219148397445679,True,0.6465699672698975,UP,0.2536402940750122,0.38618046045303345,0.36017921566963196,FLAT
2017-05-12,2,FLAT,0.55393385887146,True,0.5283202528953552,DOWN,0.347779244184494,0.33425337076187134,0.31796741485595703,DOWN
2017-05-15,2,UP,0.5680354833602905,True,0.4546114206314087,DOWN,0.35485970973968506,0.37937280535697937,0.26576748490333557,FLAT
2017-05-16,2,FLAT,0.5323278307914734,True,0.47963714599609375,DOWN,0.20553641021251678,0.4496578276157379,0.3448057770729065,FLAT
2017-05-17,2,DOWN,0.5464115738868713,True,0.5270619988441467,DOWN,0.402734637260437,0.25831934809684753,0.33894604444503784,DOWN
2017-05-18,2,UP,0.6002326607704163,True,0.6672861576080322,UP,0.3698349893093109,0.3038818836212158,0.32628312706947327,DOWN
2017-05-19,2,UP,0.6242735385894775,True,0.5909021496772766,UP,0.31894445419311523,0.32264676690101624,0.3584088087081909,UP
2017-05-22,2,UP,0.5977001190185547,True,0.507194995880127,DOWN,0.35530099272727966,0.25514504313468933,0.3895540237426758,UP
2017-05-23,2,FLAT,0.566851019859314,True,0.4280489981174469,DOWN,0.3011779189109802,0.23631638288497925,0.4625057280063629,UP
2017-05-24,2,FLAT,0.5511451959609985,True,0.44014835357666016,DOWN,0.28767526149749756,0.35011783242225647,0.36220693588256836,UP
2017-05-25,2,UP,0.5412138104438782,True,0.6891001462936401,UP,0.20964346826076508,0.37480059266090393,0.4155559241771698,UP
2017-05-26,2,FLAT,0.5087027549743652,False,0.5623802542686462,FLAT,0.20191960036754608,0.3646511435508728,0.4334292411804199,FLAT
2017-05-30,2,FLAT,0.5247783660888672,True,0.5412958264350891,UP,0.2360505759716034,0.4226032495498657,0.34134620428085327,FLAT
2017-05-31,2,FLAT,0.5371878147125244,True,0.49528631567955017,DOWN,0.26350557804107666,0.38236913084983826,0.3541252613067627,FLAT
2017-06-01,2,UP,0.5520727634429932,True,0.5582495331764221,UP,0.27486780285835266,0.31193381547927856,0.41319847106933594,UP
2017-06-02,2,UP,0.4917195737361908,False,0.4488024115562439,FLAT,0.22612394392490387,0.44321152567863464,0.3306644856929779,FLAT
2017-06-05,2,FLAT,0.4950501322746277,False,0.3856423497200012,FLAT,0.20778870582580566,0.5082100033760071,0.28400129079818726,FLAT
2017-06-06,2,DOWN,0.5093616247177124,False,0.4771891236305237,FLAT,0.2018021196126938,0.5549539923667908,0.24324391782283783,FLAT
2017-06-07,2,FLAT,0.536194920539856,True,0.5275964736938477,DOWN,0.2313898801803589,0.39865565299987793,0.3699544370174408,FLAT
2017-06-08,2,FLAT,0.5238230228424072,True,0.3812561333179474,DOWN,0.17988033592700958,0.3776467442512512,0.4424729347229004,UP
2017-06-09,2,FLAT,0.5347187519073486,True,0.36871862411499023,DOWN,0.19318246841430664,0.494390606880188,0.31242692470550537,FLAT
2017-06-12,2,FLAT,0.5359677672386169,True,0.5861550569534302,UP,0.2691601812839508,0.3657507598400116,0.3650890290737152,FLAT
2017-06-13,3,UP,0.47479167580604553,False,0.7841431498527527,FLAT,0.3429217040538788,0.4808908998966217,0.17618738114833832,FLAT
2017-06-14,3,FLAT,0.48624515533447266,False,0.8538906574249268,FLAT,0.04355127364397049,0.9161302447319031,0.04031848534941673,FLAT
2017-06-15,3,FLAT,0.4314345121383667,False,0.6766502857208252,FLAT,0.041004907339811325,0.945861279964447,0.013133805245161057,FLAT
2017-06-16,3,DOWN,0.48746997117996216,False,0.6507123112678528,FLAT,0.2911091148853302,0.51295006275177,0.1959407925605774,FLAT
2017-06-19,3,UP,0.45083433389663696,False,0.7996789813041687,FLAT,0.14496569335460663,0.7043901085853577,0.1506441831588745,FLAT
2017-06-20,3,DOWN,0.42963552474975586,False,0.27873659133911133,FLAT,0.04110700264573097,0.9321523904800415,0.026740610599517822,FLAT
2017-06-21,3,FLAT,0.48066601157188416,False,0.8799935579299927,FLAT,0.05451970919966698,0.8835000991821289,0.0619802325963974,FLAT
2017-06-22,3,FLAT,0.49173662066459656,False,0.3056178390979767,FLAT,0.3589302599430084,0.5775794982910156,0.06349022686481476,FLAT
2017-06-23,3,FLAT,0.47174450755119324,False,0.900388777256012,FLAT,0.019663233309984207,0.6051675081253052,0.3751692473888397,FLAT
2017-06-26,3,FLAT,0.43442922830581665,False,0.8214334845542908,FLAT,0.02018669620156288,0.8804060220718384,0.09940725564956665,FLAT
2017-06-27,3,DOWN,0.4473722577095032,False,0.9822852611541748,FLAT,0.01789703592658043,0.7361953854560852,0.24590753018856049,FLAT
2017-06-28,3,UP,0.4777545630931854,False,0.9836424589157104,FLAT,0.019597584381699562,0.9577866792678833,0.022615747526288033,FLAT
2017-06-29,3,DOWN,0.4749588668346405,False,0.2728596031665802,FLAT,0.09751608222723007,0.8762710690498352,0.026212772354483604,FLAT
2017-06-30,3,FLAT,0.48891305923461914,False,0.817162036895752,FLAT,0.10077255964279175,0.8803141713142395,0.01891328953206539,FLAT
2017-07-03,3,FLAT,0.5235477685928345,False,0.9907461404800415,FLAT,0.05891972780227661,0.8200746774673462,0.12100556492805481,FLAT
2017-07-05,3,FLAT,0.5151991844177246,False,0.22929610311985016,FLAT,0.2059369683265686,0.7391895055770874,0.05487352982163429,FLAT
2017-07-06,3,DOWN,0.5013689398765564,False,0.38372358679771423,FLAT,0.5664585828781128,0.35943129658699036,0.07411015778779984,FLAT
2017-07-07,3,UP,0.5448020696640015,True,0.8735668063163757,UP,0.025367626920342445,0.6674031019210815,0.30722934007644653,FLAT
2017-07-10,3,FLAT,0.5303551554679871,True,0.8487380743026733,UP,0.08056414872407913,0.8007733821868896,0.11866246908903122,FLAT
2017-07-11,3,FLAT,0.5287132859230042,True,0.7098678946495056,UP,0.008604120463132858,0.9237721562385559,0.06762369722127914,FLAT
2017-07-12,3,UP,0.480442076921463,False,0.9005192518234253,FLAT,0.04888693615794182,0.891425609588623,0.059687498956918716,FLAT
2017-07-13,3,FLAT,0.43722769618034363,False,0.5788544416427612,FLAT,0.011616171337664127,0.9749736785888672,0.013410158455371857,FLAT
2017-07-14,3,UP,0.4694727063179016,False,0.9512410759925842,FLAT,0.004460002761334181,0.9387927651405334,0.05674729123711586,FLAT
2017-07-17,3,FLAT,0.4377329349517822,False,0.9886190891265869,FLAT,0.02876431681215763,0.8845739960670471,0.0866616815328598,FLAT
2017-07-18,3,FLAT,0.4685159921646118,False,0.41797906160354614,FLAT,0.07965904474258423,0.8349080085754395,0.08543295413255692,FLAT
2017-07-19,3,UP,0.45301246643066406,False,0.5988143086433411,FLAT,0.047573018819093704,0.838988721370697,0.1134381964802742,FLAT
2017-07-20,3,FLAT,0.4575800895690918,False,0.9528160691261292,FLAT,0.009439860470592976,0.9682442545890808,0.022315815091133118,FLAT
2017-07-21,3,FLAT,0.46754226088523865,False,0.7409724593162537,FLAT,0.31597962975502014,0.43764176964759827,0.2463785856962204,FLAT
2017-07-24,3,FLAT,0.4688442647457123,False,0.8396432399749756,FLAT,0.15442833304405212,0.5110771656036377,0.33449453115463257,FLAT
2017-07-25,3,FLAT,0.4678565561771393,False,0.356398344039917,FLAT,0.10577620565891266,0.8501371741294861,0.04408659785985947,FLAT
2017-07-26,3,FLAT,0.4520140290260315,False,0.19346769154071808,FLAT,0.02656332030892372,0.9573634266853333,0.016073236241936684,FLAT
2017-07-27,3,FLAT,0.4452655017375946,False,0.7147560119628906,FLAT,0.12611611187458038,0.7834699153900146,0.0904139056801796,FLAT
2017-07-28,3,FLAT,0.43454301357269287,False,0.4994925558567047,FLAT,0.3517651855945587,0.6247247457504272,0.023510051891207695,FLAT
2017-07-31,3,FLAT,0.49544644355773926,False,0.9679183959960938,FLAT,0.01987089402973652,0.895423173904419,0.08470594137907028,FLAT
2017-08-01,3,FLAT,0.4792654514312744,False,0.838214635848999,FLAT,0.07842535525560379,0.254190057516098,0.6673845648765564,FLAT
2017-08-02,3,FLAT,0.48000839352607727,False,0.44814616441726685,FLAT,0.2057264745235443,0.7567073702812195,0.037566132843494415,FLAT
2017-08-03,3,FLAT,0.4537869095802307,False,0.3577731251716614,FLAT,0.17929886281490326,0.740536093711853,0.08016500622034073,FLAT
2017-08-04,3,FLAT,0.473947674036026,False,0.37456512451171875,FLAT,0.2863646149635315,0.48873355984687805,0.22490185499191284,FLAT
2017-08-07,3,FLAT,0.4264211058616638,False,0.7902909517288208,FLAT,0.008410729467868805,0.9584300518035889,0.03315924480557442,FLAT
2017-08-08,3,FLAT,0.44519051909446716,False,0.590135395526886,FLAT,0.060564689338207245,0.8632568717002869,0.0761784091591835,FLAT
2017-08-09,3,FLAT,0.4496498703956604,False,0.5238369107246399,FLAT,0.35100841522216797,0.6149913668632507,0.034000214189291,FLAT
2017-08-10,3,DOWN,0.4558722972869873,False,0.5447288155555725,FLAT,0.10964211821556091,0.6669203042984009,0.2234376221895218,FLAT
2017-08-11,3,FLAT,0.527648389339447,False,0.971286952495575,FLAT,0.1045226976275444,0.2755354344844818,0.6199418902397156,FLAT
2017-08-14,3,UP,0.5949893593788147,True,0.8661763668060303,UP,0.09121685475111008,0.039639756083488464,0.8691434264183044,UP
2017-08-15,3,FLAT,0.5048785209655762,False,0.5954839587211609,FLAT,0.06534146517515182,0.8358902931213379,0.09876824170351028,FLAT
2017-08-16,3,FLAT,0.5038281083106995,False,0.3183479309082031,FLAT,0.03739670291543007,0.8687971234321594,0.09380615502595901,FLAT
2017-08-17,3,DOWN,0.4750540256500244,False,0.47422677278518677,FLAT,0.11417406797409058,0.7965614199638367,0.08926453441381454,FLAT
2017-08-18,3,FLAT,0.5373222231864929,True,0.7769313454627991,UP,0.09675616025924683,0.10625847429037094,0.7969853281974792,UP
2017-08-21,3,FLAT,0.6116512417793274,True,0.7507067918777466,UP,0.4450586140155792,0.08824173361063004,0.46669965982437134,UP
2017-08-22,3,UP,0.6037994623184204,True,0.935877799987793,UP,0.06140444427728653,0.26733508706092834,0.671260416507721,UP
2017-08-23,3,DOWN,0.5217679142951965,False,0.43064600229263306,FLAT,0.32046929001808167,0.5979032516479492,0.08162744343280792,FLAT
2017-08-24,3,FLAT,0.5789375305175781,True,0.9226498603820801,UP,0.021645892411470413,0.5768828988075256,0.40147122740745544,FLAT
2017-08-25,3,FLAT,0.5402954816818237,True,0.24847736954689026,DOWN,0.5702762007713318,0.21110084652900696,0.21862296760082245,DOWN
2017-08-28,3,FLAT,0.5022301077842712,False,0.8691855669021606,FLAT,0.0618518702685833,0.8346750736236572,0.10347309708595276,FLAT
2017-08-29,3,FLAT,0.5479719042778015,True,0.6290441751480103,UP,0.43510934710502625,0.4275880455970764,0.13730259239673615,DOWN
2017-08-30,3,UP,0.5355322957038879,True,0.9450346827507019,UP,0.04498825967311859,0.8252691030502319,0.12974266707897186,FLAT
2017-08-31,3,UP,0.4887264370918274,False,0.9391590356826782,FLAT,0.0350576788187027,0.9449751973152161,0.019967155531048775,FLAT
2017-09-01,3,FLAT,0.44989195466041565,False,0.9415583610534668,FLAT,0.12792164087295532,0.803924024105072,0.06815430521965027,FLAT
2017-09-05,3,DOWN,0.4715348780155182,False,0.8502236008644104,FLAT,0.04635166749358177,0.9307353496551514,0.022913014516234398,FLAT
2017-09-06,3,UP,0.5348575711250305,True,0.8631346225738525,UP,0.017231542617082596,0.9666212797164917,0.01614721678197384,FLAT
2017-09-07,3,FLAT,0.5172877311706543,False,0.8406901359558105,FLAT,0.015098764561116695,0.8801478147506714,0.10475339740514755,FLAT
2017-09-08,3,FLAT,0.4858846664428711,False,0.13448838889598846,FLAT,0.47029048204421997,0.5046852827072144,0.02502426505088806,FLAT
2017-09-11,3,UP,0.5014933347702026,False,0.17454978823661804,FLAT,0.03821900859475136,0.9345452189445496,0.0272357240319252,FLAT
2017-09-12,3,FLAT,0.433145672082901,False,0.9687981605529785,FLAT,0.046592991799116135,0.7171757221221924,0.23623131215572357,FLAT
2017-09-13,3,FLAT,0.43799886107444763,False,0.9484430551528931,FLAT,0.009241392835974693,0.941520094871521,0.04923854395747185,FLAT
2017-09-14,3,FLAT,0.44295641779899597,False,0.9769670963287354,FLAT,0.1291278749704361,0.7539899349212646,0.11688219755887985,FLAT
2017-09-15,3,DOWN,0.4344148635864258,False,0.8965592980384827,FLAT,0.09689278900623322,0.425516277551651,0.477590948343277,FLAT
2017-09-18,3,FLAT,0.45955732464790344,False,0.5106722712516785,FLAT,0.1374492049217224,0.7428224682807922,0.11972827464342117,FLAT
2017-09-19,3,FLAT,0.461221307516098,False,0.6049908995628357,FLAT,0.03617248684167862,0.9159108996391296,0.04791662096977234,FLAT
2017-09-20,3,FLAT,0.4418405592441559,False,0.30273008346557617,FLAT,0.02439938113093376,0.9433324337005615,0.032268226146698,FLAT
2017-09-21,3,FLAT,0.4330703616142273,False,0.9762905836105347,FLAT,0.004104319494217634,0.9749069213867188,0.02098880149424076,FLAT
2017-09-22,3,FLAT,0.44871339201927185,False,0.8878121972084045,FLAT,0.01298842579126358,0.890228807926178,0.09678278118371964,FLAT
2017-09-25,3,FLAT,0.4441360533237457,False,0.8990344405174255,FLAT,0.012610466219484806,0.9022850394248962,0.08510445803403854,FLAT
2017-09-26,3,FLAT,0.45793044567108154,False,0.5625103116035461,FLAT,0.1408306360244751,0.745265007019043,0.11390441656112671,FLAT
2017-09-27,3,UP,0.454529732465744,False,0.7556713819503784,FLAT,0.1538507342338562,0.506614089012146,0.3395352065563202,FLAT
2017-09-28,3,FLAT,0.42716366052627563,False,0.5202230215072632,FLAT,0.04329933226108551,0.9344704151153564,0.02223028428852558,FLAT
2017-09-29,3,UP,0.45558083057403564,False,0.7949631214141846,FLAT,0.07681246846914291,0.89332115650177,0.029866430908441544,FLAT
2017-10-02,3,UP,0.42319533228874207,False,0.9887497425079346,FLAT,0.042076002806425095,0.8819799423217773,0.07594413310289383,FLAT
2017-10-03,3,FLAT,0.4257696270942688,False,0.8757498264312744,FLAT,0.06341911107301712,0.8098427057266235,0.12673822045326233,FLAT
2017-10-04,3,FLAT,0.4227488040924072,False,0.9451345801353455,FLAT,0.012775619514286518,0.8868541717529297,0.10037018358707428,FLAT
2017-10-05,3,UP,0.42511576414108276,False,0.9270670413970947,FLAT,0.15961210429668427,0.6521502137184143,0.18823768198490143,FLAT
2017-10-06,3,FLAT,0.40215763449668884,False,0.8280211687088013,FLAT,0.0027088955976068974,0.970318615436554,0.026972565799951553,FLAT
2017-10-09,3,FLAT,0.41920068860054016,False,0.9088417887687683,FLAT,0.06787636876106262,0.7364043593406677,0.19571928679943085,FLAT
2017-10-10,3,FLAT,0.43578189611434937,False,0.6504103541374207,FLAT,0.046598561108112335,0.9302166104316711,0.02318480797111988,FLAT
2017-10-11,3,FLAT,0.43554985523223877,False,0.5799470543861389,FLAT,0.009715188294649124,0.9581139087677002,0.03217090293765068,FLAT
2017-10-12,3,FLAT,0.4169277846813202,False,0.8733217120170593,FLAT,0.016739293932914734,0.9718456268310547,0.01141512580215931,FLAT
2017-10-13,3,FLAT,0.4390670657157898,False,0.8847984671592712,FLAT,0.08167188614606857,0.8688446283340454,0.049483463168144226,FLAT
2017-10-16,3,FLAT,0.41978105902671814,False,0.7390528917312622,FLAT,0.05603384971618652,0.9097898602485657,0.0341762974858284,FLAT
2017-10-17,3,FLAT,0.43487846851348877,False,0.5721151232719421,FLAT,0.07965122908353806,0.9079498648643494,0.012398917227983475,FLAT
2017-10-18,3,FLAT,0.43510890007019043,False,0.8313940763473511,FLAT,0.16342391073703766,0.8202810883522034,0.01629498228430748,FLAT
2017-10-19,3,FLAT,0.4295668601989746,False,0.9552878141403198,FLAT,0.015819299966096878,0.9312231540679932,0.052957527339458466,FLAT
2017-10-20,3,UP,0.42354488372802734,False,0.9340274333953857,FLAT,0.06833086907863617,0.8018129467964172,0.129856139421463,FLAT
2017-10-23,3,DOWN,0.4049226939678192,False,0.8461170196533203,FLAT,0.015486775897443295,0.9323022961616516,0.05221088230609894,FLAT
2017-10-24,3,FLAT,0.4453637897968292,False,0.9203462600708008,FLAT,0.1671745330095291,0.7631595134735107,0.06966598331928253,FLAT
2017-10-25,3,DOWN,0.4308930039405823,False,0.7875198721885681,FLAT,0.030947698280215263,0.8215978145599365,0.14745451509952545,FLAT
2017-10-26,3,FLAT,0.44188377261161804,False,0.6868822574615479,FLAT,0.07393720000982285,0.6586049199104309,0.26745790243148804,FLAT
2017-10-27,3,UP,0.4599038362503052,False,0.2379029393196106,FLAT,0.01077946089208126,0.9782819151878357,0.010938582941889763,FLAT
2017-10-30,3,DOWN,0.41879916191101074,False,0.28664544224739075,FLAT,0.036053288727998734,0.9151996970176697,0.04874696210026741,FLAT
2017-10-31,3,FLAT,0.46580860018730164,False,0.5073840618133545,FLAT,0.10338772088289261,0.5998013019561768,0.29681095480918884,FLAT
2017-11-01,3,FLAT,0.4370690882205963,False,0.8353337645530701,FLAT,0.02652367576956749,0.9401302933692932,0.03334597870707512,FLAT
2017-11-02,3,FLAT,0.42887625098228455,False,0.34298282861709595,FLAT,0.08688190579414368,0.8087337017059326,0.10438443720340729,FLAT
2017-11-03,3,UP,0.43252405524253845,False,0.40680867433547974,FLAT,0.09448207169771194,0.8318584561347961,0.07365944981575012,FLAT
2017-11-06,3,FLAT,0.418857604265213,False,0.3715624511241913,FLAT,0.11579355597496033,0.8456392884254456,0.03856712207198143,FLAT
2017-11-07,3,FLAT,0.42213916778564453,False,0.38903120160102844,FLAT,0.013587024994194508,0.9681318402290344,0.018281161785125732,FLAT
2017-11-08,3,FLAT,0.4243599772453308,False,0.18376889824867249,FLAT,0.11357834190130234,0.8605306148529053,0.0258910171687603,FLAT
2017-11-09,3,DOWN,0.4174879789352417,False,0.6392861008644104,FLAT,0.1607455164194107,0.738306999206543,0.10094748437404633,FLAT
2017-11-10,3,FLAT,0.44092467427253723,False,0.572917640209198,FLAT,0.13348400592803955,0.4618334174156189,0.40468263626098633,FLAT
2017-11-13,3,FLAT,0.46205469965934753,False,0.535804808139801,FLAT,0.18660715222358704,0.390401691198349,0.42299118638038635,FLAT
2017-11-14,3,FLAT,0.4593755006790161,False,0.9510002732276917,FLAT,0.037557367235422134,0.15149511396884918,0.8109474778175354,FLAT
2017-11-15,3,DOWN,0.4608553647994995,False,0.8328754305839539,FLAT,0.06477363407611847,0.6394168734550476,0.29580944776535034,FLAT
2017-11-16,3,UP,0.5107315182685852,False,0.9789559841156006,FLAT,0.020242171362042427,0.1977318376302719,0.7820260524749756,FLAT
2017-11-17,3,DOWN,0.47806739807128906,False,0.28678202629089355,FLAT,0.048809099942445755,0.8740651607513428,0.0771256759762764,FLAT
2017-11-20,3,FLAT,0.462267130613327,False,0.6072793006896973,FLAT,0.06180345639586449,0.8194224834442139,0.11877413094043732,FLAT
2017-11-21,3,UP,0.4643053412437439,False,0.6182382702827454,FLAT,0.04585502669215202,0.8561111688613892,0.09803378582000732,FLAT
2017-11-22,3,FLAT,0.4232942461967468,False,0.7889264225959778,FLAT,0.029131269082427025,0.9208289384841919,0.05003975331783295,FLAT
2017-11-24,3,FLAT,0.46029141545295715,False,0.6210753321647644,FLAT,0.010573516599833965,0.9385371804237366,0.05088925361633301,FLAT
2017-11-27,3,FLAT,0.4351795017719269,False,0.6773795485496521,FLAT,0.0040468815714120865,0.9831447601318359,0.01280834898352623,FLAT
2017-11-28,3,UP,0.43001383543014526,False,0.9116080403327942,FLAT,0.01254825945943594,0.9070769548416138,0.08037475496530533,FLAT
2017-11-29,3,FLAT,0.4072584807872772,False,0.7732157111167908,FLAT,0.04527143016457558,0.9039304256439209,0.05079817771911621,FLAT
2017-11-30,3,UP,0.43858322501182556,False,0.7698052525520325,FLAT,0.07323121279478073,0.893865704536438,0.03290310502052307,FLAT
2017-12-01,3,FLAT,0.4058348834514618,False,0.5675843358039856,FLAT,0.09286047518253326,0.8253054022789001,0.08183407783508301,FLAT
2017-12-04,3,FLAT,0.416854590177536,False,0.8072837591171265,FLAT,0.23198452591896057,0.6843945980072021,0.08362090587615967,FLAT
2017-12-05,3,DOWN,0.43743762373924255,False,0.12529350817203522,FLAT,0.15630537271499634,0.7991514205932617,0.04454315826296806,FLAT
2017-12-06,3,FLAT,0.49910297989845276,False,0.7352848052978516,FLAT,0.2688750624656677,0.6815741062164307,0.04955081269145012,FLAT
2017-12-07,3,UP,0.46247121691703796,False,0.3104187250137329,FLAT,0.39958804845809937,0.5762490034103394,0.02416294254362583,FLAT
2017-12-08,3,UP,0.44074347615242004,False,0.8848833441734314,FLAT,0.07575538009405136,0.782525360584259,0.14171920716762543,FLAT
2017-12-11,3,UP,0.4346466064453125,False,0.8668459057807922,FLAT,0.009094629436731339,0.9525538086891174,0.038351524621248245,FLAT
2017-12-12,3,FLAT,0.41721439361572266,False,0.5402080416679382,FLAT,0.028483213856816292,0.9655632376670837,0.00595348933711648,FLAT
2017-12-13,3,FLAT,0.42666754126548767,False,0.31975653767585754,FLAT,0.024420034140348434,0.951798141002655,0.023781873285770416,FLAT
2017-12-14,3,DOWN,0.42758941650390625,False,0.5125990509986877,FLAT,0.014010255225002766,0.971768856048584,0.014220845885574818,FLAT
2017-12-15,3,UP,0.44833487272262573,False,0.8848956227302551,FLAT,0.09971687942743301,0.8140987753868103,0.08618438988924026,FLAT
2017-12-18,3,UP,0.42891642451286316,False,0.8622127771377563,FLAT,0.016419289633631706,0.9572210907936096,0.026359668001532555,FLAT
2017-12-19,3,DOWN,0.4058379530906677,False,0.1061680018901825,FLAT,0.059051647782325745,0.9293979406356812,0.011550393886864185,FLAT
2017-12-20,3,FLAT,0.43186354637145996,False,0.5285685062408447,FLAT,0.011621268466114998,0.9839093089103699,0.004469434265047312,FLAT
2017-12-21,3,FLAT,0.4256913959980011,False,0.8969083428382874,FLAT,0.009134811349213123,0.9741736054420471,0.016691522672772408,FLAT
2017-12-22,3,FLAT,0.42421284317970276,False,0.5740201473236084,FLAT,0.013669540174305439,0.9737416505813599,0.012588774785399437,FLAT
2017-12-26,3,FLAT,0.4243896007537842,False,0.7753778696060181,FLAT,0.017327923327684402,0.9358359575271606,0.04683615267276764,FLAT
2017-12-27,3,FLAT,0.4556380808353424,False,0.7266730666160583,FLAT,0.12413232773542404,0.7289136648178101,0.1469540297985077,FLAT
2017-12-28,3,FLAT,0.43595460057258606,False,0.6354814171791077,FLAT,0.02702348679304123,0.9014545679092407,0.07152199000120163,FLAT
2017-12-29,3,DOWN,0.4321347177028656,False,0.49688708782196045,FLAT,0.005499236285686493,0.98861163854599,0.0058891670778393745,FLAT
2018-01-02,3,UP,0.4432406425476074,False,0.786629855632782,FLAT,0.0330740325152874,0.833741307258606,0.13318470120429993,FLAT
2018-01-03,3,UP,0.42133504152297974,False,0.38076043128967285,FLAT,0.024881979450583458,0.956558883190155,0.01855919323861599,FLAT
2018-01-04,3,UP,0.40573740005493164,False,0.7172658443450928,FLAT,0.0033059974666684866,0.9845677614212036,0.012126187793910503,FLAT
2018-01-05,3,UP,0.3977610468864441,False,0.5088927745819092,FLAT,0.00785206537693739,0.9494352340698242,0.04271269962191582,FLAT
2018-01-08,3,FLAT,0.3820432424545288,False,0.26538151502609253,FLAT,0.012945607304573059,0.9540960192680359,0.03295836225152016,FLAT
2018-01-09,3,FLAT,0.4059962034225464,False,0.5283913016319275,FLAT,0.0215613953769207,0.9110170602798462,0.06742146611213684,FLAT
2018-01-10,3,FLAT,0.3931219279766083,False,0.47174280881881714,FLAT,0.023367388173937798,0.948922872543335,0.027709752321243286,FLAT
2018-01-11,3,UP,0.4478549361228943,False,0.1884632706642151,FLAT,0.023593420162796974,0.9467858672142029,0.029620710760354996,FLAT
2018-01-12,3,UP,0.38773560523986816,False,0.569959819316864,FLAT,0.029069112613797188,0.7814183235168457,0.18951250612735748,FLAT
2018-01-16,3,DOWN,0.3815157115459442,False,0.19156941771507263,FLAT,0.020027143880724907,0.8583425879478455,0.1216302141547203,FLAT
2018-01-17,3,UP,0.40627726912498474,False,0.8056087493896484,FLAT,0.04675184562802315,0.8905631303787231,0.06268501281738281,FLAT
2018-01-18,3,FLAT,0.4472624957561493,False,0.07193920761346817,FLAT,0.03314749151468277,0.9100542664527893,0.05679824948310852,FLAT
2018-01-19,3,UP,0.4305873215198517,False,0.7148607969284058,FLAT,0.029475323855876923,0.9369504451751709,0.03357420861721039,FLAT
2018-01-22,3,UP,0.43919500708580017,False,0.43943411111831665,FLAT,0.01721479743719101,0.8913468718528748,0.09143835306167603,FLAT
2018-01-23,3,FLAT,0.39720186591148376,False,0.07620317488908768,FLAT,0.04482380673289299,0.8838661313056946,0.0713101252913475,FLAT
2018-01-24,3,FLAT,0.43049946427345276,False,0.5279806852340698,FLAT,0.021429121494293213,0.9347158074378967,0.043855100870132446,FLAT
2018-01-25,3,FLAT,0.403682678937912,False,0.7036248445510864,FLAT,0.0766206681728363,0.7345410585403442,0.18883830308914185,FLAT
2018-01-26,3,UP,0.41486600041389465,False,0.17004209756851196,FLAT,0.41621696949005127,0.506470799446106,0.07731225341558456,FLAT
2018-01-29,3,DOWN,0.41547244787216187,False,0.05239555612206459,FLAT,0.03355496749281883,0.9172394871711731,0.04920555278658867,FLAT
2018-01-30,3,DOWN,0.4605344235897064,False,0.8633666038513184,FLAT,0.27974551916122437,0.25184571743011475,0.4684087038040161,FLAT
2018-01-31,3,FLAT,0.534721851348877,True,0.7724621891975403,UP,0.11469234526157379,0.47466251254081726,0.41064512729644775,FLAT
2018-02-01,3,FLAT,0.5189076066017151,False,0.21584422886371613,FLAT,0.17822395265102386,0.7704596519470215,0.05131641775369644,FLAT
2018-02-02,3,DOWN,0.5241187810897827,False,0.2806512415409088,FLAT,0.069125235080719,0.8787223696708679,0.05215241014957428,FLAT
2018-02-05,3,DOWN,0.5491195917129517,True,0.9238073825836182,UP,0.1256735622882843,0.11921723186969757,0.7551091909408569,UP
2018-02-06,3,UP,0.5910969972610474,True,0.7650765180587769,UP,0.2261413037776947,0.29644376039505005,0.47741493582725525,UP
2018-02-07,3,DOWN,0.6430166959762573,True,0.298225998878479,DOWN,0.2355305254459381,0.37776702642440796,0.38670238852500916,UP
2018-02-08,3,DOWN,0.6414262056350708,True,0.4625229835510254,DOWN,0.44338497519493103,0.18508769571781158,0.3715272843837738,DOWN
2018-02-09,3,UP,0.6070764660835266,True,0.6680157780647278,UP,0.46787047386169434,0.20329833030700684,0.32883116602897644,DOWN
2018-02-12,3,UP,0.6286762952804565,True,0.7895590662956238,UP,0.3386653661727905,0.49677979946136475,0.16455481946468353,FLAT
2018-02-13,3,FLAT,0.6318826079368591,True,0.8745224475860596,UP,0.06101789325475693,0.4367702603340149,0.5022118091583252,UP
2018-02-14,3,UP,0.6375425457954407,True,0.8248693943023682,UP,0.05885495990514755,0.23170597851276398,0.7094390392303467,UP
2018-02-15,3,UP,0.6434953808784485,True,0.19731393456459045,DOWN,0.45110344886779785,0.3059580624103546,0.24293844401836395,DOWN
2018-02-16,3,FLAT,0.46761271357536316,False,0.3079394996166229,FLAT,0.5556851029396057,0.3065676689147949,0.13774722814559937,FLAT
2018-02-20,3,DOWN,0.6298001408576965,True,0.8247671723365784,UP,0.17314477264881134,0.33547303080558777,0.4913822114467621,UP
2018-02-21,3,FLAT,0.6223017573356628,True,0.23550951480865479,DOWN,0.2548378109931946,0.08689951151609421,0.6582627296447754,UP
2018-02-22,3,FLAT,0.6385408639907837,True,0.5718884468078613,UP,0.1785365641117096,0.10038364678621292,0.7210797667503357,UP
2018-02-23,3,UP,0.6434041261672974,True,0.7518138289451599,UP,0.5845600366592407,0.30808404088020325,0.10735594481229782,DOWN
2018-02-26,3,UP,0.576384425163269,True,0.8792401552200317,UP,0.1572369933128357,0.414572536945343,0.4281904399394989,UP
2018-02-27,3,DOWN,0.45610934495925903,False,0.30884382128715515,FLAT,0.0790066346526146,0.4504508674144745,0.47054246068000793,FLAT
2018-02-28,3,DOWN,0.6257468461990356,True,0.8179348111152649,UP,0.46974024176597595,0.21766813099384308,0.3125916123390198,DOWN
2018-03-01,3,DOWN,0.6335515975952148,True,0.9876493811607361,UP,0.07530861347913742,0.04266457259654999,0.8820268511772156,UP
2018-03-02,3,FLAT,0.6045329570770264,True,0.9502896666526794,UP,0.036052100360393524,0.5877938270568848,0.3761540651321411,FLAT
2018-03-05,3,UP,0.6616306304931641,True,0.8285703063011169,UP,0.16171647608280182,0.12743468582630157,0.710848867893219,UP
2018-03-06,3,FLAT,0.6326444149017334,True,0.7517430782318115,UP,0.31489795446395874,0.3142556846141815,0.37084636092185974,UP
2018-03-07,3,FLAT,0.6268508434295654,True,0.28737038373947144,DOWN,0.022169452160596848,0.8364577293395996,0.14137281477451324,FLAT
2018-03-08,3,FLAT,0.5963064432144165,True,0.5868531465530396,UP,0.21469222009181976,0.5470656156539917,0.23824211955070496,FLAT
2018-03-09,3,UP,0.5598348379135132,True,0.9291906952857971,UP,0.18442922830581665,0.809446394443512,0.006124407984316349,FLAT
2018-03-12,3,FLAT,0.4081805646419525,False,0.25675031542778015,FLAT,0.02416130155324936,0.7691149711608887,0.2067236602306366,FLAT
2018-03-13,3,DOWN,0.5444447994232178,True,0.6676623821258545,UP,0.038448091596364975,0.5740321278572083,0.3875197768211365,FLAT
2018-03-14,3,FLAT,0.5957103967666626,True,0.6105219125747681,UP,0.012234345078468323,0.8941057324409485,0.09365992248058319,FLAT
2018-03-15,3,FLAT,0.6008028984069824,True,0.21922215819358826,DOWN,0.21490661799907684,0.32655471563339233,0.4585387110710144,UP
2018-03-16,3,FLAT,0.6129997968673706,True,0.323207825422287,DOWN,0.2070915549993515,0.42935287952423096,0.36355558037757874,FLAT
2018-03-19,3,DOWN,0.5706872344017029,True,0.4954991936683655,DOWN,0.06259305030107498,0.5612449645996094,0.37616199254989624,FLAT
2018-03-20,3,FLAT,0.596826434135437,True,0.8616836071014404,UP,0.05004023760557175,0.07288693636655807,0.8770728707313538,UP
2018-03-21,3,FLAT,0.6459936499595642,True,0.9833327531814575,UP,0.044574983417987823,0.21692878007888794,0.7384961843490601,UP
2018-03-22,3,DOWN,0.6090236902236938,True,0.631955623626709,UP,0.10312237590551376,0.5583325624465942,0.3385450541973114,FLAT
2018-03-23,3,DOWN,0.5689948797225952,True,0.05411021411418915,DOWN,0.8302534818649292,0.1365223526954651,0.033224139362573624,DOWN
2018-03-26,3,UP,0.6161197423934937,True,0.20348133146762848,DOWN,0.39767637848854065,0.35953667759895325,0.24278688430786133,DOWN
2018-03-27,3,DOWN,0.651518702507019,True,0.9610181450843811,UP,0.02055482566356659,0.3164147436618805,0.6630303859710693,UP
2018-03-28,3,FLAT,0.6157732605934143,True,0.8840623497962952,UP,0.5475455522537231,0.36705639958381653,0.08539807051420212,DOWN
2018-03-29,3,UP,0.633233368396759,True,0.39275383949279785,DOWN,0.39962196350097656,0.5135703086853027,0.08680769801139832,FLAT
2018-04-02,3,DOWN,0.6437245607376099,True,0.510755181312561,DOWN,0.3445422649383545,0.22132091224193573,0.43413686752319336,UP
2018-04-03,3,UP,0.6047667860984802,True,0.8121393322944641,UP,0.11742475628852844,0.05345655977725983,0.8291186690330505,UP
2018-04-04,3,UP,0.6427582502365112,True,0.9448871612548828,UP,0.13504071533679962,0.327587753534317,0.5373715162277222,UP
2018-04-05,3,UP,0.6496451497077942,True,0.6020656824111938,UP,0.31760817766189575,0.6090039014816284,0.07338795810937881,FLAT
2018-04-06,3,DOWN,0.5793138146400452,True,0.8055687546730042,UP,0.11539316177368164,0.4825274348258972,0.40207943320274353,FLAT
2018-04-09,3,FLAT,0.6015797257423401,True,0.2831263840198517,DOWN,0.06801591068506241,0.7907177209854126,0.14126639068126678,FLAT
2018-04-10,3,UP,0.6381605267524719,True,0.7064236998558044,UP,0.32289746403694153,0.11655287444591522,0.5605496764183044,UP
2018-04-11,3,FLAT,0.5088295340538025,False,0.5773206949234009,FLAT,0.4658176898956299,0.3409554064273834,0.19322693347930908,FLAT
2018-04-12,3,UP,0.6378539800643921,True,0.9058529734611511,UP,0.25361403822898865,0.3572773039340973,0.38910868763923645,UP
2018-04-13,3,FLAT,0.6198917627334595,True,0.8219475746154785,UP,0.02025379240512848,0.5740953087806702,0.40565094351768494,FLAT
2018-04-16,3,UP,0.5951551795005798,True,0.6339769959449768,UP,0.11170363426208496,0.5012587904930115,0.38703760504722595,FLAT
2018-04-17,3,UP,0.5488697290420532,True,0.9485967755317688,UP,0.031225653365254402,0.9151745438575745,0.053599763661623,FLAT
2018-04-18,3,FLAT,0.4165734052658081,False,0.5976287126541138,FLAT,0.019538987427949905,0.7514915466308594,0.22896943986415863,FLAT
2018-04-19,3,FLAT,0.4997542202472687,False,0.8251014947891235,FLAT,0.03790535405278206,0.7023350596427917,0.2597595453262329,FLAT
2018-04-20,3,DOWN,0.6117614507675171,True,0.4554990828037262,DOWN,0.09148573130369186,0.7068089842796326,0.20170529186725616,FLAT
2018-04-23,3,FLAT,0.6193405389785767,True,0.5650294423103333,DOWN,0.33859768509864807,0.37414461374282837,0.28725776076316833,FLAT
2018-04-24,3,DOWN,0.6334357261657715,True,0.8295853137969971,UP,0.3746981620788574,0.5292558670043945,0.09604600816965103,FLAT
2018-04-25,3,FLAT,0.5527649521827698,True,0.499856561422348,DOWN,0.18498730659484863,0.7821709513664246,0.03284171596169472,FLAT
2018-04-26,3,UP,0.6401340365409851,True,0.9864365458488464,UP,0.08592387288808823,0.2671353220939636,0.6469408273696899,UP
2018-04-27,3,FLAT,0.5695589184761047,True,0.7399327754974365,UP,0.054123397916555405,0.13203880190849304,0.8138378262519836,UP
2018-04-30,3,FLAT,0.5556951761245728,True,0.5848779082298279,UP,0.2578102648258209,0.714114248752594,0.028075510635972023,FLAT
2018-05-01,3,FLAT,0.5404872894287109,True,0.6917241811752319,UP,0.3232952952384949,0.10664600878953934,0.5700586438179016,UP
2018-05-02,3,FLAT,0.5966962575912476,True,0.7192040681838989,UP,0.013716365210711956,0.8484545946121216,0.1378290206193924,FLAT
2018-05-03,3,FLAT,0.5706576108932495,True,0.1616530418395996,DOWN,0.19112445414066315,0.7876613140106201,0.021214278414845467,FLAT
2018-05-04,3,UP,0.6109967231750488,True,0.6772793531417847,UP,0.23642857372760773,0.5371114611625671,0.22645996510982513,FLAT
2018-05-07,3,FLAT,0.5461825728416443,True,0.24980643391609192,DOWN,0.34312206506729126,0.5454272031784058,0.1114506870508194,FLAT
2018-05-08,3,FLAT,0.5513370037078857,True,0.20990696549415588,DOWN,0.0943298190832138,0.6996705532073975,0.20599958300590515,FLAT
2018-05-09,3,UP,0.511017382144928,False,0.09257632493972778,FLAT,0.05090733617544174,0.9273097515106201,0.021782927215099335,FLAT
2018-05-10,3,UP,0.3953462243080139,False,0.40446746349334717,FLAT,0.02141496166586876,0.92633455991745,0.05225042626261711,FLAT
2018-05-11,3,FLAT,0.3951984643936157,False,0.23746828734874725,FLAT,0.01978062093257904,0.9659299254417419,0.014289391227066517,FLAT
2018-05-14,3,FLAT,0.4413073658943176,False,0.627007246017456,FLAT,0.08516450226306915,0.8712660670280457,0.043569400906562805,FLAT
2018-05-15,3,FLAT,0.40197521448135376,False,0.6935669183731079,FLAT,0.09683883935213089,0.8728786110877991,0.03028254397213459,FLAT
2018-05-16,3,FLAT,0.534245491027832,True,0.7449162602424622,UP,0.21418380737304688,0.35486266016960144,0.4309535324573517,UP
2018-05-17,3,FLAT,0.5128510594367981,False,0.46465298533439636,FLAT,0.4744613766670227,0.3197079002857208,0.20583070814609528,FLAT
2018-05-18,3,FLAT,0.48588424921035767,False,0.29144173860549927,FLAT,0.263807088136673,0.6999267935752869,0.03626609221100807,FLAT
2018-05-21,3,FLAT,0.47616222500801086,False,0.2654656171798706,FLAT,0.2456929236650467,0.6149766445159912,0.1393304318189621,FLAT
2018-05-22,3,FLAT,0.4214581251144409,False,0.8090230822563171,FLAT,0.015326411463320255,0.9525601863861084,0.03211337700486183,FLAT
2018-05-23,3,FLAT,0.4673972427845001,False,0.5313771963119507,FLAT,0.2614522874355316,0.7142566442489624,0.024291057139635086,FLAT
2018-05-24,3,FLAT,0.4914501905441284,False,0.3559415936470032,FLAT,0.7835036516189575,0.19266127049922943,0.02383502759039402,FLAT
2018-05-25,3,FLAT,0.45653077960014343,False,0.16672521829605103,FLAT,0.2339327335357666,0.7395848631858826,0.02648239955306053,FLAT
2018-05-29,3,DOWN,0.5027706027030945,False,0.2882421910762787,FLAT,0.1894415318965912,0.6416777968406677,0.1688806265592575,FLAT
2018-05-30,3,UP,0.536906898021698,True,0.6907086968421936,UP,0.0874079242348671,0.48840653896331787,0.42418554425239563,FLAT
2018-05-31,3,FLAT,0.544211208820343,True,0.29144343733787537,DOWN,0.5083075761795044,0.4430103898048401,0.04868200421333313,DOWN
2018-06-01,3,UP,0.5175719857215881,False,0.4016740322113037,FLAT,0.1775943785905838,0.3487345278263092,0.4736710488796234,FLAT
2018-06-04,3,FLAT,0.4722508490085602,False,0.09360919892787933,FLAT,0.01458173431456089,0.9750696420669556,0.010348654352128506,FLAT
2018-06-05,3,FLAT,0.40660446882247925,False,0.18603533506393433,FLAT,0.011463155038654804,0.9842904806137085,0.004246355965733528,FLAT
2018-06-06,3,FLAT,0.41745877265930176,False,0.3597829341888428,FLAT,0.020495742559432983,0.970373272895813,0.009130951948463917,FLAT
2018-06-07,3,FLAT,0.3662776052951813,False,0.046926453709602356,FLAT,0.0034787936601787806,0.9933120608329773,0.0032090675085783005,FLAT
2018-06-08,3,FLAT,0.38976168632507324,False,0.09388871490955353,FLAT,0.01003369688987732,0.9849091172218323,0.00505719892680645,FLAT
2018-06-11,3,FLAT,0.42055171728134155,False,0.8136137127876282,FLAT,0.04647720232605934,0.8870249390602112,0.06649791449308395,FLAT
2018-06-12,3,FLAT,0.396687388420105,False,0.9729306697845459,FLAT,0.03351803869009018,0.9561741948127747,0.01030777394771576,FLAT
2018-06-13,3,FLAT,0.38615065813064575,False,0.7935041785240173,FLAT,0.19401052594184875,0.7689035534858704,0.03708590939640999,FLAT
2018-06-14,3,FLAT,0.4358641505241394,False,0.2493809312582016,FLAT,0.3332911431789398,0.6595415472984314,0.0071673402562737465,FLAT
2018-06-15,3,FLAT,0.4476240575313568,False,0.13522109389305115,FLAT,0.1503804624080658,0.8364455699920654,0.013173939660191536,FLAT
2018-06-18,3,FLAT,0.4768909215927124,False,0.17565858364105225,FLAT,0.17004866898059845,0.7728555798530579,0.05709570646286011,FLAT
2018-06-19,3,FLAT,0.5311643481254578,True,0.08704762905836105,DOWN,0.7045801877975464,0.260715514421463,0.03470425680279732,DOWN
2018-06-20,3,FLAT,0.5221196413040161,False,0.06318377703428268,FLAT,0.03932536765933037,0.9496613144874573,0.01101333275437355,FLAT
2018-06-21,3,FLAT,0.5129472017288208,False,0.5692875981330872,FLAT,0.027615653350949287,0.8709795475006104,0.10140474140644073,FLAT
2018-06-22,3,FLAT,0.5203230381011963,False,0.9141265153884888,FLAT,0.055053289979696274,0.6531335115432739,0.2918131947517395,FLAT
2018-06-25,3,DOWN,0.5513220429420471,True,0.3125024139881134,DOWN,0.03525840491056442,0.9164227843284607,0.04831881821155548,FLAT
2018-06-26,3,FLAT,0.5429698824882507,True,0.7037504315376282,UP,0.11283600330352783,0.6690270304679871,0.2181370109319687,FLAT
2018-06-27,3,DOWN,0.6296622157096863,True,0.7291415929794312,UP,0.02678506262600422,0.7735071182250977,0.19970783591270447,FLAT
2018-06-28,3,FLAT,0.570447564125061,True,0.34596842527389526,DOWN,0.33468911051750183,0.4776352047920227,0.18767571449279785,FLAT
2018-06-29,3,FLAT,0.634814441204071,True,0.7931126356124878,UP,0.016579607501626015,0.7197538018226624,0.2636665999889374,FLAT
2018-07-02,3,FLAT,0.5982186198234558,True,0.8558188676834106,UP,0.0686270147562027,0.6950632333755493,0.23630975186824799,FLAT
2018-07-03,3,FLAT,0.6251489520072937,True,0.4456509053707123,DOWN,0.18564599752426147,0.7190435528755188,0.09531044214963913,FLAT
2018-07-05,3,UP,0.5955854654312134,True,0.24101383984088898,DOWN,0.2029963731765747,0.5617004036903381,0.23530319333076477,FLAT
2018-07-06,3,UP,0.6128624677658081,True,0.162814661860466,DOWN,0.6359237432479858,0.32825416326522827,0.03582211583852768,DOWN
2018-07-09,3,UP,0.4809737503528595,False,0.6575580835342407,FLAT,0.4901374876499176,0.40501007437705994,0.10485243052244186,FLAT
2018-07-10,3,FLAT,0.42647412419319153,False,0.307453989982605,FLAT,0.004193935543298721,0.9641766548156738,0.031629350036382675,FLAT
2018-07-11,3,DOWN,0.44594287872314453,False,0.41649362444877625,FLAT,0.026846854016184807,0.9536126255989075,0.019540539011359215,FLAT
2018-07-12,3,UP,0.5318954586982727,True,0.34423473477363586,DOWN,0.09342721849679947,0.8761116862297058,0.030461156740784645,FLAT
2018-07-13,3,FLAT,0.45827385783195496,False,0.33586376905441284,FLAT,0.005952949170023203,0.9317967295646667,0.06225033476948738,FLAT
2018-07-16,3,FLAT,0.4704367220401764,False,0.924126148223877,FLAT,0.06362885236740112,0.8982135653495789,0.03815753012895584,FLAT
2018-07-17,3,FLAT,0.49397480487823486,False,0.15278840065002441,FLAT,0.6189253926277161,0.32258185744285583,0.0584927573800087,FLAT
2018-07-18,3,FLAT,0.4559253454208374,False,0.21856804192066193,FLAT,0.061235323548316956,0.8792866468429565,0.059478044509887695,FLAT
2018-07-19,3,FLAT,0.4495116174221039,False,0.31128835678100586,FLAT,0.02871488779783249,0.8815473318099976,0.08973773568868637,FLAT
2018-07-20,3,FLAT,0.481661319732666,False,0.7526007890701294,FLAT,0.011677596718072891,0.9565310478210449,0.031791381537914276,FLAT
2018-07-23,3,FLAT,0.469142347574234,False,0.5588946342468262,FLAT,0.09859995543956757,0.6937387585639954,0.20766127109527588,FLAT
2018-07-24,3,FLAT,0.4863934814929962,False,0.47051358222961426,FLAT,0.10521871596574783,0.7550542950630188,0.13972702622413635,FLAT
2018-07-25,3,UP,0.4412379860877991,False,0.2027466744184494,FLAT,0.08344057947397232,0.8848900198936462,0.031669363379478455,FLAT
2018-07-26,3,FLAT,0.43394917249679565,False,0.18765248358249664,FLAT,0.062105562537908554,0.9219691157341003,0.01592535898089409,FLAT
2018-07-27,3,DOWN,0.46160009503364563,False,0.1329212784767151,FLAT,0.18982401490211487,0.7847558856010437,0.02542012371122837,FLAT
2018-07-30,3,FLAT,0.4772936701774597,False,0.759490966796875,FLAT,0.2038697600364685,0.7166036367416382,0.07952664792537689,FLAT
2018-07-31,3,FLAT,0.5257502794265747,False,0.4017210900783539,FLAT,0.41094082593917847,0.45826151967048645,0.13079768419265747,FLAT
2018-08-01,3,FLAT,0.4937266707420349,False,0.2446918934583664,FLAT,0.11264456063508987,0.8593820929527283,0.027973398566246033,FLAT
2018-08-02,3,FLAT,0.5109601020812988,False,0.4290403127670288,FLAT,0.11225276440382004,0.8182522058486938,0.06949500739574432,FLAT
2018-08-03,3,FLAT,0.4767739772796631,False,0.12249745428562164,FLAT,0.31136777997016907,0.6342859864234924,0.05434619262814522,FLAT
2018-08-06,3,FLAT,0.44723325967788696,False,0.6380678415298462,FLAT,0.04667443782091141,0.9114376902580261,0.04188791289925575,FLAT
2018-08-07,3,FLAT,0.4376738667488098,False,0.5007376074790955,FLAT,0.014907718636095524,0.9731047749519348,0.011987453326582909,FLAT
2018-08-08,3,FLAT,0.4406328797340393,False,0.6907766461372375,FLAT,0.02459888532757759,0.9614041447639465,0.013996914960443974,FLAT
2018-08-09,3,FLAT,0.4613106846809387,False,0.8319784998893738,FLAT,0.1277201622724533,0.7773941159248352,0.0948856845498085,FLAT
2018-08-10,3,DOWN,0.4482822120189667,False,0.4149409830570221,FLAT,0.05894848331809044,0.9260979294776917,0.014953640289604664,FLAT
2018-08-13,3,FLAT,0.5011380314826965,False,0.8792522549629211,FLAT,0.06515661627054214,0.8223680257797241,0.11247531324625015,FLAT
2018-08-14,3,UP,0.527715265750885,False,0.9144553542137146,FLAT,0.08008193224668503,0.6167062520980835,0.3032118082046509,FLAT
2018-08-15,3,DOWN,0.5350223779678345,True,0.9287264943122864,UP,0.020318306982517242,0.951611340045929,0.028070325031876564,FLAT
2018-08-16,3,UP,0.5247508883476257,False,0.864967942237854,FLAT,0.08210785686969757,0.5531454086303711,0.3647467792034149,FLAT
2018-08-17,3,FLAT,0.5187363028526306,False,0.5276244878768921,FLAT,0.19413258135318756,0.6193110346794128,0.1865563988685608,FLAT
2018-08-20,3,FLAT,0.46652674674987793,False,0.5643733143806458,FLAT,0.039364878088235855,0.9276957511901855,0.0329393707215786,FLAT
2018-08-21,3,FLAT,0.4798367917537689,False,0.5095513463020325,FLAT,0.17506298422813416,0.8041961789131165,0.020740855485200882,FLAT
2018-08-22,3,FLAT,0.44919273257255554,False,0.15573002398014069,FLAT,0.5350325107574463,0.43716177344322205,0.02780572511255741,FLAT
2018-08-23,3,FLAT,0.4739367663860321,False,0.3659239113330841,FLAT,0.032780714333057404,0.9262316823005676,0.040987592190504074,FLAT
2018-08-24,3,UP,0.47166094183921814,False,0.49314919114112854,FLAT,0.07603896409273148,0.917694091796875,0.006266954354941845,FLAT
2018-08-27,3,UP,0.42789381742477417,False,0.544076681137085,FLAT,0.011090286076068878,0.9795463681221008,0.009363321587443352,FLAT
2018-08-28,3,FLAT,0.3802945613861084,False,0.05263659358024597,FLAT,0.04161392152309418,0.9414074420928955,0.016978567466139793,FLAT
2018-08-29,3,UP,0.4311918318271637,False,0.5472153425216675,FLAT,0.06986209750175476,0.871293306350708,0.05884459614753723,FLAT
2018-08-30,3,DOWN,0.4302486479282379,False,0.4858647286891937,FLAT,0.013915611431002617,0.9810437560081482,0.005040568765252829,FLAT
2018-08-31,3,FLAT,0.46765339374542236,False,0.6477586627006531,FLAT,0.04466487467288971,0.9409048557281494,0.014430233277380466,FLAT
2018-09-04,3,FLAT,0.4883796274662018,False,0.9081012606620789,FLAT,0.016581745818257332,0.959918200969696,0.0235001053661108,FLAT
2018-09-05,3,FLAT,0.4782505929470062,False,0.9829031825065613,FLAT,0.09427807480096817,0.8582720756530762,0.04744979739189148,FLAT
2018-09-06,3,FLAT,0.48943769931793213,False,0.22873930633068085,FLAT,0.09175282716751099,0.8870276212692261,0.02121950127184391,FLAT
2018-09-07,3,FLAT,0.5176692605018616,False,0.40498536825180054,FLAT,0.3131049871444702,0.6454802751541138,0.041414715349674225,FLAT
2018-09-10,3,FLAT,0.549149751663208,True,0.8120161890983582,UP,0.11565790325403214,0.305766761302948,0.5785753726959229,UP
2018-09-11,3,FLAT,0.5217583775520325,False,0.3319163918495178,FLAT,0.1918783038854599,0.5627173185348511,0.24540436267852783,FLAT
2018-09-12,3,FLAT,0.510504424571991,False,0.8493829369544983,FLAT,0.021292876452207565,0.9501142501831055,0.02859293669462204,FLAT
2018-09-13,3,UP,0.4699020981788635,False,0.7078108787536621,FLAT,0.048824287950992584,0.8274585008621216,0.12371717393398285,FLAT
2018-09-14,3,FLAT,0.44357407093048096,False,0.15131248533725739,FLAT,0.009692812338471413,0.9815934300422668,0.008713793940842152,FLAT
2018-09-17,3,DOWN,0.44827255606651306,False,0.8905124664306641,FLAT,0.007910853251814842,0.9565527439117432,0.035536348819732666,FLAT
2018-09-18,3,UP,0.5129697322845459,False,0.5349054932594299,FLAT,0.04149525240063667,0.9195076823234558,0.03899705410003662,FLAT
2018-09-19,3,FLAT,0.4922064244747162,False,0.6022195219993591,FLAT,0.0229907538741827,0.9552778601646423,0.02173146978020668,FLAT
2018-09-20,3,UP,0.4491502642631531,False,0.0824483335018158,FLAT,0.02706216275691986,0.946009635925293,0.0269282516092062,FLAT
2018-09-21,3,DOWN,0.4013785123825073,False,0.22370614111423492,FLAT,0.036607254296541214,0.9464606046676636,0.01693217270076275,FLAT
2018-09-24,3,FLAT,0.4564811885356903,False,0.4763265550136566,FLAT,0.06887292116880417,0.7477617859840393,0.18336528539657593,FLAT
2018-09-25,3,FLAT,0.505414605140686,False,0.10350600630044937,FLAT,0.23810814321041107,0.7045344114303589,0.05735743045806885,FLAT
2018-09-26,3,FLAT,0.5117320418357849,False,0.13760648667812347,FLAT,0.012379370629787445,0.9635034799575806,0.024117201566696167,FLAT
2018-09-27,3,FLAT,0.4766494929790497,False,0.8903326988220215,FLAT,0.03467750921845436,0.9571275115013123,0.008194957859814167,FLAT
2018-09-28,3,FLAT,0.4851686358451843,False,0.5571386218070984,FLAT,0.01446915790438652,0.9420766830444336,0.043454088270664215,FLAT
2018-10-01,3,FLAT,0.45931512117385864,False,0.7923631072044373,FLAT,0.012782142497599125,0.882112979888916,0.10510484874248505,FLAT
2018-10-02,3,FLAT,0.441679984331131,False,0.5393587350845337,FLAT,0.016515405848622322,0.9532589316368103,0.030225634574890137,FLAT
2018-10-03,3,FLAT,0.47601717710494995,False,0.22504214942455292,FLAT,0.1017143726348877,0.7282044291496277,0.17008119821548462,FLAT
2018-10-04,3,DOWN,0.45479971170425415,False,0.18307772278785706,FLAT,0.07023025304079056,0.7960910201072693,0.13367873430252075,FLAT
2018-10-05,3,DOWN,0.5265822410583496,False,0.7248992323875427,FLAT,0.38496342301368713,0.46127942204475403,0.15375712513923645,FLAT
2018-10-08,3,FLAT,0.5620482563972473,True,0.6552271842956543,UP,0.20265904068946838,0.2452869713306427,0.5520539879798889,UP
2018-10-09,3,FLAT,0.5797958970069885,True,0.8742406368255615,UP,0.16828550398349762,0.32780972123146057,0.5039047598838806,UP
2018-10-10,3,DOWN,0.5852819681167603,True,0.5664923191070557,DOWN,0.08346561342477798,0.2628227174282074,0.6537116765975952,UP
2018-10-11,3,DOWN,0.5693889260292053,True,0.6482823491096497,UP,0.5598077774047852,0.1525818109512329,0.28761041164398193,DOWN
2018-10-12,3,UP,0.6219606399536133,True,0.45232734084129333,DOWN,0.1710236668586731,0.5672656297683716,0.2617107331752777,FLAT
2018-10-15,3,DOWN,0.6319944858551025,True,0.7973043918609619,UP,0.08639781177043915,0.16575776040554047,0.7478444576263428,UP
2018-10-16,3,UP,0.6321519017219543,True,0.5319214463233948,DOWN,0.2514423429965973,0.08055947721004486,0.667998194694519,UP
2018-10-17,3,FLAT,0.6273666024208069,True,0.2885436415672302,DOWN,0.701557457447052,0.020058363676071167,0.27838417887687683,DOWN
2018-10-18,3,DOWN,0.6175618171691895,True,0.749922513961792,UP,0.19723720848560333,0.035653844475746155,0.7671089768409729,UP
2018-10-19,3,FLAT,0.6096041798591614,True,0.728908360004425,UP,0.30359554290771484,0.27392423152923584,0.42248019576072693,UP
2018-10-22,3,FLAT,0.6383305191993713,True,0.14423894882202148,DOWN,0.5537040829658508,0.07648047804832458,0.3698154091835022,DOWN
2018-10-23,3,DOWN,0.6371674537658691,True,0.2995832562446594,DOWN,0.1959836632013321,0.22805267572402954,0.5759636163711548,UP
2018-10-24,3,DOWN,0.6374976634979248,True,0.16915565729141235,DOWN,0.1117209941148758,0.7625887989997864,0.12569022178649902,FLAT
2018-10-25,3,UP,0.6207965016365051,True,0.7933300137519836,UP,0.13195861876010895,0.5052667856216431,0.3627745509147644,FLAT
2018-10-26,3,DOWN,0.6404946446418762,True,0.35034894943237305,DOWN,0.08075599372386932,0.25237706303596497,0.6668669581413269,UP
2018-10-29,3,FLAT,0.6447807550430298,True,0.37176764011383057,DOWN,0.06394355744123459,0.7421522736549377,0.19390413165092468,FLAT
2018-10-30,3,UP,0.648902952671051,True,0.550057053565979,DOWN,0.46950262784957886,0.15311159193515778,0.3773857653141022,DOWN
2018-10-31,3,UP,0.6456429958343506,True,0.562174379825592,DOWN,0.44469717144966125,0.18965528905391693,0.3656475841999054,DOWN
2018-11-01,3,UP,0.6189144253730774,True,0.945598304271698,UP,0.07849293947219849,0.29169565439224243,0.6298114061355591,UP
2018-11-02,3,DOWN,0.6024226546287537,True,0.17544735968112946,DOWN,0.6636791229248047,0.10425496101379395,0.23206591606140137,DOWN
2018-11-05,3,FLAT,0.6353428959846497,True,0.09541996568441391,DOWN,0.8092078566551208,0.11558138579130173,0.07521070539951324,DOWN
2018-11-06,3,UP,0.6256095170974731,True,0.6671591401100159,UP,0.12117220461368561,0.48309841752052307,0.39572933316230774,FLAT
2018-11-07,3,UP,0.6407966017723083,True,0.9708064198493958,UP,0.08723698556423187,0.7248827815055847,0.1878802478313446,FLAT
2018-11-08,3,FLAT,0.47155308723449707,False,0.7946652770042419,FLAT,0.05482820048928261,0.48400890827178955,0.4611629545688629,FLAT
2018-11-09,3,DOWN,0.5941665768623352,True,0.42054036259651184,DOWN,0.2837803363800049,0.5580602884292603,0.15815936028957367,FLAT
2018-11-12,3,DOWN,0.65093594789505,True,0.2831641137599945,DOWN,0.07238833606243134,0.4363219141960144,0.49128973484039307,UP
2018-11-13,3,FLAT,0.6089923977851868,True,0.5610612034797668,DOWN,0.09312869608402252,0.8382496237754822,0.0686216726899147,FLAT
2018-11-14,3,DOWN,0.6646093130111694,True,0.6504408717155457,UP,0.42716917395591736,0.2607552111148834,0.31207555532455444,DOWN
2018-11-15,3,UP,0.6079154014587402,True,0.6144461035728455,UP,0.4158577024936676,0.43197423219680786,0.1521681249141693,FLAT
2018-11-16,3,FLAT,0.6523035168647766,True,0.6210220456123352,UP,0.1443171501159668,0.4607088565826416,0.3949739634990692,FLAT
2018-11-19,3,DOWN,0.6064454317092896,True,0.8515106439590454,UP,0.391128271818161,0.29101911187171936,0.3178526759147644,DOWN
2018-11-20,3,DOWN,0.6083433628082275,True,0.7821556329727173,UP,0.10777772963047028,0.5773115158081055,0.31491076946258545,FLAT
2018-11-21,3,FLAT,0.6112627387046814,True,0.18789663910865784,DOWN,0.38035082817077637,0.5327547192573547,0.0868944302201271,FLAT
2018-11-23,3,DOWN,0.6531041264533997,True,0.3285415768623352,DOWN,0.18650032579898834,0.6086950302124023,0.20480464398860931,FLAT
2018-11-26,3,UP,0.6368693113327026,True,0.6969141364097595,UP,0.21932490170001984,0.6376621723175049,0.14301295578479767,FLAT
2018-11-27,3,FLAT,0.6370630264282227,True,0.9049524664878845,UP,0.10877390950918198,0.5633927583694458,0.32783329486846924,FLAT
2018-11-28,3,UP,0.6469640135765076,True,0.19876821339130402,DOWN,0.09502366185188293,0.4523984491825104,0.4525778889656067,UP
2018-11-29,3,FLAT,0.5015850067138672,False,0.4634406864643097,FLAT,0.06569691747426987,0.7441999316215515,0.19010314345359802,FLAT
2018-11-30,3,FLAT,0.6201592087745667,True,0.20060358941555023,DOWN,0.2672233283519745,0.630615770816803,0.10216092318296432,FLAT
2018-12-03,3,UP,0.595780074596405,True,0.8782878518104553,UP,0.01085678581148386,0.9625411629676819,0.026602014899253845,FLAT
2018-12-04,3,DOWN,0.3369084298610687,False,0.7450622916221619,FLAT,0.010472996160387993,0.7856677174568176,0.20385925471782684,FLAT
2018-12-06,3,FLAT,0.5393739342689514,True,0.8334022760391235,UP,0.05310135707259178,0.893970787525177,0.05292786657810211,FLAT
2018-12-07,3,DOWN,0.6426039934158325,True,0.23694993555545807,DOWN,0.43248438835144043,0.5470348000526428,0.020480822771787643,FLAT
2018-12-10,3,FLAT,0.6076471209526062,True,0.5086928606033325,DOWN,0.20868122577667236,0.6788203120231628,0.1124984622001648,FLAT
2018-12-11,3,FLAT,0.6314992904663086,True,0.2813371419906616,DOWN,0.5378939509391785,0.1571117639541626,0.3049943149089813,DOWN
2018-12-12,3,FLAT,0.6342802047729492,True,0.07470378279685974,DOWN,0.5398720502853394,0.3307514488697052,0.12937650084495544,DOWN
2018-12-13,3,FLAT,0.6143662333488464,True,0.2857687473297119,DOWN,0.048873595893383026,0.1742226928472519,0.7769037485122681,UP
2018-12-14,3,DOWN,0.6198160648345947,True,0.12456323206424713,DOWN,0.9526271820068359,0.02293972671031952,0.024433067068457603,DOWN
2018-12-17,3,DOWN,0.5872384309768677,True,0.15399132668972015,DOWN,0.01680452935397625,0.9587953686714172,0.02440006099641323,FLAT
2018-12-18,3,FLAT,0.5941704511642456,True,0.9480648636817932,UP,0.011423888616263866,0.5813218355178833,0.40725427865982056,FLAT
2018-12-19,3,DOWN,0.6272656321525574,True,0.7571420073509216,UP,0.17088189721107483,0.36461547017097473,0.4645026624202728,UP
2018-12-20,3,DOWN,0.6238952279090881,True,0.5928135514259338,UP,0.040708694607019424,0.26548337936401367,0.6938078999519348,UP
2018-12-21,3,DOWN,0.6186437010765076,True,0.8079900145530701,UP,0.03161057084798813,0.40861377120018005,0.5597756505012512,UP
2018-12-24,3,DOWN,0.6323919892311096,True,0.7286815643310547,UP,0.16367529332637787,0.35469624400138855,0.48162841796875,UP
2018-12-26,3,UP,0.6274594068527222,True,0.9710044264793396,UP,0.007620375603437424,0.13066542148590088,0.8617141246795654,UP
2018-12-27,3,FLAT,0.5722904205322266,True,0.6626265645027161,UP,0.19529549777507782,0.19952674210071564,0.6051777601242065,UP
2018-12-28,3,FLAT,0.6380698680877686,True,0.8888747692108154,UP,0.07225663214921951,0.5318602919578552,0.39588305354118347,FLAT
2018-12-31,3,FLAT,0.6297234892845154,True,0.9057694673538208,UP,0.1325603723526001,0.13638010621070862,0.7310594916343689,UP
2019-01-02,3,FLAT,0.5951897501945496,True,0.7239989042282104,UP,0.2797242999076843,0.303522527217865,0.4167531430721283,UP
2019-01-03,3,DOWN,0.6177250742912292,True,0.7611497044563293,UP,0.25043776631355286,0.5413790345191956,0.20818321406841278,FLAT
2019-01-04,3,UP,0.6277713775634766,True,0.08621163666248322,DOWN,0.12465023994445801,0.7732561230659485,0.10209361463785172,FLAT
2019-01-07,3,FLAT,0.41334035992622375,False,0.10479024797677994,FLAT,0.3611775040626526,0.17980514466762543,0.4590173363685608,FLAT
2019-01-08,3,FLAT,0.5116968154907227,False,0.1060963049530983,FLAT,0.303926020860672,0.31534287333488464,0.38073107600212097,FLAT
2019-01-09,3,FLAT,0.4072102904319763,False,0.8267215490341187,FLAT,0.070772685110569,0.6584508419036865,0.2707764208316803,FLAT
2019-01-10,3,FLAT,0.413036584854126,False,0.3046934902667999,FLAT,0.16008201241493225,0.6987189650535583,0.1411990225315094,FLAT
2019-01-11,3,FLAT,0.4877428114414215,False,0.658169150352478,FLAT,0.11971351504325867,0.8361771106719971,0.044109441339969635,FLAT
2019-01-14,3,FLAT,0.4910285174846649,False,0.871595025062561,FLAT,0.03490686044096947,0.9240721464157104,0.041020989418029785,FLAT
2019-01-15,3,UP,0.529426634311676,True,0.6372553706169128,UP,0.08093500137329102,0.8071362972259521,0.11192867904901505,FLAT
2019-01-16,3,FLAT,0.4012852907180786,False,0.35752251744270325,FLAT,0.03061528690159321,0.9189091920852661,0.050475578755140305,FLAT
2019-01-17,3,FLAT,0.39146924018859863,False,0.8730863928794861,FLAT,0.07540139555931091,0.5563169121742249,0.36828169226646423,FLAT
2019-01-18,3,UP,0.3582242429256439,False,0.9156384468078613,FLAT,0.010369179770350456,0.8666782379150391,0.12295257300138474,FLAT
2019-01-22,3,DOWN,0.2897665500640869,False,0.08763420581817627,FLAT,0.010410264134407043,0.9015994071960449,0.08799032866954803,FLAT
2019-01-23,3,FLAT,0.4559251070022583,False,0.43712085485458374,FLAT,0.2864196002483368,0.6435448527336121,0.07003553956747055,FLAT
2019-01-24,3,FLAT,0.3626313805580139,False,0.3957868218421936,FLAT,0.33157047629356384,0.6348884105682373,0.03354108706116676,FLAT
2019-01-25,3,FLAT,0.37530821561813354,False,0.46815139055252075,FLAT,0.04035055637359619,0.9280242323875427,0.031625211238861084,FLAT
2019-01-28,3,FLAT,0.31691619753837585,False,0.37531304359436035,FLAT,0.03635261580348015,0.8992234468460083,0.06442392617464066,FLAT
2019-01-29,3,FLAT,0.49176520109176636,False,0.7333699464797974,FLAT,0.07185903936624527,0.7857450842857361,0.14239586889743805,FLAT
2019-01-30,3,UP,0.48192548751831055,False,0.46063482761383057,FLAT,0.059624601155519485,0.8908225893974304,0.049552809447050095,FLAT
2019-01-31,3,FLAT,0.30901259183883667,False,0.41033515334129333,FLAT,0.016445383429527283,0.8661297559738159,0.11742488294839859,FLAT
2019-02-01,3,FLAT,0.3088842034339905,False,0.6004579067230225,FLAT,0.04551548510789871,0.9334712624549866,0.02101321518421173,FLAT
2019-02-04,3,FLAT,0.30683469772338867,False,0.4161667227745056,FLAT,0.03710329532623291,0.9207889437675476,0.04210781678557396,FLAT
2019-02-05,3,FLAT,0.3200843930244446,False,0.5488961935043335,FLAT,0.015071098692715168,0.9178423285484314,0.06708654016256332,FLAT
2019-02-06,3,FLAT,0.30437546968460083,False,0.6191267371177673,FLAT,0.01206962950527668,0.956737756729126,0.03119259886443615,FLAT
2019-02-07,3,FLAT,0.3365631699562073,False,0.8927149772644043,FLAT,0.0530235581099987,0.901807427406311,0.04516904428601265,FLAT
2019-02-08,3,FLAT,0.49693500995635986,False,0.8196601271629333,FLAT,0.00553634250536561,0.9735687375068665,0.020894905552268028,FLAT
2019-02-11,3,FLAT,0.46198320388793945,False,0.9939985275268555,FLAT,0.048084937036037445,0.9120010733604431,0.03991397097706795,FLAT
2019-02-12,3,UP,0.3813325762748718,False,0.9006741642951965,FLAT,0.018881579861044884,0.9523283243179321,0.02879003994166851,FLAT
2019-02-13,3,FLAT,0.30512145161628723,False,0.06706468760967255,FLAT,0.05444386973977089,0.9138298630714417,0.03172630816698074,FLAT
2019-02-14,3,FLAT,0.3206613063812256,False,0.46260392665863037,FLAT,0.03340098261833191,0.8604919910430908,0.1061069667339325,FLAT
2019-02-15,3,UP,0.3909936845302582,False,0.8011089563369751,FLAT,0.03361525386571884,0.752907395362854,0.21347734332084656,FLAT
2019-02-19,3,FLAT,0.30948519706726074,False,0.09408721327781677,FLAT,0.014701531268656254,0.9580233097076416,0.027275221422314644,FLAT
2019-02-20,3,FLAT,0.37326329946517944,False,0.5053088068962097,FLAT,0.07499480992555618,0.7343841791152954,0.1906210482120514,FLAT
2019-02-21,3,FLAT,0.3549267649650574,False,0.838563084602356,FLAT,0.010152862407267094,0.9445164799690247,0.045330606400966644,FLAT
2019-02-22,3,FLAT,0.39871978759765625,False,0.5354838371276855,FLAT,0.23685599863529205,0.6538889408111572,0.10925509035587311,FLAT
2019-02-25,3,FLAT,0.3425668776035309,False,0.7788212895393372,FLAT,0.010579578578472137,0.9695265889167786,0.019893795251846313,FLAT
2019-02-26,3,FLAT,0.3304316997528076,False,0.24529814720153809,FLAT,0.02905924990773201,0.9415084719657898,0.02943224087357521,FLAT
2019-02-27,3,FLAT,0.3653053939342499,False,0.3209522068500519,FLAT,0.08837920427322388,0.7843956351280212,0.12722516059875488,FLAT
2019-02-28,3,FLAT,0.3960924446582794,False,0.7045295834541321,FLAT,0.023949481546878815,0.9374446272850037,0.03860584646463394,FLAT
2019-03-01,3,FLAT,0.42670851945877075,False,0.42373162508010864,FLAT,0.03756247088313103,0.9280519485473633,0.034385524690151215,FLAT
2019-03-04,3,FLAT,0.35775646567344666,False,0.11035843938589096,FLAT,0.015403433702886105,0.9801065921783447,0.004490007180720568,FLAT
2019-03-05,3,FLAT,0.4133850038051605,False,0.6572137475013733,FLAT,0.19760113954544067,0.549131453037262,0.25326740741729736,FLAT
2019-03-06,3,FLAT,0.4825056195259094,False,0.22572754323482513,FLAT,0.35263893008232117,0.19398517906665802,0.45337581634521484,FLAT
2019-03-07,3,FLAT,0.5239495038986206,False,0.7945443987846375,FLAT,0.08307438343763351,0.6454214453697205,0.2715041935443878,FLAT
2019-03-08,3,FLAT,0.5578439235687256,True,0.9794209003448486,UP,0.017308451235294342,0.2274462729692459,0.7552452683448792,UP
2019-03-11,3,UP,0.5778815150260925,True,0.8790757656097412,UP,0.23125018179416656,0.3354472815990448,0.43330249190330505,UP
2019-03-12,3,FLAT,0.48028215765953064,False,0.23837080597877502,FLAT,0.22343432903289795,0.6845242977142334,0.09204135835170746,FLAT
2019-03-13,3,FLAT,0.4264807105064392,False,0.3244452178478241,FLAT,0.07790373265743256,0.82033771276474,0.10175848752260208,FLAT
2019-03-14,3,FLAT,0.3942532539367676,False,0.12618163228034973,FLAT,0.03484409302473068,0.9588822722434998,0.006273629609495401,FLAT
2019-03-15,3,FLAT,0.4526929259300232,False,0.13786068558692932,FLAT,0.28881579637527466,0.639861524105072,0.07132267951965332,FLAT
2019-03-18,3,FLAT,0.450603723526001,False,0.38846954703330994,FLAT,0.058353498578071594,0.9150912165641785,0.02655525878071785,FLAT
2019-03-19,3,FLAT,0.41187790036201477,False,0.37860170006752014,FLAT,0.054201338440179825,0.8998297452926636,0.045968908816576004,FLAT
2019-03-20,3,FLAT,0.4045180082321167,False,0.20459109544754028,FLAT,0.1750701516866684,0.6838019490242004,0.14112788438796997,FLAT
2019-03-21,3,UP,0.48865169286727905,False,0.38996386528015137,FLAT,0.08398475497961044,0.8710163831710815,0.044998910278081894,FLAT
2019-03-22,3,DOWN,0.4115912914276123,False,0.568967342376709,FLAT,0.027997951954603195,0.9338660836219788,0.038135938346385956,FLAT
2019-03-25,3,FLAT,0.5583159327507019,True,0.6464002728462219,UP,0.0806289091706276,0.5762606859207153,0.34311041235923767,FLAT
2019-03-26,3,FLAT,0.5914229154586792,True,0.9467380046844482,UP,0.12405732274055481,0.32725539803504944,0.5486872792243958,UP
2019-03-27,3,FLAT,0.526775062084198,False,0.7519860863685608,FLAT,0.4093972146511078,0.5196578502655029,0.07094494253396988,FLAT
2019-03-28,3,FLAT,0.530292809009552,True,0.8269023895263672,UP,0.042651187628507614,0.08449727296829224,0.872851550579071,UP
2019-03-29,3,FLAT,0.538266658782959,True,0.779812753200531,UP,0.17617319524288177,0.6084932088851929,0.21533364057540894,FLAT
2019-04-01,3,UP,0.42820319533348083,False,0.8759649395942688,FLAT,0.06116903945803642,0.9002918601036072,0.038539085537195206,FLAT
2019-04-02,3,FLAT,0.28378334641456604,False,0.2058251053094864,FLAT,0.026089442893862724,0.9106323719024658,0.06327817589044571,FLAT
2019-04-03,3,FLAT,0.4270481467247009,False,0.054928556084632874,FLAT,0.11846610903739929,0.759872555732727,0.12166135013103485,FLAT
2019-04-04,3,FLAT,0.3688468039035797,False,0.41761186718940735,FLAT,0.039905302226543427,0.9230023622512817,0.03709240257740021,FLAT
2019-04-05,3,FLAT,0.40767574310302734,False,0.22834014892578125,FLAT,0.01674719527363777,0.9510013461112976,0.032251425087451935,FLAT
2019-04-08,3,FLAT,0.3767779469490051,False,0.4054592549800873,FLAT,0.00267727836035192,0.9853794574737549,0.01194323506206274,FLAT
2019-04-09,3,FLAT,0.3903965950012207,False,0.7164218425750732,FLAT,0.02773476019501686,0.9567306041717529,0.015534705482423306,FLAT
2019-04-10,3,FLAT,0.4687288701534271,False,0.857592761516571,FLAT,0.056215088814496994,0.8593265414237976,0.0844583511352539,FLAT
2019-04-11,3,FLAT,0.4118860065937042,False,0.41747793555259705,FLAT,0.10918144881725311,0.8789396286010742,0.011878926306962967,FLAT
2019-04-12,3,FLAT,0.4403378665447235,False,0.7313186526298523,FLAT,0.010968901216983795,0.9808031320571899,0.008227923884987831,FLAT
2019-04-15,3,FLAT,0.36826425790786743,False,0.29202914237976074,FLAT,0.0011366845574229956,0.9914411306381226,0.007422254886478186,FLAT
2019-04-16,3,FLAT,0.4506716728210449,False,0.3398756980895996,FLAT,0.10038280487060547,0.8808244466781616,0.01879272796213627,FLAT
2019-04-17,3,FLAT,0.4122467041015625,False,0.12995009124279022,FLAT,0.00323951686732471,0.9796932935714722,0.01706724613904953,FLAT
2019-04-18,3,FLAT,0.43538898229599,False,0.032564468681812286,FLAT,0.017483793199062347,0.9494476318359375,0.033068638294935226,FLAT
2019-04-22,3,FLAT,0.4376172423362732,False,0.3722500801086426,FLAT,0.004637440200895071,0.9925838708877563,0.002778691938146949,FLAT
2019-04-23,3,UP,0.4978248178958893,False,0.09937997162342072,FLAT,0.0801093578338623,0.8979834914207458,0.021907174959778786,FLAT
2019-04-24,3,FLAT,0.4091973304748535,False,0.22899487614631653,FLAT,0.01021534763276577,0.9800853133201599,0.009699393063783646,FLAT
2019-04-25,3,FLAT,0.45482680201530457,False,0.6495506763458252,FLAT,0.011076261289417744,0.9832452535629272,0.005678529851138592,FLAT
2019-04-26,3,FLAT,0.457263320684433,False,0.06717871129512787,FLAT,0.10783123970031738,0.8472871780395508,0.04488159343600273,FLAT
2019-04-29,3,FLAT,0.4546394944190979,False,0.47415608167648315,FLAT,0.010010283440351486,0.9813775420188904,0.008612208999693394,FLAT
2019-04-30,3,FLAT,0.4422232210636139,False,0.33819854259490967,FLAT,0.2621341943740845,0.6416445374488831,0.09622129797935486,FLAT
2019-05-01,3,DOWN,0.45123571157455444,False,0.3798939883708954,FLAT,0.03129115328192711,0.9475477337837219,0.021161088719964027,FLAT
2019-05-02,3,FLAT,0.5084664821624756,False,0.28440749645233154,FLAT,0.6525639295578003,0.2369636744260788,0.11047239601612091,FLAT
2019-05-03,3,UP,0.5400219559669495,True,0.36615511775016785,DOWN,0.30682241916656494,0.5877282023429871,0.1054493635892868,FLAT
2019-05-06,3,FLAT,0.47824540734291077,False,0.5949240922927856,FLAT,0.11904359608888626,0.8605750203132629,0.020381389185786247,FLAT
2019-05-07,3,DOWN,0.5421980023384094,True,0.2369588315486908,DOWN,0.2773177921772003,0.5738426446914673,0.1488395780324936,FLAT
2019-05-08,3,FLAT,0.5743606686592102,True,0.9355829358100891,UP,0.07180976122617722,0.23312872648239136,0.6950615644454956,UP
2019-05-09,3,FLAT,0.6323965191841125,True,0.9527004957199097,UP,0.033869653940200806,0.06564334034919739,0.9004870057106018,UP
2019-05-10,3,FLAT,0.6191621422767639,True,0.33880650997161865,DOWN,0.48918700218200684,0.0983901396393776,0.41242289543151855,DOWN
2019-05-13,3,DOWN,0.6152718663215637,True,0.29558470845222473,DOWN,0.36798346042633057,0.13371582329273224,0.4983007311820984,UP
2019-05-14,3,UP,0.5925596356391907,True,0.3022754192352295,DOWN,0.5864316821098328,0.26999858021736145,0.1435697376728058,DOWN
2019-05-15,3,UP,0.644405722618103,True,0.8298294544219971,UP,0.4028247594833374,0.050334468483924866,0.5468407869338989,UP
2019-05-16,3,UP,0.6212363839149475,True,0.5917109847068787,UP,0.23118288815021515,0.17609742283821106,0.5927196741104126,UP
2019-05-17,3,DOWN,0.571405291557312,True,0.7243243455886841,UP,0.2522861659526825,0.08846170455217361,0.6592521667480469,UP
2019-05-20,3,DOWN,0.5901851058006287,True,0.6970142722129822,UP,0.042359642684459686,0.2008102685213089,0.756830096244812,UP
2019-05-21,3,UP,0.6272225379943848,True,0.1707007884979248,DOWN,0.22580352425575256,0.5888419151306152,0.18535453081130981,FLAT
2019-05-22,3,FLAT,0.595274031162262,True,0.8470486998558044,UP,0.060767512768507004,0.37945619225502014,0.5597763061523438,UP
2019-05-23,3,DOWN,0.54462069272995,True,0.5651612281799316,DOWN,0.05969309061765671,0.5947831273078918,0.34552380442619324,FLAT
2019-05-24,3,FLAT,0.5686807036399841,True,0.15334630012512207,DOWN,0.19005469977855682,0.8021267652511597,0.007818574085831642,FLAT
2019-05-28,3,DOWN,0.6229619979858398,True,0.9308972358703613,UP,0.04670366644859314,0.1263393610715866,0.8269569873809814,UP
2019-05-29,3,DOWN,0.5832562446594238,True,0.8722105622291565,UP,0.027830852195620537,0.5222249627113342,0.44994422793388367,FLAT
2019-05-30,3,FLAT,0.6033275127410889,True,0.8798528909683228,UP,0.028799744322896004,0.8978416323661804,0.07335856556892395,FLAT
2019-05-31,3,DOWN,0.6262767314910889,True,0.5606351494789124,DOWN,0.13763093948364258,0.24104921519756317,0.6213198304176331,UP
2019-06-03,3,FLAT,0.5993205308914185,True,0.7860369086265564,UP,0.01805589720606804,0.9342325925827026,0.04771151766180992,FLAT
2019-06-04,3,UP,0.6194260120391846,True,0.6220897436141968,UP,0.12743180990219116,0.4646998345851898,0.40786832571029663,FLAT
2019-06-05,3,UP,0.5976529121398926,True,0.5871457457542419,UP,0.20914103090763092,0.11431454867124557,0.6765444278717041,UP
2019-06-06,3,UP,0.5172678232192993,False,0.7750772833824158,FLAT,0.24717040359973907,0.5492626428604126,0.20356692373752594,FLAT
2019-06-07,3,UP,0.5323444604873657,True,0.33091092109680176,DOWN,0.3773494064807892,0.12383555620908737,0.49881500005722046,UP
2019-06-10,3,FLAT,0.4296586513519287,False,0.21231383085250854,FLAT,0.05805112421512604,0.6560216546058655,0.2859272062778473,FLAT
2019-06-11,3,FLAT,0.3935861885547638,False,0.48521116375923157,FLAT,0.00819915346801281,0.7461972832679749,0.24560360610485077,FLAT
2019-06-12,3,FLAT,0.4389699101448059,False,0.8015584349632263,FLAT,0.0974787101149559,0.5938869714736938,0.30863437056541443,FLAT
2019-06-13,3,FLAT,0.5171101093292236,False,0.47833365201950073,FLAT,0.016900349408388138,0.9528740048408508,0.030225645750761032,FLAT
2019-06-14,3,FLAT,0.4718436896800995,False,0.7263584733009338,FLAT,0.02572212927043438,0.8887965679168701,0.08548129349946976,FLAT
2019-06-17,3,FLAT,0.48713961243629456,False,0.3995128571987152,FLAT,0.2664105296134949,0.7132208347320557,0.02036864683032036,FLAT
2019-06-18,3,UP,0.4787835478782654,False,0.47954341769218445,FLAT,0.3866666853427887,0.5189445614814758,0.09438876062631607,FLAT
2019-06-19,3,FLAT,0.3939560353755951,False,0.641470193862915,FLAT,0.047164421528577805,0.8189724683761597,0.13386313617229462,FLAT
2019-06-20,3,UP,0.42403557896614075,False,0.8850702047348022,FLAT,0.14092044532299042,0.7582576870918274,0.10082186758518219,FLAT
2019-06-21,3,DOWN,0.34189078211784363,False,0.10549764335155487,FLAT,0.019739598035812378,0.9396109580993652,0.04064946621656418,FLAT
2019-06-24,3,FLAT,0.4724729061126709,False,0.6895385384559631,FLAT,0.12960918247699738,0.6962995529174805,0.17409124970436096,FLAT
2019-06-25,3,DOWN,0.45752227306365967,False,0.056998588144779205,FLAT,0.5272396802902222,0.3935498297214508,0.07921045273542404,FLAT
2019-06-26,3,FLAT,0.5176329612731934,False,0.6390689611434937,FLAT,0.026835376396775246,0.8998540043830872,0.07331059873104095,FLAT
2019-06-27,3,FLAT,0.5353091955184937,True,0.06382105499505997,DOWN,0.06371830403804779,0.772259533405304,0.16402217745780945,FLAT
2019-06-28,3,UP,0.5087521076202393,False,0.8143296241760254,FLAT,0.03496505320072174,0.8739888668060303,0.09104608744382858,FLAT
2019-07-01,3,UP,0.4589899480342865,False,0.9113044142723083,FLAT,0.03855762258172035,0.9272506833076477,0.03419167175889015,FLAT
2019-07-02,3,FLAT,0.39761707186698914,False,0.1685064285993576,FLAT,0.022005638107657433,0.9095740914344788,0.06842026114463806,FLAT
2019-07-03,3,UP,0.4545145332813263,False,0.5117360949516296,FLAT,0.09575997292995453,0.8997260928153992,0.004513952881097794,FLAT
2019-07-08,3,DOWN,0.4026920199394226,False,0.5617750287055969,FLAT,0.04617960751056671,0.9446878433227539,0.009132567793130875,FLAT
2019-07-09,3,FLAT,0.5141317248344421,False,0.09291069954633713,FLAT,0.7080052495002747,0.22706487774848938,0.06492991745471954,FLAT
2019-07-10,3,FLAT,0.5092449188232422,False,0.5084612369537354,FLAT,0.3684009909629822,0.5155258774757385,0.11607308685779572,FLAT
2019-07-11,3,FLAT,0.4174942970275879,False,0.017405161634087563,FLAT,0.05676158517599106,0.9032683372497559,0.03997005522251129,FLAT
2019-07-12,3,FLAT,0.4460878372192383,False,0.572628915309906,FLAT,0.011562047526240349,0.9808654189109802,0.00757256057113409,FLAT
2019-07-15,3,FLAT,0.4470829665660858,False,0.11014596372842789,FLAT,0.005434229504317045,0.974646270275116,0.019919544458389282,FLAT
2019-07-16,3,FLAT,0.4615079164505005,False,0.7521201372146606,FLAT,0.08018001168966293,0.872504472732544,0.047315504401922226,FLAT
2019-07-17,3,DOWN,0.48195359110832214,False,0.5162558555603027,FLAT,0.009380272589623928,0.9785848259925842,0.01203489862382412,FLAT
2019-07-18,3,FLAT,0.534980833530426,True,0.6032037138938904,UP,0.02623136155307293,0.9628867506980896,0.01088185515254736,FLAT
2019-07-19,3,DOWN,0.507844090461731,False,0.395000159740448,FLAT,0.23936310410499573,0.7026814222335815,0.05795547738671303,FLAT
2019-07-22,3,FLAT,0.5258896350860596,False,0.4464778006076813,FLAT,0.17634689807891846,0.3106941878795624,0.5129589438438416,FLAT
2019-07-23,3,UP,0.5315719246864319,True,0.7467101812362671,UP,0.012948023155331612,0.956378698348999,0.030673330649733543,FLAT
2019-07-24,3,FLAT,0.462447851896286,False,0.4117542803287506,FLAT,0.006975391414016485,0.9902323484420776,0.002792244777083397,FLAT
2019-07-25,3,FLAT,0.44341692328453064,False,0.8434632420539856,FLAT,0.01325416099280119,0.9606797099113464,0.026066113263368607,FLAT
2019-07-26,3,UP,0.504621684551239,False,0.18241429328918457,FLAT,0.03912107273936272,0.9579299688339233,0.0029490056913346052,FLAT
2019-07-29,3,FLAT,0.4716642498970032,False,0.4866781234741211,FLAT,0.013151897117495537,0.9746723175048828,0.012175783514976501,FLAT
2019-07-30,3,FLAT,0.4587600529193878,False,0.19410306215286255,FLAT,0.13788823783397675,0.8379703760147095,0.024141335859894753,FLAT
2019-07-31,3,DOWN,0.49988579750061035,False,0.2652168571949005,FLAT,0.5681756734848022,0.38056257367134094,0.05126168578863144,FLAT
2019-08-01,3,DOWN,0.5456897616386414,True,0.9904630780220032,UP,0.004254184663295746,0.014023007825016975,0.9817227721214294,UP
2019-08-02,3,DOWN,0.5837537050247192,True,0.7864879965782166,UP,0.1457616686820984,0.2952309846878052,0.5590072870254517,UP
2019-08-05,3,DOWN,0.6195855140686035,True,0.3978576958179474,DOWN,0.23023578524589539,0.529271125793457,0.24049311876296997,FLAT
2019-08-06,3,UP,0.5930854082107544,True,0.4892531931400299,DOWN,0.5611844062805176,0.20769894123077393,0.2311166673898697,DOWN
2019-08-07,3,FLAT,0.6413787603378296,True,0.8595688343048096,UP,0.1414996236562729,0.09437575936317444,0.7641245722770691,UP
2019-08-08,3,UP,0.6267948150634766,True,0.2909111976623535,DOWN,0.4980166256427765,0.41957587003707886,0.08240754157304764,DOWN
2019-08-09,3,DOWN,0.6161819100379944,True,0.5125424265861511,DOWN,0.23217415809631348,0.138311505317688,0.6295142769813538,UP
2019-08-12,3,DOWN,0.6051971912384033,True,0.6481046676635742,UP,0.0427994541823864,0.7541592121124268,0.20304134488105774,FLAT
2019-08-13,3,UP,0.6203246712684631,True,0.8229499459266663,UP,0.10877135396003723,0.19456224143505096,0.696666419506073,UP
2019-08-14,3,DOWN,0.6263667345046997,True,0.571579098701477,UP,0.11990311741828918,0.8332956433296204,0.046801257878541946,FLAT
2019-08-15,3,FLAT,0.5815789699554443,True,0.31171607971191406,DOWN,0.09409431368112564,0.8664630055427551,0.03944262117147446,FLAT
2019-08-16,3,UP,0.645604133605957,True,0.36841779947280884,DOWN,0.2176716923713684,0.20317442715168,0.579153835773468,UP
2019-08-19,3,UP,0.6342366933822632,True,0.2593834102153778,DOWN,0.28236842155456543,0.08482198417186737,0.6328096389770508,UP
2019-08-20,3,DOWN,0.5768163204193115,True,0.7531846761703491,UP,0.07094274461269379,0.1511765569448471,0.7778807282447815,UP
2019-08-21,3,UP,0.6177133917808533,True,0.9566077589988708,UP,0.045543964952230453,0.29094189405441284,0.6635141968727112,UP
2019-08-22,3,FLAT,0.6084396243095398,True,0.7340404391288757,UP,0.647215723991394,0.20665989816188812,0.14612442255020142,DOWN
2019-08-23,3,DOWN,0.6283788681030273,True,0.8218158483505249,UP,0.5216022729873657,0.2890031635761261,0.1893945336341858,DOWN
2019-08-26,3,UP,0.5842084288597107,True,0.7897181510925293,UP,0.2034839540719986,0.28253185749053955,0.5139841437339783,UP
2019-08-27,3,FLAT,0.641097903251648,True,0.8294071555137634,UP,0.22745294868946075,0.07548938691616058,0.6970576643943787,UP
2019-08-28,3,UP,0.6242387294769287,True,0.6795729994773865,UP,0.44220468401908875,0.04242363199591637,0.5153717398643494,UP
2019-08-29,3,UP,0.6479070782661438,True,0.8700544238090515,UP,0.23611365258693695,0.03292860835790634,0.7309576869010925,UP
2019-08-30,3,FLAT,0.555615246295929,True,0.4890040457248688,DOWN,0.24804341793060303,0.3909483253955841,0.36100828647613525,FLAT
2019-09-03,3,FLAT,0.6470533609390259,True,0.9278612732887268,UP,0.06401892006397247,0.6348953247070312,0.3010857403278351,FLAT
2019-09-04,3,UP,0.6342849135398865,True,0.527782142162323,DOWN,0.12153876572847366,0.2817833721637726,0.596677839756012,UP
2019-09-05,3,UP,0.5347092151641846,True,0.44534578919410706,DOWN,0.11850353330373764,0.3901209831237793,0.49137547612190247,UP
2019-09-06,3,FLAT,0.42057764530181885,False,0.08051173388957977,FLAT,0.0800231546163559,0.7756932973861694,0.14428351819515228,FLAT
2019-09-09,3,FLAT,0.45080816745758057,False,0.2998512387275696,FLAT,0.13898546993732452,0.8395344614982605,0.021480131894350052,FLAT
2019-09-10,3,FLAT,0.481492280960083,False,0.12243004888296127,FLAT,0.06941583752632141,0.9087176322937012,0.021866483613848686,FLAT
2019-09-11,3,UP,0.5535814762115479,True,0.3351530134677887,DOWN,0.025786908343434334,0.951371967792511,0.022841157391667366,FLAT
2019-09-12,3,FLAT,0.4031051695346832,False,0.5898486375808716,FLAT,0.01834525354206562,0.9597336053848267,0.021921128034591675,FLAT
2019-09-13,3,FLAT,0.4424046277999878,False,0.7963470816612244,FLAT,0.01109549030661583,0.9830833673477173,0.005821107886731625,FLAT
2019-09-16,3,FLAT,0.4531644284725189,False,0.8541598320007324,FLAT,0.08101603388786316,0.7872703671455383,0.1317136138677597,FLAT
2019-09-17,3,FLAT,0.5455223321914673,True,0.7089582085609436,UP,0.05179665982723236,0.8250285983085632,0.123174749314785,FLAT
2019-09-18,3,FLAT,0.5129581093788147,False,0.8045024871826172,FLAT,0.20297589898109436,0.7598744630813599,0.03714965283870697,FLAT
2019-09-19,3,FLAT,0.5198841691017151,False,0.9745503664016724,FLAT,0.35797274112701416,0.6116251945495605,0.030402060598134995,FLAT
2019-09-20,3,DOWN,0.5025971531867981,False,0.43484270572662354,FLAT,0.46470534801483154,0.51439368724823,0.020900944247841835,FLAT
2019-09-23,3,FLAT,0.5581051707267761,True,0.8299944400787354,UP,0.020180583000183105,0.5200156569480896,0.4598037004470825,FLAT
2019-09-24,3,DOWN,0.5933277606964111,True,0.43736380338668823,DOWN,0.28336799144744873,0.4392554461956024,0.27737656235694885,FLAT
2019-09-25,3,FLAT,0.5406153202056885,True,0.7019010186195374,UP,0.16694557666778564,0.7853193283081055,0.04773508757352829,FLAT
2019-09-26,3,FLAT,0.6054208874702454,True,0.6776983737945557,UP,0.02769874595105648,0.5687390565872192,0.40356215834617615,FLAT
2019-09-27,3,FLAT,0.5874653458595276,True,0.369162380695343,DOWN,0.13884283602237701,0.7966121435165405,0.06454501301050186,FLAT
2019-09-30,3,FLAT,0.5642481446266174,True,0.9750863909721375,UP,0.022180968895554543,0.7591496109962463,0.21866942942142487,FLAT
2019-10-01,3,DOWN,0.628442645072937,True,0.2129410207271576,DOWN,0.2143140733242035,0.6070648431777954,0.17862103879451752,FLAT
2019-10-02,3,DOWN,0.5700528621673584,True,0.14652208983898163,DOWN,0.3333229720592499,0.5932445526123047,0.07343248277902603,FLAT
2019-10-03,3,UP,0.5997744798660278,True,0.735066294670105,UP,0.13628987967967987,0.20142748951911926,0.6622825860977173,UP
2019-10-04,3,UP,0.6486523151397705,True,0.6850723624229431,UP,0.5909255146980286,0.138370081782341,0.2707044184207916,DOWN
2019-10-07,3,FLAT,0.6284821033477783,True,0.16386643052101135,DOWN,0.48257461190223694,0.4089537560939789,0.10847160220146179,DOWN
2019-10-08,3,DOWN,0.6164877414703369,True,0.9232444167137146,UP,0.03263981640338898,0.5935553312301636,0.37380483746528625,FLAT
2019-10-09,3,UP,0.5873262286186218,True,0.8588866591453552,UP,0.007158508989959955,0.9446070194244385,0.04823453351855278,FLAT
2019-10-10,3,UP,0.6351599097251892,True,0.5923380851745605,UP,0.144651859998703,0.40518784523010254,0.45016032457351685,UP
2019-10-11,3,UP,0.6248371005058289,True,0.8019263744354248,UP,0.2933708131313324,0.18007639050483704,0.5265528559684753,UP
2019-10-14,3,FLAT,0.4870997965335846,False,0.21071451902389526,FLAT,0.43714481592178345,0.5162134766578674,0.04664172604680061,FLAT
2019-10-15,3,UP,0.5883801579475403,True,0.41126805543899536,DOWN,0.13100934028625488,0.7601121664047241,0.10887850821018219,FLAT
2019-10-16,3,FLAT,0.49332985281944275,False,0.3650254011154175,FLAT,0.16880503296852112,0.750103771686554,0.08109121024608612,FLAT
2019-10-17,3,FLAT,0.5215661525726318,False,0.9805535078048706,FLAT,0.11769679188728333,0.6562939882278442,0.22600924968719482,FLAT
2019-10-18,3,FLAT,0.48936575651168823,False,0.8038854598999023,FLAT,0.03803516924381256,0.817501425743103,0.14446337521076202,FLAT
2019-10-21,3,UP,0.5282562971115112,False,0.9580485820770264,FLAT,0.41123130917549133,0.30906233191490173,0.27970632910728455,FLAT
2019-10-22,3,FLAT,0.470735102891922,False,0.7590459585189819,FLAT,0.019519129768013954,0.8161291480064392,0.1643517166376114,FLAT
2019-10-23,3,FLAT,0.4941194951534271,False,0.13980695605278015,FLAT,0.27100732922554016,0.7223679423332214,0.006624775473028421,FLAT
2019-10-24,3,FLAT,0.5001229643821716,False,0.7750676274299622,FLAT,0.4460674524307251,0.5141426920890808,0.039789874106645584,FLAT
2019-10-25,3,FLAT,0.4526028335094452,False,0.049321334809064865,FLAT,0.5571273565292358,0.4277707636356354,0.015101870521903038,FLAT
2019-10-28,3,FLAT,0.4685823917388916,False,0.5935330390930176,FLAT,0.009021048434078693,0.9652396440505981,0.025739377364516258,FLAT
2019-10-29,3,FLAT,0.3515702188014984,False,0.5279673933982849,FLAT,0.019342521205544472,0.9537310004234314,0.02692640945315361,FLAT
2019-10-30,3,FLAT,0.44998788833618164,False,0.4904056191444397,FLAT,0.006109416484832764,0.9893782734870911,0.004512293729931116,FLAT
2019-10-31,3,FLAT,0.42739349603652954,False,0.3875303864479065,FLAT,0.045381490141153336,0.9504595994949341,0.004158872179687023,FLAT
2019-11-01,3,UP,0.4758799374103546,False,0.7031682133674622,FLAT,0.01296164933592081,0.970289409160614,0.01674898900091648,FLAT
2019-11-04,3,FLAT,0.3938192129135132,False,0.449614554643631,FLAT,0.0006463116151280701,0.9975814819335938,0.0017721534240990877,FLAT
2019-11-05,3,FLAT,0.37624290585517883,False,0.28181126713752747,FLAT,0.004418895114213228,0.9873042702674866,0.008276792243123055,FLAT
2019-11-06,3,FLAT,0.44656121730804443,False,0.6803936958312988,FLAT,0.012407763861119747,0.9764037728309631,0.011188413016498089,FLAT
2019-11-07,3,FLAT,0.461186021566391,False,0.5664240717887878,FLAT,0.024219093844294548,0.9691011309623718,0.006679849699139595,FLAT
2019-11-08,3,FLAT,0.4100414514541626,False,0.13122278451919556,FLAT,0.005719509441405535,0.9886677861213684,0.005612656008452177,FLAT
2019-11-11,3,FLAT,0.45110267400741577,False,0.8492797017097473,FLAT,0.0028022800106555223,0.9904739260673523,0.006723826751112938,FLAT
2019-11-12,3,FLAT,0.4997330605983734,False,0.551034688949585,FLAT,0.014434757642447948,0.9619814157485962,0.023583773523569107,FLAT
2019-11-13,3,FLAT,0.4510726034641266,False,0.8886430263519287,FLAT,0.01188757736235857,0.9780520796775818,0.010060329921543598,FLAT
2019-11-14,3,FLAT,0.4793793559074402,False,0.38257336616516113,FLAT,0.02145177312195301,0.9717259407043457,0.006822287570685148,FLAT
2019-11-15,3,UP,0.4762161076068878,False,0.6286882162094116,FLAT,0.04173262417316437,0.9383566379547119,0.019910747185349464,FLAT
2019-11-18,3,FLAT,0.4078758656978607,False,0.11719298362731934,FLAT,0.02077416703104973,0.9718461632728577,0.007379608694463968,FLAT
2019-11-19,3,FLAT,0.46336081624031067,False,0.3050878047943115,FLAT,0.16443321108818054,0.7759727835655212,0.05959397926926613,FLAT
2019-11-20,3,FLAT,0.44762682914733887,False,0.49584707617759705,FLAT,0.1319798231124878,0.7614102959632874,0.10660984367132187,FLAT
2019-11-21,3,FLAT,0.4964643716812134,False,0.38132643699645996,FLAT,0.08305303752422333,0.8807681202888489,0.036178842186927795,FLAT
2019-11-22,3,FLAT,0.4852501153945923,False,0.17453433573246002,FLAT,0.11573033034801483,0.8508679866790771,0.033401645720005035,FLAT
2019-11-25,3,UP,0.4831865131855011,False,0.8133814334869385,FLAT,0.012922491878271103,0.97561115026474,0.011466416530311108,FLAT
2019-11-26,3,FLAT,0.44401443004608154,False,0.1862431764602661,FLAT,0.014157123863697052,0.9698402285575867,0.016002662479877472,FLAT
2019-11-27,3,FLAT,0.42342662811279297,False,0.3488544225692749,FLAT,0.11552523821592331,0.8775888681411743,0.006885840091854334,FLAT
2019-11-29,3,FLAT,0.4143677055835724,False,0.36686328053474426,FLAT,0.018534719944000244,0.9674463272094727,0.014018948189914227,FLAT
2019-12-02,3,DOWN,0.4805125892162323,False,0.4958924651145935,FLAT,0.035702235996723175,0.9478904008865356,0.016407420858740807,FLAT
2019-12-03,3,DOWN,0.5119097828865051,False,0.8036914467811584,FLAT,0.17616073787212372,0.7260370850563049,0.09780216217041016,FLAT
2019-12-04,3,FLAT,0.571673572063446,True,0.8035274744033813,UP,0.021031571552157402,0.9468412399291992,0.03212718665599823,FLAT
2019-12-05,3,FLAT,0.5479530692100525,True,0.4253941774368286,DOWN,0.2952878475189209,0.6376825571060181,0.06702958047389984,FLAT
2019-12-06,3,UP,0.4993159770965576,False,0.8274762034416199,FLAT,0.27014783024787903,0.6301703453063965,0.09968186169862747,FLAT
2019-12-09,3,FLAT,0.39826464653015137,False,0.12664316594600677,FLAT,0.019751477986574173,0.9775444269180298,0.0027041349094361067,FLAT
2019-12-10,3,FLAT,0.5187630653381348,False,0.2933574914932251,FLAT,0.22170574963092804,0.7058953642845154,0.072398841381073,FLAT
2019-12-11,3,FLAT,0.5164135098457336,False,0.5660523176193237,FLAT,0.19921638071537018,0.7316851019859314,0.06909854710102081,FLAT
2019-12-12,3,UP,0.4514939785003662,False,0.10080242156982422,FLAT,0.043773528188467026,0.9380782246589661,0.018148282542824745,FLAT
2019-12-13,3,FLAT,0.4282299280166626,False,0.7503059506416321,FLAT,0.02029041200876236,0.9306322932243347,0.04907730966806412,FLAT
2019-12-16,3,UP,0.43408575654029846,False,0.7529789805412292,FLAT,0.06510068476200104,0.9036775231361389,0.031221766024827957,FLAT
2019-12-17,3,FLAT,0.3696622848510742,False,0.6882438063621521,FLAT,0.007617047987878323,0.9904392957687378,0.0019436822040006518,FLAT
2019-12-18,3,FLAT,0.3908021152019501,False,0.4216897189617157,FLAT,0.016647635027766228,0.9767345190048218,0.006617903243750334,FLAT
2019-12-19,3,FLAT,0.4197946786880493,False,0.609501838684082,FLAT,0.06324924528598785,0.9334254860877991,0.003325321478769183,FLAT
2019-12-20,3,FLAT,0.44514748454093933,False,0.32569438219070435,FLAT,0.05314501374959946,0.9234023690223694,0.023452630266547203,FLAT
2019-12-23,3,FLAT,0.4094751179218292,False,0.4064136743545532,FLAT,0.08262880891561508,0.8202801942825317,0.097090944647789,FLAT
2019-12-24,3,FLAT,0.4426513612270355,False,0.0245546642690897,FLAT,0.24758830666542053,0.7376431226730347,0.014768574386835098,FLAT
2019-12-26,3,UP,0.47261136770248413,False,0.3087300658226013,FLAT,0.05414184555411339,0.9306817650794983,0.015176408924162388,FLAT
2019-12-27,3,FLAT,0.44259655475616455,False,0.1020464226603508,FLAT,0.00615278584882617,0.977997899055481,0.015849294140934944,FLAT
2019-12-30,3,DOWN,0.4131220877170563,False,0.932807981967926,FLAT,0.03926981985569,0.8453122973442078,0.11541785299777985,FLAT
2019-12-31,3,FLAT,0.5048916935920715,False,0.4278776943683624,FLAT,0.06667792797088623,0.9238033294677734,0.009518716484308243,FLAT
2020-01-02,3,UP,0.5035303831100464,False,0.8226807117462158,FLAT,0.01315894816070795,0.9774489998817444,0.009392104111611843,FLAT
2020-01-03,3,DOWN,0.4289822280406952,False,0.11547502130270004,FLAT,0.002062784042209387,0.9865743517875671,0.011362859047949314,FLAT
2020-01-06,3,FLAT,0.5168707966804504,False,0.6374527215957642,FLAT,0.02467663586139679,0.9418849349021912,0.03343845531344414,FLAT
2020-01-07,3,FLAT,0.5195756554603577,False,0.6221686601638794,FLAT,0.07612587511539459,0.8935713171958923,0.03030284307897091,FLAT
2020-01-08,3,UP,0.5117149949073792,False,0.25704196095466614,FLAT,0.011505513451993465,0.9395216107368469,0.04897283390164375,FLAT
2020-01-09,3,UP,0.4713767170906067,False,0.2669720947742462,FLAT,0.009065840393304825,0.9847383499145508,0.006195767316967249,FLAT
2020-01-10,3,FLAT,0.4432981312274933,False,0.10927987098693848,FLAT,0.04157028719782829,0.9236429929733276,0.03478675335645676,FLAT
2020-01-13,3,UP,0.4753156900405884,False,0.2772303521633148,FLAT,0.11414149403572083,0.7935110330581665,0.09234750270843506,FLAT
2020-01-14,3,FLAT,0.43968716263771057,False,0.35983872413635254,FLAT,0.02869836986064911,0.925173282623291,0.04612841457128525,FLAT
2020-01-15,3,FLAT,0.4770773649215698,False,0.634186327457428,FLAT,0.01944395713508129,0.9576542973518372,0.022901788353919983,FLAT
2020-01-16,3,UP,0.44317522644996643,False,0.26396438479423523,FLAT,0.029333457350730896,0.9177558422088623,0.05291067436337471,FLAT
2020-01-17,3,FLAT,0.4245397448539734,False,0.22415806353092194,FLAT,0.01666536182165146,0.9311309456825256,0.0522037111222744,FLAT
2020-01-21,3,FLAT,0.4158797264099121,False,0.6565473079681396,FLAT,0.07163678109645844,0.6488142013549805,0.2795490324497223,FLAT
2020-01-22,3,FLAT,0.4872055947780609,False,0.6084009408950806,FLAT,0.05200858414173126,0.7880924940109253,0.15989889204502106,FLAT
2020-01-23,3,FLAT,0.48079192638397217,False,0.6292812824249268,FLAT,0.3674688935279846,0.43639662861824036,0.1961345225572586,FLAT
2020-01-24,3,DOWN,0.46796634793281555,False,0.6912090182304382,FLAT,0.09972374886274338,0.773996889591217,0.12627936899662018,FLAT
2020-01-27,3,DOWN,0.5133986473083496,False,0.9115139245986938,FLAT,0.42648592591285706,0.17544591426849365,0.3980681598186493,FLAT
2020-01-28,3,UP,0.5920467972755432,True,0.7506677508354187,UP,0.17462903261184692,0.6153745055198669,0.20999644696712494,FLAT
2020-01-29,3,FLAT,0.5846419930458069,True,0.5132783651351929,DOWN,0.2432025671005249,0.18331511318683624,0.5734823346138,UP
2020-01-30,3,FLAT,0.5740848183631897,True,0.2107093334197998,DOWN,0.3943650722503662,0.25348010659217834,0.35215482115745544,DOWN
2020-01-31,3,DOWN,0.5409599542617798,True,0.11003349721431732,DOWN,0.8143621683120728,0.08715846389532089,0.09847939014434814,DOWN
2020-02-03,3,UP,0.5951419472694397,True,0.7409567832946777,UP,0.25129377841949463,0.2445354014635086,0.5041707754135132,UP
2020-02-04,3,UP,0.6309244632720947,True,0.10692241042852402,DOWN,0.3968893885612488,0.25746384263038635,0.34564676880836487,DOWN
2020-02-05,3,UP,0.5290195941925049,True,0.052279870957136154,DOWN,0.4981125593185425,0.24484041333198547,0.25704696774482727,DOWN
2020-02-06,3,FLAT,0.30472737550735474,False,0.38858023285865784,FLAT,0.015305845066905022,0.9577743411064148,0.026919791474938393,FLAT
2020-02-07,3,DOWN,0.348102331161499,False,0.035402603447437286,FLAT,0.06598109751939774,0.8478789329528809,0.08613993972539902,FLAT
2020-02-10,3,UP,0.5164400339126587,False,0.47769320011138916,FLAT,0.13086003065109253,0.2742769122123718,0.5948630571365356,FLAT
2020-02-11,3,FLAT,0.45298317074775696,False,0.1400977224111557,FLAT,0.3203887939453125,0.31460726261138916,0.3650039732456207,FLAT
2020-02-12,3,UP,0.40152913331985474,False,0.3005527853965759,FLAT,0.23214899003505707,0.6185601949691772,0.14929081499576569,FLAT
2020-02-13,3,FLAT,0.34011054039001465,False,0.2710276246070862,FLAT,0.05434895306825638,0.8048807978630066,0.14077024161815643,FLAT
2020-02-14,3,FLAT,0.46010300517082214,False,0.9271968007087708,FLAT,0.32857194542884827,0.22657504677772522,0.4448530375957489,FLAT
2020-02-18,3,FLAT,0.4327220320701599,False,0.9068278074264526,FLAT,0.24858458340168,0.6128032207489014,0.13861219584941864,FLAT
2020-02-19,3,UP,0.49772119522094727,False,0.8412778973579407,FLAT,0.22713376581668854,0.10541024059057236,0.6674560308456421,FLAT
2020-02-20,3,DOWN,0.4695175886154175,False,0.5776200890541077,FLAT,0.029787598177790642,0.8789365887641907,0.09127573668956757,FLAT
2020-02-21,3,DOWN,0.5025047063827515,False,0.9886485934257507,FLAT,0.05428750440478325,0.6120616793632507,0.3336507976055145,FLAT
2020-02-24,3,DOWN,0.556230902671814,True,0.967979907989502,UP,0.012449524365365505,0.13144312798976898,0.8561073541641235,UP
2020-02-25,3,DOWN,0.598860502243042,True,0.3202991485595703,DOWN,0.17701409757137299,0.645641565322876,0.17734430730342865,FLAT
2020-02-26,3,FLAT,0.6083120703697205,True,0.8563119173049927,UP,0.05131673440337181,0.19051975011825562,0.7581634521484375,UP
2020-02-27,3,DOWN,0.626806378364563,True,0.7111871242523193,UP,0.0925382524728775,0.1898900419473648,0.7175716757774353,UP
2020-02-28,3,FLAT,0.6102413535118103,True,0.29351121187210083,DOWN,0.39372074604034424,0.3033476769924164,0.30293160676956177,DOWN
2020-03-02,3,UP,0.6213215589523315,True,0.6855061054229736,UP,0.0554049089550972,0.32877886295318604,0.6158162355422974,UP
2020-03-03,3,DOWN,0.6032828092575073,True,0.8067055344581604,UP,0.19554904103279114,0.34001368284225464,0.46443724632263184,UP
2020-03-04,3,UP,0.6276394128799438,True,0.8644607663154602,UP,0.14323876798152924,0.35857954621315,0.49818167090415955,UP
2020-03-05,3,DOWN,0.48248395323753357,False,0.4318667948246002,FLAT,0.18659955263137817,0.5347909331321716,0.2786094546318054,FLAT
2020-03-06,3,DOWN,0.6342558264732361,True,0.141429141163826,DOWN,0.3871137499809265,0.3195304870605469,0.2933557331562042,DOWN
2020-03-09,3,DOWN,0.6393831372261047,True,0.11354061961174011,DOWN,0.16644330322742462,0.2908335328102112,0.5427231788635254,UP
2020-03-10,3,UP,0.633790910243988,True,0.8454809188842773,UP,0.07769804447889328,0.11303023248910904,0.8092716932296753,UP
2020-03-11,3,DOWN,0.5862118005752563,True,0.5474095344543457,DOWN,0.07236260175704956,0.08673916012048721,0.8408982157707214,UP
2020-03-12,3,DOWN,0.638737142086029,True,0.3063966929912567,DOWN,0.09764690697193146,0.11406456679105759,0.7882885336875916,UP
2020-03-13,3,UP,0.6317427754402161,True,0.2334107607603073,DOWN,0.4122024178504944,0.25647005438804626,0.33132755756378174,DOWN
2020-03-16,3,DOWN,0.5492123365402222,True,0.4954585134983063,DOWN,0.2450530230998993,0.20354603230953217,0.5514009594917297,UP
2020-03-17,3,UP,0.6417289972305298,True,0.9799997806549072,UP,0.03267715126276016,0.12757404148578644,0.8397488594055176,UP
2020-03-18,3,DOWN,0.6103613972663879,True,0.33618196845054626,DOWN,0.18429169058799744,0.49544772505760193,0.32026049494743347,FLAT
2020-03-19,3,FLAT,0.6510891318321228,True,0.33310967683792114,DOWN,0.22601652145385742,0.2964932322502136,0.47749024629592896,UP
2020-03-20,3,DOWN,0.633292555809021,True,0.7936450839042664,UP,0.050189316272735596,0.0713382288813591,0.8784724473953247,UP
2020-03-23,3,DOWN,0.643410861492157,True,0.4020155966281891,DOWN,0.18934184312820435,0.13497509062290192,0.6756830811500549,UP
2020-03-24,3,UP,0.6383005976676941,True,0.8336176872253418,UP,0.0835532546043396,0.24274539947509766,0.673701286315918,UP
2020-03-25,3,FLAT,0.4677083194255829,False,0.3848917782306671,FLAT,0.2948911488056183,0.20482660830020905,0.5002822875976562,FLAT
2020-03-26,3,UP,0.6162307262420654,True,0.2431909143924713,DOWN,0.429842084646225,0.37745001912117004,0.19270791113376617,DOWN
2020-03-27,3,DOWN,0.41447913646698,False,0.4004318416118622,FLAT,0.24501444399356842,0.43763843178749084,0.31734713912010193,FLAT
2020-03-30,3,UP,0.6569939851760864,True,0.5139179825782776,DOWN,0.5335016846656799,0.31035733222961426,0.1561409831047058,DOWN
2020-03-31,3,FLAT,0.5574896335601807,True,0.49681854248046875,DOWN,0.2943185269832611,0.3547132611274719,0.35096824169158936,FLAT
2020-04-01,3,DOWN,0.6362473368644714,True,0.27779948711395264,DOWN,0.19283489882946014,0.2836020886898041,0.523563027381897,UP
2020-04-02,3,UP,0.6795742511749268,True,0.19318337738513947,DOWN,0.21836717426776886,0.3341149687767029,0.4475178122520447,UP
2020-04-03,3,FLAT,0.6305181980133057,True,0.2268640398979187,DOWN,0.370623379945755,0.26260387897491455,0.36677274107933044,DOWN
2020-04-06,3,UP,0.668836772441864,True,0.45170947909355164,DOWN,0.28207266330718994,0.17926445603370667,0.538662850856781,UP
2020-04-07,3,FLAT,0.46693477034568787,False,0.22865690290927887,FLAT,0.24471980333328247,0.4057130813598633,0.34956711530685425,FLAT
2020-04-08,3,UP,0.5770920515060425,True,0.6064382195472717,UP,0.16009508073329926,0.26558512449264526,0.5743197798728943,UP
2020-04-09,3,FLAT,0.37442344427108765,False,0.07704905420541763,FLAT,0.0908253863453865,0.7905710339546204,0.11860357969999313,FLAT
2020-04-13,3,FLAT,0.39466339349746704,False,0.010014530271291733,FLAT,0.11795530468225479,0.8012322783470154,0.08081240952014923,FLAT
2020-04-14,3,UP,0.5238734483718872,False,0.08457782864570618,FLAT,0.351558655500412,0.2536053955554962,0.3948359191417694,FLAT
2020-04-15,3,FLAT,0.39362895488739014,False,0.203379288315773,FLAT,0.1327596753835678,0.738444447517395,0.12879584729671478,FLAT
2020-04-16,3,FLAT,0.656406044960022,True,0.13922090828418732,DOWN,0.26864099502563477,0.4082419276237488,0.32311710715293884,FLAT
2020-04-17,3,UP,0.6008443832397461,True,0.09902477264404297,DOWN,0.22627587616443634,0.5973501205444336,0.17637397348880768,FLAT
2020-04-20,3,FLAT,0.3374791145324707,False,0.03082374669611454,FLAT,0.06438206881284714,0.8941826224327087,0.041435301303863525,FLAT
2020-04-21,3,DOWN,0.6370337605476379,True,0.06518831104040146,DOWN,0.2211444228887558,0.49602001905441284,0.28283560276031494,FLAT
2020-04-22,3,UP,0.6610606908798218,True,0.31168124079704285,DOWN,0.22420263290405273,0.402309775352478,0.37348759174346924,FLAT
2020-04-23,3,FLAT,0.4768633246421814,False,0.7410718202590942,FLAT,0.03449706733226776,0.19786694645881653,0.7676360011100769,FLAT
2020-04-24,3,FLAT,0.6180459856987,True,0.6090726852416992,UP,0.366421103477478,0.40232282876968384,0.23125600814819336,FLAT
2020-04-27,3,FLAT,0.4794119894504547,False,0.27230432629585266,FLAT,0.2855945825576782,0.2188647836446762,0.495540589094162,FLAT
2020-04-28,3,FLAT,0.3781147003173828,False,0.07907514274120331,FLAT,0.03601813688874245,0.9314945936203003,0.03248723968863487,FLAT
2020-04-29,3,UP,0.49631884694099426,False,0.08099434524774551,FLAT,0.11117741465568542,0.8504950404167175,0.03832756727933884,FLAT
2020-04-30,3,FLAT,0.3129534423351288,False,0.020683854818344116,FLAT,0.15610744059085846,0.7076915502548218,0.13620103895664215,FLAT
2020-05-01,3,DOWN,0.49976351857185364,False,0.08950549364089966,FLAT,0.31364622712135315,0.41425821185112,0.2720955014228821,FLAT
2020-05-04,3,FLAT,0.5899139046669006,True,0.4802965521812439,DOWN,0.22628013789653778,0.4847604036331177,0.28895944356918335,FLAT
2020-05-05,3,FLAT,0.6067631244659424,True,0.20105662941932678,DOWN,0.387018084526062,0.46252694725990295,0.15045493841171265,FLAT
2020-05-06,3,FLAT,0.4366200268268585,False,0.8223611116409302,FLAT,0.07977516204118729,0.840095043182373,0.08012975007295609,FLAT
2020-05-07,3,FLAT,0.5256682634353638,False,0.1536109894514084,FLAT,0.6518697738647461,0.1626262217760086,0.1855040341615677,FLAT
2020-05-08,3,FLAT,0.4033731520175934,False,0.34157711267471313,FLAT,0.22267979383468628,0.6060497760772705,0.1712704449892044,FLAT
2020-05-11,3,FLAT,0.3360181450843811,False,0.044704996049404144,FLAT,0.12048913538455963,0.8208441138267517,0.05866674333810806,FLAT
2020-05-12,3,FLAT,0.39635592699050903,False,0.13974566757678986,FLAT,0.4917425811290741,0.34796181321144104,0.16029562056064606,FLAT
2020-05-13,3,FLAT,0.47155138850212097,False,0.9068851470947266,FLAT,0.3986959159374237,0.13350151479244232,0.46780258417129517,FLAT
2020-05-14,3,FLAT,0.5803418159484863,True,0.8076499700546265,UP,0.11653108149766922,0.08918080478906631,0.794288158416748,UP
2020-05-15,3,FLAT,0.6166385412216187,True,0.48301464319229126,DOWN,0.034913040697574615,0.8133749961853027,0.15171200037002563,FLAT
2020-05-18,3,UP,0.5826119184494019,True,0.5380507111549377,DOWN,0.5058224201202393,0.3448506295681,0.14932692050933838,DOWN
2020-05-19,3,FLAT,0.3011092245578766,False,0.12936004996299744,FLAT,0.12398934364318848,0.8328828811645508,0.043127816170454025,FLAT
2020-05-20,3,FLAT,0.4608737826347351,False,0.14428038895130157,FLAT,0.09183861315250397,0.6880795955657959,0.22008177638053894,FLAT
2020-05-21,3,FLAT,0.3018074035644531,False,0.08159256726503372,FLAT,0.08652964979410172,0.7132902145385742,0.20018017292022705,FLAT
2020-05-22,3,FLAT,0.37654662132263184,False,0.13078689575195312,FLAT,0.6217432618141174,0.28116798400878906,0.09708870947360992,FLAT
2020-05-26,3,FLAT,0.334018349647522,False,0.3717661499977112,FLAT,0.24161086976528168,0.6477647423744202,0.11062438786029816,FLAT
2020-05-27,3,FLAT,0.2926424443721771,False,0.09124619513750076,FLAT,0.06219605728983879,0.8554056882858276,0.08239825814962387,FLAT
2020-05-28,3,FLAT,0.28788724541664124,False,0.08228258043527603,FLAT,0.12027883529663086,0.8093037605285645,0.07041741907596588,FLAT
2020-05-29,3,FLAT,0.3040062189102173,False,0.10156124830245972,FLAT,0.8452584147453308,0.12473136931657791,0.030010223388671875,FLAT
2020-06-01,3,FLAT,0.3140678107738495,False,0.07607820630073547,FLAT,0.442533016204834,0.24754981696605682,0.30991724133491516,FLAT
2020-06-02,3,FLAT,0.3231268525123596,False,0.4540594220161438,FLAT,0.288153737783432,0.5693759918212891,0.14247028529644012,FLAT
2020-06-03,3,FLAT,0.3047090172767639,False,0.30604252219200134,FLAT,0.0904063805937767,0.8045843243598938,0.10500933229923248,FLAT
2020-06-04,3,FLAT,0.29578810930252075,False,0.3439826965332031,FLAT,0.03307170420885086,0.9123963117599487,0.054532039910554886,FLAT
2020-06-05,3,UP,0.3287714123725891,False,0.21859686076641083,FLAT,0.16242296993732452,0.5594850182533264,0.27809205651283264,FLAT
2020-06-08,3,FLAT,0.28916409611701965,False,0.05050569772720337,FLAT,0.05256221815943718,0.8734850287437439,0.07395274937152863,FLAT
2020-06-09,3,FLAT,0.30752503871917725,False,0.09956175833940506,FLAT,0.11113759130239487,0.8180370330810547,0.07082539796829224,FLAT
2020-06-10,3,FLAT,0.35781329870224,False,0.20000554621219635,FLAT,0.09181351214647293,0.7195075750350952,0.18867892026901245,FLAT
2020-06-12,3,DOWN,0.36024606227874756,False,0.11256743222475052,FLAT,0.19319406151771545,0.5197335481643677,0.28707239031791687,FLAT
2020-06-15,3,FLAT,0.4379081130027771,False,0.7656382322311401,FLAT,0.5367699265480042,0.13804833590984344,0.325181782245636,FLAT
2020-06-16,3,FLAT,0.6295574903488159,True,0.919545590877533,UP,0.3393162190914154,0.23664671182632446,0.42403703927993774,UP
2020-06-17,3,FLAT,0.3444117307662964,False,0.48012956976890564,FLAT,0.11802423000335693,0.743122398853302,0.13885335624217987,FLAT
2020-06-18,3,FLAT,0.5036540031433105,False,0.05254039168357849,FLAT,0.7948431968688965,0.11470824480056763,0.0904485285282135,FLAT
2020-06-19,3,FLAT,0.5558996796607971,True,0.24131429195404053,DOWN,0.4813288450241089,0.3924565315246582,0.12621460855007172,DOWN
2020-06-22,3,FLAT,0.5271214246749878,False,0.7980049252510071,FLAT,0.1851157695055008,0.37400269508361816,0.44088149070739746,FLAT
2020-06-23,3,FLAT,0.6026707291603088,True,0.20298005640506744,DOWN,0.22973401844501495,0.11586614698171616,0.6543998718261719,UP
2020-06-24,3,DOWN,0.43866392970085144,False,0.8858495354652405,FLAT,0.265621542930603,0.3442287743091583,0.39014971256256104,FLAT
2020-06-25,3,FLAT,0.5582315325737,True,0.8858321309089661,UP,0.2799556255340576,0.25263550877571106,0.4674088954925537,UP
2020-06-26,3,DOWN,0.6666132807731628,True,0.27040690183639526,DOWN,0.3433031737804413,0.4780593514442444,0.17863741517066956,FLAT
2020-06-29,3,FLAT,0.5625625848770142,True,0.8488136529922485,UP,0.05550968274474144,0.34790971875190735,0.5965806245803833,UP
2020-06-30,3,FLAT,0.6392547488212585,True,0.8053955435752869,UP,0.06288164854049683,0.49135544896125793,0.4457629323005676,FLAT
2020-07-01,3,FLAT,0.44521090388298035,False,0.64922034740448,FLAT,0.15667639672756195,0.41454052925109863,0.4287830889225006,FLAT
2020-07-02,3,FLAT,0.4464840888977051,False,0.034363191574811935,FLAT,0.6323125958442688,0.1270378977060318,0.2406495362520218,FLAT
2020-07-06,3,FLAT,0.37995097041130066,False,0.4090803265571594,FLAT,0.2638760805130005,0.2438124418258667,0.4923115074634552,FLAT
2020-07-07,3,FLAT,0.2906826436519623,False,0.1464717984199524,FLAT,0.19298243522644043,0.623831033706665,0.18318653106689453,FLAT
2020-07-08,3,FLAT,0.5395789742469788,True,0.11746104061603546,DOWN,0.147734135389328,0.6606886386871338,0.19157718122005463,FLAT
2020-07-09,3,FLAT,0.32257020473480225,False,0.17394445836544037,FLAT,0.3119330108165741,0.29201841354370117,0.39604857563972473,FLAT
2020-07-10,3,FLAT,0.45232415199279785,False,0.3279833495616913,FLAT,0.34555089473724365,0.2527346909046173,0.40171438455581665,FLAT
2020-07-13,3,FLAT,0.3253065049648285,False,0.22658485174179077,FLAT,0.08664945513010025,0.8241174817085266,0.08923303335905075,FLAT
2020-07-14,3,FLAT,0.4325190782546997,False,0.6770979166030884,FLAT,0.07648531347513199,0.7539175152778625,0.16959714889526367,FLAT
2020-07-15,3,FLAT,0.40305095911026,False,0.3013375997543335,FLAT,0.08962859958410263,0.8358559608459473,0.0745154619216919,FLAT
2020-07-16,3,FLAT,0.3002842962741852,False,0.34586217999458313,FLAT,0.07623063772916794,0.8465984463691711,0.07717090100049973,FLAT
2020-07-17,3,FLAT,0.37616875767707825,False,0.08311416953802109,FLAT,0.6493613123893738,0.30090847611427307,0.049730245023965836,FLAT
2020-07-20,3,FLAT,0.32855743169784546,False,0.2037843018770218,FLAT,0.23429284989833832,0.7349303960800171,0.030776726081967354,FLAT
2020-07-21,3,FLAT,0.3233191967010498,False,0.27864426374435425,FLAT,0.1445619761943817,0.3189517557621002,0.5364862680435181,FLAT
2020-07-22,3,FLAT,0.30565059185028076,False,0.1325378715991974,FLAT,0.09943751990795135,0.7775275707244873,0.12303492426872253,FLAT
2020-07-23,3,FLAT,0.3116700053215027,False,0.7621721029281616,FLAT,0.11699710786342621,0.772171139717102,0.11083173751831055,FLAT
2020-07-24,3,FLAT,0.4908643364906311,False,0.3119889199733734,FLAT,0.1846698522567749,0.6939820647239685,0.12134804576635361,FLAT
2020-07-27,3,FLAT,0.6007249355316162,True,0.902201771736145,UP,0.26570287346839905,0.4574630558490753,0.27683401107788086,FLAT
2020-07-28,3,FLAT,0.401217520236969,False,0.08437236398458481,FLAT,0.27062204480171204,0.28642141819000244,0.4429565370082855,FLAT
2020-07-29,3,FLAT,0.5270636677742004,False,0.6238874197006226,FLAT,0.03701382130384445,0.9358096718788147,0.027176572009921074,FLAT
2020-07-30,3,FLAT,0.31509754061698914,False,0.6170534491539001,FLAT,0.1865789145231247,0.7375807166099548,0.07584037631750107,FLAT
2020-07-31,3,FLAT,0.5398718118667603,True,0.032911546528339386,DOWN,0.6180430054664612,0.3142443001270294,0.06771265715360641,DOWN
2020-08-03,3,FLAT,0.30507180094718933,False,0.16524332761764526,FLAT,0.31759417057037354,0.6226967573165894,0.05970904976129532,FLAT
2020-08-04,3,FLAT,0.2947777509689331,False,0.03284718096256256,FLAT,0.1696040779352188,0.7836658358573914,0.046730101108551025,FLAT
2020-08-05,3,FLAT,0.28866899013519287,False,0.8414239287376404,FLAT,0.038560912013053894,0.9448420405387878,0.016597071662545204,FLAT
2020-08-06,3,FLAT,0.2620459198951721,False,0.0596371553838253,FLAT,0.016352320089936256,0.9582539796829224,0.025393720716238022,FLAT
2020-08-07,3,FLAT,0.26094380021095276,False,0.029382959008216858,FLAT,0.4490872323513031,0.40988048911094666,0.14103230834007263,FLAT
2020-08-10,3,FLAT,0.270417720079422,False,0.46203726530075073,FLAT,0.023914609104394913,0.9162223935127258,0.05986294522881508,FLAT
2020-08-11,3,FLAT,0.2699117660522461,False,0.4934588372707367,FLAT,0.18116918206214905,0.6666061282157898,0.15222473442554474,FLAT
2020-08-12,3,UP,0.40905117988586426,False,0.5570220351219177,FLAT,0.1474529355764389,0.7738633155822754,0.0786837562918663,FLAT
2020-08-13,3,FLAT,0.27961620688438416,False,0.18616314232349396,FLAT,0.08604397624731064,0.8129200339317322,0.10103603452444077,FLAT
2020-08-14,3,FLAT,0.34502121806144714,False,0.29518091678619385,FLAT,0.14609074592590332,0.7749786376953125,0.07893063127994537,FLAT
2020-08-17,3,FLAT,0.3608379065990448,False,0.5818502902984619,FLAT,0.08042287826538086,0.8310673236846924,0.08850979059934616,FLAT
2020-08-18,3,FLAT,0.3124191164970398,False,0.15251414477825165,FLAT,0.144159197807312,0.8375533819198608,0.018287409096956253,FLAT
2020-08-19,3,FLAT,0.2972688674926758,False,0.030660906806588173,FLAT,0.3798174560070038,0.5445553064346313,0.07562725245952606,FLAT
2020-08-20,3,FLAT,0.4262426793575287,False,0.6562896966934204,FLAT,0.1270827203989029,0.8362613916397095,0.036655910313129425,FLAT
2020-08-21,3,FLAT,0.4953813850879669,False,0.06254234164953232,FLAT,0.19551275670528412,0.7103297710418701,0.09415753185749054,FLAT
2020-08-24,3,UP,0.36312997341156006,False,0.06251462548971176,FLAT,0.16677576303482056,0.7821659445762634,0.05105831101536751,FLAT
2020-08-25,3,FLAT,0.2705366909503937,False,0.03203332796692848,FLAT,0.0729934424161911,0.9023791551589966,0.024627408012747765,FLAT
2020-08-26,3,UP,0.2850640118122101,False,0.03914441913366318,FLAT,0.06858539581298828,0.8215140104293823,0.10990055650472641,FLAT
2020-08-27,3,FLAT,0.2552248239517212,False,0.00705861346796155,FLAT,0.4371664524078369,0.4368021786212921,0.12603136897087097,FLAT
2020-08-28,3,FLAT,0.26144567131996155,False,0.15184667706489563,FLAT,0.25470733642578125,0.6658087372779846,0.07948394864797592,FLAT
2020-08-31,3,FLAT,0.27920985221862793,False,0.14833477139472961,FLAT,0.050533220171928406,0.8934062719345093,0.05606045573949814,FLAT
2020-09-01,3,UP,0.32222065329551697,False,0.40015897154808044,FLAT,0.11573265492916107,0.7840472459793091,0.10022005438804626,FLAT
2020-09-02,3,UP,0.281878262758255,False,0.04675513878464699,FLAT,0.11358219385147095,0.8273079991340637,0.059109773486852646,FLAT
2020-09-03,3,DOWN,0.2726418375968933,False,0.029425963759422302,FLAT,0.10574310272932053,0.8326428532600403,0.06161400303244591,FLAT
2020-09-04,3,FLAT,0.5017363429069519,False,0.8122045993804932,FLAT,0.14992186427116394,0.3450707793235779,0.5050073266029358,FLAT
2020-09-08,3,DOWN,0.6552395224571228,True,0.2712266743183136,DOWN,0.46876177191734314,0.21533098816871643,0.31590718030929565,DOWN
2020-09-09,3,UP,0.5829089879989624,True,0.5172457695007324,DOWN,0.08616319298744202,0.7060338258743286,0.20780302584171295,FLAT
2020-09-10,3,DOWN,0.5702986121177673,True,0.46825581789016724,DOWN,0.1873747557401657,0.47833600640296936,0.33428922295570374,FLAT
2020-09-11,3,FLAT,0.5805856585502625,True,0.24932560324668884,DOWN,0.21909387409687042,0.3911895751953125,0.38971656560897827,FLAT
2020-09-14,3,UP,0.6160377264022827,True,0.4746131896972656,DOWN,0.4298427700996399,0.3940756022930145,0.17608162760734558,DOWN
2020-09-15,3,FLAT,0.5807302594184875,True,0.825547993183136,UP,0.2825790047645569,0.23681561648845673,0.48060542345046997,UP
2020-09-16,3,FLAT,0.5987022519111633,True,0.1979357898235321,DOWN,0.1877574324607849,0.5958719849586487,0.2163705825805664,FLAT
2020-09-17,3,DOWN,0.5952087044715881,True,0.35358741879463196,DOWN,0.45834097266197205,0.38851457834243774,0.1531444638967514,DOWN
2020-09-18,3,DOWN,0.6496533751487732,True,0.4782821536064148,DOWN,0.4916595220565796,0.43185076117515564,0.07648970186710358,DOWN
