candidate_name,groups,status,feature_count,training_rows,training_start,training_end,matched_base_roc_auc,delta_roc_auc_vs_matched_base,decision_threshold,stage2_roc_auc,stage2_average_precision,stage2_brier_score,stage2_balanced_accuracy,stage2_macro_f1,stage2_down_f1,stage2_up_f1,stage2_roc_auc_fold_mean,stage2_roc_auc_fold_std,oof_move_rows
calendar+equity_rotation+futures_core+technical_dynamics+volatility_options_core,"['calendar', 'equity_rotation', 'futures_core', 'technical_dynamics', 'volatility_options_core']",ok,86,2592,2007-08-20,2018-02-02,0.4935963182117028,0.06918474687705467,0.4528610110282898,0.5627810650887575,0.6239623466254611,0.2510544009045481,0.5581985535831689,0.5574373633764923,0.46645367412140576,0.6484210526315789,0.5571854074798068,0.025851075801424157,788
calendar+technical_dynamics,"['calendar', 'technical_dynamics']",ok,52,2633,2007-08-20,2018-02-02,0.482387020559996,0.06864223596239888,0.4705474078655243,0.5510292565223949,0.6019504206580939,0.255038954465,0.5567976172522997,0.5561870491237442,0.5076708507670851,0.6047032474804032,0.5460386547090792,0.018852714823833126,805
calendar+equity_rotation+macro_cross_asset+volatility_options_core,"['calendar', 'equity_rotation', 'macro_cross_asset', 'volatility_options_core']",ok,63,2590,2007-08-20,2018-02-02,0.48758453085376163,0.06354672971259512,0.47530636191368103,0.5511312605663568,0.6197696287305754,0.253392102049894,0.5478589919695689,0.5454256655376841,0.5089903181189488,0.5818610129564193,0.5517640081717872,0.029854917052020306,786
calendar+equity_rotation+futures_core+volatility_options_core,"['calendar', 'equity_rotation', 'futures_core', 'volatility_options_core']",ok,65,2592,2007-08-20,2018-02-02,0.4935963182117028,0.05842866535174229,0.4287734031677246,0.5520249835634451,0.6082273832525433,0.2610851658449758,0.5633464825772518,0.5635359572761919,0.49319213313161875,0.6338797814207651,0.5513256392840032,0.036919783081462335,788
calendar+equity_rotation,"['calendar', 'equity_rotation']",ok,41,2633,2007-08-20,2018-02-02,0.482387020559996,0.053856884331171806,0.468402624130249,0.5362439048911678,0.5968224114003238,0.2543117847845755,0.531025360679636,0.5307047014514026,0.4514200298953662,0.6099893730074389,0.5239690536012928,0.015711203235094427,805
equity_rotation+futures_core+rates_credit,"['equity_rotation', 'futures_core', 'rates_credit']",ok,58,2627,2007-08-20,2018-02-02,0.49427824718987085,0.04990358021872071,0.5119504630565643,0.5441818274085916,0.5970382181116843,0.25214002126665214,0.5560059374286367,0.5527008573479932,0.5258964143426295,0.5795053003533569,0.5482350115269518,0.030646486188991677,801
breadth+calendar+macro_cross_asset,"['breadth', 'calendar', 'macro_cross_asset']",ok,54,2625,2007-08-20,2018-02-02,0.4924114993501033,0.0458432092157911,0.4534992426633835,0.5382547085658944,0.6011335155307995,0.2563338376438368,0.545158268980809,0.5429998180855719,0.4469096671949287,0.6390899689762151,0.5294293169959677,0.045942764371957566,799
breadth+calendar+interaction_consensus,"['breadth', 'calendar', 'interaction_consensus']",ok,58,2629,2007-08-20,2018-02-02,0.4966401414677277,0.04554755589238346,0.4571658670902252,0.5421876973601112,0.6061752697631025,0.2560361984201213,0.5418877099911583,0.5419571555330207,0.4752186588921283,0.6086956521739131,0.5337331365818107,0.04147164507569797,803
macro_cross_asset+technical_dynamics,"['macro_cross_asset', 'technical_dynamics']",ok,51,2625,2007-08-20,2018-02-02,0.4924114993501033,0.04463261717256661,0.4248734563589096,0.5370441165226699,0.5930800808169894,0.25997132873666084,0.5340717944797002,0.5324034904969867,0.43993759750390016,0.6248693834900731,0.5372625761402726,0.015284874961332573,799
breadth+calendar+rates_credit,"['breadth', 'calendar', 'rates_credit']",ok,62,2633,2007-08-20,2018-02-02,0.482387020559996,0.0442743678680943,0.5279370546340942,0.5266613884280903,0.5952326543725697,0.25571983437801604,0.5412393806866738,0.5316770186335403,0.5316770186335403,0.5316770186335403,0.5252473719096177,0.023809952408866707,805
macro_cross_asset,['macro_cross_asset'],ok,30,2625,2007-08-20,2018-02-02,0.4924114993501033,0.04349211203710779,0.4698331654071808,0.5359036113872111,0.5926210964897646,0.2605924329455036,0.5559420954711114,0.5550999746899519,0.5111111111111111,0.5990888382687927,0.5388609761656761,0.04924216537242504,799
calendar+equity_rotation+futures_core+macro_cross_asset+volatility_options_core,"['calendar', 'equity_rotation', 'futures_core', 'macro_cross_asset', 'volatility_options_core']",ok,73,2590,2007-08-20,2018-02-02,0.48758453085376163,0.042965448013524865,0.46991634368896484,0.5305499788672865,0.6056208109183719,0.2597591804577316,0.533118924344886,0.5324395675707565,0.48068669527896996,0.584192439862543,0.5338075386522219,0.014930015908686306,786
calendar+equity_rotation+futures_core,"['calendar', 'equity_rotation', 'futures_core']",ok,51,2627,2007-08-20,2018-02-02,0.49427824718987085,0.041244830123569554,0.46343712508678436,0.5355230773134404,0.5911168076612285,0.2576683464148711,0.5288783588338282,0.5287271052900849,0.4540059347181009,0.603448275862069,0.5342691512300272,0.01053075124457602,801
technical_dynamics,['technical_dynamics'],ok,43,2633,2007-08-20,2018-02-02,0.482387020559996,0.038110139244960484,0.46680693328380585,0.5204971598049565,0.577340432460385,0.2602094818133422,0.5187565977982205,0.5160700562730856,0.4854111405835544,0.5467289719626168,0.5125959990557138,0.04014702669969294,805
calendar+equity_rotation+interaction_consensus+macro_cross_asset+technical_dynamics+volatility_options_core,"['calendar', 'equity_rotation', 'interaction_consensus', 'macro_cross_asset', 'technical_dynamics', 'volatility_options_core']",ok,96,2590,2007-08-20,2018-02-02,0.48758453085376163,0.037669061707523266,0.47942693531513214,0.5252535925612849,0.5946680796680445,0.2581537286906947,0.5221431213017751,0.5220693779904306,0.44545454545454544,0.5986842105263158,0.5299019441617618,0.06418961721113768,786
calendar+equity_rotation+futures_core+interaction_consensus+macro_cross_asset+volatility_options_core,"['calendar', 'equity_rotation', 'futures_core', 'interaction_consensus', 'macro_cross_asset', 'volatility_options_core']",ok,85,2590,2007-08-20,2018-02-02,0.48758453085376163,0.036962436601859716,0.45618605613708496,0.5245469674556213,0.6081579824684931,0.26320962944593684,0.5211525253592562,0.5188246097337006,0.4820936639118457,0.5555555555555556,0.5196512425332365,0.01644455784827145,786
calendar+macro_cross_asset+volatility_options_core,"['calendar', 'macro_cross_asset', 'volatility_options_core']",ok,53,2590,2007-08-20,2018-02-02,0.48758453085376163,0.03540389898562979,0.4956676512956619,0.5229884298393914,0.5934628999285539,0.2630654499687433,0.5342548076923077,0.5228814560735289,0.5259165613147914,0.5198463508322664,0.5230923034710963,0.047060415309271096,786
calendar+futures_core+interaction_consensus+macro_cross_asset+trend_direction,"['calendar', 'futures_core', 'interaction_consensus', 'macro_cross_asset', 'trend_direction']",ok,79,2464,2008-04-10,2018-02-02,0.5065938594683701,0.033580112448853394,0.5184187591075897,0.5401739719172235,0.6118559278548197,0.2533935395533991,0.5432722027611787,0.5391202915456119,0.5155807365439093,0.5626598465473146,0.5419008523648189,0.0174074851132051,744
breadth+macro_cross_asset,"['breadth', 'macro_cross_asset']",ok,45,2625,2007-08-20,2018-02-02,0.4924114993501033,0.033533399597318714,0.4547462612390518,0.525944898947422,0.5893773504351282,0.25952514549487204,0.5349669954379794,0.5349947780887008,0.4733044733044733,0.5966850828729282,0.5148580661173567,0.02205294188583469,799
calendar+futures_core+macro_cross_asset+rates_credit+volatility_options_core,"['calendar', 'futures_core', 'macro_cross_asset', 'rates_credit', 'volatility_options_core']",ok,79,2590,2007-08-20,2018-02-02,0.48758453085376163,0.033033072696534216,0.49804119765758514,0.5206176035502958,0.5909688800804529,0.2566214939559473,0.5284234995773457,0.5284489787801046,0.45645645645645644,0.6004415011037527,0.5163451989587345,0.04890383889498376,786
breadth+equity_rotation+rates_credit,"['breadth', 'equity_rotation', 'rates_credit']",ok,63,2633,2007-08-20,2018-02-02,0.482387020559996,0.032492585331523605,0.44612568616867065,0.5148796058915196,0.5852269815398654,0.25877503550432973,0.5282480018096818,0.5275279106858054,0.44242424242424244,0.6126315789473684,0.5174206132166455,0.05368712870989509,805
breadth+equity_rotation+macro_cross_asset,"['breadth', 'equity_rotation', 'macro_cross_asset']",ok,55,2625,2007-08-20,2018-02-02,0.4924114993501033,0.03181945612559567,0.47609350085258484,0.524230955475699,0.5704855788559742,0.26105161559792384,0.5408383668476183,0.5408925493200536,0.4782608695652174,0.6035242290748899,0.52569214497347,0.0173066607922991,799
breadth+calendar+equity_rotation+futures_core+trend_direction+volatility_options_core,"['breadth', 'calendar', 'equity_rotation', 'futures_core', 'trend_direction', 'volatility_options_core']",ok,98,2431,2008-04-10,2018-02-02,0.5096995287926076,0.03148522122269126,0.38172946870326996,0.5411847500152989,0.6097179627696074,0.2643362586227179,0.541402759929013,0.5345572967360976,0.4053030303030303,0.6638115631691649,0.5308347117861355,0.041743499626041194,731
rates_credit+volatility_options_core,"['rates_credit', 'volatility_options_core']",ok,52,2598,2007-08-20,2018-02-02,0.4910656015871774,0.03097997754979509,0.5012801289558411,0.5220455791369725,0.5942621388736076,0.2579374124560466,0.528023598820059,0.5225059044874105,0.5019815059445178,0.5430303030303031,0.5289648244488979,0.04524369172488878,791
calendar+equity_rotation+interaction_consensus+macro_cross_asset+trend_direction,"['calendar', 'equity_rotation', 'interaction_consensus', 'macro_cross_asset', 'trend_direction']",ok,79,2464,2008-04-10,2018-02-02,0.5065938594683701,0.02967236760766534,0.5016857981681824,0.5362662270760354,0.5954528419245761,0.2512581331045179,0.5314532984015778,0.5309338347211031,0.4477124183006536,0.6141552511415526,0.5341985328845825,0.010561562391930079,744
calendar+interaction_consensus+macro_cross_asset,"['calendar', 'interaction_consensus', 'macro_cross_asset']",ok,51,2625,2007-08-20,2018-02-02,0.4924114993501033,0.029461987409842627,0.4533712863922119,0.5218734867599459,0.5796925735974748,0.25853084151912986,0.5258588831969824,0.5248093860651288,0.43797856049004597,0.6116402116402117,0.5121153843112634,0.014721469879557575,799
technical_dynamics+volatility_options_core,"['technical_dynamics', 'volatility_options_core']",ok,57,2598,2007-08-20,2018-02-02,0.4910656015871774,0.02934842195943288,0.4844921976327896,0.5204140235466103,0.5701835505410799,0.260326517692009,0.543141592920354,0.5406082836619288,0.5034387895460798,0.5777777777777777,0.522090258536035,0.01733478298851475,791
calendar+futures_core+macro_cross_asset+technical_dynamics+volatility_options_core,"['calendar', 'futures_core', 'macro_cross_asset', 'technical_dynamics', 'volatility_options_core']",ok,84,2590,2007-08-20,2018-02-02,0.48758453085376163,0.029209372358410812,0.4929726719856262,0.5167939032121724,0.5784325770296724,0.2631807098377245,0.5321811601859678,0.5270520345588747,0.5059920106524634,0.5481120584652862,0.5115231539262937,0.02033080510111224,786
breadth+calendar+macro_cross_asset+rates_credit,"['breadth', 'calendar', 'macro_cross_asset', 'rates_credit']",ok,70,2625,2007-08-20,2018-02-02,0.4924114993501033,0.029073323648596938,0.5028750896453857,0.5214848229987002,0.581022999145133,0.25315361396670655,0.5200225552412264,0.5200283626919062,0.45755395683453237,0.5825027685492802,0.5212565164761637,0.04725581922691541,799
interaction_consensus,['interaction_consensus'],ok,34,2629,2007-08-20,2018-02-02,0.4966401414677277,0.028678792471895864,0.5166228711605072,0.5253189339396236,0.6134744171735782,0.2536009280007901,0.5291966654035619,0.519295905707196,0.5210918114143921,0.5175,0.5113430778434399,0.033007374688911524,803
calendar+equity_rotation+macro_cross_asset+technical_dynamics+volatility_options_core,"['calendar', 'equity_rotation', 'macro_cross_asset', 'technical_dynamics', 'volatility_options_core']",ok,84,2590,2007-08-20,2018-02-02,0.48758453085376163,0.028535767117497945,0.46519865095615387,0.5161202979712596,0.5910225383582176,0.2592723300931113,0.5199638102282333,0.5195406445406445,0.4351851851851852,0.6038961038961039,0.5149587208828023,0.025607433526011848,786
breadth+calendar+equity_rotation+futures_core+technical_dynamics,"['breadth', 'calendar', 'equity_rotation', 'futures_core', 'technical_dynamics']",ok,87,2627,2007-08-20,2018-02-02,0.49427824718987085,0.02833599756413191,0.41172662377357483,0.5226142447540028,0.5776071824119942,0.2638917878778005,0.5320278602420644,0.5271382435670382,0.41379310344827586,0.6404833836858006,0.5268524686696593,0.03627169774007573,801
breadth+calendar+equity_rotation+futures_core+macro_cross_asset,"['breadth', 'calendar', 'equity_rotation', 'futures_core', 'macro_cross_asset']",ok,74,2625,2007-08-20,2018-02-02,0.4924114993501033,0.02677319876647033,0.47910939157009125,0.5191846981165736,0.5684761166422819,0.26131431813655676,0.5273657517139434,0.5260793296230392,0.48633879781420764,0.5658198614318707,0.5213068464495006,0.0367259684103442,799
equity_rotation+rates_credit,"['equity_rotation', 'rates_credit']",ok,48,2633,2007-08-20,2018-02-02,0.482387020559996,0.026617403106620363,0.47546686232089996,0.5090044236666164,0.5702120484493275,0.264062024159795,0.530874553863168,0.5229217339770104,0.5175879396984925,0.5282555282555282,0.50914487693472,0.014185224831627397,805
calendar+futures_core+macro_cross_asset+volatility_options_core,"['calendar', 'futures_core', 'macro_cross_asset', 'volatility_options_core']",ok,63,2590,2007-08-20,2018-02-02,0.48758453085376163,0.025920593829247607,0.4797881990671158,0.5135051246830092,0.5868594739862015,0.2587360048957853,0.5149249788672865,0.5140498138685893,0.46458923512747874,0.5635103926096998,0.5151067600212377,0.02630555667906904,786
breadth+calendar+equity_rotation+technical_dynamics,"['breadth', 'calendar', 'equity_rotation', 'technical_dynamics']",ok,77,2633,2007-08-20,2018-02-02,0.482387020559996,0.025901070728396924,0.44106680154800415,0.5082880912883929,0.5759565604403651,0.259814729397924,0.5234693108128488,0.5180107249072766,0.4006568144499179,0.6353646353646354,0.5121120954744408,0.01452583661558915,805
calendar+interaction_consensus+macro_cross_asset+trend_direction,"['calendar', 'interaction_consensus', 'macro_cross_asset', 'trend_direction']",ok,69,2464,2008-04-10,2018-02-02,0.5065938594683701,0.025852933384357235,0.5017218291759491,0.5324467928527273,0.5872296999417561,0.2617374847960851,0.5451929587000677,0.5406501047417125,0.5190409026798307,0.5622593068035944,0.5297163621051549,0.01829534311124229,744
calendar+macro_cross_asset,"['calendar', 'macro_cross_asset']",ok,39,2625,2007-08-20,2018-02-02,0.4924114993501033,0.025696409001707443,0.48781590163707733,0.5181079083518108,0.5759120042439654,0.25809337012801903,0.5219467594362464,0.5208320181806704,0.4794520547945205,0.5622119815668203,0.5154555522328996,0.03978446075240014,799
calendar+equity_rotation+rates_credit+technical_dynamics,"['calendar', 'equity_rotation', 'rates_credit', 'technical_dynamics']",ok,78,2633,2007-08-20,2018-02-02,0.482387020559996,0.025580606243402138,0.5098043382167816,0.5079676268033981,0.56542453914487,0.26064783591346213,0.5371173277032122,0.5302252769646894,0.5203045685279187,0.5401459854014599,0.5005511406594518,0.016913102235058475,805
futures_core+technical_dynamics,"['futures_core', 'technical_dynamics']",ok,53,2627,2007-08-20,2018-02-02,0.49427824718987085,0.025538555225698423,0.44690875709056854,0.5198168024155693,0.5798158730247266,0.26456163685682743,0.5336263987211692,0.5334677419354839,0.4583333333333333,0.6086021505376344,0.5201250202146741,0.019884717806630228,801
breadth+calendar+equity_rotation+futures_core+volatility_options_core,"['breadth', 'calendar', 'equity_rotation', 'futures_core', 'volatility_options_core']",ok,80,2592,2007-08-20,2018-02-02,0.4935963182117028,0.025069033530571994,0.4836675822734833,0.5186653517422748,0.5855925400717358,0.26172954327653425,0.5218606180144642,0.5210772356730035,0.4694167852062589,0.572737686139748,0.5161068568443136,0.015330890820496037,788
calendar+futures_core+interaction_consensus+macro_cross_asset+rates_credit+trend_direction,"['calendar', 'futures_core', 'interaction_consensus', 'macro_cross_asset', 'rates_credit', 'trend_direction']",ok,95,2464,2008-04-10,2018-02-02,0.5065938594683701,0.023667245591828312,0.4534790515899658,0.5302611050601984,0.5818678280246069,0.2608565629602911,0.5420358541108593,0.5415810896598081,0.45901639344262296,0.6241457858769932,0.5320072092782628,0.04278927622030885,744
volatility_options_core,['volatility_options_core'],ok,36,2598,2007-08-20,2018-02-02,0.4910656015871774,0.023448716944683645,0.4512031078338623,0.514514318531861,0.5758006542574404,0.25872623841418124,0.5357669616519174,0.5330736018349862,0.4262295081967213,0.6399176954732511,0.5074870849242731,0.032467933422366646,791
calendar+equity_rotation+technical_dynamics,"['calendar', 'equity_rotation', 'technical_dynamics']",ok,62,2633,2007-08-20,2018-02-02,0.482387020559996,0.02318654803197112,0.4749627560377121,0.5055735685919671,0.5636775732877944,0.2605589980462692,0.5300891016940632,0.5301042494920045,0.4606413994169096,0.5995670995670995,0.5039084498675016,0.01877224781061635,805
calendar+equity_rotation+futures_core+rates_credit+volatility_options_core,"['calendar', 'equity_rotation', 'futures_core', 'rates_credit', 'volatility_options_core']",ok,81,2592,2007-08-20,2018-02-02,0.4935963182117028,0.02245890861275479,0.48334167897701263,0.5160552268244576,0.5790239794481059,0.2669331304239663,0.5258842866535174,0.5206278974825687,0.49933598937583,0.5419198055893074,0.5153119832524574,0.03020510585398321,788
breadth+calendar+equity_rotation+futures_core+macro_cross_asset+technical_dynamics,"['breadth', 'calendar', 'equity_rotation', 'futures_core', 'macro_cross_asset', 'technical_dynamics']",ok,95,2625,2007-08-20,2018-02-02,0.4924114993501033,0.02216020592807799,0.5027619302272797,0.5145717052781813,0.5811569314413646,0.2606699334624325,0.5268687718225145,0.5232696897374702,0.5,0.5465393794749404,0.5243587963279533,0.02877672715593409,799
breadth+calendar,"['breadth', 'calendar']",ok,46,2633,2007-08-20,2018-02-02,0.482387020559996,0.021854421153169323,0.489583283662796,0.5042414417131653,0.5667811383420813,0.2598937031547068,0.5383332076609862,0.5377028714107366,0.4888888888888889,0.5865168539325842,0.5063762532719761,0.013412481586111196,805
breadth+calendar+futures_core+macro_cross_asset+technical_dynamics+volatility_options_core,"['breadth', 'calendar', 'futures_core', 'macro_cross_asset', 'technical_dynamics', 'volatility_options_core']",ok,99,2590,2007-08-20,2018-02-02,0.48758453085376163,0.021476120033812274,0.4737236648797989,0.5090606508875739,0.5724276731729873,0.2596970371292187,0.5281659446322908,0.5273141428801806,0.4371069182389937,0.6175213675213675,0.5226648349174439,0.05212485684351018,786
breadth+equity_rotation+futures_core+macro_cross_asset,"['breadth', 'equity_rotation', 'futures_core', 'macro_cross_asset']",ok,65,2625,2007-08-20,2018-02-02,0.4924114993501033,0.021236333052985557,0.463340699672699,0.5136478324030889,0.5716577755353353,0.25761691139918913,0.5224086958737926,0.5218154394624983,0.44042232277526394,0.6032085561497326,0.5101189063618148,0.02339822526303774,799
breadth+calendar+interaction_consensus+macro_cross_asset+volatility_options_core,"['breadth', 'calendar', 'interaction_consensus', 'macro_cross_asset', 'volatility_options_core']",ok,80,2590,2007-08-20,2018-02-02,0.48758453085376163,0.021066673710904427,0.4820648431777954,0.5086512045646661,0.5833760723106709,0.261213181767635,0.523906382079459,0.5237869448395764,0.4619883040935672,0.5855855855855856,0.5007531125743403,0.04185997065408288,786
breadth+calendar+macro_cross_asset+volatility_options_core,"['breadth', 'calendar', 'macro_cross_asset', 'volatility_options_core']",ok,68,2590,2007-08-20,2018-02-02,0.48758453085376163,0.020670435333896897,0.48131754994392395,0.5082549661876585,0.5845159912651046,0.2605658137774191,0.5209478021978022,0.5208738343932254,0.4574780058651026,0.5842696629213483,0.5102285329620129,0.042014180486203874,786
calendar+futures_core+technical_dynamics,"['calendar', 'futures_core', 'technical_dynamics']",ok,62,2627,2007-08-20,2018-02-02,0.49427824718987085,0.019525005709066068,0.4752349853515625,0.5138032528989369,0.5781936994836991,0.25618788279829924,0.5281076349242597,0.5280146912052377,0.4549483013293944,0.601081081081081,0.5143029982496984,0.02335447318804106,801
calendar+equity_rotation+macro_cross_asset+technical_dynamics,"['calendar', 'equity_rotation', 'macro_cross_asset', 'technical_dynamics']",ok,70,2625,2007-08-20,2018-02-02,0.4924114993501033,0.019108239671738247,0.4830961227416992,0.5115197390218416,0.5803134824229249,0.2586739395798698,0.5140269388587303,0.5139231056364315,0.45673758865248226,0.5711086226203808,0.5115522021881516,0.026060953593999753,799
calendar+equity_rotation+macro_cross_asset+rates_credit+volatility_options_core,"['calendar', 'equity_rotation', 'macro_cross_asset', 'rates_credit', 'volatility_options_core']",ok,79,2590,2007-08-20,2018-02-02,0.48758453085376163,0.018728867286559536,0.4713715612888336,0.5063133981403212,0.5726332817118674,0.2614284529397062,0.5158363271344041,0.5157422061175314,0.43872919818456885,0.5927552140504939,0.5108921618041314,0.04271892494942888,786
equity_rotation+technical_dynamics,"['equity_rotation', 'technical_dynamics']",ok,53,2633,2007-08-20,2018-02-02,0.482387020559996,0.01865605992057512,0.4517669826745987,0.5010430804805711,0.5619503406546477,0.26323774249397064,0.516802392801488,0.5127055209133395,0.40192926045016075,0.6234817813765182,0.4924616966297448,0.019674408265189902,805
calendar+equity_rotation+interaction_consensus+rates_credit+technical_dynamics,"['calendar', 'equity_rotation', 'interaction_consensus', 'rates_credit', 'technical_dynamics']",ok,90,2629,2007-08-20,2018-02-02,0.4966401414677277,0.018403435644814947,0.47031430900096893,0.5150435771125427,0.5817305684911288,0.262637315466514,0.5261652140962486,0.526144553980536,0.46418338108882523,0.5881057268722467,0.5141301435756817,0.005632633261567737,803
futures_core+volatility_options_core,"['futures_core', 'volatility_options_core']",ok,46,2592,2007-08-20,2018-02-02,0.4935963182117028,0.01838264299802761,0.4379526376724243,0.5119789612097304,0.5784528005112617,0.26350741389388865,0.5326561472715319,0.5318433229852644,0.4409448818897638,0.6227417640807651,0.507118665531602,0.03660324554133684,788
breadth+calendar+futures_core,"['breadth', 'calendar', 'futures_core']",ok,56,2627,2007-08-20,2018-02-02,0.49427824718987085,0.01784400294334071,0.4569062292575836,0.5121222501332116,0.5832671389982667,0.2601922210912568,0.520219608738677,0.5164249622678654,0.40836012861736337,0.6244897959183674,0.5144642410831161,0.02473813960656147,801
breadth+calendar+equity_rotation,"['breadth', 'calendar', 'equity_rotation']",ok,56,2633,2007-08-20,2018-02-02,0.482387020559996,0.017688382848238093,0.4881732761859894,0.5000754034082341,0.5744605219758391,0.26485259961637786,0.5036853415774393,0.5033821087928582,0.4490934449093445,0.5576707726763718,0.5114153885194447,0.014606547808379942,805
calendar+futures_core,"['calendar', 'futures_core']",ok,41,2627,2007-08-20,2018-02-02,0.49427824718987085,0.01743802491690144,0.49743571877479553,0.5117162721067723,0.5718839524405699,0.25785032740455294,0.5195630661490447,0.5157641016188217,0.4927916120576671,0.5387365911799762,0.50789638029175,0.03511049516809248,801
equity_rotation+technical_dynamics+volatility_options_core,"['equity_rotation', 'technical_dynamics', 'volatility_options_core']",ok,67,2598,2007-08-20,2018-02-02,0.4910656015871774,0.017268384368392176,0.459262490272522,0.5083339859555696,0.5660780678343557,0.2654442678972787,0.5269174041297935,0.5268454611187801,0.4484848484848485,0.6052060737527115,0.5066162414248983,0.02167867963814483,791
macro_cross_asset+volatility_options_core,"['macro_cross_asset', 'volatility_options_core']",ok,44,2590,2007-08-20,2018-02-02,0.48758453085376163,0.017143913778529196,0.45327749848365784,0.5047284446322908,0.5797842410594762,0.2569830956529298,0.5168005071851226,0.5127376100284275,0.39867109634551495,0.6268041237113402,0.5072873339146661,0.02213121507650367,786
calendar+futures_core+interaction_consensus+macro_cross_asset+rates_credit+volatility_options_core,"['calendar', 'futures_core', 'interaction_consensus', 'macro_cross_asset', 'rates_credit', 'volatility_options_core']",ok,91,2590,2007-08-20,2018-02-02,0.48758453085376163,0.017018438292476734,0.4901985228061676,0.5046029691462384,0.5672171906577164,0.2590667312790658,0.5220374577345731,0.5218286330632432,0.4622093023255814,0.581447963800905,0.5079500360367829,0.039413467081092744,786
calendar+equity_rotation+futures_core+interaction_consensus,"['calendar', 'equity_rotation', 'futures_core', 'interaction_consensus']",ok,63,2627,2007-08-20,2018-02-02,0.49427824718987085,0.016822714470579203,0.4756188690662384,0.51110096166045,0.5746348348698225,0.2589351060418347,0.5154049630813732,0.5152237614276018,0.4401772525849335,0.5902702702702702,0.5050647453618535,0.022010338558536752,801
calendar+interaction_consensus+macro_cross_asset+volatility_options_core,"['calendar', 'interaction_consensus', 'macro_cross_asset', 'volatility_options_core']",ok,65,2590,2007-08-20,2018-02-02,0.48758453085376163,0.015902366863905337,0.4876019209623337,0.503486897717667,0.5905225383943564,0.2652454880324552,0.5184250845308538,0.5122291876967647,0.4967148488830486,0.5277435265104808,0.5028701017730114,0.030329918758745026,786
calendar+equity_rotation+futures_core+interaction_consensus+macro_cross_asset+trend_direction,"['calendar', 'equity_rotation', 'futures_core', 'interaction_consensus', 'macro_cross_asset', 'trend_direction']",ok,89,2464,2008-04-10,2018-02-02,0.5065938594683701,0.015461717347149073,0.4635033905506134,0.5220555768155192,0.5864515901176768,0.25915862375282755,0.5214006063995761,0.5201547887778136,0.42857142857142855,0.6117381489841986,0.5200168921198374,0.029356406105318207,744
calendar+equity_rotation+interaction_consensus+macro_cross_asset,"['calendar', 'equity_rotation', 'interaction_consensus', 'macro_cross_asset']",ok,61,2625,2007-08-20,2018-02-02,0.4924114993501033,0.01534903280067279,0.472085639834404,0.5077605321507761,0.5753461432192475,0.2580540696976489,0.5154732777735301,0.513610557704077,0.4192546583850932,0.6079664570230608,0.5098596442783135,0.013117733349303879,799
interaction_consensus+macro_cross_asset,"['interaction_consensus', 'macro_cross_asset']",ok,42,2625,2007-08-20,2018-02-02,0.4924114993501033,0.014973112113566223,0.47924670577049255,0.5073846114636695,0.5741600036877865,0.2599625720747078,0.5158714988403803,0.5151269959669773,0.4696132596685083,0.5606407322654462,0.5037274160277853,0.034517170358199865,799
calendar+equity_rotation+futures_core+rates_credit+technical_dynamics+volatility_options_core,"['calendar', 'equity_rotation', 'futures_core', 'rates_credit', 'technical_dynamics', 'volatility_options_core']",ok,102,2592,2007-08-20,2018-02-02,0.4935963182117028,0.014806048652202475,0.5298612713813782,0.5084023668639053,0.5922726125101003,0.26532441295105574,0.5291387245233399,0.5084773151828941,0.5371702637889688,0.4797843665768194,0.5037911418674977,0.029209311002593108,788
equity_rotation+macro_cross_asset+rates_credit,"['equity_rotation', 'macro_cross_asset', 'rates_credit']",ok,56,2625,2007-08-20,2018-02-02,0.4924114993501033,0.014565333741111575,0.4991042762994766,0.5069768330912149,0.5615138471949186,0.25932122502254096,0.5251580141193262,0.5249183636737632,0.4494047619047619,0.6004319654427646,0.51265929883563,0.054038770314599284,799
breadth+calendar+trend_direction,"['breadth', 'calendar', 'trend_direction']",ok,64,2472,2008-04-10,2018-02-02,0.5107050974578119,0.014178985159667978,0.4782766103744507,0.5248840826174799,0.5953265116114146,0.2608818335605439,0.5287903893951946,0.5262424182696184,0.4920863309352518,0.5603985056039851,0.5258071835611777,0.007439525179596753,749
calendar+equity_rotation+futures_core+macro_cross_asset+trend_direction+volatility_options_core,"['calendar', 'equity_rotation', 'futures_core', 'macro_cross_asset', 'trend_direction', 'volatility_options_core']",ok,91,2429,2008-04-10,2018-02-02,0.511394307446939,0.014093362777573337,0.44599999487400055,0.5254876702245124,0.5908699625853921,0.258944181661654,0.5236013986013985,0.5202508046118505,0.407871198568873,0.632630410654828,0.5287532479337519,0.004463394962889331,730
calendar+equity_rotation+futures_core+rates_credit+technical_dynamics,"['calendar', 'equity_rotation', 'futures_core', 'rates_credit', 'technical_dynamics']",ok,88,2627,2007-08-20,2018-02-02,0.49427824718987085,0.014063332572124498,0.5479774177074432,0.5083415797619953,0.5803113267055041,0.2597591822447375,0.5264710360051763,0.5109790848550617,0.5317365269461077,0.49022164276401564,0.5059582433788075,0.017355067758379895,801
calendar+macro_cross_asset+technical_dynamics+volatility_options_core,"['calendar', 'macro_cross_asset', 'technical_dynamics', 'volatility_options_core']",ok,74,2590,2007-08-20,2018-02-02,0.48758453085376163,0.013828719357565578,0.4589780867099762,0.5014132502113272,0.5677165102240077,0.26663000804590326,0.515730663567202,0.5155221922887898,0.45573294629898403,0.5753114382785957,0.4952466382869773,0.02511970718604975,786
breadth+calendar+macro_cross_asset+trend_direction,"['breadth', 'calendar', 'macro_cross_asset', 'trend_direction']",ok,72,2464,2008-04-10,2018-02-02,0.5065938594683701,0.013805893261899849,0.4941816031932831,0.52039975273027,0.5786902457435181,0.25463970099839056,0.5274498837243531,0.5271889400921659,0.4483870967741935,0.6059907834101382,0.5187170852257877,0.02621328106823732,744
equity_rotation+rates_credit+trend_direction,"['equity_rotation', 'rates_credit', 'trend_direction']",ok,66,2472,2008-04-10,2018-02-02,0.5107050974578119,0.013553976075233676,0.48009802401065826,0.5242590735330456,0.5848551714752812,0.2581318751729435,0.5258797366240788,0.5252995710937846,0.43973941368078173,0.6108597285067874,0.5290109006059547,0.016738394292272966,749
calendar+interaction_consensus+macro_cross_asset+trend_direction+volatility_options_core,"['calendar', 'interaction_consensus', 'macro_cross_asset', 'trend_direction', 'volatility_options_core']",ok,83,2429,2008-04-10,2018-02-02,0.511394307446939,0.01333425346583239,0.48664651811122894,0.5247285609127714,0.5864671062319551,0.2562613885378146,0.5326110293215556,0.5326110293215556,0.46474358974358976,0.6004784688995215,0.5277381713037875,0.03078685595874585,730
equity_rotation+interaction_consensus+rates_credit,"['equity_rotation', 'interaction_consensus', 'rates_credit']",ok,60,2629,2007-08-20,2018-02-02,0.4966401414677277,0.013281546040166736,0.4710279107093811,0.5099216875078945,0.5685988622907783,0.25806831596323143,0.5206738663635215,0.5204321008298973,0.4427934621099554,0.5980707395498392,0.5057499597701199,0.0239584552555583,803
calendar+equity_rotation+interaction_consensus+macro_cross_asset+technical_dynamics,"['calendar', 'equity_rotation', 'interaction_consensus', 'macro_cross_asset', 'technical_dynamics']",ok,82,2625,2007-08-20,2018-02-02,0.4924114993501033,0.013259168641843067,0.48845742642879486,0.5056706679919464,0.5778210421163945,0.2580480826927123,0.5076235441037795,0.507620259332449,0.4447632711621234,0.5704772475027747,0.5119166117740893,0.032762632439046174,799
futures_core+rates_credit,"['futures_core', 'rates_credit']",ok,48,2627,2007-08-20,2018-02-02,0.49427824718987085,0.013245033112582794,0.4751698970794678,0.5075232803024536,0.5690609869214176,0.2652129871902706,0.5272227296947553,0.5168057337300889,0.5216316440049443,0.5119798234552333,0.515587767278958,0.0024116219464405493,801
calendar+equity_rotation+interaction_consensus+technical_dynamics,"['calendar', 'equity_rotation', 'interaction_consensus', 'technical_dynamics']",ok,74,2629,2007-08-20,2018-02-02,0.4966401414677277,0.013016294050776755,0.4758899062871933,0.5096564355185045,0.5784768782210373,0.2583936417018791,0.5266736137425793,0.5266890607174547,0.4577259475218659,0.5956521739130435,0.49178677779399566,0.03828396987143104,803
futures_core+interaction_consensus+technical_dynamics,"['futures_core', 'interaction_consensus', 'technical_dynamics']",ok,65,2627,2007-08-20,2018-02-02,0.49427824718987085,0.012902489152774643,0.49894458055496216,0.5071807363426455,0.5656635987114235,0.25635192027043846,0.5172318642003502,0.5148091163364361,0.4833110814419226,0.5463071512309496,0.5153868227464196,0.05337467395690661,801
equity_rotation+volatility_options_core,"['equity_rotation', 'volatility_options_core']",ok,46,2598,2007-08-20,2018-02-02,0.4910656015871774,0.012654345158848224,0.5075590908527374,0.5037199467460256,0.5705530668167023,0.25991182548512753,0.5243362831858407,0.5119469309462916,0.5175,0.5063938618925832,0.5062219556347182,0.014465083247449696,791
breadth+equity_rotation,"['breadth', 'equity_rotation']",ok,47,2633,2007-08-20,2018-02-02,0.482387020559996,0.012604936409792322,0.47309114038944244,0.4949919569697883,0.5502865433971865,0.25951050026624156,0.5045650480068367,0.5025767942464703,0.40494590417310666,0.6002076843198338,0.499142514532656,0.03876938797420528,805
calendar,['calendar'],ok,31,2633,2007-08-20,2018-02-02,0.482387020559996,0.011480168903634402,0.5153652429580688,0.4938671894636304,0.5766456585951479,0.2561208261618741,0.5048226763183029,0.496866459152856,0.493116395494368,0.5006165228113441,0.5029740634238866,0.01772595755664691,805
calendar+equity_rotation+rates_credit,"['calendar', 'equity_rotation', 'rates_credit']",ok,57,2633,2007-08-20,2018-02-02,0.482387020559996,0.011222540592168095,0.47403477132320404,0.4936095611521641,0.5680208200460419,0.26277375014344906,0.5068302920625346,0.5061946171351565,0.4221556886227545,0.5902335456475584,0.49996288449123333,0.03166346206094814,805
breadth+calendar+equity_rotation+macro_cross_asset+technical_dynamics,"['breadth', 'calendar', 'equity_rotation', 'macro_cross_asset', 'technical_dynamics']",ok,85,2625,2007-08-20,2018-02-02,0.4924114993501033,0.011105589112317293,0.4427697956562042,0.5035170884624206,0.5756276283815052,0.2597659577370255,0.519340800774779,0.510969868173258,0.38305084745762713,0.6388888888888888,0.5065827989780275,0.02280168740014658,799
breadth+calendar+equity_rotation+interaction_consensus+technical_dynamics,"['breadth', 'calendar', 'equity_rotation', 'interaction_consensus', 'technical_dynamics']",ok,89,2629,2007-08-20,2018-02-02,0.4966401414677277,0.00978906151319947,0.44559407234191895,0.5064292029809272,0.5769989020366186,0.2631826498694654,0.5102785145888594,0.5095893126646714,0.4246987951807229,0.5944798301486199,0.5027369027453876,0.005488934663303385,803
calendar+macro_cross_asset+technical_dynamics,"['calendar', 'macro_cross_asset', 'technical_dynamics']",ok,60,2625,2007-08-20,2018-02-02,0.4924114993501033,0.009703850957004767,0.45780186355113983,0.5021153503071081,0.5560943570797015,0.26227515708235105,0.5177702168871219,0.5168693009118541,0.4316109422492401,0.6021276595744681,0.49952862750247684,0.019438717230226086,799
breadth+calendar+interaction_consensus+rates_credit,"['breadth', 'calendar', 'interaction_consensus', 'rates_credit']",ok,74,2629,2007-08-20,2018-02-02,0.4966401414677277,0.009568018188707783,0.49090543389320374,0.5062081596564355,0.5820404753155279,0.26458796309026955,0.5186307944928634,0.5080458165631374,0.5129469790382244,0.5031446540880503,0.5090395176042067,0.03668917244776872,803
breadth+futures_core,"['breadth', 'futures_core']",ok,47,2627,2007-08-20,2018-02-02,0.49427824718987085,0.009324807794778123,0.4837478846311569,0.503603054984649,0.5627857809752457,0.2580673219248225,0.5137588490522951,0.513758581235698,0.4463768115942029,0.581140350877193,0.5026470805503629,0.023694199485781334,801
calendar+equity_rotation+futures_core+interaction_consensus+volatility_options_core,"['calendar', 'equity_rotation', 'futures_core', 'interaction_consensus', 'volatility_options_core']",ok,77,2592,2007-08-20,2018-02-02,0.4935963182117028,0.008619329388560137,0.44959504902362823,0.5022156476002629,0.5688091042932711,0.26602985742734614,0.5082117028270874,0.5079755475063061,0.426179604261796,0.5897714907508161,0.4971968778938007,0.009399616447327551,788
calendar+equity_rotation+futures_core+rates_credit,"['calendar', 'equity_rotation', 'futures_core', 'rates_credit']",ok,67,2627,2007-08-20,2018-02-02,0.49427824718987085,0.008512851741899474,0.5075295269489288,0.5027910989317703,0.5601921448661078,0.26686590203380867,0.5228743244271904,0.5193399174896862,0.49473684210526314,0.5439429928741093,0.5028718760315026,0.013362390802321926,801
calendar+equity_rotation+technical_dynamics+trend_direction,"['calendar', 'equity_rotation', 'technical_dynamics', 'trend_direction']",ok,80,2472,2008-04-10,2018-02-02,0.5107050974578119,0.008277736595008633,0.5112307965755463,0.5189828340528205,0.5704825251845067,0.25699365302107374,0.5379765694268812,0.5330832641177469,0.5118881118881119,0.5542784163473818,0.5155481866972578,0.020434430667551157,749
calendar+rates_credit+volatility_options_core,"['calendar', 'rates_credit', 'volatility_options_core']",ok,61,2598,2007-08-20,2018-02-02,0.4910656015871774,0.007596522828725694,0.4751201570034027,0.4986621244159031,0.5669236874142367,0.2603782017551636,0.5176991150442478,0.5150947674272134,0.40842787682333875,0.6217616580310881,0.4996945840499069,0.007854860032498643,791
calendar+futures_core+macro_cross_asset+rates_credit+trend_direction+volatility_options_core,"['calendar', 'futures_core', 'macro_cross_asset', 'rates_credit', 'trend_direction', 'volatility_options_core']",ok,97,2429,2008-04-10,2018-02-02,0.511394307446939,0.007008342534658318,0.4673229902982712,0.5184026499815974,0.5802249669006856,0.26464846369376116,0.5246902220586431,0.523983338751471,0.46986089644513135,0.5781057810578106,0.5149379640805826,0.005375077612289132,730
breadth+equity_rotation+futures_core+rates_credit,"['breadth', 'equity_rotation', 'futures_core', 'rates_credit']",ok,73,2627,2007-08-20,2018-02-02,0.49427824718987085,0.0067811017228693315,0.4737839996814728,0.5010593489127402,0.560408428984014,0.26385350756516285,0.5255004947857198,0.5243527711449039,0.4821917808219178,0.5665137614678899,0.49987255522015633,0.04168478723181153,801
breadth+calendar+equity_rotation+rates_credit,"['breadth', 'calendar', 'equity_rotation', 'rates_credit']",ok,72,2633,2007-08-20,2018-02-02,0.482387020559996,0.006566380133715355,0.4647166430950165,0.48895340069371135,0.5727481905720242,0.26352343761049113,0.5002670537374956,0.49792960662525876,0.39751552795031053,0.598343685300207,0.4852651270713273,0.03847474171053118,805
interaction_consensus+technical_dynamics,"['interaction_consensus', 'technical_dynamics']",ok,55,2629,2007-08-20,2018-02-02,0.4966401414677277,0.006498673740052974,0.484968826174736,0.5031388152077807,0.5690364024941515,0.2645127174133137,0.5124636857395478,0.5065118069177861,0.4936061381074169,0.5194174757281553,0.503875258474091,0.02709489989863558,803
calendar+equity_rotation+futures_core+technical_dynamics,"['calendar', 'equity_rotation', 'futures_core', 'technical_dynamics']",ok,72,2627,2007-08-20,2018-02-02,0.49427824718987085,0.006311689629798833,0.4752955436706543,0.5005899368196697,0.5666447334228573,0.26138892968256694,0.5137398188323057,0.5132182571815697,0.431784107946027,0.5946524064171123,0.49413640522268115,0.03244439829398568,801
equity_rotation+futures_core+rates_credit+technical_dynamics,"['equity_rotation', 'futures_core', 'rates_credit', 'technical_dynamics']",ok,79,2627,2007-08-20,2018-02-02,0.49427824718987085,0.00609601380325292,0.4976125955581665,0.5003742609931238,0.5626926830761931,0.2564576058739823,0.511760675953414,0.511579128835766,0.4365781710914454,0.5865800865800865,0.49864549037086864,0.010410949626016068,801
breadth+calendar+equity_rotation+futures_core+macro_cross_asset+rates_credit,"['breadth', 'calendar', 'equity_rotation', 'futures_core', 'macro_cross_asset', 'rates_credit']",ok,90,2625,2007-08-20,2018-02-02,0.4924114993501033,0.006014730993704864,0.44927746057510376,0.4984262303438082,0.5613234826160582,0.2649091554545803,0.5054158065091623,0.502710905862385,0.40188383045525905,0.603537981269511,0.49546919040757614,0.046208440348757145,799
calendar+equity_rotation+futures_core+macro_cross_asset+rates_credit+volatility_options_core,"['calendar', 'equity_rotation', 'futures_core', 'macro_cross_asset', 'rates_credit', 'volatility_options_core']",ok,89,2590,2007-08-20,2018-02-02,0.48758453085376163,0.005936971682164005,0.514191746711731,0.49352150253592564,0.5753864089919409,0.26293566127779994,0.5036586010143702,0.4998441639395356,0.4731182795698925,0.5265700483091788,0.4928185531748841,0.04357807574796117,786
breadth+calendar+equity_rotation+macro_cross_asset+technical_dynamics+volatility_options_core,"['breadth', 'calendar', 'equity_rotation', 'macro_cross_asset', 'technical_dynamics', 'volatility_options_core']",ok,99,2590,2007-08-20,2018-02-02,0.48758453085376163,0.005804892223161384,0.5163416266441345,0.493389423076923,0.5713121615358527,0.26250630299590155,0.5003368026204564,0.49700493762993764,0.46756756756756757,0.5264423076923077,0.502167925885865,0.030946448419321853,786
calendar+equity_rotation+futures_core+macro_cross_asset,"['calendar', 'equity_rotation', 'futures_core', 'macro_cross_asset']",ok,59,2625,2007-08-20,2018-02-02,0.4924114993501033,0.005358462675535747,0.4748968034982681,0.49776996202563906,0.573830805262528,0.2627994183865182,0.5157568111731274,0.5153298224781617,0.43647234678624813,0.5941872981700753,0.49411799624563507,0.018998820018861037,799
futures_core+interaction_consensus,"['futures_core', 'interaction_consensus']",ok,44,2627,2007-08-20,2018-02-02,0.49427824718987085,0.00534749181700539,0.46067745983600616,0.49962573900687623,0.554889436671052,0.26186329901461664,0.5189065235594124,0.5165632295165974,0.4175824175824176,0.6155440414507772,0.5042552040583037,0.07464594740086418,801
calendar+technical_dynamics+volatility_options_core,"['calendar', 'technical_dynamics', 'volatility_options_core']",ok,66,2598,2007-08-20,2018-02-02,0.4910656015871774,0.005018664995953603,0.44538597762584686,0.496084266583131,0.5532601478976342,0.2653498542350458,0.5228613569321534,0.5161580756013746,0.38831615120274915,0.644,0.5016811836006567,0.03965051626855722,791
equity_rotation+futures_core+macro_cross_asset+rates_credit,"['equity_rotation', 'futures_core', 'macro_cross_asset', 'rates_credit']",ok,66,2625,2007-08-20,2018-02-02,0.4924114993501033,0.004912455080663625,0.4948653280735016,0.49732395443076693,0.5543192704072077,0.26281232349049616,0.5203857328541936,0.5189114042166851,0.48097826086956524,0.5568445475638051,0.5049446130783335,0.03898960290970987,799
calendar+futures_core+interaction_consensus+macro_cross_asset+trend_direction+volatility_options_core,"['calendar', 'futures_core', 'interaction_consensus', 'macro_cross_asset', 'trend_direction', 'volatility_options_core']",ok,93,2429,2008-04-10,2018-02-02,0.511394307446939,0.004738682370261316,0.4875490963459015,0.5161329898172003,0.5840013930727518,0.26661809154803223,0.5211017053122317,0.5202659069325736,0.4676923076923077,0.5728395061728395,0.5168917046808376,0.038127873899826074,730
macro_cross_asset+rates_credit+technical_dynamics,"['macro_cross_asset', 'rates_credit', 'technical_dynamics']",ok,67,2625,2007-08-20,2018-02-02,0.4924114993501033,0.0046639651349491,0.49380460381507874,0.4970754644850524,0.5546609090244194,0.26213233368032407,0.512252465784846,0.5084435069745251,0.4869109947643979,0.5299760191846523,0.48724754192582503,0.011934218485383157,799
calendar+equity_rotation+macro_cross_asset+rates_credit+technical_dynamics+volatility_options_core,"['calendar', 'equity_rotation', 'macro_cross_asset', 'rates_credit', 'technical_dynamics', 'volatility_options_core']",ok,100,2590,2007-08-20,2018-02-02,0.48758453085376163,0.0044444737954352775,0.4810097813606262,0.4920290046491969,0.5611533330804046,0.2675614456239936,0.5056860207100592,0.5052487328949007,0.4498567335243553,0.5606407322654462,0.49238980361236323,0.014792448452059659,786
equity_rotation+macro_cross_asset,"['equity_rotation', 'macro_cross_asset']",ok,40,2625,2007-08-20,2018-02-02,0.4924114993501033,0.0044154751892345745,0.5042530000209808,0.4968269745393379,0.5671107156073252,0.2550624699001514,0.509636949817774,0.5095903022863281,0.4402332361516035,0.5789473684210527,0.4963744328613333,0.006704390022691949,799
breadth+equity_rotation+macro_cross_asset+trend_direction,"['breadth', 'equity_rotation', 'macro_cross_asset', 'trend_direction']",ok,73,2464,2008-04-10,2018-02-02,0.5065938594683701,0.004349297930587914,0.485151544213295,0.510943157398958,0.5971471295692052,0.256397341690102,0.5154764357834624,0.5144502185063775,0.42504118616144976,0.6038592508513053,0.5100864904912147,0.0176722631467877,744
breadth+calendar+interaction_consensus+macro_cross_asset,"['breadth', 'calendar', 'interaction_consensus', 'macro_cross_asset']",ok,66,2625,2007-08-20,2018-02-02,0.4924114993501033,0.00392486683487514,0.5251659452915192,0.49633636618497845,0.5669607783297315,0.26270935129234235,0.5161008741748859,0.5009196831016862,0.5227817745803357,0.4790575916230366,0.5058315899319106,0.06770031134016287,799
breadth+calendar+futures_core+interaction_consensus,"['breadth', 'calendar', 'futures_core', 'interaction_consensus']",ok,68,2627,2007-08-20,2018-02-02,0.49427824718987085,0.003672832457943198,0.4540255069732666,0.49795107964781404,0.5560744449998438,0.26347706133946064,0.5209903326482455,0.5168806709210044,0.407108239095315,0.6266531027466938,0.5047844843384133,0.03377171335283219,801
breadth+rates_credit,"['breadth', 'rates_credit']",ok,53,2633,2007-08-20,2018-02-02,0.482387020559996,0.0036633489167043343,0.4255563020706177,0.48605036947670033,0.5421276627319691,0.26949755359870564,0.5192592871864474,0.5121526315702565,0.38731218697829717,0.6369930761622157,0.4752233270994323,0.040855475309473616,805
equity_rotation+futures_core+interaction_consensus+rates_credit,"['equity_rotation', 'futures_core', 'interaction_consensus', 'rates_credit']",ok,70,2627,2007-08-20,2018-02-02,0.49427824718987085,0.003533277511354793,0.4941422939300537,0.49781152470122564,0.5709443396342648,0.2612969211851578,0.4971169216716145,0.49595367558788217,0.454421768707483,0.5374855824682814,0.5001916809962396,0.026357531319777323,801
calendar+macro_cross_asset+rates_credit+volatility_options_core,"['calendar', 'macro_cross_asset', 'rates_credit', 'volatility_options_core']",ok,69,2590,2007-08-20,2018-02-02,0.48758453085376163,0.0034868977176669147,0.4746694564819336,0.49107142857142855,0.5676163462323205,0.26516555095268596,0.5177052514792899,0.5175387379294858,0.4383561643835616,0.5967213114754099,0.4988194773670784,0.02580829715509986,786
breadth+calendar+equity_rotation+macro_cross_asset,"['breadth', 'calendar', 'equity_rotation', 'macro_cross_asset']",ok,64,2625,2007-08-20,2018-02-02,0.4924114993501033,0.003364171572750152,0.4833434224128723,0.49577567092285346,0.5695537018182437,0.26344133138573517,0.5031443535438489,0.502500094820284,0.4558011049723757,0.5491990846681922,0.49729127125150824,0.03448054428037701,799
calendar+equity_rotation+futures_core+macro_cross_asset+technical_dynamics,"['calendar', 'equity_rotation', 'futures_core', 'macro_cross_asset', 'technical_dynamics']",ok,80,2625,2007-08-20,2018-02-02,0.4924114993501033,0.0031793969977316205,0.484774574637413,0.49559089634783493,0.5656594447567763,0.26105664773384024,0.5064352524402986,0.5063101076976271,0.4340175953079179,0.5786026200873362,0.4954506195205288,0.027696537148113824,799
breadth+calendar+equity_rotation+futures_core+interaction_consensus+technical_dynamics,"['breadth', 'calendar', 'equity_rotation', 'futures_core', 'interaction_consensus', 'technical_dynamics']",ok,99,2627,2007-08-20,2018-02-02,0.49427824718987085,0.0028037857450965986,0.4623865485191345,0.49708203293496744,0.5579405125436647,0.26462675716282463,0.5172604095303341,0.5158791208791209,0.4246153846153846,0.6071428571428571,0.49964829441564795,0.04809966270064764,801
breadth+equity_rotation+futures_core+macro_cross_asset+rates_credit,"['breadth', 'equity_rotation', 'futures_core', 'macro_cross_asset', 'rates_credit']",ok,81,2625,2007-08-20,2018-02-02,0.4924114993501033,0.0027079032545810344,0.44503630697727203,0.49511940260468434,0.552021112409745,0.2694166384179355,0.512316181155542,0.5076188257607673,0.39546191247974066,0.6197757390417941,0.4913455993890605,0.019583617222453782,799
breadth+calendar+futures_core+rates_credit,"['breadth', 'calendar', 'futures_core', 'rates_credit']",ok,72,2627,2007-08-20,2018-02-02,0.49427824718987085,0.0026198269518662443,0.46376559138298035,0.4968980741417371,0.5593444712735689,0.26342278618745363,0.5152622364314532,0.5129131492345114,0.41379310344827586,0.6120331950207469,0.5045189994137899,0.03437844658002717,801
breadth+calendar+equity_rotation+futures_core+macro_cross_asset+volatility_options_core,"['breadth', 'calendar', 'equity_rotation', 'futures_core', 'macro_cross_asset', 'volatility_options_core']",ok,88,2590,2007-08-20,2018-02-02,0.48758453085376163,0.0025326236263736313,0.4793953597545624,0.49011715448013526,0.5587711536965113,0.26953154534387475,0.509529532967033,0.5094186779987384,0.43202416918429004,0.5868131868131868,0.49810000413450045,0.01742511934491554,786
futures_core,['futures_core'],ok,32,2627,2007-08-20,2018-02-02,0.49427824718987085,0.0022265357387531437,0.45888273417949677,0.496504782928624,0.5732256814981586,0.2609085420135985,0.49674583238182235,0.496671200515427,0.42503639010189226,0.5683060109289617,0.4768535192293279,0.032528128859297394,801
breadth+calendar+rates_credit+trend_direction,"['breadth', 'calendar', 'rates_credit', 'trend_direction']",ok,80,2472,2008-04-10,2018-02-02,0.5107050974578119,0.002114856320586056,0.5195564925670624,0.512819953778398,0.5799170695740314,0.25689029254992113,0.5339612494367652,0.532633460468512,0.4889543446244477,0.5763125763125763,0.5190759414428947,0.030640453386021713,749
breadth+calendar+technical_dynamics,"['breadth', 'calendar', 'technical_dynamics']",ok,67,2633,2007-08-20,2018-02-02,0.482387020559996,0.002105011813200608,0.5009473860263824,0.4844920323731966,0.5456635022650467,0.2638387205796169,0.498875232493842,0.49827356244468546,0.4490358126721763,0.5475113122171946,0.4860858342442671,0.017276565117482684,805
calendar+macro_cross_asset+rates_credit,"['calendar', 'macro_cross_asset', 'rates_credit']",ok,55,2625,2007-08-20,2018-02-02,0.4924114993501033,0.002077121084690381,0.5184819400310516,0.4944886204347937,0.5478973019478955,0.2667097251706508,0.5322431633407243,0.5255113952413409,0.5171974522292994,0.5338253382533825,0.500626464447885,0.03219073654822495,799
macro_cross_asset+technical_dynamics+volatility_options_core,"['macro_cross_asset', 'technical_dynamics', 'volatility_options_core']",ok,65,2590,2007-08-20,2018-02-02,0.48758453085376163,0.0016245773457311818,0.4872274249792099,0.4892091081994928,0.5459588855820936,0.26382147933643674,0.5144296808960271,0.5109740783999662,0.4817320703653586,0.5402160864345739,0.482104479810247,0.05422657671782241,786
breadth+calendar+interaction_consensus+macro_cross_asset+rates_credit,"['breadth', 'calendar', 'interaction_consensus', 'macro_cross_asset', 'rates_credit']",ok,82,2625,2007-08-20,2018-02-02,0.4924114993501033,0.001516425822565337,0.5120899975299835,0.49392792517266865,0.5719338439921128,0.26264388961681984,0.5070373626933762,0.5025179692511336,0.48508430609597925,0.5199516324062878,0.49369987190284254,0.04156264233624294,799
calendar+equity_rotation+interaction_consensus+macro_cross_asset+volatility_options_core,"['calendar', 'equity_rotation', 'interaction_consensus', 'macro_cross_asset', 'volatility_options_core']",ok,75,2590,2007-08-20,2018-02-02,0.48758453085376163,0.0011094674556212936,0.47241371870040894,0.4886939983093829,0.5660040021218276,0.26677902005650744,0.4927356297548605,0.4925875247014066,0.4312590448625181,0.5539160045402951,0.48942359365347743,0.011025933324071674,786
calendar+rates_credit+technical_dynamics,"['calendar', 'rates_credit', 'technical_dynamics']",ok,68,2633,2007-08-20,2018-02-02,0.482387020559996,0.0009865279243954084,0.4785967320203781,0.4833735484843914,0.559702731981812,0.2642472415664177,0.48675727642889455,0.4865358139769871,0.4093567251461988,0.5637149028077754,0.4862525076950917,0.03750682380375899,805
breadth+calendar+futures_core+interaction_consensus+macro_cross_asset+trend_direction,"['breadth', 'calendar', 'futures_core', 'interaction_consensus', 'macro_cross_asset', 'trend_direction']",ok,94,2464,2008-04-10,2018-02-02,0.5065938594683701,0.0005004268346530116,0.5168004930019379,0.5070942863030231,0.576337605161904,0.2587029648665055,0.5086176444614524,0.508367944266178,0.45220030349013657,0.5645355850422196,0.5066070299388167,0.035435202674937306,744
calendar+interaction_consensus+macro_cross_asset+technical_dynamics+trend_direction,"['calendar', 'interaction_consensus', 'macro_cross_asset', 'technical_dynamics', 'trend_direction']",ok,90,2464,2008-04-10,2018-02-02,0.5065938594683701,0.00024285419916980633,0.48171424865722656,0.5068367136675399,0.5661948100000902,0.26440071324006614,0.5165876777251185,0.5152300524170064,0.47352941176470587,0.556930693069307,0.5081830068316872,0.035039066429442746,744
breadth+calendar+volatility_options_core,"['breadth', 'calendar', 'volatility_options_core']",ok,60,2598,2007-08-20,2018-02-02,0.4910656015871774,0.00021210222674700185,0.4936751425266266,0.4912777038139244,0.556773582914822,0.2598541633159942,0.5088495575221239,0.5083139083139083,0.452991452991453,0.5636363636363636,0.4872767634171109,0.03184957436461993,791
breadth+calendar+macro_cross_asset+trend_direction+volatility_options_core,"['breadth', 'calendar', 'macro_cross_asset', 'trend_direction', 'volatility_options_core']",ok,86,2429,2008-04-10,2018-02-02,0.511394307446939,2.300331247695464e-05,0.47650066018104553,0.511417310759416,0.5870854950146278,0.2558463902541676,0.5125674763832658,0.5124088831233012,0.4309210526315789,0.5938967136150235,0.5084735065026058,0.025698983820239996,730
base_only,[],ok,22,2633,2007-08-20,2018-02-02,0.482387020559996,0.0,0.49441419541835785,0.482387020559996,0.5467090505002221,0.25929035216922264,0.4974111496506309,0.49161165798108475,0.4789808917197452,0.5042424242424243,0.47636812421295177,0.025661593748340948,805
breadth+calendar+futures_core+macro_cross_asset,"['breadth', 'calendar', 'futures_core', 'macro_cross_asset']",ok,64,2625,2007-08-20,2018-02-02,0.4924114993501033,-6.371537069610467e-05,0.45719243586063385,0.4923477839794072,0.5555450715542946,0.2676493287786208,0.5086525473405205,0.5084967320261438,0.43529411764705883,0.5816993464052288,0.49753181202889957,0.039212060827347836,799
breadth+technical_dynamics,"['breadth', 'technical_dynamics']",ok,58,2633,2007-08-20,2018-02-02,0.482387020559996,-0.0004838385361685127,0.47860580682754517,0.4819031820238275,0.5558546404658484,0.25953908816964383,0.5039492535062584,0.5039487914685983,0.4367816091954023,0.5711159737417943,0.48247530761760427,0.030835150234544344,805
breadth+equity_rotation+futures_core+macro_cross_asset+technical_dynamics,"['breadth', 'equity_rotation', 'futures_core', 'macro_cross_asset', 'technical_dynamics']",ok,86,2625,2007-08-20,2018-02-02,0.4924114993501033,-0.0008792721156052341,0.5013138353824615,0.4915322272344981,0.5662683154399843,0.2558709624684555,0.5115261105589113,0.5114260651308122,0.4398826979472141,0.5829694323144105,0.4953528570911641,0.018137995834237634,799
calendar+equity_rotation+interaction_consensus+macro_cross_asset+trend_direction+volatility_options_core,"['calendar', 'equity_rotation', 'interaction_consensus', 'macro_cross_asset', 'trend_direction', 'volatility_options_core']",ok,93,2429,2008-04-10,2018-02-02,0.511394307446939,-0.0018095939148571327,0.4918580502271652,0.5095847135320819,0.5723547164422178,0.2618260419760804,0.5225432462274567,0.5222994060203363,0.43853820598006643,0.6060606060606061,0.5086318945513036,0.010748209875736079,730
macro_cross_asset+rates_credit,"['macro_cross_asset', 'rates_credit']",ok,46,2625,2007-08-20,2018-02-02,0.4924114993501033,-0.0019305757320897121,0.5151562392711639,0.4904809236180136,0.5696182296224401,0.2597402005240514,0.5081014093839998,0.5005976204835791,0.4968474148802018,0.5043478260869565,0.4938436988645141,0.024047360147228015,799
breadth,['breadth'],ok,37,2633,2007-08-20,2018-02-02,0.482387020559996,-0.0023123711858443197,0.47014227509498596,0.4800746493741517,0.568242551064397,0.26221755022015125,0.49576170009551096,0.4955580732117045,0.43916083916083914,0.5519553072625698,0.48676023260599965,0.014369816792453746,805
breadth+calendar+equity_rotation+interaction_consensus,"['breadth', 'calendar', 'equity_rotation', 'interaction_consensus']",ok,68,2629,2007-08-20,2018-02-02,0.4966401414677277,-0.0031261841606669005,0.4983487129211426,0.4935139573070608,0.5563443438963811,0.2630035113860593,0.49928634583806997,0.4992378048780488,0.4375,0.5609756097560976,0.49724971873073515,0.026887619033352232,803
breadth+calendar+equity_rotation+technical_dynamics+trend_direction,"['breadth', 'calendar', 'equity_rotation', 'technical_dynamics', 'trend_direction']",ok,95,2472,2008-04-10,2018-02-02,0.5107050974578119,-0.003909940551461433,0.4725533574819565,0.5067951569063505,0.5648327744167154,0.260797651360246,0.517187749821945,0.5171227935603466,0.4423380726698262,0.5919075144508671,0.5051124032163652,0.024477070182912283,749
interaction_consensus+rates_credit,"['interaction_consensus', 'rates_credit']",ok,50,2629,2007-08-20,2018-02-02,0.4966401414677277,-0.0042124542124541975,0.44855767488479614,0.4924276872552735,0.5680595279195542,0.26184383389364857,0.5101995705443981,0.5046838118579806,0.3862520458265139,0.6231155778894473,0.4949283079159086,0.044018786770889655,803
calendar+futures_core+macro_cross_asset+technical_dynamics+trend_direction+volatility_options_core,"['calendar', 'futures_core', 'macro_cross_asset', 'technical_dynamics', 'trend_direction', 'volatility_options_core']",ok,102,2429,2008-04-10,2018-02-02,0.511394307446939,-0.004278616120721446,0.5111344754695892,0.5071156913262176,0.6014535658300355,0.265005524845256,0.5065482762851183,0.497214042950093,0.49239280774550487,0.5020352781546812,0.505147133026686,0.0535085156548409,730
calendar+interaction_consensus,"['calendar', 'interaction_consensus']",ok,43,2629,2007-08-20,2018-02-02,0.4966401414677277,-0.004528230390299426,0.49384142458438873,0.4921119110774283,0.5678679696621558,0.26042359809797966,0.5007989137299482,0.4942195276333263,0.4847715736040609,0.5036674816625917,0.49216544342347585,0.018428352641584538,803
breadth+interaction_consensus,"['breadth', 'interaction_consensus']",ok,49,2629,2007-08-20,2018-02-02,0.4966401414677277,-0.0045755968169761685,0.45237940549850464,0.49206454465075156,0.5635528713227037,0.2639882144038917,0.5148446381205002,0.5131449948400413,0.4179566563467492,0.6083333333333333,0.4861979163448753,0.017607927452740837,803
calendar+equity_rotation+futures_core+interaction_consensus+technical_dynamics+volatility_options_core,"['calendar', 'equity_rotation', 'futures_core', 'interaction_consensus', 'technical_dynamics', 'volatility_options_core']",ok,98,2592,2007-08-20,2018-02-02,0.4935963182117028,-0.004589086127547659,0.4721522331237793,0.48900723208415514,0.5772854466759704,0.26606358623061727,0.49931623931623936,0.4993020438263801,0.4255952380952381,0.5730088495575221,0.4868791341591285,0.0282464659783008,788
equity_rotation+futures_core+technical_dynamics,"['equity_rotation', 'futures_core', 'technical_dynamics']",ok,63,2627,2007-08-20,2018-02-02,0.49427824718987085,-0.004681434117378369,0.4949137568473816,0.4895968130724925,0.5624149596531947,0.26322878191346316,0.5115418284235366,0.5004926477007695,0.5085995085995086,0.49238578680203043,0.4842955155303206,0.020072263463018845,801
calendar+equity_rotation+futures_core+trend_direction,"['calendar', 'equity_rotation', 'futures_core', 'trend_direction']",ok,69,2466,2008-04-10,2018-02-02,0.5101023449774605,-0.004684081464839895,0.42377348244190216,0.5054182635126206,0.570554139598217,0.264655444757107,0.5268306829361409,0.522654462242563,0.4105263157894737,0.6347826086956522,0.5007503471047748,0.016127416691187,745
breadth+calendar+interaction_consensus+macro_cross_asset+trend_direction,"['breadth', 'calendar', 'interaction_consensus', 'macro_cross_asset', 'trend_direction']",ok,84,2464,2008-04-10,2018-02-02,0.5065938594683701,-0.004783491801831019,0.5377338826656342,0.5018103676665391,0.5794109943530474,0.2611242210780282,0.5326528509611139,0.5228486003595075,0.5234899328859061,0.522207267833109,0.5015772261212291,0.007145847151768681,744
futures_core+rates_credit+volatility_options_core,"['futures_core', 'rates_credit', 'volatility_options_core']",ok,62,2592,2007-08-20,2018-02-02,0.4935963182117028,-0.0048191978961209525,0.4385105073451996,0.48877712031558185,0.5827335981523676,0.2626845588104418,0.4956936226166996,0.4889832680534555,0.3599320882852292,0.6180344478216818,0.4802870580593697,0.04871965434971993,788
calendar+equity_rotation+macro_cross_asset+trend_direction+volatility_options_core,"['calendar', 'equity_rotation', 'macro_cross_asset', 'trend_direction', 'volatility_options_core']",ok,81,2429,2008-04-10,2018-02-02,0.511394307446939,-0.0048767022451232656,0.5006541311740875,0.5065176052018158,0.5772242930378955,0.2596797162119857,0.5271055698687277,0.5260963979833566,0.4754601226993865,0.5767326732673267,0.5040684476561088,0.04544863473490248,730
calendar+equity_rotation+trend_direction,"['calendar', 'equity_rotation', 'trend_direction']",ok,59,2472,2008-04-10,2018-02-02,0.5107050974578119,-0.005000072675474865,0.4659224897623062,0.505705024782337,0.5794018089044526,0.260270728043858,0.510450733295542,0.5084616571574112,0.40871021775544386,0.6082130965593785,0.5048373209858624,0.023709641323532475,749
breadth+futures_core+macro_cross_asset,"['breadth', 'futures_core', 'macro_cross_asset']",ok,55,2625,2007-08-20,2018-02-02,0.4924114993501033,-0.005160945026378205,0.47912706434726715,0.4872505543237251,0.5497889566986953,0.270475455640367,0.5053966918979534,0.5020024899640008,0.4783180026281209,0.5256869772998806,0.48587290244169773,0.026252691110616747,799
technical_dynamics+trend_direction+volatility_options_core,"['technical_dynamics', 'trend_direction', 'volatility_options_core']",ok,75,2437,2008-04-10,2018-02-02,0.5075481125933105,-0.005337431673303805,0.47320881485939026,0.5022106809200066,0.5753741582227289,0.2607536234348173,0.5063519222324848,0.5063483684948379,0.43381180223285487,0.5788849347568209,0.5001782776998095,0.025693330955920003,735
breadth+calendar+equity_rotation+futures_core,"['breadth', 'calendar', 'equity_rotation', 'futures_core']",ok,66,2627,2007-08-20,2018-02-02,0.49427824718987085,-0.005442642916952123,0.47632114589214325,0.4888356042729187,0.5472929264516386,0.267792764116845,0.5157760523711654,0.5149844689969725,0.4689655172413793,0.5610034207525656,0.4905781032324114,0.01793154269827306,801
calendar+futures_core+macro_cross_asset+rates_credit+technical_dynamics+volatility_options_core,"['calendar', 'futures_core', 'macro_cross_asset', 'rates_credit', 'technical_dynamics', 'volatility_options_core']",ok,100,2590,2007-08-20,2018-02-02,0.48758453085376163,-0.005613377007607778,0.3906198590993881,0.48197115384615385,0.5762168407116823,0.2750920441230688,0.502139687235841,0.4897683756223965,0.34111310592459604,0.638423645320197,0.4832382664200567,0.03460234734008187,786
equity_rotation+trend_direction,"['equity_rotation', 'trend_direction']",ok,50,2472,2008-04-10,2018-02-02,0.5107050974578119,-0.0056904896873500865,0.4862334728240967,0.5050146077704618,0.5688108506550251,0.2569421698083475,0.5068787337025248,0.5055941069120641,0.41186161449752884,0.5993265993265994,0.5044223780252729,0.028991681263590103,749
breadth+futures_core+technical_dynamics,"['breadth', 'futures_core', 'technical_dynamics']",ok,68,2627,2007-08-20,2018-02-02,0.49427824718987085,-0.005696379183476652,0.4768669754266739,0.4885818680063942,0.5461598998949282,0.2626927244510703,0.49551838319250974,0.49501728110599075,0.41369047619047616,0.5763440860215053,0.4954198745214426,0.05435690136386883,801
calendar+interaction_consensus+macro_cross_asset+rates_credit+trend_direction,"['calendar', 'interaction_consensus', 'macro_cross_asset', 'rates_credit', 'trend_direction']",ok,85,2464,2008-04-10,2018-02-02,0.5065938594683701,-0.005835859998233772,0.4679270088672638,0.5007579994701363,0.5731354356339261,0.263616865940223,0.5070206941214566,0.5068286179825211,0.4299363057324841,0.5837209302325581,0.4976796657609302,0.04925443236131958,744
breadth+calendar+futures_core+macro_cross_asset+volatility_options_core,"['breadth', 'calendar', 'futures_core', 'macro_cross_asset', 'volatility_options_core']",ok,78,2590,2007-08-20,2018-02-02,0.48758453085376163,-0.006075655114116674,0.4830549955368042,0.48150887573964496,0.5701102030847194,0.26948109961844285,0.5029849957734573,0.5009085047769768,0.4628099173553719,0.5390070921985816,0.4737213926662438,0.015265753399006843,786
breadth+equity_rotation+rates_credit+volatility_options_core,"['breadth', 'equity_rotation', 'rates_credit', 'volatility_options_core']",ok,77,2598,2007-08-20,2018-02-02,0.4910656015871774,-0.0063630668024122206,0.455713227391243,0.48470253478476516,0.559410172746806,0.2665812182749097,0.49410029498525077,0.4936871117693035,0.4079147640791476,0.5794594594594594,0.47903743077609146,0.020548938975463768,791
calendar+equity_rotation+futures_core+technical_dynamics+trend_direction+volatility_options_core,"['calendar', 'equity_rotation', 'futures_core', 'technical_dynamics', 'trend_direction', 'volatility_options_core']",ok,104,2431,2008-04-10,2018-02-02,0.5096995287926076,-0.006639740529955418,0.49278099834918976,0.5030597882626522,0.5802338891344329,0.2611952975797112,0.505301083165045,0.5040808651925537,0.4552352048558422,0.5529265255292652,0.5086799815241737,0.03415513767757461,731
interaction_consensus+volatility_options_core,"['interaction_consensus', 'volatility_options_core']",ok,48,2594,2007-08-20,2018-02-02,0.49239034886314437,-0.0067896456264185945,0.4711640030145645,0.4856007032367258,0.5631542541699003,0.26379959710193285,0.49387947887009803,0.4937691932194978,0.4296081277213353,0.5579302587176603,0.4845575224759709,0.01875869143902517,789
breadth+calendar+equity_rotation+futures_core+macro_cross_asset+trend_direction,"['breadth', 'calendar', 'equity_rotation', 'futures_core', 'macro_cross_asset', 'trend_direction']",ok,92,2464,2008-04-10,2018-02-02,0.5065938594683701,-0.007101645521179811,0.45965731143951416,0.4994922139471903,0.5686759326782114,0.2681879035478271,0.5225854405227989,0.5212938976189627,0.4292845257903494,0.6133032694475761,0.4991831261230791,0.024280788418301346,744
calendar+futures_core+interaction_consensus+macro_cross_asset,"['calendar', 'futures_core', 'interaction_consensus', 'macro_cross_asset']",ok,61,2625,2007-08-20,2018-02-02,0.4924114993501033,-0.007410097611947997,0.5083256661891937,0.4850014017381553,0.5429409595829986,0.26405674478539437,0.49977381043402913,0.49748427672955975,0.4666666666666667,0.5283018867924528,0.48863468453514836,0.029279543208614034,799
calendar+rates_credit,"['calendar', 'rates_credit']",ok,47,2633,2007-08-20,2018-02-02,0.482387020559996,-0.007804252752224461,0.4878322333097458,0.47458276780777153,0.5553109379416394,0.2583796381826587,0.4919915296838084,0.4912829469672912,0.4059701492537313,0.5765957446808511,0.4669885481777613,0.02670006953976195,805
calendar+equity_rotation+macro_cross_asset,"['calendar', 'equity_rotation', 'macro_cross_asset']",ok,49,2625,2007-08-20,2018-02-02,0.4924114993501033,-0.007824247521472094,0.40944747626781464,0.4845872518286312,0.5401488379494699,0.26774528561746375,0.5299398526900629,0.5131373696012479,0.358974358974359,0.6673003802281369,0.4850279735832941,0.01020345530516828,799
futures_core+technical_dynamics+trend_direction,"['futures_core', 'technical_dynamics', 'trend_direction']",ok,71,2466,2008-04-10,2018-02-02,0.5101023449774605,-0.007855747911251987,0.49733375012874603,0.5022465970662086,0.5657645072538469,0.25726505886842277,0.5257624480566201,0.5257884821993613,0.45768025078369906,0.5938967136150235,0.5020831831521962,0.018697333457279197,745
breadth+calendar+interaction_consensus+volatility_options_core,"['breadth', 'calendar', 'interaction_consensus', 'volatility_options_core']",ok,72,2594,2007-08-20,2018-02-02,0.49239034886314437,-0.007983573649614994,0.47382085025310516,0.4844067752135294,0.56647366433239,0.2688317786880206,0.49757606371114815,0.49746864384635486,0.4331395348837209,0.5617977528089888,0.49431146129238385,0.036631656535980286,789
futures_core+macro_cross_asset,"['futures_core', 'macro_cross_asset']",ok,40,2625,2007-08-20,2018-02-02,0.4924114993501033,-0.008244768968065974,0.47171397507190704,0.48416673038203734,0.5719053706314783,0.25808410860795794,0.49150036954915,0.48670009488166144,0.3729903536977492,0.6004098360655737,0.4883631284818042,0.01861526247563469,799
calendar+equity_rotation+interaction_consensus+macro_cross_asset+technical_dynamics+trend_direction,"['calendar', 'equity_rotation', 'interaction_consensus', 'macro_cross_asset', 'technical_dynamics', 'trend_direction']",ok,100,2464,2008-04-10,2018-02-02,0.5065938594683701,-0.008323275735185875,0.4752729684114456,0.4982705837331842,0.5680562054796114,0.2590650828189463,0.5090150422419122,0.5021511202988235,0.3770197486535009,0.6272824919441461,0.49745337401066986,0.006011971496789869,744
breadth+calendar+rates_credit+technical_dynamics,"['breadth', 'calendar', 'rates_credit', 'technical_dynamics']",ok,83,2633,2007-08-20,2018-02-02,0.482387020559996,-0.008442039913537425,0.44640298187732697,0.47394498064645857,0.5450158653391748,0.2668227512181953,0.4883093299150455,0.4826410637853638,0.36245954692556637,0.6028225806451613,0.47698056008732403,0.01371471121031209,805
breadth+calendar+macro_cross_asset+technical_dynamics,"['breadth', 'calendar', 'macro_cross_asset', 'technical_dynamics']",ok,75,2625,2007-08-20,2018-02-02,0.4924114993501033,-0.008588831969824462,0.44124405086040497,0.48382266738027885,0.5387547333359382,0.26966882057129504,0.5071807222774422,0.5047951461377871,0.40625,0.6033402922755741,0.49435532377397745,0.030453239393168716,799
equity_rotation+rates_credit+volatility_options_core,"['equity_rotation', 'rates_credit', 'volatility_options_core']",ok,62,2598,2007-08-20,2018-02-02,0.4910656015871774,-0.008810400187955314,0.4917094260454178,0.48225520139922207,0.5578080193890105,0.26108915343598443,0.4941002949852507,0.4939696044684029,0.430635838150289,0.5573033707865168,0.47947390703012066,0.02687753123551763,791
breadth+macro_cross_asset+technical_dynamics,"['breadth', 'macro_cross_asset', 'technical_dynamics']",ok,66,2625,2007-08-20,2018-02-02,0.4924114993501033,-0.00917501338022797,0.438175767660141,0.48323648596987534,0.5468101664755857,0.26660490001792897,0.49268866121263094,0.489658698667172,0.38618524332810045,0.5931321540062435,0.4853597132513532,0.04365441857332721,799
calendar+futures_core+interaction_consensus+macro_cross_asset+technical_dynamics+trend_direction,"['calendar', 'futures_core', 'interaction_consensus', 'macro_cross_asset', 'technical_dynamics', 'trend_direction']",ok,100,2464,2008-04-10,2018-02-02,0.5065938594683701,-0.009309410968178722,0.5036214590072632,0.4972844485001914,0.573257810521367,0.25936073068452475,0.5061670248152836,0.5055936906674456,0.4550898203592814,0.5560975609756098,0.4981353727850057,0.028016078306030003,744
futures_core+macro_cross_asset+technical_dynamics,"['futures_core', 'macro_cross_asset', 'technical_dynamics']",ok,61,2625,2007-08-20,2018-02-02,0.4924114993501033,-0.009366159492316062,0.5200138688087463,0.48304533985778725,0.5513070264788599,0.26392701069738106,0.5014049239238474,0.48893821958010386,0.5036496350364964,0.4742268041237113,0.4822588012910473,0.013132905522048502,799
breadth+calendar+equity_rotation+macro_cross_asset+volatility_options_core,"['breadth', 'calendar', 'equity_rotation', 'macro_cross_asset', 'volatility_options_core']",ok,78,2590,2007-08-20,2018-02-02,0.48758453085376163,-0.009575760777683906,0.4623655825853348,0.4780087700760777,0.5669940824683963,0.26643702765982114,0.49331017540152156,0.49191984486102136,0.3956043956043956,0.5882352941176471,0.4752717198402892,0.016012702090060345,786
calendar+equity_rotation+rates_credit+technical_dynamics+trend_direction,"['calendar', 'equity_rotation', 'rates_credit', 'technical_dynamics', 'trend_direction']",ok,96,2472,2008-04-10,2018-02-02,0.5107050974578119,-0.009825724211107723,0.507711261510849,0.5008793732467042,0.5733656067248228,0.2649269831307661,0.5161012514716784,0.5096637358834537,0.49657064471879286,0.5227568270481144,0.4992203443272622,0.01945287245158496,749
interaction_consensus+macro_cross_asset+technical_dynamics,"['interaction_consensus', 'macro_cross_asset', 'technical_dynamics']",ok,63,2625,2007-08-20,2018-02-02,0.4924114993501033,-0.00992048321737149,0.4791371077299118,0.4824910161327318,0.5506973591698048,0.2631940256933445,0.5012105920432246,0.49881700432481213,0.46870838881491345,0.5289256198347108,0.47530191510115277,0.0274967540560362,799
equity_rotation+interaction_consensus,"['equity_rotation', 'interaction_consensus']",ok,44,2629,2007-08-20,2018-02-02,0.4966401414677277,-0.010635341669824439,0.45714138448238373,0.4860047997979033,0.5465047408718644,0.2627461491453563,0.5029272451686244,0.5007259261412544,0.401244167962675,0.6002076843198338,0.4858911318223247,0.06255127815720032,803
calendar+interaction_consensus+technical_dynamics,"['calendar', 'interaction_consensus', 'technical_dynamics']",ok,64,2629,2007-08-20,2018-02-02,0.4966401414677277,-0.011216369837059537,0.46567402780056,0.4854237716306682,0.5574401342862573,0.2635028117057931,0.4959959580649236,0.4939779813142554,0.3956723338485317,0.5922836287799792,0.4890846650542098,0.029157596538728785,803
futures_core+rates_credit+technical_dynamics,"['futures_core', 'rates_credit', 'technical_dynamics']",ok,69,2627,2007-08-20,2018-02-02,0.49427824718987085,-0.011310294080332906,0.47844094038009644,0.48296795310953794,0.5594189430896814,0.26453318600815207,0.48968562076577604,0.4896892512107919,0.42406876790830944,0.5553097345132744,0.4826526863460836,0.01879605247059681,801
rates_credit,['rates_credit'],ok,38,2633,2007-08-20,2018-02-02,0.482387020559996,-0.011323078469813452,0.4745269864797592,0.47106394209018254,0.5433721261250825,0.25984023797460765,0.48417156788820187,0.4800558155496812,0.3676703645007924,0.59244126659857,0.482424513228282,0.005627429153441503,805
equity_rotation+rates_credit+technical_dynamics,"['equity_rotation', 'rates_credit', 'technical_dynamics']",ok,69,2633,2007-08-20,2018-02-02,0.482387020559996,-0.011323078469813508,0.491239994764328,0.4710639420901825,0.5499567081345119,0.26820830071198454,0.4998114914794149,0.4997174429289506,0.4400564174894217,0.5593784683684795,0.47490977918420446,0.010129334439704474,805
breadth+calendar+equity_rotation+futures_core+interaction_consensus+volatility_options_core,"['breadth', 'calendar', 'equity_rotation', 'futures_core', 'interaction_consensus', 'volatility_options_core']",ok,92,2592,2007-08-20,2018-02-02,0.4935963182117028,-0.011406969099276743,0.5352721214294434,0.48218934911242606,0.5548082199639301,0.2667925367737078,0.4973241288625904,0.47993848825031993,0.503037667071689,0.45683930942895085,0.4791008019247862,0.018376725101917162,788
macro_cross_asset+technical_dynamics+trend_direction,"['macro_cross_asset', 'technical_dynamics', 'trend_direction']",ok,69,2464,2008-04-10,2018-02-02,0.5065938594683701,-0.013724941862176654,0.48941725492477417,0.49286891760619345,0.5586470721591554,0.26119612707516066,0.49877101056783724,0.4983765610867996,0.44511278195488724,0.551640340218712,0.48863934308007767,0.0242167306734285,744
rates_credit+technical_dynamics,"['rates_credit', 'technical_dynamics']",ok,59,2633,2007-08-20,2018-02-02,0.482387020559996,-0.013999899462122323,0.5042707026004791,0.46838712109787367,0.5374230237340748,0.2673288404271416,0.4944578494947972,0.48802099413399197,0.47848101265822784,0.4975609756097561,0.46526351755131595,0.005815590580837839,805
breadth+equity_rotation+futures_core+macro_cross_asset+volatility_options_core,"['breadth', 'equity_rotation', 'futures_core', 'macro_cross_asset', 'volatility_options_core']",ok,79,2590,2007-08-20,2018-02-02,0.48758453085376163,-0.014139106086221487,0.443617045879364,0.47344542476754015,0.5491512564040418,0.2643921020795143,0.5151957417582418,0.4989266985535642,0.33955223880597013,0.6583011583011583,0.47072926130601234,0.008970205335056892,786
calendar+equity_rotation+interaction_consensus+macro_cross_asset+rates_credit+trend_direction,"['calendar', 'equity_rotation', 'interaction_consensus', 'macro_cross_asset', 'rates_credit', 'trend_direction']",ok,95,2464,2008-04-10,2018-02-02,0.5065938594683701,-0.014276883223926284,0.4363400936126709,0.4923169762444438,0.576288819942345,0.2647721482290165,0.5094639545494686,0.5017651430694909,0.37318840579710144,0.6303418803418803,0.49657973005111217,0.031808181074746325,744
calendar+interaction_consensus+macro_cross_asset+technical_dynamics,"['calendar', 'interaction_consensus', 'macro_cross_asset', 'technical_dynamics']",ok,72,2625,2007-08-20,2018-02-02,0.4924114993501033,-0.014501618370415692,0.4337437152862549,0.4779098809796876,0.5439198798934597,0.2713809113262092,0.496183449295308,0.48896025157567924,0.36423841059602646,0.613682092555332,0.4728281795164169,0.017604917043912028,799
equity_rotation,['equity_rotation'],ok,32,2633,2007-08-20,2018-02-02,0.482387020559996,-0.014534006937113597,0.4771248996257782,0.4678530136228824,0.550505353885014,0.264720372349861,0.49219260543909915,0.48841786899922535,0.46553966189856955,0.5112960760998811,0.461183900290609,0.022254384900634278,805
calendar+futures_core+macro_cross_asset,"['calendar', 'futures_core', 'macro_cross_asset']",ok,49,2625,2007-08-20,2018-02-02,0.4924114993501033,-0.014571705278181413,0.4696258455514908,0.4778397940719219,0.5388155271975147,0.26757063735593695,0.49350421795754007,0.493024376531063,0.413075780089153,0.572972972972973,0.48643498018070175,0.03602331285470733,799
breadth+interaction_consensus+macro_cross_asset,"['breadth', 'interaction_consensus', 'macro_cross_asset']",ok,57,2625,2007-08-20,2018-02-02,0.4924114993501033,-0.01469276448250384,0.4960312694311142,0.47771873486759947,0.5462381955735011,0.2660350624925164,0.49714873716135277,0.496038954485821,0.4550408719346049,0.5370370370370371,0.47928931158757654,0.03941856697028418,799
breadth+equity_rotation+futures_core+interaction_consensus+macro_cross_asset,"['breadth', 'equity_rotation', 'futures_core', 'interaction_consensus', 'macro_cross_asset']",ok,77,2625,2007-08-20,2018-02-02,0.4924114993501033,-0.014973112113566334,0.42988090217113495,0.477438387236537,0.5398773584506067,0.27662138556651494,0.4977795193312434,0.4948795815452572,0.3924646781789639,0.5972944849115505,0.46968078722760437,0.033088403639102835,799
calendar+equity_rotation+macro_cross_asset+technical_dynamics+trend_direction+volatility_options_core,"['calendar', 'equity_rotation', 'macro_cross_asset', 'technical_dynamics', 'trend_direction', 'volatility_options_core']",ok,102,2429,2008-04-10,2018-02-02,0.511394307446939,-0.015235860630597453,0.5271876454353333,0.4961584468163416,0.5895971068196357,0.2658781850971348,0.5105201815728131,0.5025296850800207,0.49230769230769234,0.512751677852349,0.49827766501865245,0.04198219282052587,730
breadth+calendar+equity_rotation+interaction_consensus+macro_cross_asset+trend_direction,"['breadth', 'calendar', 'equity_rotation', 'interaction_consensus', 'macro_cross_asset', 'trend_direction']",ok,94,2464,2008-04-10,2018-02-02,0.5065938594683701,-0.015491154219775649,0.47359494864940643,0.49110270524859445,0.5497680016788301,0.2632941254892739,0.5101630802743516,0.5079578320630823,0.40809443507588533,0.6078212290502794,0.490248089032014,0.0249930221145714,744
equity_rotation+futures_core+rates_credit+volatility_options_core,"['equity_rotation', 'futures_core', 'rates_credit', 'volatility_options_core']",ok,72,2592,2007-08-20,2018-02-02,0.4935963182117028,-0.015647600262984895,0.446616530418396,0.4779487179487179,0.5528328702174969,0.2720323272640614,0.50155161078238,0.5012327677624602,0.4176829268292683,0.5847826086956521,0.4793634985803619,0.006795461713304702,788
calendar+macro_cross_asset+trend_direction+volatility_options_core,"['calendar', 'macro_cross_asset', 'trend_direction', 'volatility_options_core']",ok,71,2429,2008-04-10,2018-02-02,0.511394307446939,-0.015787940130045364,0.43172667920589447,0.49560636731689367,0.5748191670660787,0.26534372972682474,0.5004677340203656,0.49821675465057813,0.3923611111111111,0.6040723981900452,0.48830187745887166,0.014860956165903404,730
breadth+calendar+futures_core+macro_cross_asset+rates_credit+volatility_options_core,"['breadth', 'calendar', 'futures_core', 'macro_cross_asset', 'rates_credit', 'volatility_options_core']",ok,94,2590,2007-08-20,2018-02-02,0.48758453085376163,-0.017018438292476734,0.5094445943832397,0.4705660925612849,0.5497978021625207,0.26702055352677134,0.500158495350803,0.5000189024420312,0.43831640058055155,0.5617214043035108,0.47342161734401933,0.022218290928156966,786
breadth+equity_rotation+interaction_consensus+rates_credit,"['breadth', 'equity_rotation', 'interaction_consensus', 'rates_credit']",ok,75,2629,2007-08-20,2018-02-02,0.4966401414677277,-0.017077175697865377,0.5074348449707031,0.47956296576986235,0.5644821383068432,0.2650255271554708,0.49201086270051786,0.48832836006465247,0.46475195822454307,0.5119047619047619,0.4930604808987468,0.014008884639348459,803
calendar+equity_rotation+macro_cross_asset+rates_credit+technical_dynamics,"['calendar', 'equity_rotation', 'macro_cross_asset', 'rates_credit', 'technical_dynamics']",ok,86,2625,2007-08-20,2018-02-02,0.4924114993501033,-0.017413410811224272,0.48640695214271545,0.47499808853887904,0.5475774724582895,0.26277158329336525,0.49153541300303283,0.4904312052661066,0.40242057488653554,0.5784418356456777,0.4734328342640571,0.043020928277655135,799
breadth+calendar+macro_cross_asset+technical_dynamics+volatility_options_core,"['breadth', 'calendar', 'macro_cross_asset', 'technical_dynamics', 'volatility_options_core']",ok,89,2590,2007-08-20,2018-02-02,0.48758453085376163,-0.017592983939137774,0.42379772663116455,0.46999154691462386,0.5379676506185583,0.2743311776614124,0.49676405325443784,0.49246663796814466,0.37623762376237624,0.6086956521739131,0.47170226198042703,0.007724970746248603,786
breadth+trend_direction,"['breadth', 'trend_direction']",ok,55,2472,2008-04-10,2018-02-02,0.5107050974578119,-0.01770374569397809,0.4217445105314255,0.4930013517638338,0.5746347452411587,0.26238050627243703,0.5185976540356692,0.51007326007326,0.3772893772893773,0.6428571428571429,0.49293198575970787,0.018588521870282586,749
calendar+equity_rotation+macro_cross_asset+technical_dynamics+trend_direction,"['calendar', 'equity_rotation', 'macro_cross_asset', 'technical_dynamics', 'trend_direction']",ok,88,2464,2008-04-10,2018-02-02,0.5065938594683701,-0.017890259338847914,0.45903491973876953,0.4887036001295222,0.5412402723454268,0.2673862156760706,0.512819758028907,0.5112612612612613,0.4166666666666667,0.6058558558558559,0.48699221969664896,0.03280045798641425,744
calendar+equity_rotation+technical_dynamics+volatility_options_core,"['calendar', 'equity_rotation', 'technical_dynamics', 'volatility_options_core']",ok,76,2598,2007-08-20,2018-02-02,0.4910656015871774,-0.018031952384681693,0.4643114358186722,0.4730336492024957,0.5596710335642346,0.2680491754871896,0.4937315634218289,0.4932368223852698,0.40610687022900765,0.5803667745415318,0.46977108054448463,0.027174601657028293,791
macro_cross_asset+rates_credit+volatility_options_core,"['macro_cross_asset', 'rates_credit', 'volatility_options_core']",ok,60,2590,2007-08-20,2018-02-02,0.48758453085376163,-0.018464708368554517,0.4655354619026184,0.4691198224852071,0.5552887838710522,0.26669119427371013,0.4831070371935756,0.4830579816899927,0.4186046511627907,0.5475113122171946,0.4664796469258226,0.02136270395872617,786
calendar+futures_core+interaction_consensus+macro_cross_asset+volatility_options_core,"['calendar', 'futures_core', 'interaction_consensus', 'macro_cross_asset', 'volatility_options_core']",ok,75,2590,2007-08-20,2018-02-02,0.48758453085376163,-0.01851093617920546,0.41290971636772156,0.46907359467455617,0.5466260833218632,0.2772470279704447,0.4957008136094675,0.48958137756288467,0.3642495784148398,0.6149131767109295,0.47061172811633484,0.015415130170240996,786
breadth+equity_rotation+macro_cross_asset+technical_dynamics,"['breadth', 'equity_rotation', 'macro_cross_asset', 'technical_dynamics']",ok,76,2625,2007-08-20,2018-02-02,0.4924114993501033,-0.01899992354155522,0.41609661281108856,0.4734115758085481,0.5542217633964008,0.26807120159923903,0.5011150189871805,0.4880928038822776,0.34265734265734266,0.6335282651072125,0.47632302059414994,0.05691904924268079,799
rates_credit+trend_direction+volatility_options_core,"['rates_credit', 'trend_direction', 'volatility_options_core']",ok,70,2437,2008-04-10,2018-02-02,0.5075481125933105,-0.019646291052798914,0.45454585552215576,0.48790182154051154,0.5685279719944889,0.2624117987343711,0.49758112139060917,0.4945639151499331,0.38178633975481613,0.60734149054505,0.4923893728606177,0.0479131546305119,735
breadth+calendar+equity_rotation+futures_core+rates_credit+volatility_options_core,"['breadth', 'calendar', 'equity_rotation', 'futures_core', 'rates_credit', 'volatility_options_core']",ok,96,2592,2007-08-20,2018-02-02,0.4935963182117028,-0.01983563445101899,0.5326600670814514,0.4737606837606838,0.5432442738446053,0.2711679489539776,0.5125246548323472,0.5012489551777285,0.5044136191677175,0.49808429118773945,0.4645184382496537,0.021133465568268596,788
calendar+equity_rotation+futures_core+trend_direction+volatility_options_core,"['calendar', 'equity_rotation', 'futures_core', 'trend_direction', 'volatility_options_core']",ok,83,2431,2008-04-10,2018-02-02,0.5096995287926076,-0.020301695122697527,0.45755109190940857,0.4893978336699101,0.5720029055611218,0.2642663171087222,0.5053661036656264,0.5043933009687991,0.40947546531302875,0.5993111366245695,0.4921802025758782,0.007254143624866189,731
calendar+macro_cross_asset+trend_direction,"['calendar', 'macro_cross_asset', 'trend_direction']",ok,57,2464,2008-04-10,2018-02-02,0.5065938594683701,-0.020638927320361544,0.4625275433063507,0.48595493214800856,0.5517444834009089,0.26450415404281935,0.4991316122575138,0.4972972972972973,0.4,0.5945945945945946,0.4759808868563364,0.02455960931940039,744
breadth+calendar+equity_rotation+futures_core+rates_credit+technical_dynamics,"['breadth', 'calendar', 'equity_rotation', 'futures_core', 'rates_credit', 'technical_dynamics']",ok,103,2627,2007-08-20,2018-02-02,0.49427824718987085,-0.020647788688437252,0.48957133293151855,0.4736304585014336,0.5518750346882182,0.2731262904431069,0.4846235822486108,0.484243570145513,0.43273231622746183,0.5357548240635641,0.48391674384766187,0.01109216281883121,801
futures_core+trend_direction,"['futures_core', 'trend_direction']",ok,50,2466,2008-04-10,2018-02-02,0.5101023449774605,-0.020652541004067326,0.48985937237739563,0.4894498039733932,0.5531849927500236,0.26217282144404563,0.5106272851416237,0.5100657447703851,0.4587706146926537,0.5613608748481167,0.48418219652118966,0.0673748379016021,745
breadth+volatility_options_core,"['breadth', 'volatility_options_core']",ok,51,2598,2007-08-20,2018-02-02,0.4910656015871774,-0.02133422089957454,0.4630827158689499,0.46973138068760284,0.5516030800791552,0.27117299437800585,0.4767699115044247,0.475816867003652,0.42677824267782427,0.5248554913294797,0.4637041242450925,0.08763998619321366,791
breadth+calendar+equity_rotation+futures_core+technical_dynamics+volatility_options_core,"['breadth', 'calendar', 'equity_rotation', 'futures_core', 'technical_dynamics', 'volatility_options_core']",ok,101,2592,2007-08-20,2018-02-02,0.4935963182117028,-0.022695595003287272,0.5234889984130859,0.47090072320841553,0.5600399042960084,0.2641935551344054,0.48076265614727154,0.4790082644628099,0.4380165289256198,0.52,0.47377229378295804,0.0269025919619281,788
breadth+calendar+equity_rotation+technical_dynamics+volatility_options_core,"['breadth', 'calendar', 'equity_rotation', 'technical_dynamics', 'volatility_options_core']",ok,91,2598,2007-08-20,2018-02-02,0.4910656015871774,-0.022789568486177636,0.5057714581489563,0.46827603310099974,0.5373055731773175,0.26842796589070544,0.4911504424778761,0.4894926165855229,0.44689655172413795,0.5320886814469078,0.47549702069319694,0.015684873681459016,791
breadth+equity_rotation+macro_cross_asset+volatility_options_core,"['breadth', 'equity_rotation', 'macro_cross_asset', 'volatility_options_core']",ok,69,2590,2007-08-20,2018-02-02,0.48758453085376163,-0.022796914623837705,0.47372038662433624,0.46478761622992393,0.5518193718524931,0.2652682627773859,0.4981376796280642,0.49669156883671295,0.4,0.5933831376734259,0.47065533771516915,0.02889898487463776,786
breadth+equity_rotation+futures_core+macro_cross_asset+trend_direction,"['breadth', 'equity_rotation', 'futures_core', 'macro_cross_asset', 'trend_direction']",ok,83,2464,2008-04-10,2018-02-02,0.5065938594683701,-0.02313002266639197,0.45181556046009064,0.48346383680197813,0.5391877445534147,0.27167258901605523,0.516293308998852,0.5150879506158041,0.423841059602649,0.6063348416289592,0.48170070396897535,0.01880024204196687,744
calendar+equity_rotation+volatility_options_core,"['calendar', 'equity_rotation', 'volatility_options_core']",ok,55,2598,2007-08-20,2018-02-02,0.4910656015871774,-0.02314851071605717,0.47212639451026917,0.4679170908711202,0.5385084003539123,0.2696072585872667,0.4996312684365781,0.49961013932002407,0.424962852897474,0.5742574257425742,0.4728074727301204,0.05193500215720624,791
breadth+macro_cross_asset+volatility_options_core,"['breadth', 'macro_cross_asset', 'volatility_options_core']",ok,59,2590,2007-08-20,2018-02-02,0.48758453085376163,-0.02335164835164838,0.4635232836008072,0.46423288250211325,0.5380592134458506,0.2709658301315768,0.4855240912933221,0.4840017125731411,0.38618524332810045,0.5818181818181818,0.4708765203392189,0.04880622586113443,786
breadth+equity_rotation+rates_credit+technical_dynamics,"['breadth', 'equity_rotation', 'rates_credit', 'technical_dynamics']",ok,84,2633,2007-08-20,2018-02-02,0.482387020559996,-0.02389659679284173,0.47044578194618225,0.45849042376715426,0.5486838057641813,0.2718853161053333,0.4797698939325391,0.4786410470620997,0.3879699248120301,0.5693121693121693,0.4590112093938907,0.029401767854704632,805
breadth+calendar+equity_rotation+rates_credit+technical_dynamics,"['breadth', 'calendar', 'equity_rotation', 'rates_credit', 'technical_dynamics']",ok,93,2633,2007-08-20,2018-02-02,0.482387020559996,-0.024003418287839917,0.4775397926568985,0.4583836022721561,0.535528894709344,0.2731083289117002,0.48477165334539785,0.47807379464811983,0.35294117647058826,0.6032064128256514,0.464974783900237,0.014438744450018099,805
breadth+calendar+equity_rotation+futures_core+technical_dynamics+trend_direction,"['breadth', 'calendar', 'equity_rotation', 'futures_core', 'technical_dynamics', 'trend_direction']",ok,105,2466,2008-04-10,2018-02-02,0.5101023449774605,-0.024125222090069398,0.473726287484169,0.48597712288739114,0.5376976364816546,0.26372840288056926,0.5116955200211445,0.5100419891738757,0.41402337228714525,0.6060606060606061,0.4924486088729516,0.04023355106727574,745
breadth+calendar+interaction_consensus+trend_direction,"['breadth', 'calendar', 'interaction_consensus', 'trend_direction']",ok,76,2468,2008-04-10,2018-02-02,0.5217025940811107,-0.02412860796492522,0.4655945897102356,0.49757398611618553,0.5660553095832264,0.2648564935074103,0.5064267446108879,0.5064162754303599,0.4350547730829421,0.5777777777777777,0.4934692159330778,0.0108000597248115,747
breadth+rates_credit+volatility_options_core,"['breadth', 'rates_credit', 'volatility_options_core']",ok,67,2598,2007-08-20,2018-02-02,0.4910656015871774,-0.02434933563056374,0.4735317826271057,0.46671626595661364,0.5460370118768684,0.2724234695822557,0.4793510324483776,0.47921369450714824,0.4166666666666667,0.5417607223476298,0.46932170088092323,0.010595261667909302,791
calendar+futures_core+macro_cross_asset+trend_direction+volatility_options_core,"['calendar', 'futures_core', 'macro_cross_asset', 'trend_direction', 'volatility_options_core']",ok,81,2429,2008-04-10,2018-02-02,0.511394307446939,-0.024690222058643074,0.4846302419900894,0.48670408538829596,0.5611518333709713,0.2658765355829763,0.5006287572077046,0.5006275449101797,0.4288,0.5724550898203593,0.47775456483847617,0.07858325027192686,730
equity_rotation+futures_core,"['equity_rotation', 'futures_core']",ok,42,2627,2007-08-20,2018-02-02,0.49427824718987085,-0.02473294257948294,0.46923868358135223,0.4695453046103879,0.5430216002818737,0.26688347453527733,0.4839384943289945,0.48392451345072296,0.414985590778098,0.552863436123348,0.464426728185481,0.03137542510586601,801
futures_core+technical_dynamics+volatility_options_core,"['futures_core', 'technical_dynamics', 'volatility_options_core']",ok,67,2592,2007-08-20,2018-02-02,0.4935963182117028,-0.024799474030243296,0.4939422160387039,0.4687968441814595,0.554744894966634,0.2701647841239103,0.4877514792899408,0.48072278479992914,0.4695201037613489,0.4919254658385093,0.4710462254033729,0.0016292244668440444,788
macro_cross_asset+trend_direction,"['macro_cross_asset', 'trend_direction']",ok,48,2464,2008-04-10,2018-02-02,0.5065938594683701,-0.025359865767860867,0.4772952198982239,0.48123399370050923,0.5719446365109885,0.2607274303602832,0.4968944099378882,0.49484416301158973,0.4595375722543353,0.5301507537688442,0.48001272666107475,0.04085230503452593,744
breadth+calendar+equity_rotation+macro_cross_asset+rates_credit,"['breadth', 'calendar', 'equity_rotation', 'macro_cross_asset', 'rates_credit']",ok,80,2625,2007-08-20,2018-02-02,0.4924114993501033,-0.02551800596375875,0.47561147809028625,0.46689349338634456,0.5495639451966352,0.2690294425824077,0.4891492723704666,0.48913124935224384,0.4213564213564214,0.5569060773480663,0.47212807223591674,0.03580985602697454,799
trend_direction+volatility_options_core,"['trend_direction', 'volatility_options_core']",ok,54,2437,2008-04-10,2018-02-02,0.5075481125933105,-0.02625562133761339,0.46072088181972504,0.48129249125569706,0.5608768754936215,0.2660138059777813,0.49466256832669625,0.4937637564196625,0.44072948328267475,0.5467980295566502,0.4783494737199159,0.05024726906033102,735
breadth+macro_cross_asset+rates_credit,"['breadth', 'macro_cross_asset', 'rates_credit']",ok,61,2625,2007-08-20,2018-02-02,0.4924114993501033,-0.02643550730178157,0.4840354472398758,0.46597599204832174,0.5367883043716088,0.2633397959078624,0.49161505721640286,0.4912680809023652,0.413589364844904,0.5689467969598263,0.4665650920650646,0.010547772896007118,799
breadth+technical_dynamics+volatility_options_core,"['breadth', 'technical_dynamics', 'volatility_options_core']",ok,72,2598,2007-08-20,2018-02-02,0.4910656015871774,-0.0272991881379383,0.5002517998218536,0.4637664134492391,0.5652042323396133,0.2665878199542107,0.49668141592920356,0.4942130224667112,0.45776566757493187,0.5306603773584906,0.46949626496309116,0.03907695649322465,791
breadth+equity_rotation+interaction_consensus+macro_cross_asset,"['breadth', 'equity_rotation', 'interaction_consensus', 'macro_cross_asset']",ok,67,2625,2007-08-20,2018-02-02,0.4924114993501033,-0.02734026556566521,0.5054343044757843,0.4650712337844381,0.5370194220228537,0.275209727180851,0.4861419068736142,0.4831239793995729,0.45789473684210524,0.5083532219570406,0.4701100748827641,0.04730282596990934,799
breadth+macro_cross_asset+trend_direction,"['breadth', 'macro_cross_asset', 'trend_direction']",ok,63,2464,2008-04-10,2018-02-02,0.5065938594683701,-0.02759706808748652,0.5205366909503937,0.4789967913808836,0.5636030940017422,0.258667634011723,0.4975935356627712,0.49048001951519204,0.4829467939972715,0.49801324503311256,0.4741122859704334,0.013478267910295912,744
interaction_consensus+rates_credit+volatility_options_core,"['interaction_consensus', 'rates_credit', 'volatility_options_core']",ok,64,2594,2007-08-20,2018-02-02,0.49239034886314437,-0.027650585811936634,0.4887077212333679,0.46473976305120773,0.554319237774832,0.27052049038326786,0.4913112216114092,0.48900036662752744,0.45143638850889195,0.526564344746163,0.46793424208801676,0.026565736943804978,789
calendar+equity_rotation+futures_core+macro_cross_asset+technical_dynamics+volatility_options_core,"['calendar', 'equity_rotation', 'futures_core', 'macro_cross_asset', 'technical_dynamics', 'volatility_options_core']",ok,94,2590,2007-08-20,2018-02-02,0.48758453085376163,-0.028060281065088788,0.44324469566345215,0.45952424978867284,0.525272275525337,0.2715017172593632,0.49341583896872354,0.4893728035848564,0.37438423645320196,0.6043613707165109,0.45952427392631817,0.03499785206594364,786
calendar+trend_direction,"['calendar', 'trend_direction']",ok,49,2472,2008-04-10,2018-02-02,0.5107050974578119,-0.028132676347039975,0.4164019078016281,0.4825724211107719,0.5565857509935591,0.2652822690193617,0.5139355223186384,0.49153857343742424,0.3170731707317073,0.6660039761431411,0.47894661441761904,0.02355439489021883,749
breadth+calendar+macro_cross_asset+rates_credit+technical_dynamics,"['breadth', 'calendar', 'macro_cross_asset', 'rates_credit', 'technical_dynamics']",ok,91,2625,2007-08-20,2018-02-02,0.4924114993501033,-0.028308739200244848,0.42402975261211395,0.46410276014985846,0.5416838093968797,0.2706160593906545,0.49947434819175773,0.4840132455790819,0.3309608540925267,0.637065637065637,0.4686721189023662,0.008604587247991066,799
calendar+futures_core+interaction_consensus+macro_cross_asset+technical_dynamics+volatility_options_core,"['calendar', 'futures_core', 'interaction_consensus', 'macro_cross_asset', 'technical_dynamics', 'volatility_options_core']",ok,96,2590,2007-08-20,2018-02-02,0.48758453085376163,-0.02877351014370244,0.5156227052211761,0.4588110207100592,0.5527627613356856,0.27207974423687153,0.4915337066779375,0.47648148418243075,0.4944649446494465,0.45849802371541504,0.46236977226222226,0.027529278901683232,786
breadth+calendar+equity_rotation+futures_core+interaction_consensus+macro_cross_asset+rates_credit+technical_dynamics+trend_direction+volatility_options_core,"['breadth', 'calendar', 'equity_rotation', 'futures_core', 'interaction_consensus', 'macro_cross_asset', 'rates_credit', 'technical_dynamics', 'trend_direction', 'volatility_options_core']",ok,155,2429,2008-04-10,2018-02-02,0.511394307446939,-0.02898417372101586,0.506622314453125,0.4824101337259232,0.555952948142503,0.26761775704551943,0.4971782603361551,0.4952201020215379,0.4537313432835821,0.5367088607594936,0.4784669239780211,0.023543531078361664,730
equity_rotation+futures_core+rates_credit+trend_direction,"['equity_rotation', 'futures_core', 'rates_credit', 'trend_direction']",ok,76,2466,2008-04-10,2018-02-02,0.5101023449774605,-0.028992849066854565,0.44707679748535156,0.481109495910606,0.5607504685265468,0.2650371486456627,0.5030285009470948,0.49748825335679797,0.37742504409171074,0.6175514626218852,0.48282462576002255,0.01047218405894473,745
breadth+calendar+equity_rotation+futures_core+interaction_consensus+macro_cross_asset,"['breadth', 'calendar', 'equity_rotation', 'futures_core', 'interaction_consensus', 'macro_cross_asset']",ok,86,2625,2007-08-20,2018-02-02,0.4924114993501033,-0.029802864643066584,0.47692760825157166,0.4626086347070367,0.5450489772764815,0.265469674897276,0.4855748400744196,0.4854809034386499,0.428169014084507,0.5427927927927928,0.4664247437295795,0.023411524594199425,799
breadth+equity_rotation+macro_cross_asset+rates_credit,"['breadth', 'equity_rotation', 'macro_cross_asset', 'rates_credit']",ok,71,2625,2007-08-20,2018-02-02,0.4924114993501033,-0.03016922802456873,0.47359462082386017,0.4622422713255346,0.5453991313605833,0.2692687150585064,0.4830740117746005,0.4829569694035538,0.4104803493449782,0.5554335894621295,0.45783255861571553,0.02377396099401828,799
trend_direction,['trend_direction'],ok,40,2472,2008-04-10,2018-02-02,0.5107050974578119,-0.031483015741507914,0.48592840135097504,0.479222081716304,0.5499918306895341,0.26212440448343205,0.49293231006264626,0.4897172397391446,0.4611032531824611,0.5183312262958281,0.4785850668362423,0.032710796021094064,749
breadth+calendar+rates_credit+volatility_options_core,"['breadth', 'calendar', 'rates_credit', 'volatility_options_core']",ok,76,2598,2007-08-20,2018-02-02,0.4910656015871774,-0.03188059623567496,0.4344897121191025,0.4591850053515024,0.5455020450693151,0.2666702554685178,0.48893805309734517,0.47576229721766106,0.3220035778175313,0.6295210166177908,0.46824469621887266,0.04704334760493323,791
interaction_consensus+technical_dynamics+volatility_options_core,"['interaction_consensus', 'technical_dynamics', 'volatility_options_core']",ok,69,2594,2007-08-20,2018-02-02,0.49239034886314437,-0.0321638961413821,0.47668033838272095,0.46022645272176227,0.5353971390376716,0.2654926868026651,0.4890447263805613,0.48687227623198126,0.3821656050955414,0.5915789473684211,0.46172526745798165,0.03697383340217678,789
technical_dynamics+trend_direction,"['technical_dynamics', 'trend_direction']",ok,61,2472,2008-04-10,2018-02-02,0.5107050974578119,-0.033692350179508446,0.46513423323631287,0.47701274727830345,0.5484445789347783,0.2635119143399306,0.496398930217009,0.48755358884777034,0.35208711433756806,0.6230200633579726,0.48335605277849725,0.044845514235410076,749
rates_credit+technical_dynamics+volatility_options_core,"['rates_credit', 'technical_dynamics', 'volatility_options_core']",ok,73,2598,2007-08-20,2018-02-02,0.4910656015871774,-0.03389719894536253,0.45315659046173096,0.45716840264181485,0.5374602706966813,0.27428427658230636,0.4837758112094395,0.48352560569073677,0.4006024096385542,0.5664488017429193,0.4565933182498411,0.010341567373563003,791
breadth+calendar+futures_core+macro_cross_asset+rates_credit,"['breadth', 'calendar', 'futures_core', 'macro_cross_asset', 'rates_credit']",ok,80,2625,2007-08-20,2018-02-02,0.4924114993501033,-0.03451143053750294,0.48107588291168213,0.45790006881260037,0.5384383525934677,0.27039367814636334,0.48393416927899685,0.48394209354120266,0.42,0.5478841870824054,0.4633020496802434,0.040182958942946545,799
breadth+calendar+macro_cross_asset+rates_credit+volatility_options_core,"['breadth', 'calendar', 'macro_cross_asset', 'rates_credit', 'volatility_options_core']",ok,84,2590,2007-08-20,2018-02-02,0.48758453085376163,-0.034518966610312785,0.4135323613882065,0.45306556424344885,0.5365979429939928,0.2783134078565109,0.4883571956889265,0.4786087855152814,0.33797909407665505,0.6192384769539078,0.45002289892271863,0.026858269373666855,786
interaction_consensus+trend_direction,"['interaction_consensus', 'trend_direction']",ok,52,2468,2008-04-10,2018-02-02,0.5217025940811107,-0.03480453050785537,0.4823736697435379,0.4868980635732554,0.5627030211903756,0.26357925659608167,0.5218158567774936,0.5211751367213553,0.434640522875817,0.6077097505668935,0.47452370658854326,0.028299030094913726,747
rates_credit+trend_direction,"['rates_credit', 'trend_direction']",ok,56,2472,2008-04-10,2018-02-02,0.5107050974578119,-0.03521126760563387,0.5354145467281342,0.47549382985217803,0.5589759181042049,0.2630721195989658,0.5027144289887935,0.492648736523872,0.4946808510638298,0.4906166219839142,0.4808551843649295,0.0022777040231253673,749
breadth+calendar+interaction_consensus+technical_dynamics,"['breadth', 'calendar', 'interaction_consensus', 'technical_dynamics']",ok,79,2629,2007-08-20,2018-02-02,0.4966401414677277,-0.03637741568776054,0.4767206162214279,0.4602627257799672,0.5382034019999187,0.2667023016083444,0.4873721106479727,0.48675374769878144,0.40238450074515647,0.5711229946524065,0.46534579219833544,0.02252443665960627,803
breadth+equity_rotation+rates_credit+trend_direction,"['breadth', 'equity_rotation', 'rates_credit', 'trend_direction']",ok,81,2472,2008-04-10,2018-02-02,0.5107050974578119,-0.03920115117952294,0.43661928176879883,0.47150394627828895,0.5465787958598944,0.26553324289750635,0.5148548670765564,0.5019089643086263,0.35361216730038025,0.6502057613168725,0.4692144008086478,0.013961914457556101,749
calendar+technical_dynamics+trend_direction,"['calendar', 'technical_dynamics', 'trend_direction']",ok,70,2472,2008-04-10,2018-02-02,0.5107050974578119,-0.04236253433916193,0.5135273337364197,0.46834256311864997,0.5414298162599103,0.2638438266318217,0.49512710940565996,0.48950527412609374,0.4738292011019284,0.5051813471502591,0.4663819699518921,0.0300934345339515,749
calendar+equity_rotation+interaction_consensus,"['calendar', 'equity_rotation', 'interaction_consensus']",ok,53,2629,2007-08-20,2018-02-02,0.4966401414677277,-0.044669698117974,0.41442960500717163,0.4519704433497537,0.5443999752008836,0.27355132235911434,0.48848364279398765,0.4690909090909091,0.3018181818181818,0.6363636363636364,0.43646438027886575,0.015992866011029706,803
calendar+volatility_options_core,"['calendar', 'volatility_options_core']",ok,45,2598,2007-08-20,2018-02-02,0.4910656015871774,-0.04467851828647518,0.42957401275634766,0.4463870833007022,0.5242980194109572,0.27663062151986084,0.48008849557522126,0.4744186046511628,0.3488372093023256,0.6,0.4463794818079754,0.015838197993160507,791
equity_rotation+macro_cross_asset+technical_dynamics,"['equity_rotation', 'macro_cross_asset', 'technical_dynamics']",ok,61,2625,2007-08-20,2018-02-02,0.4924114993501033,-0.046206386828758605,0.4350334107875824,0.4462051125213447,0.5266801898513347,0.26968536884978733,0.4950047149374315,0.4691424957079606,0.2884250474383302,0.6498599439775911,0.4469207989198374,0.007543355851569081,799
calendar+equity_rotation+rates_credit+technical_dynamics+volatility_options_core,"['calendar', 'equity_rotation', 'rates_credit', 'technical_dynamics', 'volatility_options_core']",ok,92,2598,2007-08-20,2018-02-02,0.4910656015871774,-0.04664943743963257,0.42772310972213745,0.4444161641475448,0.5250141419239857,0.27675022057555004,0.47492625368731567,0.4667768515857047,0.3299319727891156,0.6036217303822937,0.4406750222943971,0.018710677767933524,791
breadth+calendar+macro_cross_asset+rates_credit+trend_direction,"['breadth', 'calendar', 'macro_cross_asset', 'rates_credit', 'trend_direction']",ok,88,2464,2008-04-10,2018-02-02,0.5065938594683701,-0.04737128727444001,0.5192636847496033,0.4592225721939301,0.5384849944607926,0.26819663161943125,0.5001692620176033,0.4905831151867931,0.4926372155287818,0.4885290148448043,0.4581147460445236,0.03398003914242378,744
calendar+interaction_consensus+macro_cross_asset+rates_credit,"['calendar', 'interaction_consensus', 'macro_cross_asset', 'rates_credit']",ok,67,2625,2007-08-20,2018-02-02,0.4924114993501033,-0.05221474628539402,0.43738143146038055,0.4401967530647093,0.5209468362265803,0.2767760933809196,0.48740347121339556,0.4719950968307448,0.31802120141342755,0.625968992248062,0.44187193837117383,0.01576157394854912,799
