feature_date,target_date,future_log_return,direction,implied_realized_ratio_20,realized_volatility_20,vvix_level,ma_alignment_score,adx_14,rsp_relative_return_20,sector_volume_breadth,hyg_lqd_relative_return_5,crude_return_5d,outer_fold,actual_up,score,saved_decision_threshold,predicted_up,regime__implied_realized_ratio_20,regime__realized_volatility_20,regime__vvix_level,regime__ma_alignment_score,regime__adx_14,regime__rsp_relative_return_20,regime__sector_volume_breadth,regime__hyg_lqd_relative_return_5,regime__crude_return_5d
2010-11-22,2010-11-23,-0.014582939436894508,DOWN,1.4941220881910633,0.007745024922724655,78.38999938964844,1.0,16.601858825279944,0.005811384279766253,0.19147715313253716,-0.01577255226283777,-0.03745939496495734,1,0,0.6192055940628052,0.3204227089881897,1,HIGH,LOW,MID,HIGH,LOW,MID,MID,LOW,LOW
2010-11-23,2010-11-24,0.014666091871414004,UP,1.5349464499363308,0.008466535060884788,87.44000244140625,0.0,16.332015998058417,0.0057422575285277135,-1.1355416989767149,-0.013739651928179473,-0.01332615065645079,1,1,0.7197080850601196,0.3204227089881897,1,HIGH,LOW,MID,MID,LOW,MID,LOW,LOW,MID
2010-11-24,2010-11-26,-0.011715564095365463,DOWN,1.3580402098717725,0.009073105048074792,81.55000305175781,0.0,15.177396836648109,0.010149498341554071,0.8353237468590686,-0.004585739349279617,0.04163715376573649,1,0,0.05222691595554352,0.3204227089881897,0,MID,LOW,MID,MID,LOW,HIGH,HIGH,MID,HIGH
2010-11-30,2010-12-01,0.02104465366343367,UP,1.5469721130977032,0.00958569751122601,95.7300033569336,0.0,14.21114398385547,0.008168881660188497,-0.8761423970316451,0.0003598868887716598,0.028582021229258847,1,1,0.87420654296875,0.3204227089881897,1,HIGH,LOW,HIGH,MID,LOW,HIGH,LOW,MID,HIGH
2010-12-01,2010-12-02,0.012727481608891575,UP,1.2621698740667089,0.010660637605190277,92.02999877929688,0.0,13.752548386224113,0.011184239475715143,1.0821390905975852,0.023410887673893897,0.06549959761712174,1,1,0.7500211596488953,0.3204227089881897,1,MID,LOW,HIGH,MID,LOW,HIGH,HIGH,HIGH,HIGH
2010-12-20,2010-12-21,0.00632028122768749,UP,1.2500820428066062,0.008269319841977976,84.08999633789062,1.0,22.741710450787174,0.014588825681064559,0.20982529788186788,0.007026576861084569,0.002254503832917179,1,1,0.8475766181945801,0.3204227089881897,1,MID,LOW,MID,HIGH,MID,HIGH,MID,HIGH,MID
2010-12-31,2011-01-03,0.010284924806456493,UP,3.6988365311883196,0.003022963815488594,86.36000061035156,1.0,26.791599556954065,0.0045614454528503795,-0.03253386974880211,0.000757827134463835,-0.0014216731930999807,1,1,0.9249404668807983,0.3204227089881897,1,HIGH,LOW,MID,HIGH,MID,MID,MID,MID,MID
2011-01-11,2011-01-12,0.008984096335089451,UP,2.853014635895906,0.0037292831928930205,79.81999969482422,1.0,30.65095457312938,0.0030582838017105957,0.3031598494010991,0.002511544475223665,0.01917066164879293,1,1,0.6095890998840332,0.3204227089881897,1,HIGH,LOW,MID,HIGH,HIGH,MID,MID,MID,MID
2011-01-13,2011-01-14,0.007218628320147511,UP,2.6221449888723245,0.003937512677737276,78.63999938964844,1.0,32.33450678289074,0.004007086881409827,-0.7977506516750164,-0.008911817507021932,0.03359982652899185,1,1,0.41521069407463074,0.3204227089881897,1,HIGH,LOW,MID,HIGH,HIGH,MID,LOW,LOW,HIGH
2011-01-18,2011-01-19,-0.009853858305382115,DOWN,2.6456919393206313,0.0037786561959175635,79.7699966430664,1.0,34.7242055814782,-0.0011277979782485445,0.9664966332263227,0.00936148547232751,0.023585185418668046,1,0,0.6969825029373169,0.3204227089881897,1,HIGH,LOW,MID,HIGH,HIGH,MID,HIGH,HIGH,MID
2011-01-21,2011-01-24,0.005670664070208581,UP,2.589090325044516,0.0044938586405071255,85.41000366210938,1.0,31.98168810425061,-0.00800672196255682,0.3277411786718573,0.009450009701881416,-0.025373926680576152,1,1,0.230704203248024,0.3204227089881897,0,HIGH,LOW,MID,HIGH,HIGH,LOW,HIGH,HIGH,MID
2011-01-27,2011-01-28,-0.01761718927405389,DOWN,2.2102171129823893,0.004602961144301582,77.04000091552734,1.0,30.515551818445317,-0.00019417684485483616,0.057526089478903,0.007448063435305392,-0.036909647781912656,1,0,0.3054031431674957,0.3204227089881897,0,HIGH,LOW,LOW,HIGH,HIGH,MID,MID,HIGH,LOW
2011-01-28,2011-01-31,0.007488268048510469,UP,2.01125674235087,0.006276679505611277,91.5199966430664,1.0,28.360198550459465,-0.0046497819826535735,-1.5585424373233279,-0.0024329639374508468,0.002577706459223512,1,1,0.9457868337631226,0.3204227089881897,1,HIGH,LOW,HIGH,HIGH,MID,MID,LOW,MID,MID
2011-01-31,2011-02-01,0.015882014747780775,UP,1.9073575787340729,0.006450150808723437,86.08000183105469,1.0,26.358799087329743,-0.0021159481504941687,0.8399367742467564,0.004719105133841716,0.0479932105277489,1,1,0.00890264566987753,0.3204227089881897,0,HIGH,LOW,MID,HIGH,MID,MID,HIGH,HIGH,HIGH
2011-02-04,2011-02-07,0.006232973504143775,UP,1.4526391325329986,0.006908086616900841,81.11000061035156,1.0,24.276442266242572,0.005721037299563577,0.19112356874289974,0.021804434872156053,-0.0034758970588331054,1,1,0.9971035122871399,0.3204227089881897,1,HIGH,LOW,MID,HIGH,MID,MID,MID,HIGH,MID
2011-02-10,2011-02-11,0.00595257201654703,UP,1.4944821923020446,0.006782113184660558,83.7300033569336,1.0,24.59584876304212,0.005540267539254757,0.4047881807969119,0.006833148761569501,-0.04299186871773938,1,1,0.9920814037322998,0.3204227089881897,1,HIGH,LOW,MID,HIGH,MID,MID,HIGH,HIGH,LOW
2011-02-15,2011-02-16,0.006295543499705147,UP,1.5211661434836392,0.006779095944325871,84.37999725341797,1.0,25.19391075514398,0.00454358010420108,-0.4125131696089166,-0.013133792627731596,-0.03059917246835814,1,1,0.9993932247161865,0.3204227089881897,1,HIGH,LOW,MID,HIGH,MID,MID,MID,LOW,LOW
2011-02-18,2011-02-22,-0.020273985764222773,DOWN,1.6500063988496056,0.006272658913339998,85.47000122070312,1.0,26.816492183242076,0.013398401318016492,0.409359783096213,-0.0005574357548447971,0.007218509881928548,1,0,0.9843743443489075,0.3204227089881897,1,HIGH,LOW,MID,HIGH,MID,HIGH,HIGH,MID,MID
2011-02-22,2011-02-23,-0.006163211746435969,DOWN,1.6389215296432118,0.007994750010941014,99.18000030517578,1.0,24.956753881600964,0.009067210129725674,-1.6938867050914057,-0.011701312375095838,0.09829638443951634,1,0,0.4636738896369934,0.3204227089881897,1,HIGH,LOW,HIGH,HIGH,MID,HIGH,LOW,LOW,HIGH
2011-02-24,2011-02-25,0.010636043322289847,UP,1.6525926405448566,0.008126828769444303,94.06999969482422,1.0,23.639908676760353,0.004830362635230491,-0.08827826769674714,-0.007211329562002595,0.13505982829405624,1,1,0.0052782087586820126,0.3204227089881897,0,HIGH,LOW,HIGH,HIGH,MID,MID,MID,MID,HIGH
2011-02-25,2011-02-28,0.006177449798552023,UP,1.4360018896661213,0.008431368793206315,86.16999816894531,1.0,22.40628660933664,0.005832049557738101,0.77386912171689,-0.009286564015814161,0.12521759779963046,1,1,6.274375482462347e-05,0.3204227089881897,0,HIGH,LOW,MID,HIGH,MID,MID,HIGH,LOW,HIGH
2011-02-28,2011-03-01,-0.016813493120841887,DOWN,1.5872518372877646,0.007282658891896129,81.77999877929688,1.0,21.016699324017594,0.006885676831286998,1.168519024256425,-0.00851537292016754,0.11773152263849249,1,0,0.9853518605232239,0.3204227089881897,1,HIGH,LOW,MID,HIGH,MID,HIGH,HIGH,LOW,HIGH
2011-03-02,2011-03-03,0.017077598345467793,UP,1.7354456447428268,0.007513790385153414,87.55000305175781,1.0,19.929224897491224,0.006967855423761882,0.72972297652814,0.0026837439162440114,0.04123785858899538,1,1,0.9539902806282043,0.3204227089881897,1,HIGH,LOW,MID,HIGH,LOW,HIGH,HIGH,HIGH,HIGH
2011-03-03,2011-03-04,-0.00752052872084866,DOWN,1.3973855059737692,0.008384872215648504,82.36000061035156,0.0,18.661321063152542,0.00782590895086974,1.1798666105592366,0.010874023150894148,0.046496701105831185,1,0,0.21422997117042542,0.3204227089881897,0,HIGH,LOW,MID,MID,LOW,HIGH,HIGH,HIGH,HIGH
2011-03-04,2011-03-07,-0.007881879144340674,DOWN,1.3963947467526856,0.008598335905676581,81.4800033569336,0.0,17.659708217263418,0.005698045119217909,-1.3535778755230545,0.006659132677833777,0.06467899993316426,1,0,0.37349438667297363,0.3204227089881897,1,HIGH,LOW,MID,MID,LOW,MID,LOW,HIGH,HIGH
2011-03-07,2011-03-08,0.008711915857417783,UP,1.4811988261234805,0.008786515599140834,84.31999969482422,0.0,17.223779463828624,0.0019076728927584622,-1.0320389662341827,0.007049287722941476,0.08374042900374028,1,1,0.23270265758037567,0.3204227089881897,0,HIGH,LOW,MID,MID,LOW,MID,LOW,HIGH,HIGH
2011-03-09,2011-03-10,-0.018679283098206725,DOWN,1.4405188930630024,0.008842232038193659,84.88999938964844,0.0,16.443111134973456,0.0021595748796233013,0.14200969405895222,-0.0028851174307082525,0.020812850295977552,1,0,0.3336351215839386,0.3204227089881897,1,HIGH,LOW,MID,MID,LOW,MID,MID,MID,MID
2011-03-10,2011-03-11,0.006902350439859637,UP,1.4107604106597955,0.009769982072261499,88.16000366210938,0.0,17.09643784539825,0.0015810261161491,-1.6158088136942272,-0.02003476865974329,0.007721980443904357,1,1,0.0017321776831522584,0.3204227089881897,0,HIGH,LOW,MID,MID,LOW,MID,LOW,LOW,MID
2011-03-11,2011-03-14,-0.006056159320269047,DOWN,1.2748345425252303,0.009922237404177591,83.20999908447266,0.0,17.86063860421872,0.0015920414933493065,1.0920477885975408,-0.013473073510295133,-0.03171775244400342,1,0,0.5062980055809021,0.3204227089881897,1,MID,LOW,MID,MID,LOW,MID,HIGH,LOW,LOW
2011-03-14,2011-03-15,-0.011523312921841292,DOWN,1.3485346894467387,0.009870453043074387,83.88999938964844,0.0,18.782385226243147,-0.0004628678608351658,-0.9643342810510109,-0.02135986976687633,-0.041142132040036625,1,0,0.9918373227119446,0.3204227089881897,1,MID,LOW,MID,MID,LOW,MID,LOW,LOW,LOW
2011-03-15,2011-03-16,-0.018686241077615323,DOWN,1.5176917122777356,0.010094381919899708,89.68000030517578,0.0,20.67026369376184,0.0026776820028770396,-1.246824355201337,-0.026885837665036494,-0.0775858441269335,1,0,0.8976181745529175,0.3204227089881897,1,HIGH,LOW,MID,MID,LOW,MID,LOW,LOW,LOW
2011-03-16,2011-03-17,0.013148228441042051,UP,1.7189973791471238,0.010773872701503229,112.38999938964844,0.0,22.80186023723406,0.005018791408548454,-1.6997277203585488,-0.031046900191350923,-0.06327464943012427,1,1,0.9989655017852783,0.3204227089881897,1,HIGH,LOW,HIGH,MID,MID,MID,LOW,LOW,LOW
2011-03-18,2011-03-21,0.015378969497287495,UP,1.3853854521913052,0.01111297450057331,96.27999877929688,0.0,26.155600715025898,0.001653711811066147,-0.15712349635505043,-0.006970606213706981,-0.0008901149358025614,1,1,0.022412847727537155,0.3204227089881897,0,HIGH,LOW,HIGH,MID,MID,MID,MID,MID,MID
2011-03-23,2011-03-24,0.00951795829774732,UP,1.1054932953698713,0.01092359855214242,84.7699966430664,-1.0,27.35341328331072,0.007997325342296566,0.22925640080843598,0.022954857112861566,0.07631440745454257,1,1,0.9990158081054688,0.3204227089881897,1,MID,LOW,MID,MID,MID,HIGH,MID,HIGH,HIGH
2011-03-28,2011-03-29,0.006696151143217117,UP,1.1346473246808975,0.010792824338935143,89.94000244140625,-1.0,25.186660721103348,0.0052247902876954525,-0.6570276131507446,0.004086058931969589,0.015995702247696177,1,1,0.0061575016006827354,0.3204227089881897,0,MID,LOW,MID,MID,MID,MID,LOW,HIGH,MID
2011-03-29,2011-03-30,0.006877581773286894,UP,1.1188292749194795,0.010224727647669546,84.95999908447266,-1.0,24.654185477300967,0.006201885450587386,0.5937027215500454,0.010805068229719115,0.007567457082259105,1,1,0.9963058233261108,0.3204227089881897,1,MID,LOW,MID,MID,MID,MID,HIGH,HIGH,MID
2011-04-11,2011-04-12,-0.007502065749284654,DOWN,1.3427413097231105,0.007783120768796139,84.16000366210938,0.0,14.796114676654316,0.0055565588830656515,-0.19203761649838025,0.005705990417140834,0.013279163510014668,1,0,0.054301004856824875,0.3204227089881897,0,MID,LOW,MID,MID,LOW,MID,MID,HIGH,MID
2011-04-15,2011-04-18,-0.011271983621468707,DOWN,1.8301426452641427,0.005273191524296031,85.72000122070312,1.0,15.35839005983809,0.006459661902229845,0.9008882428227716,-0.010180384753084724,-0.028142987397895593,1,0,0.9533286690711975,0.3204227089881897,1,HIGH,LOW,MID,HIGH,LOW,HIGH,HIGH,LOW,LOW
2011-04-18,2011-04-19,0.005728048761922306,UP,2.1454166082061357,0.00497982310419386,89.11000061035156,1.0,16.45510588560136,0.00601679688387167,-1.2864928475061292,-0.013976291584071425,-0.025803084792820088,1,1,0.9992172718048096,0.3204227089881897,1,HIGH,LOW,MID,HIGH,LOW,MID,LOW,LOW,MID
2011-04-19,2011-04-20,0.013539849979458639,UP,1.9801052432264263,0.005036077080050003,85.7300033569336,1.0,17.47348486666725,0.006702130563395362,1.0417311916383674,-0.005922113437004434,0.017724358703454225,1,1,0.9244807362556458,0.3204227089881897,1,HIGH,LOW,MID,HIGH,LOW,HIGH,HIGH,MID,MID
2011-04-25,2011-04-26,0.008568349018922112,UP,1.7970616939030812,0.0055280052734566635,87.68000030517578,0.0,14.338346751399495,0.00610340832031599,-0.1654984491087352,-0.0007551849050616921,0.02361103725070008,1,1,0.05682443082332611,0.3204227089881897,0,HIGH,LOW,MID,MID,LOW,MID,MID,MID,MID
2011-04-26,2011-04-27,0.006507491060485546,UP,1.7189449872945446,0.005724252442425508,85.72000122070312,0.0,14.24431792643775,0.007104774923008341,0.9013473884869582,0.0017389950576636257,0.04642238049456946,1,1,0.9783274531364441,0.3204227089881897,1,HIGH,LOW,MID,MID,LOW,HIGH,HIGH,MID,HIGH
2011-05-03,2011-05-04,-0.006652847605774444,DOWN,1.8595442230124906,0.005657306514059445,90.62000274658203,1.0,17.233412227143976,-0.00039273836599052966,-0.02329767086128587,-0.0047381967831093014,-0.010391529696350888,1,0,0.062130268663167953,0.3204227089881897,0,HIGH,LOW,HIGH,HIGH,LOW,MID,MID,MID,MID
2011-05-04,2011-05-05,-0.0090896260574921,DOWN,1.8225596781393565,0.005903449278500196,91.38999938964844,1.0,16.58608922449042,-0.0036386678602275315,-1.5009856104500046,-0.00843497558513473,-0.03171440814072591,1,0,0.10401889681816101,0.3204227089881897,0,HIGH,LOW,HIGH,HIGH,LOW,MID,LOW,LOW,LOW
2011-05-09,2011-05-10,0.0084999507437913,UP,1.7226154813097925,0.006275215768828069,90.86000061035156,1.0,13.891306916839499,0.004716264571963844,0.6053431655986993,-0.00325884325478155,-0.10162848900337045,1,1,0.0055768489837646484,0.3204227089881897,0,HIGH,LOW,HIGH,HIGH,LOW,MID,HIGH,MID,LOW
2011-05-10,2011-05-11,-0.010580489282121406,DOWN,1.555567292130429,0.006442895718629144,87.55999755859375,1.0,13.786652337490874,0.008172625898784324,0.9955338066037389,0.002298362785242052,-0.06674421746677381,1,0,0.12458065897226334,0.3204227089881897,0,HIGH,LOW,MID,HIGH,LOW,HIGH,HIGH,MID,LOW
2011-05-12,2011-05-13,-0.007728996292128419,DOWN,1.4989027573441498,0.006736895519271744,93.56999969482422,1.0,12.296004977594466,0.007961236467150124,0.3729149393741225,0.01182340581102781,-0.008351427653481505,1,0,0.9991312623023987,0.3204227089881897,1,HIGH,LOW,HIGH,HIGH,LOW,HIGH,HIGH,HIGH,MID
2011-05-13,2011-05-16,-0.006361514237382823,DOWN,1.5280151262902615,0.007037292288445048,93.86000061035156,1.0,11.779254353415057,0.006926803121237477,-1.1157995546563084,-0.000379640441491299,0.025099129853114313,1,0,0.9915662407875061,0.3204227089881897,1,HIGH,LOW,HIGH,HIGH,LOW,HIGH,LOW,MID,HIGH
2011-05-17,2011-05-18,0.008896275522450333,UP,1.663724960767882,0.006645004802843515,93.63999938964844,0.0,12.289138178812557,0.004198786686640005,0.34286413637595925,-0.007469682781515645,-0.06945360981937254,1,1,0.1511542946100235,0.3204227089881897,0,HIGH,LOW,HIGH,MID,LOW,MID,HIGH,MID,LOW
2011-05-19,2011-05-20,-0.007976426741533248,DOWN,1.5879057258089988,0.006156965847928434,87.52999877929688,0.0,10.985538642656076,0.004187087593922799,0.22292870264810669,-0.0060883178611606,-0.005369535918859653,1,0,0.7108778357505798,0.3204227089881897,1,HIGH,LOW,MID,MID,LOW,MID,MID,MID,MID
2011-05-20,2011-05-23,-0.011668766889634,DOWN,1.730620102687498,0.00634447046819228,90.2300033569336,0.0,10.603409925081971,0.004783742083615879,-1.0501994323274537,0.0009745067433814913,-0.0016069468417287895,1,0,0.9596076607704163,0.3204227089881897,1,HIGH,LOW,MID,MID,LOW,MID,LOW,MID,MID
2011-05-27,2011-05-31,0.010357377711179271,UP,1.558836251793321,0.006457672188382667,81.45999908447266,0.0,13.299104957780566,0.006923386202866718,0.5995551192651921,-0.008269123834932654,0.010995697610492397,1,1,0.9980242252349854,0.3204227089881897,1,HIGH,LOW,MID,MID,LOW,HIGH,HIGH,MID,MID
2011-05-31,2011-06-01,-0.022717166176830932,DOWN,1.401787537127085,0.006942981587482599,80.91999816894531,0.0,12.410235240988499,0.005492914516619993,0.8976682014915031,-0.0013349084098744366,0.04991055940651587,1,0,0.9996299743652344,0.3204227089881897,1,HIGH,LOW,MID,MID,LOW,MID,HIGH,MID,HIGH
2011-06-02,2011-06-03,-0.009994342882886753,DOWN,1.35014492275685,0.008440300567201995,85.22000122070312,0.0,13.673165673554998,0.006942371532738311,0.029470010017081345,-0.005131959498248864,-0.009121599665849245,1,0,0.8952372074127197,0.3204227089881897,1,MID,LOW,MID,MID,LOW,HIGH,MID,MID,MID
2011-06-03,2011-06-06,-0.010637616137775861,DOWN,1.3322753686839002,0.008487312681188583,85.54000091552734,0.0,14.876283299105463,0.00036389726614306436,-0.8307181283702012,-0.006062661097421086,-9.979681726473322e-05,1,0,0.10069055110216141,0.3204227089881897,0,MID,LOW,MID,MID,LOW,MID,LOW,MID,MID
2011-06-08,2011-06-09,0.007602206791408592,UP,1.4515645510071773,0.0081543655647883,88.9800033569336,-1.0,19.761216302395376,-0.005601549168840432,-0.2029846359293613,-0.007983290638002953,0.0044769208832025785,1,1,0.18940691649913788,0.3204227089881897,0,HIGH,LOW,MID,MID,LOW,MID,MID,MID,MID
2011-06-09,2011-06-10,-0.014007975946590421,DOWN,1.3557826380888902,0.008256521202469252,85.6500015258789,-1.0,20.6324757487782,-0.005836338990319649,0.7664581494143197,-0.013049608144938961,0.01512408371866981,1,0,0.9985867738723755,0.3204227089881897,1,MID,LOW,MID,MID,LOW,MID,HIGH,LOW,MID
2011-06-13,2011-06-14,0.012606270353002092,UP,1.4572249659723582,0.008477166897673033,98.3499984741211,-1.0,23.306222588100663,-0.009378972920932704,0.2750377279965163,-0.016491678617077524,-0.01742185615395297,1,1,0.2079874873161316,0.3204227089881897,0,HIGH,LOW,HIGH,MID,MID,LOW,MID,LOW,MID
2011-06-14,2011-06-15,-0.01794548154718442,DOWN,1.2703636887644083,0.00905466603080993,91.73999786376953,-1.0,23.16874970469281,-0.006555068824054464,1.006290396936562,-0.003053367365474584,0.002821793769822445,1,0,0.06766227632761002,0.3204227089881897,0,MID,LOW,HIGH,MID,MID,MID,HIGH,MID,MID
2011-06-20,2011-06-21,0.01361094348212197,UP,1.3284431321147931,0.009479153386763573,90.25,-1.0,26.565539963975723,-0.005088745672990259,0.6014677133938371,0.000840775675093475,-0.04240770627002044,1,1,0.995610773563385,0.3204227089881897,1,MID,LOW,MID,MID,MID,MID,HIGH,MID,LOW
2011-06-21,2011-06-22,-0.006043709656474322,DOWN,1.2076952651170751,0.009837484666788297,90.55000305175781,-1.0,25.822333831851292,-0.0011841749377562612,0.8150305194579628,-0.001441115863408512,-0.06195892331139359,1,0,0.4148837625980377,0.3204227089881897,1,MID,LOW,HIGH,MID,MID,MID,HIGH,MID,LOW
2011-06-23,2011-06-24,-0.011681411413365773,DOWN,1.233980092506626,0.009847450909269367,93.08999633789062,-1.0,25.511504933790803,0.0007692637735818297,-0.8399407719746799,0.01849358766158411,-0.042271179410390984,1,0,0.06515759229660034,0.3204227089881897,0,MID,LOW,HIGH,MID,MID,MID,LOW,HIGH,LOW
2011-06-24,2011-06-27,0.008871539110088738,UP,1.331467233031451,0.009982784814162374,99.13999938964844,-1.0,25.943197518818145,0.0005138474611682056,-0.667847055113366,0.0025436192735463917,-0.02009079267231561,1,1,0.38789287209510803,0.3204227089881897,1,MID,LOW,HIGH,MID,MID,MID,LOW,MID,MID
2011-06-27,2011-06-28,0.012968523040000554,UP,1.2686310214410634,0.010209101033421744,94.29000091552734,-1.0,26.291193705938515,-0.0026615469803649566,0.6337018600707451,-0.0012151886114068618,-0.028826725316357868,1,1,0.9982542395591736,0.3204227089881897,1,MID,LOW,HIGH,MID,MID,MID,HIGH,MID,LOW
2011-06-28,2011-06-29,0.008527694305573862,UP,1.1620151058461194,0.01039226159793541,90.33000183105469,-1.0,25.60449304899145,0.00036529600795302125,0.900574614123877,0.0028087008581102403,-0.0054753707430924645,1,1,0.6736757755279541,0.3204227089881897,1,MID,LOW,HIGH,MID,MID,MID,HIGH,HIGH,MID
2011-06-29,2011-06-30,0.009516992828594329,UP,1.1552950060755338,0.00941670971131592,85.9000015258789,-1.0,24.033698529512986,0.0018041198950691237,0.9168019108701871,0.023535562034710147,-0.006730565086419705,1,1,0.9973024129867554,0.3204227089881897,1,MID,LOW,MID,MID,MID,MID,HIGH,HIGH,MID
2011-06-30,2011-07-01,0.014667959789823864,UP,1.075794606536166,0.009673428411573731,81.08000183105469,0.0,22.827845467203446,0.0015436796236929639,0.8775288475000299,0.026040279414485272,0.047208955191317556,1,1,0.7531275749206543,0.3204227089881897,1,LOW,LOW,MID,MID,MID,MID,HIGH,HIGH,HIGH
2011-07-06,2011-07-07,0.010321996966352439,UP,1.0852289674547577,0.009484848715272068,82.69000244140625,0.0,22.208572553312337,0.00165309915069356,0.32675439454228883,0.016223414733655992,0.03968023061327848,1,1,0.9872273206710815,0.3204227089881897,1,LOW,LOW,MID,MID,MID,MID,HIGH,HIGH,HIGH
2011-07-07,2011-07-08,-0.00711751769102607,DOWN,1.0522519288096024,0.009548621560025974,80.69999694824219,0.0,22.64106509374042,0.0064772349157304135,0.7577423338018525,0.007752050186541641,0.04032806225151376,1,0,0.7787429094314575,0.3204227089881897,1,LOW,LOW,MID,MID,MID,HIGH,HIGH,HIGH,HIGH
2011-07-08,2011-07-11,-0.01824574939739419,DOWN,1.034632620278235,0.009711230109203672,80.81999969482422,0.0,21.985542384403733,0.004968675712346417,-0.7936756640772689,-0.0066390472343240544,0.008141145050067702,1,0,0.0731939747929573,0.3204227089881897,0,LOW,LOW,MID,MID,MID,MID,LOW,MID,MID
2011-07-13,2011-07-14,-0.006926265084537383,DOWN,1.2703066641576715,0.009873301741842066,88.91999816894531,0.0,17.897058242135312,-0.00022021418850361532,0.5331806590487704,-0.01705320691881535,0.014381362324844703,1,0,0.7523291110992432,0.3204227089881897,1,MID,LOW,MID,MID,LOW,MID,HIGH,LOW,MID
2011-07-15,2011-07-18,-0.008234905998654835,DOWN,1.3543183251731354,0.00908408592006874,89.33000183105469,0.0,16.29463654493493,-0.0014073511647678602,0.6502439278788837,-0.008507920075860256,0.010752801530677206,1,0,0.002622696803882718,0.3204227089881897,0,MID,LOW,MID,MID,LOW,MID,HIGH,LOW,MID
2011-07-18,2011-07-19,0.01610116918648337,UP,1.41569541874558,0.0093221040498994,97.80999755859375,0.0,16.218968464758547,-0.008232894835656323,-0.9715873899543931,0.0068125138705545495,0.008164152232369567,1,1,0.9726608991622925,0.3204227089881897,1,HIGH,LOW,HIGH,MID,LOW,LOW,LOW,HIGH,MID
2011-07-20,2011-07-21,0.013775853108294189,UP,1.26841767630856,0.00948076486973591,86.05999755859375,1.0,14.137034443938559,-0.010603886527183706,-0.12461748454570075,0.008033330662324673,0.0009174406757038667,1,1,0.4176505506038666,0.3204227089881897,1,MID,LOW,MID,HIGH,LOW,LOW,MID,HIGH,MID
2011-07-26,2011-07-27,-0.020688008283868003,DOWN,1.3767314881145507,0.009256490441271943,93.3499984741211,0.0,13.298511674003935,-0.012307411507915474,-0.688804976374196,0.003900640407598741,0.02120934316788767,1,0,0.8205922245979309,0.3204227089881897,1,MID,LOW,HIGH,MID,LOW,LOW,LOW,HIGH,MID
2011-07-28,2011-07-29,-0.006858045597718971,DOWN,1.492356836298738,0.010020923821615266,105.62000274658203,0.0,13.685227516133224,-0.018753910801046516,-0.789416735329177,-0.011198070167019344,-0.0171952633208662,1,0,0.9783586859703064,0.3204227089881897,1,HIGH,LOW,HIGH,MID,LOW,LOW,LOW,LOW,MID
2011-08-01,2011-08-02,-0.02587945553195333,DOWN,1.628458992651668,0.009152455802365594,95.88999938964844,0.0,16.10570282501945,-0.020393594996095422,-1.1444908473114674,-0.018876777754949052,-0.04441966397367299,1,0,0.5152834057807922,0.3204227089881897,1,HIGH,LOW,HIGH,MID,LOW,LOW,LOW,LOW,LOW
2011-08-03,2011-08-04,-0.04797410605219454,DOWN,1.3733629791166098,0.010724051344677327,98.58000183105469,0.0,20.242197867136777,-0.02246399647121322,1.1629078070399987,-0.0325845832263199,-0.05779880511928001,1,0,0.045519787818193436,0.3204227089881897,0,MID,LOW,HIGH,MID,LOW,LOW,HIGH,LOW,LOW
2011-08-05,2011-08-08,-0.06734057403046549,DOWN,1.411180005110299,0.014284574011933518,118.61000061035156,-1.0,26.16417197160865,-0.031081628849041518,-0.4720038629097498,-0.0490670524843404,-0.09669044199800014,1,0,0.31229937076568604,0.3204227089881897,0,HIGH,MID,HIGH,MID,MID,LOW,LOW,LOW,LOW
2011-08-08,2011-08-09,0.045450506361566,UP,1.5316193778025802,0.019741953045879803,134.6300048828125,-1.0,29.54907893966659,-0.03677625232307044,-2.359743626356096,-0.07999899273650489,-0.15444933935962432,1,1,0.9926794767379761,0.3204227089881897,1,HIGH,HIGH,HIGH,MID,HIGH,LOW,LOW,LOW,LOW
2011-08-09,2011-08-10,-0.045183316167242776,DOWN,0.9563332509895148,0.023094172331397916,112.80000305175781,-1.0,32.83634031553883,-0.033010982843335715,2.062445097974029,-0.038077425622981595,-0.1678200831578005,1,0,3.094803469139151e-05,0.3204227089881897,0,LOW,HIGH,HIGH,MID,HIGH,LOW,HIGH,LOW,LOW
2011-08-10,2011-08-11,0.04390567430386801,UP,1.1006367654584301,0.024604989037565143,132.86000061035156,-1.0,35.88879730742019,-0.030488238914655602,-1.7749354807652475,-0.06387281579245987,-0.10351300095527428,1,1,0.8920808434486389,0.3204227089881897,1,LOW,HIGH,HIGH,MID,HIGH,LOW,LOW,LOW,LOW
2011-08-12,2011-08-15,0.02094405066518224,UP,0.8410730219920416,0.027232650257400886,120.19000244140625,-1.0,38.35482602163275,-0.022158734922458553,0.44466614174147623,-0.016119445953161796,-0.01741597541121183,1,1,0.15127484500408173,0.3204227089881897,0,LOW,HIGH,HIGH,MID,HIGH,LOW,HIGH,LOW,MID
2011-08-17,2011-08-18,-0.044075765203905146,DOWN,0.7241998860333724,0.027469667465640734,104.62000274658203,-1.0,39.024860192424825,-0.02249199686060313,0.23992548435422523,0.03521734846026981,0.05503826204043326,1,0,0.8150964975357056,0.3204227089881897,1,LOW,HIGH,HIGH,MID,HIGH,LOW,MID,HIGH,HIGH
2011-08-18,2011-08-19,-0.01646528708952503,DOWN,0.9463941829803312,0.02840208949798896,106.66000366210938,-1.0,40.068774576015656,-0.027359922939216352,-1.1852178298961538,-0.017073250116834263,-0.03974352917842764,1,0,0.005867154337465763,0.3204227089881897,0,LOW,HIGH,HIGH,MID,HIGH,LOW,LOW,LOW,LOW
2011-08-22,2011-08-23,0.03238053100952896,UP,0.9394116892605354,0.02845896692372618,111.25,-1.0,42.20402632011442,-0.026577872896004995,-0.06264717388517611,-0.01795983621300629,-0.04372783277737106,1,1,0.0005727973766624928,0.3204227089881897,0,LOW,HIGH,HIGH,MID,HIGH,LOW,MID,LOW,LOW
2011-08-23,2011-08-24,0.013986236514564057,UP,0.7643439183167385,0.02989224108970246,103.43000030517578,-1.0,42.450932341329796,-0.02247273511440212,0.8017579860701445,0.010974460981364387,-0.014062629984900819,1,1,1.1349290616635699e-05,0.3204227089881897,0,LOW,HIGH,HIGH,MID,HIGH,LOW,HIGH,HIGH,MID
2011-08-24,2011-08-25,-0.015361311166349485,DOWN,0.7526297087734882,0.030047811027531873,104.54000091552734,-1.0,41.854313312037085,-0.018098125443533036,0.6858498570113805,0.010101751832167903,-0.028020799252504888,1,0,0.94733726978302,0.3204227089881897,1,LOW,HIGH,HIGH,MID,HIGH,LOW,HIGH,HIGH,LOW
2011-08-25,2011-08-26,0.0144293000086114,UP,0.8312716146988541,0.030130277811162478,112.4000015258789,-1.0,40.763427828741584,-0.020336197273668657,-0.7892961619249481,0.010064135161105374,0.03483183460685945,1,1,0.23875293135643005,0.3204227089881897,0,LOW,HIGH,HIGH,MID,HIGH,LOW,LOW,HIGH,HIGH
2011-08-26,2011-08-29,0.02833097486821802,UP,0.7360347913403672,0.03045996332948401,104.72000122070312,-1.0,40.249265964691325,-0.018927140640444234,0.5079737684481442,0.027192424999740457,0.037109794423371346,1,1,0.15868258476257324,0.3204227089881897,0,LOW,HIGH,HIGH,MID,HIGH,LOW,HIGH,HIGH,HIGH
2011-09-01,2011-09-02,-0.02588195859748386,DOWN,0.6913743497148762,0.02899256488366948,92.30999755859375,0.0,32.466104265758105,0.0014884802459036051,-0.6778569819277789,0.0186644676633096,0.041675056568794146,1,0,0.004292135126888752,0.3204227089881897,0,LOW,HIGH,HIGH,MID,HIGH,MID,LOW,HIGH,HIGH
2011-09-06,2011-09-07,0.02781705881741318,UP,0.9246067468682599,0.02520834857397303,97.01000213623047,0.0,31.69317061391746,0.009707658012225215,-0.3636338353660303,-0.0263850287428397,-0.014426934378599507,1,1,0.8980357646942139,0.3204227089881897,1,LOW,HIGH,HIGH,MID,HIGH,HIGH,MID,LOW,MID
2011-09-08,2011-09-09,-0.0265592965591247,DOWN,1.0066269153332204,0.02147723981404617,93.44999694824219,0.0,29.208804385436743,0.006419627916805927,-0.6301508633454801,-0.02578270464247783,0.002698815225636433,1,0,0.09607289731502533,0.3204227089881897,0,LOW,HIGH,HIGH,MID,HIGH,HIGH,LOW,LOW,MID
2011-09-13,2011-09-14,0.013749150659437749,UP,1.184235234925142,0.019633864722239394,96.13999938964844,0.0,28.179834070388544,-0.0001427927968114806,0.9040162455248056,0.002059128150267943,0.047560487189148466,1,1,0.9947808384895325,0.3204227089881897,1,MID,HIGH,HIGH,MID,MID,MID,HIGH,MID,HIGH
2011-09-14,2011-09-15,0.017110031462982917,UP,1.0993271849025508,0.019826627245267448,100.22000122070312,0.0,26.755076034978625,0.004762305484645922,0.9837446579024225,0.006189798246057761,-0.0048246116112743076,1,1,0.9996837377548218,0.3204227089881897,1,LOW,HIGH,HIGH,MID,MID,MID,HIGH,HIGH,MID
2011-09-20,2011-09-21,-0.02990088453258005,DOWN,1.2228072852288092,0.01692814144932961,92.9000015258789,0.0,21.348619506094312,0.00532160801702139,-0.3351126787036604,0.01082007084707284,-0.03749733169300404,1,0,0.6393272280693054,0.3204227089881897,1,MID,HIGH,HIGH,MID,MID,MID,MID,HIGH,LOW
2011-09-21,2011-09-22,-0.03285838920438979,DOWN,1.3824843344530735,0.017005176437121686,98.58000183105469,-1.0,21.1392639256002,-0.00418703590553735,-1.3146508622911481,-0.007209184905732671,-0.034208053872598475,1,0,0.44940701127052307,0.3204227089881897,1,HIGH,HIGH,HIGH,MID,MID,MID,LOW,MID,LOW
2011-09-23,2011-09-26,0.023501795078211662,UP,1.444292469788764,0.017991548154498674,104.7699966430664,-1.0,22.829349674571674,-0.0014121728877642646,0.6783569567593569,-0.02351827684674958,-0.09673229972640443,1,1,0.009893522597849369,0.3204227089881897,0,HIGH,HIGH,HIGH,MID,MID,MID,HIGH,LOW,LOW
2011-09-27,2011-09-28,-0.020629935026862865,DOWN,1.3604829210492948,0.017460760575796444,100.30999755859375,-1.0,21.72797239114496,-0.007061017428134218,1.1543603230753705,-0.007713528488366329,-0.02848333670974932,1,0,0.2783602178096771,0.3204227089881897,0,MID,HIGH,HIGH,MID,MID,MID,HIGH,MID,LOW
2011-09-29,2011-09-30,-0.02530677345236948,DOWN,1.3576537594117057,0.01802145808235174,101.05000305175781,-1.0,20.9513812490889,-0.018223657624746474,0.47580360749342915,0.01078513015487249,0.020043674252169734,1,0,0.7629911303520203,0.3204227089881897,1,MID,HIGH,HIGH,MID,MID,LOW,HIGH,HIGH,MID
2011-09-30,2011-10-03,-0.028870583198134143,DOWN,1.4506012932619978,0.01865588829710553,101.08000183105469,-1.0,20.91704991123502,-0.018133858325804234,-1.0216104064455405,-0.023177445749140522,-0.008173595263621113,1,0,0.008338742889463902,0.3204227089881897,0,HIGH,HIGH,HIGH,MID,MID,LOW,LOW,LOW,MID
2011-10-03,2011-10-04,0.021686152138976265,UP,1.5183177780089967,0.018856928191014036,103.88999938964844,-1.0,21.57106366162565,-0.022797148119535066,-1.5104278288812991,-0.045560493979544384,-0.033325824300278764,1,1,0.2845607399940491,0.3204227089881897,0,HIGH,HIGH,HIGH,MID,MID,LOW,LOW,LOW,LOW
2011-10-04,2011-10-05,0.018345918331616917,UP,1.3089532540382454,0.01964484423627891,99.30999755859375,-1.0,22.611404009358157,-0.0162480204318336,0.995796400090209,-0.04422815673150721,-0.10977785060841332,1,1,0.08439937233924866,0.3204227089881897,0,MID,HIGH,HIGH,MID,MID,LOW,HIGH,LOW,LOW
2011-10-05,2011-10-06,0.017929541235911752,UP,1.2541891119368602,0.01899080596846698,94.66000366210938,-1.0,22.82430364576023,-0.017199320253370724,1.005818602647405,-0.028958713081936146,-0.019019763914380365,1,1,0.9389227628707886,0.3204227089881897,1,MID,HIGH,HIGH,MID,MID,LOW,HIGH,LOW,MID
2011-10-07,2011-10-10,0.032898565789152207,UP,1.230119175879094,0.018537924996196796,92.56999969482422,-1.0,21.801645216166694,-0.01267636630818562,-0.4699299864401334,0.018080561960784527,0.04662339507136829,1,1,0.90097576379776,0.3204227089881897,1,MID,HIGH,HIGH,MID,MID,LOW,LOW,HIGH,HIGH
2011-10-13,2011-10-14,0.016949538097382644,UP,1.001589486786071,0.019308492089876325,95.0999984741211,-1.0,17.05320320346802,-0.013584399933584727,-0.3758655404999549,0.023699738540449412,0.01966262869984973,1,1,0.07802115380764008,0.3204227089881897,0,LOW,HIGH,HIGH,MID,LOW,LOW,MID,HIGH,MID
2011-10-14,2011-10-17,-0.019275689955516838,DOWN,0.9032815465076813,0.019694333165074067,94.69000244140625,0.0,16.39729134300264,-0.013025330040493072,0.5885435822568374,0.02955210094202011,0.045007001465351734,1,0,0.017568355426192284,0.3204227089881897,0,LOW,HIGH,HIGH,MID,LOW,LOW,HIGH,HIGH,HIGH
2011-10-17,2011-10-18,0.0193572900874667,UP,1.048616700709631,0.020058542386597492,103.55000305175781,0.0,15.377454971503239,-0.013743123880578575,-0.5441667930863578,0.0051152147051957975,0.01129290290117336,1,1,0.25160712003707886,0.3204227089881897,0,LOW,HIGH,HIGH,MID,LOW,LOW,LOW,HIGH,MID
2011-10-20,2011-10-21,0.01880931170308042,UP,1.240896958412935,0.01765605089226652,102.97000122070312,0.0,13.202702033292333,0.00024589912732479735,0.4670834374921146,0.005092273860336466,0.01262329809275321,1,1,0.014087582007050514,0.3204227089881897,0,MID,HIGH,HIGH,MID,LOW,MID,HIGH,HIGH,MID
2011-10-24,2011-10-25,-0.019635255461081465,DOWN,1.0526422741273618,0.017510286318821334,97.12999725341797,1.0,13.355796167318797,0.009645035006903474,0.7078158680248281,0.03290784621525136,0.05506597401248288,1,0,4.018372419523075e-05,0.3204227089881897,0,LOW,HIGH,HIGH,HIGH,LOW,HIGH,HIGH,HIGH,HIGH
2011-10-26,2011-10-27,0.034242080982544706,UP,1.079937086761818,0.01741771123073438,97.73999786376953,1.0,12.763128490620051,0.012176593935238733,0.5320737458377721,0.019065419492245293,0.04640383743922332,1,1,0.3031502962112427,0.3204227089881897,0,LOW,HIGH,HIGH,HIGH,LOW,HIGH,HIGH,HIGH,HIGH
2011-10-28,2011-10-31,-0.024401100692920532,DOWN,0.891505719707568,0.01733297681568284,94.19000244140625,1.0,14.537812066855139,0.021384884169291823,0.08909862844068224,0.011697932896629654,0.06553914376296313,1,0,0.047237884253263474,0.3204227089881897,0,LOW,HIGH,HIGH,HIGH,LOW,HIGH,MID,HIGH,HIGH
2011-10-31,2011-11-01,-0.02828471383858199,DOWN,1.1182608634018925,0.016877122378033727,104.83999633789062,1.0,14.363175333924586,0.02750927782811219,-0.810968686651657,-0.021524800981289647,0.020818336247187392,1,0,0.17336559295654297,0.3204227089881897,0,MID,HIGH,HIGH,HIGH,LOW,HIGH,LOW,LOW,MID
2011-11-01,2011-11-02,0.016179855229439512,UP,1.204885841732465,0.01817852010590072,113.1500015258789,1.0,13.68325597805306,0.01710513761105828,-1.5388302803042526,-0.02412547546502783,-0.010574070516662527,1,1,0.7621273994445801,0.3204227089881897,1,MID,HIGH,HIGH,HIGH,LOW,HIGH,LOW,LOW,MID
2011-11-02,2011-11-03,0.018063168192773142,UP,1.139739287395189,0.018095596682472126,107.4000015258789,1.0,12.776969271963027,0.015656069462594374,0.7903192930792075,-0.02327490749026137,0.025287376639771802,1,1,0.9228472113609314,0.3204227089881897,1,MID,HIGH,HIGH,HIGH,LOW,HIGH,HIGH,LOW,HIGH
2011-11-08,2011-11-09,-0.037607949922965934,DOWN,1.0230053516462496,0.016921487798281412,98.05000305175781,1.0,12.329415251593634,0.014393198196325938,0.8187647593686358,0.02118673251766516,0.0487953345161191,1,0,0.5463842749595642,0.3204227089881897,1,LOW,HIGH,HIGH,HIGH,LOW,HIGH,HIGH,HIGH,HIGH
2011-11-10,2011-11-11,0.018647475836618268,UP,1.0743099429234255,0.01923872925775058,113.54000091552734,1.0,11.017918052108127,0.00864931325430128,0.8381598474284628,-0.006715949243849009,0.038680861926594326,1,1,0.7439495325088501,0.3204227089881897,1,LOW,HIGH,HIGH,HIGH,LOW,HIGH,HIGH,MID,HIGH
2011-11-15,2011-11-16,-0.015990107007195373,DOWN,1.0657248428291821,0.018453873072425908,107.55000305175781,1.0,10.475675897681619,0.010940160608239387,0.5017017640987731,-0.006145031447831765,0.026203259074269125,1,0,0.9989199638366699,0.3204227089881897,1,LOW,HIGH,HIGH,HIGH,LOW,HIGH,HIGH,MID,HIGH
2011-11-16,2011-11-17,-0.016004250782027264,DOWN,1.1330246915800268,0.01863093974659392,111.18000030517578,1.0,9.850956599887075,0.010332663214890975,-0.8571795085066557,0.006048551113928026,0.06910426475153633,1,0,0.8060488700866699,0.3204227089881897,1,MID,HIGH,HIGH,HIGH,LOW,HIGH,LOW,HIGH,HIGH
2011-11-18,2011-11-21,-0.019202705822494955,DOWN,1.0902435519824665,0.018489543176388328,101.91999816894531,0.0,10.060388320178873,0.0010257187792932325,0.10148080340811565,-0.01416902252659167,-0.01608990097378776,1,0,0.621921718120575,0.3204227089881897,1,LOW,HIGH,HIGH,MID,LOW,MID,MID,LOW,MID
2011-11-22,2011-11-23,-0.022312738036471796,DOWN,1.1052927815091418,0.018220698540584595,98.52999877929688,0.0,11.941234984226453,-0.003109916591283707,-0.6294039459781396,-0.01820228826176609,-0.013780748806089418,1,0,0.7593991756439209,0.3204227089881897,1,MID,HIGH,HIGH,MID,LOW,MID,LOW,LOW,MID
2011-11-25,2011-11-28,0.028555236610433046,UP,1.3278081684311671,0.016353310861919462,98.9800033569336,0.0,14.720872721366327,-0.011341390334144094,-0.18531206721392846,-0.02373023739253814,-0.020963016126371928,1,1,0.9871416091918945,0.3204227089881897,1,MID,HIGH,HIGH,MID,LOW,LOW,MID,LOW,MID
2011-11-29,2011-11-30,0.04032536892293411,UP,1.1129175525253663,0.017343050549181865,95.47000122070312,0.0,14.585012621952655,-0.008459970360861165,0.4856220026996876,0.016225837511138156,0.029182110014870206,1,1,0.93108731508255,0.3204227089881897,1,MID,HIGH,HIGH,MID,LOW,LOW,HIGH,HIGH,HIGH
2011-12-07,2011-12-08,-0.022180631722513985,DOWN,1.0213435732408616,0.01768298437783295,92.83999633789062,0.0,14.58192873121189,-0.008089855220630894,0.22029589162479432,-0.005029782653307419,0.0012944712228839387,1,0,0.05080603435635567,0.3204227089881897,0,LOW,HIGH,HIGH,MID,LOW,LOW,MID,MID,MID
2011-12-08,2011-12-09,0.016800443984299855,UP,1.1854209613610638,0.016255734831602222,94.97000122070312,1.0,13.867368900880168,-0.0070498071648317385,-1.0186995148172495,-0.007388525138442432,-0.018737333449572048,1,1,0.8044688701629639,0.3204227089881897,1,MID,HIGH,HIGH,HIGH,LOW,MID,LOW,MID,MID
2011-12-19,2011-12-20,0.02981139092228546,UP,0.9873806657579283,0.01589875621238791,90.2699966430664,0.0,12.917154511123329,-0.008883496509336364,-0.720676072268241,-0.014330624641431703,-0.04060040545605656,1,1,0.47191742062568665,0.3204227089881897,1,LOW,HIGH,MID,MID,LOW,LOW,LOW,LOW,LOW
2011-12-27,2011-12-28,-0.013210410439571862,DOWN,0.9500906093364945,0.014527038201375039,88.12999725341797,0.0,11.055700920298461,-0.0034142460366387087,0.16530732548042926,0.02409995606162987,0.07646382218438723,1,0,0.9944098591804504,0.3204227089881897,1,LOW,MID,MID,MID,LOW,MID,MID,HIGH,HIGH
2011-12-30,2012-01-03,0.015810606026642245,UP,1.207637948174027,0.012206153532476043,91.69999694824219,0.0,8.95344488398745,-0.006174839725924849,-0.40434437844807836,0.0015535819931053385,-0.007057873077888085,1,1,0.8830695748329163,0.3204227089881897,1,MID,MID,HIGH,MID,LOW,MID,MID,MID,MID
2012-02-02,2012-02-03,0.01392134381835218,UP,2.3926838597902496,0.004733736569418216,84.0999984741211,1.0,25.114087603972965,0.017054315097345493,0.035275954950984206,-0.01314650198309669,-0.03407446227763924,1,1,0.9840704202651978,0.3204227089881897,1,HIGH,LOW,MID,HIGH,MID,HIGH,MID,LOW,LOW
2012-02-15,2012-02-16,0.011012309579391845,UP,2.499119331902001,0.005328656263513163,114.6500015258789,1.0,34.791198732978614,0.007003631295119158,-0.8247787512208754,-0.007320407145335969,0.030823884939519857,1,1,0.8413102030754089,0.3204227089881897,1,HIGH,LOW,HIGH,HIGH,HIGH,HIGH,LOW,MID,HIGH
2012-03-05,2012-03-06,-0.014733231512984004,DOWN,2.543030532794939,0.004471212831483703,98.18000030517578,1.0,35.580181273238765,-0.012730688461187065,-0.5144533158570197,-0.0074577209806556116,-0.017094399431923573,1,0,0.4864494204521179,0.3204227089881897,1,HIGH,LOW,HIGH,HIGH,HIGH,LOW,LOW,MID,MID
2012-03-07,2012-03-08,0.009899914873447515,UP,2.0546975762342647,0.005846588218390742,100.45999908447266,1.0,31.302770399523776,-0.01281730844508742,1.1167824070868018,-0.015284455865774992,-0.00853539879984976,1,1,0.00679192878305912,0.3204227089881897,0,HIGH,LOW,HIGH,HIGH,HIGH,LOW,HIGH,LOW,MID
2012-03-12,2012-03-13,0.01786530538934012,UP,1.6576168320537465,0.0059436378513604594,98.61000061035156,1.0,28.740987501085428,-0.010448085210666437,-0.09947594829043055,0.0025256277182983383,-0.0035671199672353145,1,1,0.129727303981781,0.3204227089881897,0,HIGH,LOW,HIGH,HIGH,HIGH,LOW,MID,MID,MID
2012-03-21,2012-03-22,-0.007229620640635165,DOWN,1.4461701302099579,0.006590513799661513,104.6500015258789,1.0,34.11651611626067,-0.007666076968076037,-0.42550150978173484,-0.009098688975408652,0.017301760831652628,1,0,0.06700672954320908,0.3204227089881897,0,HIGH,LOW,HIGH,HIGH,HIGH,LOW,MID,LOW,MID
2012-03-23,2012-03-26,0.0139375558596752,UP,1.3638769246241478,0.006844988812797712,98.5999984741211,1.0,32.52151112802093,-0.008772333690518061,0.6616669826791474,-0.0015464955358529349,-0.0017762339241209064,1,1,0.9329167008399963,0.3204227089881897,1,MID,LOW,HIGH,HIGH,HIGH,LOW,HIGH,MID,MID
2012-03-30,2012-04-02,0.007288189356439629,UP,1.3049672016399785,0.0074822433905881456,100.27999877929688,1.0,30.013089257521653,-0.007078195858677808,0.6630316776024017,-0.0051244019304612955,-0.03669005668484289,1,1,0.9256638884544373,0.3204227089881897,1,MID,LOW,HIGH,HIGH,HIGH,MID,HIGH,MID,LOW
2012-04-03,2012-04-04,-0.00996019845413259,DOWN,1.5014333294574456,0.006570303493252172,98.37000274658203,1.0,29.613623143181574,-0.0012093543660185446,-0.9613144370685216,0.002183545573139229,-0.031421148649734165,1,0,0.9567322134971619,0.3204227089881897,1,HIGH,LOW,HIGH,HIGH,HIGH,MID,LOW,MID,LOW
2012-04-05,2012-04-09,-0.01129462095995572,DOWN,1.559234009204315,0.006746910075030102,99.47000122070312,1.0,27.24249590709503,-0.008504649108434329,-0.3264050083045931,-0.004015046795847899,0.00514338354227664,1,0,0.9998818635940552,0.3204227089881897,1,HIGH,LOW,HIGH,HIGH,MID,LOW,MID,MID,MID
2012-04-09,2012-04-10,-0.016927351249561472,DOWN,1.6364180705294225,0.007240928284653498,104.58999633789062,1.0,25.59064120031393,-0.013165840549825104,-0.8481678252050644,-0.016102509045483698,-0.005450641976582451,1,0,0.7203446626663208,0.3204227089881897,1,HIGH,LOW,HIGH,HIGH,MID,LOW,LOW,LOW,MID
2012-04-10,2012-04-11,0.00806164958284261,UP,1.5671849234478126,0.008195900877917434,109.12999725341797,0.0,25.319696647858404,-0.012146326615030094,-1.5030625850570851,-0.016996387224086355,-0.040829978844118237,1,1,0.14693127572536469,0.3204227089881897,0,HIGH,LOW,HIGH,MID,MID,LOW,LOW,LOW,LOW
2012-04-11,2012-04-12,0.012981025165336122,UP,1.7338152942330898,0.007273793761684154,111.19000244140625,0.0,25.06810527772113,-0.011798301855889468,1.0914024598048995,-0.01857540457969671,-0.012674981684498052,1,1,0.10362004488706589,0.3204227089881897,0,HIGH,LOW,HIGH,MID,MID,LOW,HIGH,LOW,MID
2012-04-12,2012-04-13,-0.01195965358781548,DOWN,1.366918845028358,0.007926573021955626,104.2699966430664,0.0,23.767214349558962,-0.007138005156828933,1.0085007803967603,-0.004509842044861067,0.021160149483579724,1,0,0.06932609528303146,0.3204227089881897,0,MID,LOW,HIGH,MID,MID,MID,HIGH,MID,MID
2012-04-16,2012-04-17,0.014703475288866496,UP,1.5058894085797572,0.008178118433826792,110.97000122070312,0.0,21.74775866427393,-0.009147945398876384,0.27026010327221633,0.004828408198954439,0.0045766789277596675,1,1,0.47779348492622375,0.3204227089881897,1,HIGH,LOW,HIGH,MID,MID,LOW,MID,HIGH,MID
2012-04-18,2012-04-19,-0.006441591294652862,DOWN,1.32442009838937,0.008865839415012075,106.05999755859375,0.0,19.134773746572623,-0.007294784723619194,-0.4643099057179822,0.004935862906215404,-0.0002921437427421998,1,0,0.5260705351829529,0.3204227089881897,1,MID,LOW,HIGH,MID,LOW,MID,MID,HIGH,MID
2012-04-20,2012-04-23,-0.008444424521305168,DOWN,1.2417131123570695,0.008847589331139325,101.08000183105469,0.0,17.889048641579457,-0.003888002060927747,0.14270857498684675,0.003666796130752851,0.002137179903089642,1,0,0.10221807658672333,0.3204227089881897,0,MID,LOW,HIGH,MID,LOW,MID,MID,HIGH,MID
2012-04-24,2012-04-25,0.013598798225997724,UP,1.3654239909250938,0.008350467389759324,99.83999633789062,0.0,18.380002278985078,-0.0055602604021239566,0.2780917814958831,0.000935826372769312,-0.006257482718824969,1,1,0.18315543234348297,0.3204227089881897,0,MID,LOW,HIGH,MID,LOW,MID,MID,MID,MID
2012-04-25,2012-04-26,0.006944729536737264,UP,1.1777926029403838,0.008996154196698568,93.27999877929688,0.0,17.16614770958806,-0.0077603736742398125,1.024888999011231,0.0066519327669258485,0.014024163028865543,1,1,0.012056766077876091,0.3204227089881897,0,MID,LOW,HIGH,MID,LOW,LOW,HIGH,HIGH,MID
2012-04-30,2012-05-01,0.006200870687420012,UP,1.1902086590672254,0.0090769666289807,89.31999969482422,1.0,15.569242654501807,-0.0008491322259381005,-0.5042745090719642,0.00939502640990214,0.01692512858738989,1,1,0.9919256567955017,0.3204227089881897,1,MID,LOW,MID,HIGH,LOW,MID,LOW,HIGH,MID
2012-05-02,2012-05-03,-0.007654702013019944,DOWN,1.179985074519093,0.009011469897610857,86.29000091552734,0.0,16.000473955423573,-0.0012271819237444706,0.05736295428267874,0.0006918266474729976,0.010509301398727893,1,0,0.3432036340236664,0.3204227089881897,1,MID,LOW,MID,MID,LOW,MID,MID,MID,MID
2012-05-03,2012-05-04,-0.016289952979268458,DOWN,1.2434738521529654,0.008895852444203989,88.3499984741211,0.0,15.761450901324503,-0.0020598037744225814,-0.7637809602144829,0.0004059010621093205,-0.019412479780055662,1,0,0.5105997323989868,0.3204227089881897,1,MID,LOW,MID,MID,LOW,MID,LOW,MID,MID
2012-05-08,2012-05-09,-0.005949538524837831,DOWN,1.4126557624855034,0.008494901487055968,91.33000183105469,0.0,15.265534900602029,0.000643047883034072,-0.8304669742861357,-0.006551283843910582,-0.0901333365261672,1,0,0.05792533606290817,0.3204227089881897,0,HIGH,LOW,HIGH,MID,LOW,MID,LOW,MID,LOW
2012-05-11,2012-05-14,-0.011122760326664573,DOWN,1.6950248984037675,0.0073919397334928786,100.12000274658203,-1.0,17.02844826909059,-0.001758976562919257,-0.5176305746536678,-0.004089636918359931,-0.024253584985604204,1,0,0.9779797792434692,0.3204227089881897,1,HIGH,LOW,HIGH,MID,LOW,MID,LOW,MID,MID
2012-05-14,2012-05-15,-0.005758133548508667,DOWN,1.7752795853678873,0.007760358246331517,105.8499984741211,-1.0,18.222133152970347,-0.0034187595168552534,-1.2858067005769216,-0.011684947610882174,-0.0327966675416317,1,0,0.004371169954538345,0.3204227089881897,0,HIGH,LOW,HIGH,MID,LOW,MID,LOW,LOW,LOW
2012-05-16,2012-05-17,-0.014942074823610709,DOWN,2.0414784347114767,0.006871873543387453,109.22000122070312,-1.0,21.114628567189467,-0.006097830087052836,-0.39028802839428844,-0.021153219229640887,-0.042195903211567354,1,0,0.010975347831845284,0.3204227089881897,0,HIGH,LOW,HIGH,MID,MID,MID,MID,LOW,LOW
2012-05-17,2012-05-18,-0.008595563981053293,DOWN,2.0860251621946473,0.007395524292836135,112.83999633789062,-1.0,23.17735020459631,-0.013246745578112125,-1.3411699153636414,-0.028575673188348024,-0.04767834321074847,1,0,0.0011459586676210165,0.3204227089881897,0,HIGH,LOW,HIGH,MID,MID,LOW,LOW,LOW,LOW
2012-05-18,2012-05-21,0.017042143153895094,UP,2.124344588043153,0.007443008124412075,117.44000244140625,-1.0,25.445508965589394,-0.014264582523754815,-1.2764755671199544,-0.02422230906058435,-0.04958100765578597,1,1,0.6857311129570007,0.3204227089881897,1,HIGH,LOW,HIGH,MID,MID,LOW,LOW,LOW,LOW
2012-05-25,2012-05-29,0.01203920355045307,UP,1.850800783680277,0.007406259938680646,103.0999984741211,-1.0,29.9196202950964,-0.004978539243258612,-0.39506053671951075,0.002715275459891716,-0.006800538801647651,1,1,0.9472981095314026,0.3204227089881897,1,HIGH,LOW,HIGH,MID,HIGH,MID,MID,HIGH,MID
2012-05-29,2012-05-30,-0.014616417103779963,DOWN,1.6288351014900524,0.008133208327473124,100.9800033569336,-1.0,29.544871459318422,-0.005687738698758167,0.950932248105749,0.0029838004814264317,-0.019746428333640285,1,0,0.9472284913063049,0.3204227089881897,1,HIGH,LOW,HIGH,MID,HIGH,MID,HIGH,HIGH,MID
2012-05-31,2012-06-01,-0.025499186098984584,DOWN,1.8201025643700208,0.008327209316630628,108.75,-1.0,29.422836557898115,-0.011032521036798651,-0.6251015333022301,-0.019193366299497715,-0.03820679793927829,1,0,0.05470113828778267,0.3204227089881897,0,HIGH,LOW,HIGH,MID,HIGH,LOW,LOW,LOW,LOW
2012-06-04,2012-06-05,0.007543693044012312,UP,1.7761382606330727,0.009263948806818087,107.04000091552734,-1.0,31.753527568017223,-0.013253841774561737,0.2897026422615936,-0.022797106320130617,-0.07874115181969284,1,1,0.0011584388557821512,0.3204227089881897,0,HIGH,LOW,HIGH,MID,HIGH,LOW,MID,LOW,LOW
2012-06-05,2012-06-06,0.022219683685399394,UP,1.6290946729000486,0.00954329978933198,102.77999877929688,-1.0,32.50354822624125,-0.009219717807454897,0.6874941472042303,-0.023790857155300913,-0.07395543857774951,1,1,0.3033505380153656,0.3204227089881897,0,HIGH,LOW,HIGH,MID,HIGH,LOW,HIGH,LOW,LOW
2012-06-07,2012-06-08,0.007920109403916804,UP,1.238977976628033,0.01104322574613102,98.36000061035156,-1.0,29.205853785534877,-0.00946926128091145,0.5065040297413934,0.014482806219057493,-0.019959800062843,1,1,0.9968187808990479,0.3204227089881897,1,MID,LOW,HIGH,MID,HIGH,LOW,HIGH,HIGH,MID
2012-06-08,2012-06-11,-0.01277853673432137,DOWN,1.1924108220022263,0.011215633405459129,96.5999984741211,-1.0,27.56993685727387,-0.008249119467844044,0.7871191996565203,0.03227951889724645,0.01039864874405744,1,0,0.9836810827255249,0.3204227089881897,1,MID,MID,HIGH,MID,MID,LOW,HIGH,HIGH,MID
2012-06-11,2012-06-12,0.011425195187419059,UP,1.2891459261351648,0.01151258700523162,105.51000213623047,-1.0,25.74586556138,-0.012707689596151678,-1.1006410628709349,0.01746398528840677,-0.015359150100959555,1,1,0.025549912825226784,0.3204227089881897,0,MID,MID,HIGH,MID,MID,LOW,LOW,HIGH,MID
2012-06-12,2012-06-13,-0.006415289197970859,DOWN,1.1963433149181677,0.011631604354053022,103.22000122070312,-1.0,23.986735529204218,-0.011634327991602382,1.0023513319493447,0.018914373569606957,-0.011574632140951441,1,0,0.990526556968689,0.3204227089881897,1,MID,MID,HIGH,MID,MID,LOW,HIGH,HIGH,MID
2012-06-13,2012-06-14,0.010544602119150941,UP,1.3125211650282755,0.011648317473995085,110.5999984741211,-1.0,22.546745022711168,-0.012800313431931767,-0.9251984059779337,-0.0011841714070959545,-0.028634668234430224,1,1,0.31486043334007263,0.3204227089881897,0,MID,MID,HIGH,MID,MID,LOW,LOW,MID,LOW
2012-06-18,2012-06-19,0.009626161675834072,UP,1.038027458257276,0.011117735815660288,99.30000305175781,0.0,20.332352597499845,-0.0018818154224291908,0.4210937397542436,0.010467338895309162,0.006868734805785998,1,1,0.7871307134628296,0.3204227089881897,1,LOW,LOW,HIGH,MID,LOW,MID,HIGH,HIGH,MID
2012-06-20,2012-06-21,-0.022694265300738328,DOWN,1.0132885635042737,0.01071775547272718,96.41000366210938,0.0,20.906803512082455,-0.0019106131163290838,-0.5480000032906346,0.01850237915694467,-0.009974534295913716,1,0,0.17523126304149628,0.3204227089881897,0,LOW,LOW,HIGH,MID,MID,MID,LOW,HIGH,MID
2012-06-21,2012-06-22,0.007672126668571888,UP,1.0557935086583659,0.011980762221256,105.47000122070312,0.0,19.756581552120945,-0.008141618548561025,-0.9965783525551382,9.889861400861483e-05,-0.07047523099904932,1,1,0.36519119143486023,0.3204227089881897,1,LOW,MID,HIGH,MID,LOW,LOW,LOW,MID,LOW
2012-06-22,2012-06-25,-0.016164709374456528,DOWN,0.9431530342956234,0.012095839854876304,104.12999725341797,0.0,18.688518303585255,-0.007406663220910059,0.8102569470424827,0.009978349016642263,-0.05215171097632183,1,0,0.6100192070007324,0.3204227089881897,1,LOW,MID,HIGH,MID,LOW,MID,HIGH,HIGH,LOW
2012-06-26,2012-06-27,0.008976130181058067,UP,1.0046628237935955,0.012364777136655286,100.66000366210938,0.0,17.29879008499776,-0.012091991028527751,0.7314577992458794,-0.0053422810756010635,-0.05717939274559563,1,1,0.8682654500007629,0.3204227089881897,1,LOW,MID,HIGH,MID,LOW,LOW,HIGH,MID,LOW
2012-06-28,2012-06-29,0.02462107206103697,UP,1.0267336981363913,0.0120928458705129,97.20999908447266,0.0,15.325159258897026,-0.003536585291783789,-0.19767634719332058,0.003954664209069106,-0.006543028138925472,1,1,0.9750185012817383,0.3204227089881897,1,LOW,MID,HIGH,MID,LOW,MID,MID,HIGH,MID
2012-07-02,2012-07-03,0.006571352219776147,UP,0.9142061854373449,0.011576168409524492,85.61000061035156,0.0,16.086941502079384,0.0028338911303443237,0.5545693185312045,0.003669529084630259,0.05573362878721684,1,1,0.9627042412757874,0.3204227089881897,1,LOW,MID,MID,MID,LOW,MID,HIGH,HIGH,HIGH
2012-07-05,2012-07-06,-0.009548976618500212,DOWN,1.025183278611084,0.010753163874305189,89.43000030517578,0.0,17.686176018963096,0.001922131223034633,-0.505960096397457,0.0018581356827923551,0.08378549244559585,1,0,0.7435890436172485,0.3204227089881897,1,LOW,LOW,MID,MID,LOW,MID,LOW,MID,HIGH
2012-07-09,2012-07-10,-0.008758371916199225,DOWN,1.0345601696812512,0.010947971339004367,92.8499984741211,1.0,17.184064465532845,-0.0021676466632266217,-0.699525635605443,-0.010416420329948658,0.01205043886237941,1,0,0.3418485224246979,0.3204227089881897,1,LOW,LOW,HIGH,HIGH,LOW,MID,LOW,LOW,MID
2012-07-12,2012-07-13,0.016638618556256375,UP,1.1115145983943675,0.010388360727831298,95.22000122070312,1.0,14.48595270879048,-1.0830396947212814e-05,-0.5293787650909113,-0.014075775731540834,-0.013156558725279223,1,1,0.42313602566719055,0.3204227089881897,1,MID,LOW,HIGH,HIGH,LOW,MID,LOW,LOW,MID
2012-07-16,2012-07-17,0.006843604159668158,UP,1.0021277944993634,0.01075540198794342,94.20999908447266,1.0,13.689251481653647,-0.004027219172275955,-0.4151380994470248,-0.013745332546668067,0.02798029645866029,1,1,0.9823976159095764,0.3204227089881897,1,LOW,LOW,HIGH,HIGH,LOW,MID,MID,LOW,HIGH
2012-07-17,2012-07-18,0.007379528046410284,UP,0.9571659403151679,0.010846002209611067,93.48999786376953,1.0,13.776724985560568,-0.004466791935245044,1.0603708711095754,-0.004871184682767858,0.06136040385678564,1,1,0.9503071308135986,0.3204227089881897,1,LOW,LOW,HIGH,HIGH,LOW,MID,HIGH,MID,HIGH
2012-07-19,2012-07-20,-0.009190396713817285,DOWN,0.9048789456929794,0.010755676332354563,93.7300033569336,1.0,15.16213324197647,-0.005361131548999674,0.40079911276145147,0.0002907423096437777,0.0736598018254907,1,0,0.6451482176780701,0.3204227089881897,1,LOW,LOW,HIGH,HIGH,LOW,MID,HIGH,MID,HIGH
2012-07-20,2012-07-23,-0.01016362332194233,DOWN,1.0722083435424408,0.009558904271287147,100.61000061035156,1.0,15.227767689676604,-0.0038392146800476368,-0.6127632220477276,-0.007894845039160905,0.04862617984634292,1,0,0.9993153810501099,0.3204227089881897,1,LOW,LOW,HIGH,HIGH,LOW,MID,LOW,MID,HIGH
2012-07-23,2012-07-24,-0.008623975160813382,DOWN,1.199085925328756,0.009782032930212623,107.31999969482422,1.0,14.52321667203472,-0.00553866029252416,-0.8929202756363277,0.0003075958283619857,-0.003284829549642877,1,0,0.9725468158721924,0.3204227089881897,1,MID,LOW,HIGH,HIGH,LOW,MID,LOW,MID,MID
2012-07-25,2012-07-26,0.01636279364520529,UP,1.3266439933749037,0.009183364190865144,106.52999877929688,1.0,14.056927698053052,-0.006335851764143453,0.26489907818046254,-0.014825255954726058,-0.0100649642549382,1,1,0.494839608669281,0.3204227089881897,1,MID,LOW,HIGH,HIGH,LOW,MID,MID,LOW,MID
2012-07-26,2012-07-27,0.01826497631335944,UP,1.1422533136201687,0.009667612534474115,98.58999633789062,1.0,13.387381386280342,-0.0058060899133421835,1.0075389644341017,-0.006934739700825633,-0.03592810723871195,1,1,0.12207501381635666,0.3204227089881897,0,MID,LOW,HIGH,HIGH,LOW,MID,HIGH,MID,LOW
2012-07-30,2012-07-31,-0.0070189945103160956,DOWN,1.2773370534427384,0.008891805663870104,94.73999786376953,1.0,14.579455492541843,-0.010333493767327008,-0.07815760602305967,0.004958771391920257,0.018435767268137306,1,0,0.3661234676837921,0.3204227089881897,1,MID,LOW,HIGH,HIGH,LOW,LOW,MID,HIGH,MID
2012-08-01,2012-08-02,-0.006928496250222446,DOWN,1.3364152239123748,0.008937100204080494,94.2300033569336,1.0,14.818280876118521,-0.015179973162660555,-0.6180141307306148,0.013367723208042895,-0.0006745846550713591,1,0,0.6923931837081909,0.3204227089881897,1,MID,LOW,HIGH,HIGH,LOW,LOW,LOW,HIGH,MID
2012-08-02,2012-08-03,0.019639072154451945,UP,1.227337917650266,0.009017939802783865,89.62999725341797,1.0,13.761154862801682,-0.0162946263408761,-0.7937081278518491,5.040796881324483e-06,-0.025607587551409173,1,1,0.9834781289100647,0.3204227089881897,1,MID,LOW,MID,HIGH,LOW,LOW,LOW,MID,MID
2012-08-15,2012-08-16,0.0073514753644729515,UP,1.0908360665057346,0.0084485965294073,97.94999694824219,1.0,16.391238234766327,0.003859011867727819,0.2682156564540687,0.005642084580844631,0.010443438430973527,1,1,0.9072192311286926,0.3204227089881897,1,LOW,LOW,HIGH,HIGH,LOW,MID,MID,HIGH,MID
2012-08-22,2012-08-23,-0.008213042605260772,DOWN,1.2972546347416183,0.007337345221797467,99.13999938964844,1.0,20.28048015470539,0.010270266852673633,0.20926865044181564,-0.002438311058734535,0.030588534866839878,1,0,0.9971936941146851,0.3204227089881897,1,MID,LOW,HIGH,HIGH,LOW,HIGH,MID,MID,HIGH
2012-08-29,2012-08-30,-0.007233996182479838,DOWN,1.9124210905323173,0.005619468204992976,94.70999908447266,1.0,20.333910628977968,0.009063214319534017,0.042352970743496345,0.001603690242758493,-0.018366319348898135,1,0,0.6936749219894409,0.3204227089881897,1,HIGH,LOW,HIGH,HIGH,LOW,HIGH,MID,MID,MID
2012-09-05,2012-09-06,0.020093415455824763,UP,3.0645624233694804,0.00364657262515054,90.1500015258789,0.0,18.059991982369237,0.0001263223156839086,-0.13334830946538728,-0.0018495154839964479,-0.010120606060139523,1,1,0.002198009053245187,0.3204227089881897,0,HIGH,LOW,MID,MID,LOW,MID,MID,MID,MID
2012-09-12,2012-09-13,0.01512158156392947,UP,1.6556015543653333,0.006011751166709178,93.94000244140625,1.0,22.954488343632544,0.008921323459138885,0.25386986159135505,0.01935735827659365,0.017154878276377798,1,1,0.9096249938011169,0.3204227089881897,1,HIGH,LOW,HIGH,HIGH,MID,HIGH,MID,HIGH,MID
2012-09-24,2012-09-25,-0.010698896138496448,DOWN,1.3713071867574893,0.006500120469657601,85.87999725341797,1.0,31.612985318419277,0.0020773903761110747,0.19367579396465492,-0.01546015566665327,-0.04975836635758377,1,0,0.9965183734893799,0.3204227089881897,1,MID,LOW,MID,HIGH,HIGH,MID,MID,LOW,LOW
2012-09-26,2012-09-27,0.009377390550657554,UP,1.4738831024695067,0.007184629702297748,95.05000305175781,1.0,28.13122653511627,0.0008930662315112491,-0.7227736205722102,-0.028618691926243958,-0.02198373788754148,1,1,0.9680452942848206,0.3204227089881897,1,HIGH,LOW,HIGH,HIGH,MID,MID,LOW,LOW,MID
2012-10-03,2012-10-04,0.007142455613396262,UP,1.3372529176620036,0.007268622433411707,87.55999755859375,0.0,23.554339337739137,-0.0012035016346826216,0.4497695657882043,0.0019149414531527869,-0.020661008231533787,1,1,0.8991326093673706,0.3204227089881897,1,MID,LOW,MID,MID,MID,MID,HIGH,MID,MID
2012-10-08,2012-10-09,-0.009936615428929485,DOWN,1.6309510969400187,0.005836106989065712,85.8499984741211,0.0,24.609273208860216,-0.002357964270716802,-0.4622697399473475,0.006051325117287109,-0.03465504301169592,1,0,0.33448776602745056,0.3204227089881897,1,HIGH,LOW,MID,MID,MID,MID,MID,HIGH,LOW
2012-10-09,2012-10-10,-0.006400454454726661,DOWN,1.6426592919424583,0.006277705477038749,88.52999877929688,0.0,23.666729443913813,-0.004683873130366376,-0.9652415651181107,-1.2343571873068594e-05,0.005426538205806694,1,0,0.7740046381950378,0.3204227089881897,1,HIGH,LOW,MID,MID,MID,MID,LOW,MID,MID
2012-10-12,2012-10-15,0.0082936143668975,UP,1.9884256836554695,0.00511321294179407,91.87000274658203,0.0,19.5650920663153,-0.006110696073275197,-0.5908598101689706,-0.009365671217786723,0.021790268783209072,1,1,0.7477307915687561,0.3204227089881897,1,HIGH,LOW,HIGH,MID,LOW,MID,LOW,LOW,MID
2012-10-15,2012-10-16,0.010082203211906414,UP,1.7377174313626467,0.005535535267610144,92.91999816894531,0.0,18.425055569566503,-0.0032532065126678576,0.9483107421085629,-0.0038904464324325035,0.02781939683701508,1,1,0.9826012253761292,0.3204227089881897,1,HIGH,LOW,HIGH,MID,LOW,MID,HIGH,MID,HIGH
2012-10-18,2012-10-19,-0.016804848135725563,DOWN,1.5327258986135182,0.006177236183738677,86.51000213623047,0.0,18.013174081800646,0.005521695690721858,0.21207519938994984,0.011871504175826638,0.0003257727084806705,1,0,0.9494242072105408,0.3204227089881897,1,HIGH,LOW,MID,MID,LOW,MID,MID,HIGH,MID
2012-10-22,2012-10-23,-0.013973513048603455,DOWN,1.4713485548618073,0.007115660253600667,92.4800033569336,0.0,16.797577574306384,0.005618369580991409,0.017452641944237148,0.005585936268231481,-0.03455870636803292,1,0,0.9880979657173157,0.3204227089881897,1,HIGH,LOW,HIGH,MID,LOW,MID,MID,HIGH,LOW
2012-10-31,2012-11-01,0.010415997374597061,UP,1.701176306920655,0.00688752768065437,90.2300033569336,0.0,19.093770865987764,0.011386362372497318,0.12201468021384011,-0.008357587207440436,-0.02846400629045011,1,1,0.805767834186554,0.3204227089881897,1,HIGH,LOW,MID,MID,LOW,HIGH,MID,LOW,LOW
2012-11-01,2012-11-02,-0.008931486463534484,DOWN,1.4321073081183686,0.007341427583229458,81.69999694824219,0.0,18.49652212816827,0.014295181930319685,0.673177046191344,0.0009855285659025258,0.0048342426354239625,1,0,0.12271085381507874,0.3204227089881897,0,HIGH,LOW,MID,MID,LOW,HIGH,HIGH,MID,MID
2012-11-05,2012-11-06,0.007794713531612405,UP,1.5970796125253686,0.007265454569979761,90.75,-1.0,16.646631856368987,0.01526375591882222,0.11097819495455218,-0.0068859386627215455,-0.00465931553707379,1,1,0.9842961430549622,0.3204227089881897,1,HIGH,LOW,HIGH,MID,LOW,HIGH,MID,MID,MID
2012-11-06,2012-11-07,-0.02292448913901554,DOWN,1.4663706955637692,0.007552223352944174,87.55999755859375,-1.0,15.96021968761732,0.01556072543102991,0.8870277864225656,0.00674662516091257,0.027774804839246065,1,0,0.999991774559021,0.3204227089881897,1,HIGH,LOW,MID,MID,LOW,HIGH,HIGH,HIGH,HIGH
2012-11-07,2012-11-08,-0.012096979082725046,DOWN,1.3369650146516283,0.0089899661262001,94.75,-1.0,16.218848759593456,0.016785911702431225,-1.470645438288015,0.0006294920195875024,-0.02109283049689423,1,0,0.7788708209991455,0.3204227089881897,1,MID,LOW,HIGH,MID,LOW,HIGH,LOW,MID,MID
2012-11-13,2012-11-14,-0.013590744815579842,DOWN,1.1557993019298574,0.00907468439216901,87.83999633789062,-1.0,19.667724357635024,0.013569689585292147,-0.41524778859039474,-0.012140514654560253,-0.03826076305114327,1,0,0.9809908866882324,0.3204227089881897,1,MID,LOW,MID,MID,LOW,HIGH,MID,LOW,LOW
2012-11-16,2012-11-19,0.020037038884988225,UP,1.200245581390497,0.008612677606115513,90.2699966430664,-1.0,24.73104789339878,0.014586487904319594,1.2929978524303425,-0.006032938265392904,0.006946866903798324,1,1,0.8799622654914856,0.3204227089881897,1,MID,LOW,MID,MID,MID,HIGH,HIGH,MID,MID
2012-11-21,2012-11-23,0.013533035130504684,UP,1.011190825820599,0.009537659448330002,85.8499984741211,-1.0,23.048442768441003,0.010278183300781254,0.19822683697374788,0.015676005201695927,0.012205074676194107,1,1,0.9786968231201172,0.3204227089881897,1,LOW,LOW,MID,MID,MID,HIGH,MID,HIGH,MID
2012-11-27,2012-11-28,0.008020234257834215,UP,1.0400215519823783,0.009642739979240434,84.16999816894531,-1.0,18.910488927718188,0.008194819668647445,-0.5563548593449934,0.0040888760926154006,-0.02380253464947902,1,1,0.7019482851028442,0.3204227089881897,1,LOW,LOW,MID,MID,LOW,HIGH,LOW,HIGH,MID
2012-12-10,2012-12-11,0.006785386519996082,UP,1.4430468165875994,0.007006390268265003,81.55999755859375,0.0,11.392677136763009,0.00724685137267932,-0.005472648468287532,0.001479093945006821,-0.04042919794705329,1,1,0.9891913533210754,0.3204227089881897,1,HIGH,LOW,MID,MID,LOW,HIGH,MID,MID,LOW
2012-12-12,2012-12-13,-0.006150782136168171,DOWN,1.4355829747303088,0.006998937456678767,83.0199966430664,0.0,12.50530474744377,0.005872885938291279,-0.1315978119653427,0.013516666097531126,-0.01271131514495464,1,0,0.9434985518455505,0.3204227089881897,1,HIGH,LOW,MID,MID,LOW,MID,MID,HIGH,MID
2012-12-14,2012-12-17,0.011683752096523075,UP,1.6807236697952794,0.0063716562064200085,86.38999938964844,0.0,11.57034391724832,0.00716297120421415,-0.598729427508715,0.007201126182487464,0.00926686852535005,1,1,0.7155235409736633,0.3204227089881897,1,HIGH,LOW,MID,MID,LOW,HIGH,LOW,HIGH,MID
2012-12-17,2012-12-18,0.011067352697539948,UP,1.538764238075051,0.0066892850269355255,82.0999984741211,0.0,11.886383524925673,0.006484955122656823,1.0364334563475348,0.014322500590497236,0.018986440237941198,1,1,0.9937911629676819,0.3204227089881897,1,HIGH,LOW,MID,MID,LOW,HIGH,HIGH,HIGH,MID
2012-12-18,2012-12-19,-0.007457066070580858,DOWN,1.7245738940357274,0.005687305088095913,79.36000061035156,1.0,13.099449376857072,0.010009135707702267,1.038702130049822,0.012686020642737057,0.024638586604978665,1,0,0.9953946471214294,0.3204227089881897,1,HIGH,LOW,MID,HIGH,LOW,HIGH,HIGH,HIGH,HIGH
2012-12-19,2012-12-20,0.005735835941309844,UP,1.799773660574884,0.006076193195718776,83.33000183105469,1.0,14.26620352281324,0.012498766122318358,-1.269359598188655,0.0016816711459798884,0.0310894736310015,1,1,0.9999192953109741,0.3204227089881897,1,HIGH,LOW,MID,HIGH,LOW,HIGH,LOW,MID,HIGH
2012-12-20,2012-12-21,-0.01618598029706901,DOWN,1.8129595048394307,0.006139714510152977,83.05999755859375,1.0,15.09966756670906,0.01110793527291374,0.8857926993795816,0.006171421646843952,0.04818564142282435,1,0,0.6962836980819702,0.3204227089881897,1,HIGH,LOW,MID,HIGH,LOW,HIGH,HIGH,HIGH,HIGH
2012-12-27,2012-12-28,-0.010866961580575455,DOWN,1.880076669153342,0.006523641784314416,90.88999938964844,1.0,13.204957397991187,0.012241036003871077,-0.6708170981687046,-0.007676969674480443,0.015079569183976852,1,0,0.9821402430534363,0.3204227089881897,1,HIGH,LOW,HIGH,HIGH,LOW,HIGH,LOW,MID,MID
2012-12-28,2012-12-31,0.016853570296344864,UP,2.0864008917680974,0.006859781519077075,104.72000122070312,1.0,13.582556757752249,0.014241853292777079,-1.2047299237699636,-0.015113909513393104,0.007406277122157367,1,1,0.9999349117279053,0.3204227089881897,1,HIGH,LOW,HIGH,HIGH,LOW,HIGH,LOW,LOW,MID
2012-12-31,2013-01-02,0.025307232530281845,UP,1.4350337808377474,0.007910289949955724,92.5,1.0,13.02853507760567,0.01538662789765254,1.7268711359459463,-0.0009308073018028645,0.03502126487544749,1,1,0.21092009544372559,0.3204227089881897,0,HIGH,LOW,HIGH,HIGH,LOW,HIGH,HIGH,MID,HIGH
2013-01-09,2013-01-10,0.007918155104775441,UP,0.8944963910405104,0.009725564729567926,78.51000213623047,1.0,16.188346407348373,0.011007700046243383,0.2756146560439439,0.0032930117136763526,-0.00021484558486476433,1,1,0.09326787292957306,0.3204227089881897,0,LOW,LOW,MID,HIGH,LOW,HIGH,MID,HIGH,MID
2013-01-16,2013-01-17,0.0064395880109128344,UP,0.9128572135789431,0.009260818999892041,77.26000213623047,1.0,18.60539722560265,0.010913449516792805,-0.1140397471225781,0.001133491229580485,0.012170529341951456,1,1,0.20418933033943176,0.3204227089881897,0,LOW,LOW,LOW,HIGH,LOW,HIGH,MID,MID,MID
2013-01-24,2013-01-25,0.005606344041853558,UP,1.0350620606322298,0.0077231584886114655,76.16999816894531,1.0,24.58946797187546,0.011169666163227315,0.7578354494250699,0.007573397783668727,0.017982493412703186,1,1,0.9323020577430725,0.3204227089881897,1,LOW,LOW,LOW,HIGH,MID,HIGH,HIGH,HIGH,MID
2013-01-31,2013-02-01,0.010234744303814203,UP,2.5986331688771314,0.003461648376209346,76.72000122070312,1.0,31.611988217328385,0.014710623643373059,-0.645644314233857,-0.002587829696106511,0.015922596080877382,1,1,0.5907906293869019,0.3204227089881897,1,HIGH,LOW,LOW,HIGH,HIGH,HIGH,LOW,MID,MID
2013-02-01,2013-02-04,-0.011304144668602559,DOWN,2.0845481995755346,0.003898319996174589,73.29000091552734,1.0,33.031280148940475,0.011878426804763906,1.0769386384282464,-0.0031606291832050448,0.019520366262426554,1,0,0.9907082319259644,0.3204227089881897,1,HIGH,LOW,LOW,HIGH,HIGH,HIGH,HIGH,MID,MID
2013-02-04,2013-02-05,0.010047057361337028,UP,1.913329323369365,0.00482992201094922,77.79000091552734,1.0,33.00351980901527,0.009538261048593389,-1.0627605521497996,-0.01101023795908335,-0.002803638943636537,1,1,0.9983565211296082,0.3204227089881897,1,HIGH,LOW,MID,HIGH,HIGH,HIGH,LOW,LOW,MID
2013-02-07,2013-02-08,0.005548939530563959,UP,1.675414300648118,0.005075879225465513,76.86000061035156,1.0,32.54889303512774,0.011209702875049715,-0.38859409016618884,-0.0059689492893481065,-0.01717397926588354,1,1,0.8893116116523743,0.3204227089881897,1,HIGH,LOW,LOW,HIGH,HIGH,HIGH,MID,MID,MID
2013-02-15,2013-02-19,0.007466627480102244,UP,1.6290871218359053,0.004818073964030701,72.55000305175781,1.0,32.82475321916057,0.00956488633004108,0.161429934220273,0.006013230348135659,0.0014615243055735119,1,1,0.9997972846031189,0.3204227089881897,1,HIGH,LOW,LOW,HIGH,HIGH,HIGH,MID,HIGH,MID
2013-02-19,2013-02-20,-0.012541637747840189,DOWN,1.5490749282882748,0.005005936915830862,70.44999694824219,1.0,33.473608567795395,0.008348256020724268,0.9152338389579866,0.006832961313882443,-0.0038204921530904197,1,0,0.9628132581710815,0.3204227089881897,1,HIGH,LOW,LOW,HIGH,HIGH,HIGH,HIGH,HIGH,MID
2013-02-20,2013-02-21,-0.006097567843170686,DOWN,1.584825049854221,0.005835048459167397,79.6500015258789,1.0,32.66370550465016,0.0028801080099549493,-1.3140094080972946,-0.000245413253284953,-0.031778503979088116,1,0,0.21803493797779083,0.3204227089881897,0,HIGH,LOW,MID,HIGH,HIGH,MID,LOW,MID,LOW
2013-02-21,2013-02-22,0.00972520140623874,UP,1.5911378288068918,0.006025687274413576,80.83000183105469,1.0,30.33799093535446,0.002366502722220918,-1.1468223392076853,-0.004612708692430284,-0.04393654603306398,1,1,0.9799687266349792,0.3204227089881897,1,HIGH,LOW,MID,HIGH,HIGH,MID,LOW,MID,LOW
2013-02-22,2013-02-25,-0.019210264686089513,DOWN,1.399194112297468,0.006379573027437239,78.66000366210938,1.0,28.6400210895978,-0.0017148805481055612,0.9684943479542878,0.0003716705632836512,-0.043905396703290765,1,0,0.619658350944519,0.3204227089881897,1,HIGH,LOW,MID,HIGH,HIGH,MID,HIGH,MID,LOW
2013-02-25,2013-02-26,0.006822341075306378,UP,1.5574335628115692,0.0076809539181655374,94.33999633789062,1.0,27.502362966691692,-0.00419115847286289,-1.2841292136348186,-0.009162920185917165,-0.029107203642994326,1,1,0.996986448764801,0.3204227089881897,1,HIGH,LOW,HIGH,HIGH,MID,MID,LOW,LOW,LOW
2013-02-26,2013-02-27,0.012519617305904326,UP,1.3545183686946842,0.00784566815313933,90.2300033569336,1.0,26.65857958999963,-0.003192856543513798,1.3600959511540596,-0.004221697691016458,-0.042586670688611404,1,1,0.9995394945144653,0.3204227089881897,1,MID,LOW,MID,HIGH,MID,MID,HIGH,MID,LOW
2013-03-04,2013-03-05,0.00891900808606313,UP,1.1006978415992958,0.008018068406606663,82.2699966430664,0.0,22.26870918065899,-0.0025332715581615917,0.3917730683413721,0.0057108846698711874,-0.032639450414619534,1,1,0.9985559582710266,0.3204227089881897,1,LOW,LOW,MID,MID,MID,MID,HIGH,HIGH,LOW
2013-03-14,2013-03-15,-0.005758871198111227,DOWN,0.9482418778888665,0.007506872660317562,83.5,1.0,26.964089040323735,0.002523478658929136,0.8181925645432125,0.005483496854126045,0.015927540239044777,1,0,0.5847532749176025,0.3204227089881897,1,LOW,LOW,MID,HIGH,MID,MID,HIGH,HIGH,MID
2013-03-15,2013-03-18,-0.0055341235315858415,DOWN,0.9268909505088201,0.0076797934261678595,85.72000122070312,1.0,27.207463040345836,0.0020797342499273876,-1.0449788407647191,-0.0006648568778306208,0.016181583383975556,1,0,0.9944140911102295,0.3204227089881897,1,LOW,LOW,MID,HIGH,MID,MID,LOW,MID,MID
2013-03-19,2013-03-20,0.006961045320596425,UP,1.1796215502276497,0.007684539298948539,94.38999938964844,1.0,24.76351154527242,-0.000462678213752267,-0.33765792632898317,-0.0024981088121182834,-0.004114756688157979,1,1,0.8933866620063782,0.3204227089881897,1,MID,LOW,HIGH,HIGH,MID,MID,MID,MID,MID
2013-03-20,2013-03-21,-0.00857932575928796,DOWN,1.1130813253601548,0.007170500173342103,89.44999694824219,1.0,23.745542495733385,0.0045925372398580785,0.9291167536052654,0.0025778666806510297,0.004744482175076278,1,0,0.7256545424461365,0.3204227089881897,1,MID,LOW,MID,HIGH,MID,MID,HIGH,MID,MID
2013-03-21,2013-03-22,0.008001110346472698,UP,1.202769771097154,0.007327147469608808,93.9800033569336,1.0,22.314332948382482,0.0073764118916783555,-0.8698392561358653,-0.0036279725382268313,-0.006254083835546113,1,1,0.9976071119308472,0.3204227089881897,1,MID,LOW,HIGH,HIGH,MID,HIGH,LOW,MID,MID
2013-03-25,2013-03-26,0.007970765961989446,UP,1.5470207987934974,0.005594873898579468,88.86000061035156,1.0,19.80935897762991,0.007396124577156646,-1.0402559959905817,-0.0022720853006205364,0.011349893473682492,1,1,0.9499731659889221,0.3204227089881897,1,HIGH,LOW,MID,HIGH,LOW,HIGH,LOW,MID,MID
2013-04-02,2013-04-03,-0.010190836992467653,DOWN,1.5594751781455813,0.005162405416710423,80.48999786376953,1.0,15.458349027718329,0.000942548000947261,0.34051905787089937,-0.001227525984061829,0.024792987455958215,1,0,0.16241712868213654,0.3204227089881897,0,HIGH,LOW,MID,HIGH,LOW,MID,HIGH,MID,HIGH
2013-04-05,2013-04-08,0.006744432648754667,UP,1.5687894532317412,0.005589517321021547,84.48999786376953,1.0,15.642494748454503,-0.00040784464735429916,-0.6206445438426399,-0.011313017203800176,-0.04771090069625024,1,1,0.9058830142021179,0.3204227089881897,1,HIGH,LOW,MID,HIGH,LOW,MID,LOW,LOW,LOW
2013-04-09,2013-04-10,0.012174382692949959,UP,1.4184731269121973,0.005702215759368043,82.04000091552734,1.0,14.398581157527225,0.00028281375317626683,0.33775470107687516,-0.009424802520493086,-0.031247701449574432,1,1,0.6311827301979065,0.3204227089881897,1,HIGH,LOW,MID,HIGH,LOW,MID,HIGH,LOW,LOW
2013-04-12,2013-04-15,-0.0234465885739041,DOWN,1.2173719251241668,0.0062405629824626285,82.38999938964844,1.0,15.19697157379573,-0.0036154042629608345,-0.23612857582276447,0.002863712705135051,-0.015327177045243147,1,0,0.013986130245029926,0.3204227089881897,0,MID,LOW,MID,HIGH,LOW,MID,MID,HIGH,MID
2013-04-15,2013-04-16,0.014654910174762463,UP,1.3337661362710151,0.008156660607355296,104.62000274658203,1.0,14.917522976818706,-0.008139949189512712,-1.9633575499643163,-0.003971438667941517,-0.0510903823038707,1,1,0.9835679531097412,0.3204227089881897,1,MID,LOW,HIGH,HIGH,LOW,LOW,LOW,MID,LOW
2013-04-16,2013-04-17,-0.014719343059893182,DOWN,1.011166924642159,0.008696856290558006,88.19000244140625,1.0,14.65803499391147,-0.006848857920929553,1.139610417865728,0.002530904108430987,-0.05993479238457324,1,0,0.0009559018071740866,0.3204227089881897,0,LOW,LOW,MID,HIGH,LOW,MID,HIGH,MID,LOW
2013-04-17,2013-04-18,-0.006273270181493821,DOWN,1.1126773210622225,0.00934711471416576,105.26000213623047,1.0,15.272800858347587,-0.006979176909896929,-1.5437472711686242,-0.006272592335844389,-0.08785703303206327,1,0,0.9945429563522339,0.3204227089881897,1,MID,LOW,HIGH,HIGH,LOW,MID,LOW,MID,LOW
2013-04-18,2013-04-19,0.008655802114729601,UP,1.1883140975249888,0.00930878454612131,107.6500015258789,1.0,16.178806415308802,-0.00701030451956022,-0.8953016653653347,-0.00810187116854799,-0.06380445088763002,1,1,0.7763267755508423,0.3204227089881897,1,MID,LOW,HIGH,HIGH,LOW,MID,LOW,MID,LOW
2013-04-22,2013-04-23,0.010256504155200347,UP,0.9854624512147472,0.009198572862352119,90.91000366210938,1.0,16.79860383327097,-0.003317791035899864,0.6354364910429147,0.0032054362882010298,0.0005635099198405773,1,1,0.9980756044387817,0.3204227089881897,1,LOW,LOW,HIGH,HIGH,LOW,MID,HIGH,HIGH,MID
2013-04-26,2013-04-29,0.006676333484770011,UP,0.9233812359939046,0.00928489076770622,85.08999633789062,0.0,13.729964433281816,-0.0026206736002580677,-0.5061039176262119,0.0046123630906361995,0.05514902449494796,1,1,0.6394259929656982,0.3204227089881897,1,LOW,LOW,MID,MID,LOW,MID,LOW,HIGH,HIGH
2013-04-30,2013-05-01,-0.008806157890127678,DOWN,0.9175725232091893,0.009281881847389326,83.45999908447266,1.0,13.876284008790781,0.0039314802284100385,0.4939474960139801,0.0066836572473100014,0.04687672485500208,1,0,0.9872334003448486,0.3204227089881897,1,LOW,LOW,MID,HIGH,LOW,MID,HIGH,HIGH,HIGH
2013-05-01,2013-05-02,0.009244484452722372,UP,0.9922029594838471,0.009199571309220061,88.11000061035156,1.0,13.559411548384597,0.0036286076907942506,-0.9794782778820799,-0.0029707298658813853,-0.004384546406845056,1,1,0.9704889059066772,0.3204227089881897,1,LOW,LOW,MID,HIGH,LOW,MID,LOW,MID,MID
2013-05-02,2013-05-03,0.010089741437126454,UP,0.9143434117127818,0.009362888494754666,83.81999969482422,1.0,13.570385766095693,0.0034388789097941283,0.5858372486154534,0.0001151715067273405,0.003730734799290481,1,1,0.644960880279541,0.3204227089881897,1,LOW,LOW,MID,HIGH,LOW,MID,HIGH,MID,MID
2013-05-13,2013-05-14,0.010280849124774243,UP,1.125461792816133,0.007024456151591077,80.44999694824219,1.0,23.01032403769289,0.009119110488677966,-0.07124746730008374,0.0003713633809562921,-0.010348762025975716,1,1,0.21323761343955994,0.3204227089881897,0,MID,LOW,MID,HIGH,MID,HIGH,MID,MID,MID
2013-05-14,2013-05-15,0.00537197256402703,UP,1.2022703750666162,0.006690960970514919,80.44999694824219,1.0,25.013363930796896,0.010231215465484243,0.8086440737657408,0.004079305872801013,-0.014855708579251236,1,1,0.30621039867401123,0.3204227089881897,0,MID,LOW,MID,HIGH,MID,HIGH,HIGH,HIGH,MID
2013-05-16,2013-05-17,0.009630543371476553,UP,1.5781432839600027,0.005217096568579805,84.5,1.0,29.320219219307372,0.010124423166875396,-0.7351586014533096,-0.0033435073864986316,-0.012842731545310954,1,1,0.7171016931533813,0.3204227089881897,1,HIGH,LOW,MID,HIGH,HIGH,HIGH,LOW,MID,MID
2013-05-21,2013-05-22,-0.00744527922700781,DOWN,1.6565619233753222,0.005084209741444757,88.04000091552734,1.0,35.7014455148533,0.011618924972967022,0.3251358338301584,-0.0008861718226136801,0.02048718552776284,1,0,0.9468259215354919,0.3204227089881897,1,HIGH,LOW,MID,HIGH,HIGH,HIGH,HIGH,MID,MID
2013-05-24,2013-05-28,0.0059709202535344254,UP,1.5587389719187406,0.005653846887505617,83.87999725341797,1.0,34.2788353339618,0.0016824657651473077,-0.3247895642986413,-0.0028789572215647324,-0.01966719683196537,1,1,0.9344340562820435,0.3204227089881897,1,HIGH,LOW,MID,HIGH,HIGH,MID,MID,MID,MID
2013-05-28,2013-05-29,-0.00651547802709189,DOWN,1.6211778037262248,0.0056264910029978025,82.6500015258789,1.0,34.671472913677455,0.0037190021179849264,0.7472810338198119,0.0008761216395067085,-0.01773462855921538,1,0,0.7500393986701965,0.3204227089881897,1,HIGH,LOW,MID,HIGH,HIGH,MID,HIGH,MID,MID
2013-05-30,2013-05-31,-0.014456063768440826,DOWN,1.6886801597047207,0.005420232738504448,80.22000122070312,1.0,33.35944564284342,0.004229200579836528,0.38511441123977974,-0.0018616453238947134,-0.007131843216487518,1,0,0.9259846806526184,0.3204227089881897,1,HIGH,LOW,MID,HIGH,HIGH,MID,HIGH,MID,MID
2013-05-31,2013-06-03,0.005491222748205635,UP,1.619189175766029,0.0063414667805073354,84.87000274658203,1.0,31.491445837026692,0.003623645575053805,-1.4445780677441498,-0.006490076412261587,-0.024488376140673646,1,1,0.9398121237754822,0.3204227089881897,1,HIGH,LOW,MID,HIGH,HIGH,MID,LOW,MID,MID
2013-06-04,2013-06-05,-0.014099875084750964,DOWN,1.65414505274501,0.006196032746819502,87.38999938964844,1.0,27.95374220510168,-0.0018897786136368323,-0.9299478503327396,-0.007639378283143022,-0.018054914621462526,1,0,0.973178505897522,0.3204227089881897,1,HIGH,LOW,MID,HIGH,MID,MID,LOW,MID,MID
2013-06-05,2013-06-06,0.009012353932596352,UP,1.5970629698698025,0.006902648176108653,93.18000030517578,0.0,26.317022623560018,-0.0037999294928920194,-1.3103282032953558,-0.011268708343056889,0.006528632664019603,1,1,0.9368086457252502,0.3204227089881897,1,HIGH,LOW,HIGH,MID,MID,MID,LOW,LOW,MID
2013-06-06,2013-06-07,0.012640276575702901,UP,1.4672528944548635,0.007139815379586561,91.91000366210938,0.0,25.25641893336764,-0.003834888024934948,1.2604783579598866,-0.008468916163296803,0.012210179930366449,1,1,0.9567192196846008,0.3204227089881897,1,HIGH,LOW,HIGH,MID,MID,MID,HIGH,LOW,MID
2013-06-10,2013-06-11,-0.010369088944428652,DOWN,1.2742681547882848,0.0076328404435300565,82.94000244140625,0.0,22.79467945029716,-0.005753026026249233,0.018513660294172167,0.005863910763325618,0.02452294723650327,1,0,0.059640418738126755,0.3204227089881897,0,MID,LOW,MID,MID,MID,MID,MID,HIGH,HIGH
2013-06-11,2013-06-12,-0.008311613667880477,DOWN,1.3435534904869932,0.008003469263417422,92.31999969482422,0.0,21.41525572854339,-0.004382278424428719,-0.9239226269026284,-0.0023795619002859644,0.021941626992407825,1,0,0.9050375819206238,0.3204227089881897,1,MID,LOW,HIGH,MID,MID,MID,LOW,MID,MID
2013-06-12,2013-06-13,0.01509420400859605,UP,1.4999392968969647,0.007807382189232908,101.7699966430664,0.0,20.677320095826005,-0.007314479589382566,-0.8811869778301974,0.009080451214120318,0.022572411214475542,1,1,0.6262603998184204,0.3204227089881897,1,HIGH,LOW,HIGH,MID,LOW,MID,LOW,HIGH,MID
2013-06-13,2013-06-14,-0.006292296273244697,DOWN,1.2160034060707947,0.008501068491315721,95.08000183105469,0.0,20.130756693572543,-0.005739142481994303,0.9683398472854517,0.006251191656464373,0.020162607911114586,1,0,0.3684772253036499,0.3204227089881897,1,MID,LOW,HIGH,MID,LOW,MID,HIGH,HIGH,MID
2013-06-14,2013-06-17,0.007691935760106994,UP,1.2637336127615826,0.008548862015522941,93.87000274658203,0.0,19.517085631650595,-0.0031363958179002963,-0.571595981835781,0.003534305077687953,0.01877504830982749,1,1,0.11270076036453247,0.3204227089881897,0,MID,LOW,HIGH,MID,LOW,MID,LOW,HIGH,MID
2013-06-17,2013-06-18,0.007874551687688627,UP,1.2544571604367312,0.008436322177767535,90.44999694824219,0.0,18.598255976499573,-0.0043570047409034664,0.7336538799760307,0.003850726710482264,0.020668298701082524,1,1,0.9765253067016602,0.3204227089881897,1,MID,LOW,HIGH,MID,LOW,MID,HIGH,HIGH,MID
2013-06-18,2013-06-19,-0.01391321406483253,DOWN,1.2090109626837284,0.008654443344112675,89.98999786376953,0.0,17.273102103946833,-0.0049690855366761886,0.6553684174834137,0.012610700415239161,0.031578366249939295,1,0,0.961970865726471,0.3204227089881897,1,MID,LOW,MID,MID,LOW,MID,HIGH,HIGH,HIGH
2013-06-19,2013-06-20,-0.025090386433772593,DOWN,1.1451971475552822,0.00915319633480943,88.58999633789062,0.0,16.684420840026974,-0.005237996579521457,-1.3209924429107225,0.007618935464887484,0.024316061733668955,1,0,0.14638221263885498,0.3204227089881897,0,MID,LOW,MID,MID,LOW,MID,LOW,HIGH,HIGH
2013-06-21,2013-06-24,-0.012716520551955237,DOWN,1.1298319775789691,0.010537744457365704,96.0999984741211,0.0,19.471042321079455,-0.0024358131173830566,-0.556520050480833,0.010754652095095015,-0.04344419222658321,1,0,0.39111974835395813,0.3204227089881897,1,MID,LOW,HIGH,MID,LOW,MID,LOW,HIGH,LOW
2013-06-24,2013-06-25,0.00956829998834733,UP,1.1727225054364694,0.01080230794535922,100.93000030517578,0.0,21.362589197508765,0.0002947072998733466,-1.304109574212805,0.003543072675792437,-0.02684790828330676,1,1,0.8674261569976807,0.3204227089881897,1,MID,LOW,HIGH,MID,MID,MID,LOW,HIGH,MID
2013-06-25,2013-06-26,0.009852246442467346,UP,1.0596244477580203,0.010980310951556781,94.83000183105469,0.0,22.126353437174068,0.0012050205945535464,0.7229231027413148,0.00994227999841171,-0.0322076012948632,1,1,0.9862157106399536,0.3204227089881897,1,LOW,LOW,HIGH,MID,MID,MID,HIGH,HIGH,LOW
2013-06-28,2013-07-01,0.0058425329038531955,UP,0.9717366028208301,0.010929712892581968,86.54000091552734,-1.0,22.45931823446792,0.0023617568179372522,-0.4753780660901532,-0.004686498031512573,0.030173065484009005,1,1,0.49428117275238037,0.3204227089881897,1,LOW,LOW,MID,MID,MID,MID,LOW,MID,HIGH
2013-07-03,2013-07-05,0.01073094156035213,UP,0.9776471755047933,0.010438368265715694,82.72000122070312,-1.0,21.697607919280763,0.005962615925842955,0.07193915167887782,-0.010681222773113917,0.058367667089581916,1,1,0.9968216419219971,0.3204227089881897,1,LOW,LOW,MID,MID,MID,MID,MID,LOW,HIGH
2013-07-05,2013-07-08,0.00568856580219072,UP,0.891349495158903,0.01052316583531936,77.41000366210938,-1.0,20.880386680966026,0.0062775019719457665,0.5555285846652291,-0.004473639850542766,0.061636303486577046,1,1,0.9993793964385986,0.3204227089881897,1,LOW,LOW,LOW,MID,MID,HIGH,HIGH,MID,HIGH
2013-07-08,2013-07-09,0.007171587367699543,UP,0.9131088426258714,0.010196511356528864,75.48999786376953,-1.0,19.458773174230164,0.0035744964601644113,0.7091122814637676,0.007247698026448186,0.06592273119966345,1,1,0.9999583959579468,0.3204227089881897,1,LOW,LOW,LOW,MID,LOW,MID,HIGH,HIGH,HIGH
2013-07-10,2013-07-11,0.013528751372094909,UP,0.8921727217007438,0.01003332472371652,79.54000091552734,0.0,17.686200170728522,0.007082518154532105,0.08066962749296785,0.019298280841813203,0.06717058016066281,1,1,0.48776301741600037,0.3204227089881897,1,LOW,LOW,MID,MID,LOW,HIGH,MID,HIGH,HIGH
2013-07-31,2013-08-01,0.011491990153753543,UP,1.8795146815426647,0.0045079208831634646,73.08000183105469,1.0,17.83187260136564,0.0031236373719357655,0.1253516663315391,0.0018058523842134193,-0.003421737142223475,1,1,0.35154861211776733,0.3204227089881897,1,HIGH,LOW,LOW,HIGH,LOW,MID,MID,MID,MID
2013-08-05,2013-08-06,-0.005698697921155843,DOWN,1.6306551033530285,0.004573927996688923,69.73999786376953,1.0,19.73640698808261,0.00861141699742015,-0.26997473676122374,0.0004505303782869341,0.01904272881688421,1,0,0.03288465365767479,0.3204227089881897,0,HIGH,LOW,LOW,HIGH,LOW,HIGH,MID,MID,MID
2013-08-14,2013-08-15,-0.014084743088398959,DOWN,2.0365328063321684,0.0040335357380425416,80.22000122070312,1.0,15.07516610367336,0.006295453346074064,-1.0621472182705785,0.0066887053889978345,0.023483663336807556,1,0,0.9528551697731018,0.3204227089881897,1,HIGH,LOW,MID,HIGH,LOW,HIGH,LOW,HIGH,MID
2013-08-16,2013-08-19,-0.006412590268578053,DOWN,1.8265003912156526,0.004956061931339166,84.08999633789062,0.0,16.061677163455773,0.0034605027686578395,-1.1936994396349838,0.010039888558536693,0.01396263007489979,1,0,0.999679446220398,0.3204227089881897,1,HIGH,LOW,MID,MID,LOW,MID,LOW,HIGH,MID
2013-08-20,2013-08-21,-0.006179242260351285,DOWN,1.7939914391603202,0.005235485996830672,89.08000183105469,0.0,18.045742419855742,0.004789300030758829,0.9967221818902444,0.005161129770499394,-0.017564196420915182,1,0,0.994074285030365,0.3204227089881897,1,HIGH,LOW,MID,MID,LOW,MID,HIGH,HIGH,MID
2013-08-21,2013-08-22,0.009073923623194202,UP,1.883778594139862,0.005330380084571275,90.37999725341797,0.0,19.30580490266621,0.007493292265819705,-1.1897469979977189,0.007827241989826044,-0.02847843185556984,1,1,0.9946268200874329,0.3204227089881897,1,HIGH,LOW,HIGH,MID,LOW,HIGH,LOW,HIGH,LOW
2013-08-26,2013-08-27,-0.016215083080727662,DOWN,1.6179536821149823,0.005836268601225707,83.05999755859375,0.0,20.089233844317597,0.008321258019514575,-0.8430092696122392,0.0017984594531213413,-0.011078888304917382,1,0,0.8252767324447632,0.3204227089881897,1,HIGH,LOW,MID,MID,LOW,HIGH,LOW,MID,MID
2013-09-03,2013-09-04,0.008238979257379415,UP,1.655422913854325,0.006320630692851584,90.66000366210938,0.0,23.457699266812433,-0.0014330364048299668,0.5780925375318389,-0.008346297842999478,0.024434702168638925,1,1,0.9795728325843811,0.3204227089881897,1,HIGH,LOW,HIGH,MID,MID,MID,HIGH,MID,HIGH
2013-09-06,2013-09-09,0.009530516022100581,UP,1.521471123075513,0.006562439197299754,86.51000213623047,-1.0,21.487035826494548,0.0016776313162727464,-0.055197507179903495,0.008218968790522427,0.01577560380768882,1,1,0.24928921461105347,0.3204227089881897,0,HIGH,LOW,MID,MID,MID,MID,MID,HIGH,MID
2013-09-09,2013-09-10,0.0073699604577225734,UP,1.4143178504102936,0.006961642031969726,83.45999908447266,-1.0,20.70670350641451,0.0021289303586455883,0.9559160280223603,0.009023076748298116,0.01722191234404756,1,1,0.9251284003257751,0.3204227089881897,1,HIGH,LOW,MID,MID,LOW,MID,HIGH,HIGH,MID
2013-09-13,2013-09-16,0.005770807024894481,UP,1.418161092792676,0.006289808338579525,79.7300033569336,0.0,17.129273533966522,0.005140792074330158,0.7083915566053332,0.002608451007787585,-0.021213191155871777,1,1,0.45546743273735046,0.3204227089881897,1,HIGH,LOW,MID,MID,LOW,MID,HIGH,MID,MID
2013-09-17,2013-09-18,0.011507715438112824,UP,1.510387062322196,0.0060600621620936,79.48999786376953,0.0,18.213925167377646,0.008048975880104899,0.6363998589532794,-0.00035427550609219705,-0.018514708128699375,1,1,0.14317671954631805,0.3204227089881897,0,HIGH,LOW,MID,MID,LOW,HIGH,HIGH,MID,MID
2013-09-19,2013-09-20,-0.011878521592229619,DOWN,1.3439500210416973,0.006168399530305531,73.22000122070312,0.0,21.45439338435967,0.005605347832561974,-0.6213822260851936,0.0019207231585183504,-0.020559811658036043,1,0,0.023885849863290787,0.3204227089881897,0,MID,LOW,LOW,MID,MID,MID,LOW,MID,MID
2013-09-27,2013-09-30,-0.005342581627234101,DOWN,1.6945301449072168,0.005747247779079593,74.93000030517578,1.0,15.564997817332468,0.006387509603022673,-0.5182602994687896,-0.013942658064836296,-0.0174419987347842,1,0,0.9997922778129578,0.3204227089881897,1,HIGH,LOW,LOW,HIGH,LOW,HIGH,LOW,LOW,MID
2013-09-30,2013-10-01,0.007885037842500666,UP,1.7850846355768295,0.00585799525606969,81.66999816894531,1.0,15.551656344833377,0.010733221473832794,-1.0521562013513666,-0.008548929258504942,-0.01223786172576234,1,1,0.999990701675415,0.3204227089881897,1,HIGH,LOW,MID,HIGH,LOW,HIGH,LOW,LOW,MID
2013-10-02,2013-10-03,-0.009263710042895584,DOWN,1.801148221875408,0.005805750576154031,85.7300033569336,1.0,14.211509618281749,0.009172089853424735,-0.15443276363785272,0.002104626609873951,0.0139293681587352,1,0,0.9994087219238281,0.3204227089881897,1,HIGH,LOW,MID,HIGH,LOW,HIGH,MID,MID,MID
2013-10-03,2013-10-04,0.007548128275420309,UP,1.7827979963639942,0.006243586654732688,93.79000091552734,0.0,14.289867143104058,0.008021242598721796,-1.13056744640648,0.0003180266480929052,0.0027139571205646055,1,1,0.36556103825569153,0.3204227089881897,1,HIGH,LOW,HIGH,MID,LOW,HIGH,LOW,MID,MID
2013-10-04,2013-10-07,-0.008682302092439639,DOWN,1.6375801410055189,0.006439506921658435,88.70999908447266,0.0,14.262071797543193,0.007818455463793665,0.7826751764999743,0.0033303806523911055,0.009385135846450761,1,0,0.9926407933235168,0.3204227089881897,1,HIGH,LOW,MID,MID,LOW,HIGH,HIGH,HIGH,MID
2013-10-07,2013-10-08,-0.011714993948873946,DOWN,1.9000225883094628,0.0064352659178679664,103.08000183105469,0.0,14.419324240824874,0.005507659554454736,-0.7774296928848127,-0.0004157279118470475,0.006817293116651581,1,0,0.9967566132545471,0.3204227089881897,1,HIGH,LOW,HIGH,MID,LOW,MID,LOW,MID,MID
2013-10-09,2013-10-10,0.02132883685530792,UP,1.8626862290503117,0.006628512896792669,111.43000030517578,0.0,17.128670010762193,0.002335242230801223,0.011636095729060067,0.0011890167397613362,-0.024209999458508536,1,1,0.9953464865684509,0.3204227089881897,1,HIGH,LOW,HIGH,MID,LOW,MID,MID,MID,MID
2013-10-10,2013-10-11,0.006422532529079709,UP,1.2510646539969668,0.008298071462938107,95.30999755859375,0.0,16.224240923350294,0.004963558416579656,1.1583755711122408,0.004226766053221457,-0.002908061595815373,1,1,0.28058260679244995,0.3204227089881897,0,MID,LOW,HIGH,MID,LOW,MID,HIGH,HIGH,MID
2013-10-14,2013-10-15,-0.007280477763183888,DOWN,1.2115464929334148,0.008355559060726436,91.80000305175781,0.0,14.938975067937143,0.0020564989329017445,0.6532752278699675,0.011021425450520546,-0.0060357962623004335,1,0,0.7625577449798584,0.3204227089881897,1,MID,LOW,HIGH,MID,LOW,MID,HIGH,HIGH,MID
2013-10-15,2013-10-16,0.01386925907348073,UP,1.390845537388597,0.008451474084272388,103.37000274658203,0.0,14.595591852503786,0.00015704650895121026,-1.1722941870738004,0.01078071714994339,-0.022277411883188433,1,1,0.9975919723510742,0.3204227089881897,1,HIGH,LOW,HIGH,MID,LOW,MID,LOW,HIGH,MID
2013-10-16,2013-10-17,0.0066610566196149456,UP,1.0723796303380075,0.008640996862015334,85.69999694824219,0.0,14.80651746306445,-0.0003062024194627729,1.1022828304477703,0.005695771801669042,0.006669963914631233,1,1,0.6424834728240967,0.3204227089881897,1,LOW,LOW,MID,MID,LOW,MID,HIGH,HIGH,MID
2013-10-17,2013-10-18,0.006731696931421397,UP,0.9682091678824396,0.008770420504433484,72.69999694824219,1.0,15.54787580797828,0.002263571322668574,1.0591743384678542,3.496352936770315e-05,-0.022978269081041,1,1,0.3610616624355316,0.3204227089881897,1,LOW,LOW,LOW,HIGH,LOW,MID,HIGH,MID,MID
2013-10-21,2013-10-22,0.005774635255459071,UP,0.9980635265170935,0.00830610523107392,75.0199966430664,1.0,17.928020800481715,0.0008954254218527767,-0.22997855667990055,-0.004001861275374316,-0.03164478067074302,1,1,0.0014322188217192888,0.3204227089881897,0,LOW,LOW,LOW,HIGH,LOW,MID,MID,MID,LOW
2013-10-28,2013-10-29,0.005319777444716878,UP,1.036736174534622,0.008087411593425624,70.16000366210938,1.0,24.48857647860259,-0.0032213306986976706,0.31201273208685915,-0.0013648265726346268,-0.0054573244221615,1,1,0.3579522371292114,0.3204227089881897,1,LOW,LOW,LOW,HIGH,MID,MID,MID,MID,MID
2013-10-29,2013-10-30,-0.004979385063899464,DOWN,1.0538737521695063,0.008015671571898288,68.5199966430664,1.0,26.09394752865869,-0.0021726225797486995,0.9001637210995289,0.0019318609991745687,0.004081576038617413,1,0,0.001083933049812913,0.3204227089881897,0,LOW,LOW,LOW,HIGH,MID,MID,HIGH,MID,MID
2013-11-05,2013-11-06,0.0050927786073059,UP,1.266232853918305,0.006601719836824535,67.41000366210938,1.0,28.158705451094534,-0.001104280994743384,-0.445109235506951,0.0023661725363859198,-0.0504360603715139,1,1,0.9543782472610474,0.3204227089881897,1,MID,LOW,LOW,HIGH,MID,MID,MID,MID,LOW
2013-11-06,2013-11-07,-0.012723861244583412,DOWN,1.2112740455742035,0.006589218901867327,67.41000366210938,1.0,28.53208514681134,-0.003726268205854727,0.4306902697664104,0.006203858642031261,-0.020567552750519844,1,0,0.8590764403343201,0.3204227089881897,1,MID,LOW,LOW,HIGH,MID,MID,HIGH,HIGH,MID
2013-11-07,2013-11-08,0.01340092000813424,UP,1.4396114569093639,0.006086695286949862,71.73999786376953,1.0,27.2545126432203,-0.006284544298646864,-1.3064132542962124,0.0029131261598635792,-0.022878533529021996,1,1,0.9941555261611938,0.3204227089881897,1,HIGH,LOW,LOW,HIGH,MID,MID,LOW,HIGH,MID
2013-11-12,2013-11-13,0.007992377337158595,UP,1.288987010618092,0.006265261517658978,69.38999938964844,1.0,23.75951867787802,-0.0039596091789844134,-0.2598231628511699,0.004308805694217851,-0.003540605861385733,1,1,0.9480006098747253,0.3204227089881897,1,MID,LOW,LOW,HIGH,MID,MID,MID,HIGH,MID
2013-11-13,2013-11-14,0.004976939488140353,UP,1.3586658587467788,0.005804855482101134,71.37000274658203,1.0,23.25092205576164,-0.002513405467892506,0.9951829974488076,0.004025851229864442,-0.009752099725997582,1,1,0.9879502058029175,0.3204227089881897,1,MID,LOW,LOW,HIGH,MID,MID,HIGH,HIGH,MID
2013-11-20,2013-11-21,0.008036219496011009,UP,1.4958389681012898,0.0056431250312218165,69.05000305175781,1.0,24.385210481837944,-0.006833912422214393,-0.7879158769234401,-0.002005591480974515,-0.005875722529717145,1,1,0.09581471979618073,0.3204227089881897,0,HIGH,LOW,LOW,HIGH,MID,MID,LOW,MID,MID
2013-11-21,2013-11-22,0.004989996456698458,UP,1.366556692964329,0.005835872251354544,64.94999694824219,1.0,24.040993452635153,-0.0056593000323943606,0.7712938738774194,0.0020483703168112165,0.01775945475746495,1,1,0.3245575428009033,0.3204227089881897,1,MID,LOW,LOW,HIGH,MID,MID,HIGH,MID,MID
2013-12-05,2013-12-06,0.011114930327336266,UP,1.667183063783469,0.005697938784646681,75.80000305175781,1.0,21.669565815878514,-0.005129972327346062,-0.5365188844896569,0.003912803789730254,0.05357664797749787,1,1,0.9929986000061035,0.3204227089881897,1,HIGH,LOW,LOW,HIGH,MID,MID,LOW,HIGH,HIGH
2013-12-10,2013-12-11,-0.011294518887728793,DOWN,1.898344863346007,0.004615850596484655,70.44999694824219,1.0,20.385994335619895,-0.004509269294581529,-0.6362233947887916,0.0009265530310033025,0.0253933066671813,1,0,0.9990695118904114,0.3204227089881897,1,HIGH,LOW,LOW,HIGH,LOW,MID,LOW,MID,HIGH
2013-12-13,2013-12-16,0.006212767889755312,UP,2.0029455831414444,0.004956633396393483,85.38999938964844,0.0,19.63274901437486,-0.004834056242009181,0.17227308931377944,-0.00334533734085229,-0.010810947526063609,1,1,0.9543272256851196,0.3204227089881897,1,HIGH,LOW,MID,MID,LOW,MID,MID,MID,MID
2013-12-17,2013-12-18,0.016928408301777012,UP,2.0198771589520828,0.0050554260476425575,82.2300033569336,0.0,18.0170729134856,0.0003898496461709035,-0.6691626244814262,-0.00426611642671347,-0.013181623379604997,1,1,0.9911921620368958,0.3204227089881897,1,HIGH,LOW,MID,MID,LOW,MID,LOW,MID,MID
2013-12-20,2013-12-23,0.005328372245571922,UP,1.4401773992677684,0.006031814866498454,68.0,0.0,16.96214074840161,0.003066817712159423,0.13839194479611241,-0.004642568670940985,0.02776823214468979,1,1,0.9800772070884705,0.3204227089881897,1,HIGH,LOW,LOW,MID,LOW,MID,MID,MID,HIGH
2013-12-24,2013-12-26,0.0050710757904248675,UP,1.3001217914444843,0.006046864841403294,63.4900016784668,0.0,17.5938233278389,0.005623003481471767,0.32582467891194766,0.00019542835889552364,0.020363155002497364,1,1,0.057842761278152466,0.3204227089881897,0,MID,LOW,LOW,MID,LOW,MID,HIGH,MID,MID
2013-12-30,2013-12-31,0.00472169933228343,UP,1.3972630537804989,0.006113378101017264,69.70999908447266,1.0,20.291412458987175,0.006878523465388357,-0.002990616674658929,0.0003684508897308955,-0.00030208730107058067,1,1,0.5243025422096252,0.3204227089881897,1,HIGH,LOW,LOW,HIGH,LOW,HIGH,MID,MID,MID
2013-12-31,2014-01-02,-0.009629868327046057,DOWN,1.4122251460664288,0.006119978679341633,70.83000183105469,1.0,21.420347000954408,0.0042468994705303804,0.5406054647758771,0.001231446589692227,-0.004966365943077234,1,0,0.8587124943733215,0.3204227089881897,1,HIGH,LOW,LOW,HIGH,MID,MID,HIGH,MID,MID
2014-01-06,2014-01-07,0.006122887751066847,UP,1.3299186227374618,0.006418210600515625,68.33000183105469,1.0,19.763531633584524,0.003501846525498356,-0.3763211377049227,-0.0009718836505483875,-0.07115257777136542,1,1,0.06071924790740013,0.3204227089881897,0,MID,LOW,LOW,HIGH,LOW,MID,MID,MID,LOW
2014-01-10,2014-01-13,-0.013394382993537016,DOWN,1.4467544304235465,0.0052859567774660434,67.73999786376953,1.0,17.90804417269581,0.008614985514085332,1.1374431538250585,0.001214162936016762,-0.013284937849938925,1,0,0.8339899778366089,0.3204227089881897,1,HIGH,LOW,LOW,HIGH,LOW,HIGH,HIGH,MID,MID
2014-01-13,2014-01-14,0.010838707619623187,UP,1.3548218577292135,0.006174696291865245,75.70999908447266,1.0,17.212045276403163,0.006325818483924814,-1.2924762913316958,-0.0017326416541598505,-0.01760016520122834,1,1,0.9995427131652832,0.3204227089881897,1,MID,LOW,LOW,HIGH,LOW,HIGH,LOW,MID,MID
2014-01-14,2014-01-15,0.005375657004934926,UP,1.1816990871088342,0.0065462288979473435,69.30999755859375,1.0,16.565760586988564,0.005821206176188098,0.9959835287722518,0.0019318005298651236,-0.011596842765041864,1,1,0.0018094530096277595,0.3204227089881897,0,MID,LOW,LOW,HIGH,LOW,MID,HIGH,MID,MID
2014-01-22,2014-01-23,-0.008226965035855842,DOWN,1.475405055947035,0.005482182527378544,74.45999908447266,1.0,12.78075296694066,0.002690835150925275,0.32639368538114755,0.0016880980244654042,0.043742521990550856,1,0,0.12514567375183105,0.3204227089881897,0,HIGH,LOW,LOW,HIGH,LOW,MID,HIGH,MID,HIGH
2014-01-23,2014-01-24,-0.021566827807321755,DOWN,1.5167386362885547,0.005719037371627632,78.25,1.0,13.387406338011047,0.0015525890617615586,-1.2400987144598348,-0.005178286125506745,0.032902874701693244,1,0,0.9991940855979919,0.3204227089881897,1,HIGH,LOW,MID,HIGH,LOW,MID,LOW,MID,HIGH
2014-01-24,2014-01-27,-0.004931390760639816,DOWN,1.5321045025631335,0.007458450449720164,97.70999908447266,0.0,15.48778328241771,-0.0011441541596137333,-1.9410394637053878,-0.008357407122081438,0.02812357782386764,1,0,0.8022006154060364,0.3204227089881897,1,HIGH,LOW,HIGH,MID,LOW,MID,LOW,LOW,HIGH
2014-01-27,2014-01-28,0.005937134119493119,UP,1.4917124988585764,0.0073563562613385295,93.5,0.0,18.02692352610235,0.0006771844557178705,-0.7589334513134204,-0.00585750145975074,0.014204020655386637,1,1,0.9923800230026245,0.3204227089881897,1,HIGH,LOW,HIGH,MID,LOW,MID,LOW,MID,MID
2014-01-28,2014-01-29,-0.00965161611537867,DOWN,1.3195170505795366,0.007542960185084307,83.95999908447266,0.0,20.3846966095238,0.0033866648000785114,0.5701215588196047,-0.008975707613348326,0.025157311964575515,1,0,0.11113237589597702,0.3204227089881897,0,MID,LOW,MID,MID,LOW,MID,HIGH,LOW,HIGH
2014-01-29,2014-01-30,0.010544657770921622,UP,1.4081147581198261,0.00776177712443479,92.47000122070312,0.0,22.952067135679936,0.0019156944017653874,-1.3983614912639606,-0.014903770085995296,0.006491828049672287,1,1,0.9550662040710449,0.3204227089881897,1,HIGH,LOW,HIGH,MID,MID,MID,LOW,LOW,MID
2014-01-30,2014-01-31,-0.005875639218870396,DOWN,1.3413557556394282,0.008119901645395448,92.3499984741211,0.0,24.155060682139393,0.004709086828810778,1.2115661689209136,-0.008604953051002489,0.009307187081472601,1,0,0.8346491456031799,0.3204227089881897,1,MID,LOW,HIGH,MID,MID,MID,HIGH,LOW,MID
2014-01-31,2014-02-03,-0.022762410956105997,DOWN,1.456208549948585,0.007963975913881236,99.66000366210938,0.0,25.736763200983926,0.00535795737248149,-0.6940004193324936,-0.005989657361213482,0.008757058858095522,1,0,0.4453357458114624,0.3204227089881897,1,HIGH,LOW,HIGH,MID,MID,MID,LOW,MID,MID
2014-02-03,2014-02-04,0.006980239059416479,UP,1.4544658660272518,0.009285835545602283,106.77999877929688,0.0,28.016952141353734,0.003911464756576118,-2.3710580657989295,-0.018975615172189587,0.007390083894006151,1,1,0.8290135264396667,0.3204227089881897,1,HIGH,LOW,HIGH,MID,MID,MID,LOW,LOW,MID
2014-02-05,2014-02-06,0.013100981927253019,UP,1.3466999315694945,0.009331937214489246,102.87000274658203,-1.0,32.19344744094095,0.005078972257439328,-0.29716005229385245,-0.004348215571722262,0.0002053676014793161,1,1,0.9939042925834656,0.3204227089881897,1,MID,LOW,HIGH,MID,HIGH,MID,MID,MID,MID
2014-02-06,2014-02-07,0.012319547789767769,UP,1.0918383626970345,0.00994092153720748,92.58000183105469,-1.0,32.54681086441847,0.004976296397995135,0.960133223075405,-0.001040673927283004,-0.003978247911653524,1,1,0.8749844431877136,0.3204227089881897,1,LOW,LOW,HIGH,MID,HIGH,MID,HIGH,MID,MID
2014-02-10,2014-02-11,0.010884393064174505,UP,0.924280054125522,0.010400415470912963,79.88999938964844,-1.0,30.129058606465943,0.0026932748028427912,0.38345257075042205,0.01584197428727589,0.03695262197360375,1,1,0.9991662502288818,0.3204227089881897,1,LOW,LOW,MID,MID,HIGH,MID,HIGH,HIGH,HIGH
2014-02-13,2014-02-14,0.005503704430046969,UP,0.8915927833632996,0.009990393742222886,78.41000366210938,-1.0,24.718906430417515,0.005884774607527117,0.7458183204939032,0.006087083994323388,0.025330606087433656,1,1,0.9758412837982178,0.3204227089881897,1,LOW,LOW,MID,MID,MID,MID,HIGH,HIGH,HIGH
2014-02-18,2014-02-19,-0.006643825496230725,DOWN,0.8710022498649652,0.010031292873996832,75.81999969482422,0.0,22.336927701737395,0.006691138137097931,0.42421095802123326,0.002962852173917965,0.023409659767166857,1,0,0.06321236491203308,0.3204227089881897,0,LOW,LOW,LOW,MID,MID,HIGH,HIGH,HIGH,MID
2014-02-19,2014-02-20,0.0058836615608325316,UP,0.9648075315978982,0.010120238389136458,86.2300033569336,0.0,20.866629111219254,0.008702916605642166,-0.6362595342451448,-0.002254846413619934,0.0331641228847271,1,1,0.8244701027870178,0.3204227089881897,1,LOW,LOW,MID,MID,MID,HIGH,LOW,MID,HIGH
2014-02-21,2014-02-24,0.005531490590065675,UP,0.9213710319318331,0.010036706869123639,78.95999908447266,0.0,18.202013574690106,0.011533402675841992,-0.01777004641671011,0.001780396806453539,0.018267587872182228,1,1,0.21903377771377563,0.3204227089881897,0,LOW,LOW,MID,MID,LOW,HIGH,MID,MID,MID
2014-02-26,2014-02-27,0.005233784227441233,UP,1.0640264932191557,0.008495700634068215,79.41999816894531,0.0,16.99774570158555,0.010593380160071553,0.003987928189109178,0.0016554306951505789,-0.006993726826437726,1,1,0.9660991430282593,0.3204227089881897,1,LOW,LOW,MID,MID,LOW,HIGH,MID,MID,MID
2014-02-28,2014-03-03,-0.007056875232514314,DOWN,1.1206926560937516,0.00786939308375748,81.44999694824219,0.0,17.349289644051453,0.008598271238755971,0.8331860772821594,-0.0006940147123914876,0.003808778494108111,1,0,0.9928324222564697,0.3204227089881897,1,MID,LOW,MID,MID,LOW,HIGH,HIGH,MID,MID
2014-03-03,2014-03-04,0.013957742813019232,UP,1.2701650295750917,0.007935230760487192,92.83999633789062,0.0,16.8527698854016,0.007513832355942766,-1.1667424801953854,-0.007875388857516824,0.02021825388745989,2,1,0.6784040927886963,0.5388480722904205,1,MID,LOW,MID,MID,LOW,HIGH,LOW,LOW,HIGH
2014-03-10,2014-03-11,-0.004954899378260192,DOWN,1.7990989230882377,0.004972021804696128,82.3499984741211,1.0,20.590419507246263,0.005192381187185305,-0.1349694601052708,0.010686009223911927,-0.03689017998660284,2,0,0.6165858507156372,0.5388480722904205,1,HIGH,LOW,MID,MID,MID,MID,MID,HIGH,LOW
2014-03-12,2014-03-13,-0.01127653119657927,DOWN,1.8993398398939119,0.004799163995910988,83.44999694824219,1.0,21.132464554534067,0.005982311916495123,-0.15511562335600182,-0.0002604796097167702,-0.0347006253431932,2,0,0.5943781137466431,0.5388480722904205,1,HIGH,LOW,MID,MID,MID,HIGH,MID,MID,LOW
2014-03-14,2014-03-17,0.00900298889015155,UP,2.026354688901784,0.005539772833262099,97.11000061035156,1.0,18.883858567926296,0.006245073924858766,-0.27018577970844837,-0.007399234207782147,-0.0366348847012644,2,1,0.6177075505256653,0.5388480722904205,1,HIGH,LOW,HIGH,MID,MID,HIGH,MID,LOW,LOW
2014-03-17,2014-03-18,0.007112529310234612,UP,1.7108331678346818,0.005758757973178885,87.79000091552734,1.0,18.421480504727757,0.005973595075942905,0.942408409360594,-0.006386068585896262,-0.030524466703264568,2,1,0.6287034153938293,0.5388480722904205,1,HIGH,LOW,MID,MID,LOW,HIGH,HIGH,LOW,LOW
2014-03-18,2014-03-19,-0.005343034619756702,DOWN,1.5401523376748574,0.005938854431111658,81.88999938964844,1.0,18.631996785114627,0.004089567840624798,0.5295956348047267,-0.005092813979547145,-0.0033044824353331754,2,0,0.5183890461921692,0.5388480722904205,0,HIGH,LOW,MID,MID,LOW,MID,HIGH,MID,MID
2014-03-19,2014-03-20,0.005822490887499918,UP,1.6258647609793664,0.005858239182208588,81.3499984741211,1.0,18.035934759330225,0.0017919333080400265,-1.2865916070589176,-0.0011328053515725577,0.023997974343047644,2,1,0.5969683527946472,0.5388480722904205,1,HIGH,LOW,LOW,MID,LOW,MID,LOW,MID,HIGH
2014-03-20,2014-03-21,-0.008289942190954327,DOWN,1.5620601781288992,0.005855562201287055,77.02999877929688,1.0,17.48244859253042,-0.001024974042711825,0.9709509312448815,0.007079222081536033,0.012447697777778481,2,0,0.691256582736969,0.5388480722904205,1,HIGH,LOW,LOW,MID,LOW,MID,HIGH,HIGH,MID
2014-03-25,2014-03-26,-0.007218283562339287,DOWN,1.4114881955312462,0.006257062700895568,74.7699966430664,0.0,15.888113516169952,-0.003501481115793372,0.5967800729765096,0.00017160738236599845,-0.005128418987052512,2,0,0.728782057762146,0.5388480722904205,1,MID,LOW,LOW,MID,LOW,MID,HIGH,MID,MID
2014-03-27,2014-03-28,0.004918018095382473,UP,1.4430271304545128,0.00638223222502155,74.70999908447266,0.0,14.397736767227697,-0.0039627127517159935,-0.6401757269634838,-0.00936285712099019,0.0184350642818753,2,1,0.5488258600234985,0.5388480722904205,1,MID,LOW,LOW,MID,LOW,MID,LOW,LOW,HIGH
2014-03-28,2014-03-31,0.0081610601340628,UP,1.4050482721011393,0.006460594161942205,74.86000061035156,0.0,13.95936360610462,-0.0025854157860170385,0.5926683038313114,-0.0028109257464396173,0.021976712195673993,2,1,0.667655348777771,0.5388480722904205,1,MID,LOW,LOW,MID,LOW,MID,HIGH,MID,HIGH
2014-03-31,2014-04-01,0.006608804693012863,UP,1.3434352717418585,0.006508373271333318,72.19999694824219,0.0,14.072919194197942,-0.0016926696257798246,0.7555125581680462,0.00032953863540646387,0.01968453412835584,2,1,0.5438879132270813,0.5388480722904205,1,MID,LOW,LOW,MID,LOW,MID,HIGH,MID,HIGH
2014-04-03,2014-04-04,-0.01189258073598757,DOWN,1.4223352184369529,0.0059214650378880485,67.7300033569336,0.0,16.658459198139735,0.0010047468324020804,0.02609478037694589,0.005422089275814777,-0.009822948114193236,2,0,0.6628133654594421,0.5388480722904205,1,MID,LOW,LOW,MID,LOW,MID,MID,HIGH,MID
2014-04-04,2014-04-07,-0.011113010807849042,DOWN,1.3528600507597488,0.006500283177435664,69.52999877929688,0.0,15.983380669215002,0.0018749321111571626,-1.0589936429345705,0.0013448033259409018,-0.005226566660168865,2,0,0.46268486976623535,0.5388480722904205,0,MID,LOW,LOW,MID,LOW,MID,LOW,MID,MID
2014-04-08,2014-04-09,0.010693512369671362,UP,1.3503130098529676,0.006946403157151447,71.43000030517578,1.0,15.409699106774006,0.002912071281645256,0.5816094394905225,-0.007587586720770945,0.027881190667711622,2,1,0.5004926323890686,0.5388480722904205,0,MID,LOW,LOW,MID,LOW,MID,HIGH,LOW,HIGH
2014-04-09,2014-04-10,-0.021229657140335145,DOWN,1.1780819930498445,0.007389792522164616,69.19000244140625,1.0,14.435834301332541,0.0016995093896773586,0.5482386993929863,-0.007162959202109212,0.039174339881096136,2,0,0.47965776920318604,0.5388480722904205,0,MID,LOW,LOW,MID,LOW,MID,HIGH,LOW,HIGH
2014-04-10,2014-04-11,-0.009049389440753466,DOWN,1.1852428547301688,0.008445323507487293,78.55999755859375,1.0,14.346938788561436,0.0019247227089655324,-1.2074691516225895,-0.009919287669623992,0.030538978602461242,2,0,0.5222690105438232,0.5388480722904205,0,MID,LOW,LOW,MID,LOW,MID,LOW,LOW,HIGH
2014-04-11,2014-04-14,0.00784752523142513,UP,1.2407789782720984,0.008646094305259892,83.94000244140625,0.0,14.930967247043622,-0.0026691750912958313,-1.3606226562430008,-0.013246235194762746,0.025382058713978833,2,1,0.504795253276825,0.5388480722904205,0,MID,MID,MID,MID,LOW,MID,LOW,LOW,HIGH
2014-04-14,2014-04-15,0.006863863679962793,UP,1.182745544339008,0.00858032949974428,82.19999694824219,0.0,15.473279387062794,-0.0009276700505429815,0.7822601668345323,-0.0062140718115848885,0.03531102357287217,2,1,0.636323094367981,0.5388480722904205,1,MID,MID,MID,MID,LOW,MID,HIGH,MID,HIGH
2014-04-15,2014-04-16,0.010423273290011996,UP,1.1476524559631749,0.008568252033754994,80.66999816894531,0.0,15.374743114068087,-0.002060707137571685,1.2684489583643794,-0.006963153505920443,0.011536189743111148,2,1,0.6434951424598694,0.5388480722904205,1,MID,MID,LOW,MID,LOW,MID,HIGH,LOW,MID
2014-04-24,2014-04-25,-0.008232744912048813,DOWN,1.002730208957222,0.008367964816067625,68.75,0.0,13.776503840837261,0.0018684770732479775,0.04524990995881514,0.0019491124817353704,-0.017696131735038395,2,0,0.7044209241867065,0.5388480722904205,1,LOW,LOW,LOW,MID,LOW,MID,MID,MID,MID
2014-05-05,2014-05-06,-0.008742056756520605,DOWN,1.07280661646566,0.007803748527115865,64.4000015258789,0.0,10.77638473951531,-0.0054474838267223515,0.38356725444687606,-0.006150434206065456,-0.013578413323667124,2,0,0.6884753704071045,0.5388480722904205,1,LOW,LOW,LOW,MID,LOW,LOW,HIGH,MID,MID
2014-05-06,2014-05-07,0.005872040001730826,UP,1.1388081792559357,0.0076335797000016015,64.93000030517578,0.0,10.07361672152659,-0.002922778931267732,-0.5918287947357254,-0.008942642453620588,-0.017731302178562957,2,1,0.6589899063110352,0.5388480722904205,1,LOW,LOW,LOW,MID,LOW,MID,LOW,LOW,MID
2014-05-09,2014-05-12,0.00968895241931179,UP,1.5292037511534136,0.005322269859322048,61.7599983215332,1.0,8.891419185472932,-0.0033434870646253945,0.1616737011674188,0.003537907520796243,0.0023028368378382696,2,1,0.4462537169456482,0.5388480722904205,0,HIGH,LOW,LOW,MID,LOW,MID,MID,HIGH,MID
2014-05-14,2014-05-15,-0.008819074848976698,DOWN,1.5506770926270703,0.004943891593366187,69.02999877929688,1.0,10.497853097742931,-0.002511819772330101,-0.044406569625484976,-0.0013819595994723375,0.01575306878214624,2,0,0.6077316999435425,0.5388480722904205,1,HIGH,LOW,LOW,MID,LOW,MID,MID,MID,MID
2014-05-19,2014-05-20,-0.006324942897985657,DOWN,1.5652942051019003,0.004998334890559656,67.58000183105469,1.0,9.676674522289934,-0.0009850128873489985,0.2943233454473726,-0.0036963048979675407,0.01988258708243401,2,0,0.34064123034477234,0.5388480722904205,0,HIGH,LOW,LOW,MID,LOW,MID,MID,MID,HIGH
2014-05-20,2014-05-21,0.008389142317992792,UP,1.5945614704390927,0.0051199234349877535,68.7699966430664,1.0,9.39574168638642,-0.0033928386243614974,-0.7630741672224248,-0.00283249763659036,0.007250012116810201,2,1,0.5086154341697693,0.5388480722904205,0,HIGH,LOW,LOW,MID,LOW,MID,LOW,MID,MID
2014-05-23,2014-05-27,0.0061277492246281,UP,1.409308356117706,0.005077758255178244,66.86000061035156,1.0,8.749770064622428,-0.002724984504229186,0.25174558695972066,0.0031776958840339766,0.022581779310389932,2,1,0.4986400604248047,0.5388480722904205,0,MID,LOW,LOW,MID,LOW,MID,MID,HIGH,HIGH
2014-05-28,2014-05-29,0.005159569670869052,UP,1.4324094560027754,0.005136595942816348,67.37000274658203,1.0,10.381054530873623,0.00028156882911794037,-0.21786569638424988,-0.0049810581987479625,0.0027295666615706504,2,1,0.6355493664741516,0.5388480722904205,1,MID,LOW,LOW,MID,LOW,MID,MID,MID,MID
2014-06-04,2014-06-05,0.006500871665655083,UP,1.6450526254705846,0.00462580014606824,67.66999816894531,1.0,16.45296825820437,-0.0004784505585291657,0.27734478813219915,0.010622146707978758,-0.000779137464589391,2,1,0.6066575646400452,0.5388480722904205,1,HIGH,LOW,LOW,MID,LOW,MID,MID,HIGH,MID
2014-06-11,2014-06-12,-0.0071050338184486484,DOWN,1.6427007979824146,0.004448353220576341,74.20999908447266,1.0,25.499557382734803,-0.0012017107881824411,-0.7301446454433835,0.0049232065002205,0.017001975703382972,2,0,0.5731648206710815,0.5388480722904205,1,HIGH,LOW,LOW,MID,HIGH,MID,LOW,HIGH,MID
2014-06-17,2014-06-18,0.007312889933115217,UP,1.9082118274525295,0.003981259345804015,78.41000366210938,1.0,24.643581079856382,0.0034141114110667753,0.33042993824529865,-0.0009713325846686849,0.019078953212855153,2,1,0.5282211899757385,0.5388480722904205,0,HIGH,LOW,LOW,MID,MID,MID,MID,MID,HIGH
2014-06-23,2014-06-24,-0.006042355057687075,DOWN,1.9433458517448352,0.003559196404229663,72.58000183105469,1.0,27.71992765390243,0.007217976714483303,0.16117478515764513,0.0037408633510443313,-0.006852266525849893,2,0,0.5165619254112244,0.5388480722904205,0,HIGH,LOW,LOW,MID,HIGH,HIGH,MID,HIGH,MID
2014-06-24,2014-06-25,0.0045096155423069,UP,2.037992527958679,0.003749366952986104,75.23999786376953,1.0,26.949160351785686,0.006390521713971885,-0.704259020068711,-0.003951767248566192,-0.0031075106884653047,2,1,0.5459014177322388,0.5388480722904205,1,HIGH,LOW,LOW,MID,HIGH,HIGH,LOW,MID,MID
2014-06-30,2014-07-01,0.006670922554447326,UP,1.9554323546449446,0.003727265078558707,71.55999755859375,1.0,23.815299236948437,0.00829742557041653,-0.11393735089853901,-0.007230902641466457,-0.007563574101531991,2,1,0.5569977760314941,0.5388480722904205,1,HIGH,LOW,LOW,MID,MID,HIGH,MID,LOW,MID
2014-07-02,2014-07-03,0.004906067745438288,UP,1.7319895163266599,0.003935335100726369,68.1500015258789,1.0,25.146721926053363,0.0038696661450733152,-0.1094850109009127,0.0040814186366478055,-0.01914928749144366,2,1,0.5920132994651794,0.5388480722904205,1,HIGH,LOW,LOW,MID,MID,MID,MID,HIGH,LOW
2014-07-07,2014-07-08,-0.006450760216380564,DOWN,1.8559161284587262,0.003845663591413185,71.66000366210938,1.0,26.70737796036147,0.0009143940944888219,-0.22831483590749016,0.003829230332960303,-0.021121816617426348,2,0,0.5524517297744751,0.5388480722904205,1,HIGH,LOW,LOW,MID,HIGH,MID,MID,HIGH,LOW
2014-07-08,2014-07-09,0.0044742276320883885,UP,1.8194742818704326,0.004147731260205289,73.20999908447266,1.0,25.48696536733147,0.0017354654656492286,-0.8339036432971916,0.00024102601458219405,-0.018873014846130066,2,1,0.5864428281784058,0.5388480722904205,1,HIGH,LOW,LOW,MID,HIGH,MID,LOW,MID,LOW
2014-07-11,2014-07-14,0.005022741978227536,UP,1.947599066187236,0.003907213146332553,79.91000366210938,1.0,21.824716524474614,0.00019081331140292923,0.4383077956989672,-0.012094935782043327,-0.0315316838356884,2,1,0.44808632135391235,0.5388480722904205,0,HIGH,LOW,LOW,MID,MID,MID,HIGH,LOW,LOW
2014-07-16,2014-07-17,-0.011431017976897126,DOWN,1.7032108192164988,0.004068403390616924,75.80999755859375,1.0,18.50236989090023,-0.005349921275134322,0.7802792756682612,-0.006388303428705268,-0.01071319872157219,2,0,0.476599782705307,0.5388480722904205,0,HIGH,LOW,LOW,MID,LOW,LOW,HIGH,LOW,MID
2014-07-17,2014-07-18,0.010167338522886066,UP,1.9863673379381435,0.004611100305378242,89.95999908447266,1.0,18.7825341008519,-0.006234004980165742,-1.110548796924234,-0.014887212884202545,0.0025228242835979827,2,1,0.5658455491065979,0.5388480722904205,1,HIGH,LOW,MID,MID,LOW,LOW,LOW,LOW,MID
2014-07-21,2014-07-22,0.004348495626861532,UP,1.5732062132967937,0.005129360470913874,81.41000366210938,1.0,19.2842567421429,-0.009337703178815947,-0.5984758099758788,-0.011455753249837372,0.03581884298493909,2,1,0.49432748556137085,0.5388480722904205,0,HIGH,LOW,LOW,MID,MID,LOW,LOW,LOW,HIGH
2014-07-24,2014-07-25,-0.004692556922979242,DOWN,1.5204756488736892,0.004905372233810558,77.66000366210938,1.0,16.333982198336987,-0.007499939341794297,-0.11307457355692578,0.010921413958869131,-0.010913123361413079,2,0,0.5074151158332825,0.5388480722904205,0,HIGH,LOW,LOW,MID,LOW,LOW,MID,HIGH,MID
2014-07-28,2014-07-29,-0.004306560695288627,DOWN,1.5706231604017569,0.00503752699276995,81.20999908447266,1.0,16.539081261746006,-0.009148062978375726,0.09159595048076945,-0.00024398424630289202,-0.02831565347493691,2,0,0.5242219567298889,0.5388480722904205,0,HIGH,LOW,LOW,MID,LOW,LOW,MID,MID,LOW
2014-07-30,2014-07-31,-0.019945796563103725,DOWN,1.7046919472114268,0.004925881578993697,83.58000183105469,1.0,16.99475193832892,-0.009258319761653665,0.21270547172832044,-0.0034863298693069084,-0.028026871208855133,2,0,0.3887312710285187,0.5388480722904205,0,HIGH,LOW,MID,MID,LOW,LOW,MID,MID,LOW
2014-08-01,2014-08-04,0.007194831067147849,UP,1.6527099829392229,0.006491091703243549,101.11000061035156,0.0,21.322902367776997,-0.006814472426744985,-0.11093458672889295,-0.016125119012084216,-0.04211253079577828,2,1,0.5373978018760681,0.5388480722904205,0,HIGH,LOW,HIGH,MID,MID,LOW,MID,LOW,LOW
2014-08-04,2014-08-05,-0.009743559398901468,DOWN,1.4111220197362773,0.006749738516249348,93.12000274658203,0.0,22.975324396608574,-0.004092739428365071,0.707846277929559,-0.008502447317355385,-0.03380995438419579,2,0,0.3847128748893738,0.5388480722904205,0,MID,LOW,HIGH,MID,MID,MID,HIGH,LOW,LOW
2014-08-06,2014-08-07,-0.005429449664381589,DOWN,1.5131385803104003,0.0068150606746279424,96.37999725341797,0.0,26.50629159936232,-0.00454273940434036,-0.4230055059733777,-0.005445894037923793,-0.03398063700099968,2,0,0.5224853754043579,0.5388480722904205,0,HIGH,LOW,HIGH,MID,HIGH,LOW,MID,MID,LOW
2014-08-07,2014-08-08,0.01150249072739809,UP,1.5314204445166588,0.006852992902991145,97.4000015258789,0.0,28.30369768673462,-0.004032231567409086,-0.5866890822027538,-0.0020007162183825135,-0.008490684269080647,2,1,0.5353469848632812,0.5388480722904205,0,HIGH,LOW,HIGH,MID,HIGH,MID,LOW,MID,MID
2014-08-12,2014-08-13,0.006746157238177152,UP,1.2124900868168267,0.007341143245819382,85.9800033569336,-1.0,30.14123139948545,0.00023851281787245007,-0.2586107853311997,0.010150878284305949,-0.00010263935142189242,2,1,0.5214377045631409,0.5388480722904205,0,MID,LOW,MID,LOW,HIGH,MID,MID,HIGH,MID
2014-08-13,2014-08-14,0.004710700930836769,UP,1.0873813044518486,0.00747321652131172,81.2699966430664,-1.0,29.69340015496267,0.00042480662499596797,0.6106138080217762,0.006878580749283301,0.006889114572020888,2,1,0.4974525570869446,0.5388480722904205,0,LOW,LOW,LOW,LOW,HIGH,MID,HIGH,HIGH,MID
2014-08-15,2014-08-18,0.00834440265577117,UP,1.23355082502855,0.006715346427894853,82.19999694824219,-1.0,27.10547938811537,0.001476295802394294,0.13024663266124265,0.004803615344749082,-0.0030769568046334138,2,1,0.6614275574684143,0.5388480722904205,1,MID,LOW,MID,LOW,HIGH,MID,MID,HIGH,MID
2014-08-18,2014-08-19,0.005205311964475726,UP,1.110451589717523,0.006988931703171025,81.0199966430664,-1.0,25.273044075011338,0.0021167302415995514,0.6048834811313746,0.005625516520114903,-0.017173522195858215,2,1,0.48133599758148193,0.5388480722904205,0,LOW,LOW,LOW,LOW,MID,MID,HIGH,HIGH,MID
2014-08-22,2014-08-25,0.005057696293721403,UP,1.035783726197332,0.006975800862501209,79.58000183105469,0.0,23.094627627933253,0.0012857008118295626,-0.2001354219657425,0.0013510443450947456,-0.038748270960535715,2,1,0.6245113611221313,0.5388480722904205,1,LOW,LOW,LOW,MID,MID,MID,MID,MID,LOW
2014-09-04,2014-09-05,0.004485175863692967,UP,1.9852695811504786,0.0040107660222076374,79.98999786376953,1.0,22.50799000895807,0.002676744054093197,-0.14039543959844786,0.00043408417690576906,0.006053219910172739,2,1,0.5985573530197144,0.5388480722904205,1,HIGH,LOW,LOW,MID,MID,MID,MID,MID,MID
2014-09-08,2014-09-09,-0.006351395420682992,DOWN,2.5411513170612774,0.003138361037703229,77.83999633789062,1.0,21.359003081256954,0.0007797324809749526,-0.18344028791637243,0.003453080204112958,-0.034994508920264566,2,0,0.494691401720047,0.5388480722904205,0,HIGH,LOW,LOW,MID,MID,MID,MID,HIGH,LOW
2014-09-09,2014-09-10,0.0037557317613714147,UP,2.3475383781086245,0.0036226034564594916,79.30000305175781,1.0,19.90352273223683,-9.458459735746383e-05,-1.1540395715201242,-0.002649739663512148,-0.0014006063307944719,2,1,0.6689493656158447,0.5388480722904205,1,HIGH,LOW,LOW,MID,MID,MID,LOW,MID,MID
2014-09-11,2014-09-12,-0.005858355616396487,DOWN,2.3773977352449136,0.003391625259617962,83.0999984741211,1.0,17.413612928499212,-0.000285010720592966,0.6355780502253766,0.0002383230753147678,-0.017300678500031752,2,0,0.5116914510726929,0.5388480722904205,0,HIGH,LOW,MID,MID,LOW,MID,HIGH,MID,MID
2014-09-15,2014-09-16,0.007510174147197439,UP,2.424335209945153,0.003668949666244398,91.58000183105469,1.0,16.35485341969635,-0.0029384326548031435,0.022947349640575296,0.0024251747648075537,0.0028019686859861383,2,1,0.5365610718727112,0.5388480722904205,0,HIGH,LOW,MID,MID,LOW,MID,MID,MID,MID
2014-09-17,2014-09-18,0.005315894500358037,UP,2.3213234794503665,0.0034328480295192096,81.5199966430664,1.0,16.15306927529956,-0.004592292319099555,-0.011942384599890277,0.010494854140087795,0.029557743726214947,2,1,0.5702909827232361,0.5388480722904205,1,HIGH,LOW,MID,MID,LOW,LOW,MID,HIGH,HIGH
2014-09-18,2014-09-19,-0.005565006730506278,DOWN,2.12533116107332,0.0035656502169739905,77.47000122070312,1.0,16.50094590565352,-0.0070089552589307335,0.6844794400115275,0.00826787093596933,0.0025820117819698976,2,0,0.5195982456207275,0.5388480722904205,0,HIGH,LOW,LOW,MID,LOW,LOW,HIGH,HIGH,MID
2014-09-19,2014-09-22,-0.007752961616901403,DOWN,2.013505615694887,0.0037887069552558334,77.69999694824219,0.0,15.960421983822375,-0.0058680193420708624,-1.3528762037835256,0.0022179331026736453,0.0015162123200504012,2,0,0.4623331129550934,0.5388480722904205,0,HIGH,LOW,LOW,MID,LOW,LOW,LOW,MID,MID
2014-09-22,2014-09-23,-0.005740772251970257,DOWN,2.0623784673139625,0.004181525973451386,87.41000366210938,0.0,15.517713238648442,-0.007319929448459959,-1.1680579176733805,0.0015507232767624497,-0.01518139724479131,2,0,0.531056821346283,0.5388480722904205,0,HIGH,LOW,MID,MID,LOW,LOW,LOW,MID,MID
2014-09-23,2014-09-24,0.007797424031039491,UP,2.2446977169451605,0.0041898809319806125,91.9000015258789,0.0,15.651901170991865,-0.008471674975417022,-1.1104728624367008,-0.007345952947146326,-0.035618437881644295,2,1,0.5893521308898926,0.5388480722904205,1,HIGH,LOW,MID,MID,LOW,LOW,LOW,LOW,LOW
2014-09-24,2014-09-25,-0.016267099146391652,DOWN,1.8236194056489605,0.004583914013997147,86.20999908447266,0.0,15.37548288581548,-0.008685443740431552,1.2723523887528698,-0.013962227947838874,-0.017306223048007757,2,0,0.46886709332466125,0.5388480722904205,0,HIGH,LOW,MID,MID,LOW,LOW,HIGH,LOW,MID
2014-09-25,2014-09-26,0.007913990154607694,UP,1.6909706851381407,0.005826401505737516,96.72000122070312,0.0,15.939346858903725,-0.0072412649093995494,-1.376747539649113,-0.022311267948329966,-0.005818991850200258,2,1,0.6554843187332153,0.5388480722904205,1,HIGH,LOW,HIGH,MID,LOW,LOW,LOW,LOW,MID
2014-09-30,2014-10-01,-0.013644579409955858,DOWN,1.6779268720078593,0.00612323104954403,92.47000122070312,0.0,17.413704146178368,-0.010813221417027372,-0.563199207970109,-0.005587944643480856,-0.004378223870004838,2,0,0.5462427139282227,0.5388480722904205,1,HIGH,LOW,MID,MID,LOW,LOW,LOW,MID,MID
2014-10-02,2014-10-03,0.010949197845781487,UP,1.505398596978263,0.0067622243464471885,93.75,0.0,21.21692201363848,-0.011152624325571271,-0.4109707976322196,0.0005661475992215148,-0.016563489006682183,2,1,0.5532277822494507,0.5388480722904205,1,HIGH,LOW,HIGH,MID,MID,LOW,MID,MID,MID
2014-10-06,2014-10-07,-0.015556719198476667,DOWN,1.3536617137818667,0.007194474448636712,88.7300033569336,0.0,21.43997520484356,-0.012324313569770127,-0.21628073735889558,0.0017633817010910546,-0.045760008110945063,2,0,0.731764018535614,0.5388480722904205,1,MID,LOW,MID,MID,MID,LOW,MID,MID,LOW
2014-10-07,2014-10-08,0.017338238566358213,UP,1.3861204742229467,0.00781676790848831,99.19999694824219,0.0,22.296020930938344,-0.012217258958343875,-1.2983331451604891,-0.010643241959716627,-0.025666707122801214,2,1,0.4895589351654053,0.5388480722904205,0,MID,LOW,HIGH,MID,MID,LOW,LOW,LOW,LOW
2014-10-08,2014-10-09,-0.020032483790296044,DOWN,1.0784181344425514,0.008826265797724386,89.08000183105469,0.0,22.268133891171505,-0.01130122492554067,1.5604773977445539,-0.004593969283698747,-0.03842312432048317,2,0,0.48999086022377014,0.5388480722904205,0,LOW,MID,MID,MID,MID,LOW,HIGH,MID,LOW
2014-10-09,2014-10-10,-0.011480047880891237,DOWN,1.2071058432663777,0.009790102002675813,102.12999725341797,0.0,22.24223878281658,-0.014423192045649853,-2.071522183816101,-0.013135380689024562,-0.05930015819820049,2,0,0.5798488259315491,0.5388480722904205,1,MID,MID,HIGH,MID,MID,LOW,LOW,LOW,LOW
2014-10-10,2014-10-13,-0.01656336132841643,DOWN,1.3396387934120098,0.009987723755197048,113.37999725341797,-1.0,23.04650670113268,-0.013847022552608307,-1.3264520622400136,-0.022611267045371718,-0.044664500735793644,2,0,0.4504978060722351,0.5388480722904205,0,MID,MID,HIGH,LOW,MID,LOW,LOW,LOW,LOW
2014-10-14,2014-10-15,-0.006789133113090686,DOWN,1.4009012571621462,0.010247939367459288,120.61000061035156,-1.0,26.34865882201177,-0.00844650783241796,0.4364558438593469,-0.022276258348921836,-0.08218346053082103,2,0,0.5125887393951416,0.5388480722904205,0,MID,MID,HIGH,LOW,HIGH,LOW,HIGH,LOW,LOW
2014-10-16,2014-10-17,0.011741592523610402,UP,1.5842644351493922,0.010020112801116624,121.94000244140625,-1.0,31.1681900190561,0.0005422160036671481,0.42467495903832503,-0.008122571761486019,-0.03644969073544484,2,1,0.46176064014434814,0.5388480722904205,0,HIGH,MID,HIGH,LOW,HIGH,MID,HIGH,LOW,LOW
2014-10-17,2014-10-20,0.00966294083322011,UP,1.3057622135743026,0.010608667985335236,118.83999633789062,-1.0,31.99852341407162,-5.9899326938117614e-05,1.1171629743289608,0.00968897372306931,-0.036428061750208005,2,1,0.641351580619812,0.5388480722904205,1,MID,MID,HIGH,LOW,HIGH,MID,HIGH,HIGH,LOW
2014-10-20,2014-10-21,0.019617166125424336,UP,1.0711869228986077,0.010920596580602742,108.83000183105469,-1.0,32.377961760751134,0.0023703731038879072,0.9557107558322129,0.02258948875674881,-0.03597893361992663,2,1,0.6009489297866821,0.5388480722904205,1,LOW,MID,HIGH,LOW,HIGH,MID,HIGH,HIGH,LOW
2014-10-21,2014-10-22,-0.007136263856155378,DOWN,0.8495842956086328,0.011922828471458499,104.08999633789062,-1.0,30.951805962040233,0.004643541623602634,0.8437803192953717,0.03018053096344424,0.01178272066739824,2,0,0.3617888391017914,0.5388480722904205,0,LOW,MID,HIGH,LOW,HIGH,MID,HIGH,HIGH,MID
2014-10-22,2014-10-23,0.011557789576533795,UP,0.9532079705904715,0.0118096394110989,108.81999969482422,-1.0,29.341227547107675,0.003321276554950424,-0.5052804628820088,0.025806194587023257,-0.015527140928916171,2,1,0.5786107778549194,0.5388480722904205,1,LOW,MID,HIGH,LOW,HIGH,MID,LOW,HIGH,MID
2014-10-23,2014-10-24,0.007665614275054814,UP,0.8940061160898501,0.011647483698985895,102.05000305175781,-1.0,27.340725302197125,0.002310856441058038,0.4572733873156481,0.019426510849972274,-0.0074034033788329375,2,1,0.5716767907142639,0.5388480722904205,1,LOW,MID,HIGH,LOW,HIGH,MID,HIGH,HIGH,MID
2014-10-27,2014-10-28,0.011404943846823197,UP,0.8683734659496335,0.011635835522440312,100.75,-1.0,23.607585506616996,0.0024030170413142527,-0.23952073806063146,0.002282554902870832,-0.020891347962251065,2,1,0.4960518479347229,0.5388480722904205,0,LOW,MID,HIGH,LOW,MID,MID,MID,MID,LOW
2014-10-29,2014-10-30,0.00639014101743165,UP,0.8326917741708326,0.011461146848343562,99.33999633789062,0.0,22.142326536590538,0.004754272517887251,-0.3454336188245893,0.004569977252563246,0.02064970585521668,2,1,0.44864413142204285,0.5388480722904205,0,LOW,MID,HIGH,MID,MID,MID,MID,HIGH,HIGH
2014-10-30,2014-10-31,0.011370553040350334,UP,0.7937960083598987,0.01152278474426426,98.5199966430664,0.0,21.906363303869227,0.004604689349018556,0.6439308842094313,0.001979467254775401,-0.011886588048134363,2,1,0.45311418175697327,0.5388480722904205,0,LOW,MID,HIGH,MID,MID,MID,HIGH,MID,MID
2014-11-04,2014-11-05,0.0062962901151845125,UP,0.8610105287305142,0.010893964988575764,92.44000244140625,0.0,22.69374296084175,0.005794721507672601,-0.2166661237080998,-0.001045272355620669,-0.05335097399553651,2,1,0.302704393863678,0.5388480722904205,0,LOW,MID,MID,MID,MID,HIGH,MID,MID,LOW
2014-11-17,2014-11-18,0.005757275562255267,UP,1.392826030587022,0.006327331117657382,84.79000091552734,1.0,26.896552219080682,-0.0005181243325687035,-0.027613465097707655,-0.007861974127182791,-0.02300156458878627,2,1,0.6483418941497803,0.5388480722904205,1,MID,LOW,MID,MID,HIGH,MID,MID,LOW,LOW
2014-11-20,2014-11-21,0.005336406489951131,UP,2.013275450785421,0.004249093612291112,79.13999938964844,1.0,29.550485853522993,0.0012773429714161635,0.1571768081193228,-0.005431068610861045,0.018292822502990646,2,1,0.5577419996261597,0.5388480722904205,1,HIGH,LOW,LOW,MID,HIGH,MID,MID,MID,HIGH
2014-11-28,2014-12-01,-0.006974081304460973,DOWN,2.442546890406689,0.003437850341218844,79.83999633789062,1.0,36.40686325579553,-6.918141850110332e-05,0.0129688473812838,-0.01760237872393758,-0.13326680852013503,2,0,0.36578190326690674,0.5388480722904205,0,HIGH,LOW,LOW,MID,HIGH,MID,MID,LOW,LOW
2014-12-01,2014-12-02,0.0064430493475267124,UP,2.7655787026625975,0.0032253507948656873,86.83999633789062,1.0,35.81592461092722,-0.0017269571631814869,-0.8977979938251934,-0.027196717357465823,-0.10331497456743227,2,1,0.45163875818252563,0.5388480722904205,0,HIGH,LOW,MID,MID,HIGH,MID,LOW,LOW,LOW
2014-12-05,2014-12-08,-0.006705118522477449,DOWN,2.4175302232783977,0.0030982016760816565,85.41000366210938,1.0,35.65562051349993,-0.0014654221713280152,0.13761760771899548,0.005471739349352873,-0.004697412880449332,2,0,0.42591798305511475,0.5388480722904205,0,HIGH,LOW,MID,MID,HIGH,MID,MID,HIGH,MID
2014-12-09,2014-12-10,-0.016161265350257942,DOWN,2.7348640309471546,0.0035356753505976822,97.12999725341797,1.0,32.078329589989494,-0.00029871209297441595,-0.22518895856545887,-0.009482767096013409,-0.0468333116408533,2,0,0.5882948040962219,0.5388480722904205,1,HIGH,LOW,HIGH,MID,HIGH,MID,MID,LOW,LOW
2014-12-10,2014-12-11,0.00505708093270082,UP,2.266733973459171,0.005149613222073102,117.31999969482422,1.0,30.76195809294211,5.7777829041099835e-05,-1.379575776735963,-0.021331105421709386,-0.10045844619340544,2,1,0.5931386351585388,0.5388480722904205,1,HIGH,LOW,HIGH,MID,HIGH,MID,LOW,LOW,LOW
2014-12-11,2014-12-12,-0.01629345335566466,DOWN,2.3962161078247353,0.005278827289690626,132.39999389648438,1.0,29.38738023469182,-0.0011270157869625015,1.1530000630256014,-0.021669741596756536,-0.10834183919507197,2,0,0.5031328201293945,0.5388480722904205,0,HIGH,LOW,HIGH,MID,HIGH,MID,HIGH,LOW,LOW
2014-12-12,2014-12-15,-0.006893158682127761,DOWN,2.0719270591029835,0.006409082651818464,138.60000610351562,0.0,29.47429293136451,0.0025002051453197633,-1.4884672277383073,-0.04028337402492735,-0.1300657058978329,2,0,0.5701009035110474,0.5388480722904205,1,HIGH,LOW,HIGH,MID,HIGH,MID,LOW,LOW,LOW
2014-12-15,2014-12-16,-0.008051932446890809,DOWN,1.9655883045069553,0.006544295627241228,128.22000122070312,0.0,30.268456555772865,0.004102935561218733,-1.5756669626355244,-0.0333790973228381,-0.12018479800099803,2,0,0.5998270511627197,0.5388480722904205,1,HIGH,LOW,HIGH,MID,HIGH,MID,LOW,LOW,LOW
2014-12-16,2014-12-17,0.019415118999434836,UP,2.2146279148503587,0.00670437868572596,132.94000244140625,0.0,31.279384873977964,0.005174238195714529,-0.8694333188038943,-0.03520805842213366,-0.13196570177839234,2,1,0.6648199558258057,0.5388480722904205,1,HIGH,LOW,HIGH,MID,HIGH,MID,LOW,LOW,LOW
2014-12-17,2014-12-18,0.024427900848919635,UP,1.5205569371361984,0.008053660446933163,114.37000274658203,0.0,32.21810402659698,0.005547009769309382,1.744885449399221,-0.004093363757043465,-0.07618020572084146,2,1,0.4599097669124603,0.5388480722904205,0,HIGH,LOW,HIGH,MID,HIGH,HIGH,HIGH,MID,LOW
2014-12-30,2014-12-31,-0.00997255115969937,DOWN,1.0287526157774618,0.00974836636599284,97.83999633789062,1.0,29.260290475596207,0.006816146863932823,-0.5982527873490507,0.0017064488883073,-0.02084550555474483,2,0,0.5565404891967773,0.5388480722904205,1,LOW,MID,HIGH,MID,HIGH,HIGH,LOW,MID,LOW
2015-01-02,2015-01-05,-0.018224704391309896,DOWN,1.1369931399909465,0.009856389460310058,112.55000305175781,1.0,25.793203520257546,0.006793736942565379,-0.031761039808509056,-0.014935445990058156,-0.05806480302911287,2,0,0.5600535273551941,0.5388480722904205,1,LOW,MID,HIGH,MID,HIGH,HIGH,MID,LOW,LOW
2015-01-05,2015-01-06,-0.009463605301043171,DOWN,1.1819139262135698,0.010617034179610413,121.87000274658203,1.0,25.039816016468155,0.005959663380123988,-1.1843291823342144,-0.02445894228640516,-0.08958929289717077,2,0,0.533648669719696,0.5388480722904205,0,MID,MID,HIGH,MID,MID,HIGH,LOW,LOW,LOW
2015-01-06,2015-01-07,0.01238416446271821,UP,1.2391583385512284,0.010736602066647134,118.44999694824219,1.0,25.115443020844268,0.004296708749527513,-0.9486127401486839,-0.030985162884803207,-0.11199400968582425,2,1,0.5079184770584106,0.5388480722904205,0,MID,MID,HIGH,MID,MID,MID,LOW,LOW,LOW
2015-01-07,2015-01-08,0.01758942196896442,UP,1.0921428856224422,0.01113787989348689,107.69000244140625,1.0,25.18566809633637,0.004611029615546568,0.9469532488728993,-0.023268417899575726,-0.10655194357010225,2,1,0.5940262675285339,0.5388480722904205,1,LOW,MID,HIGH,MID,MID,MID,HIGH,LOW,LOW
2015-01-08,2015-01-09,-0.008045850650524594,DOWN,0.900935804855216,0.011893514383875094,98.44000244140625,0.0,23.717518829706698,0.0027645449184053325,1.218354638200534,-0.009192553912439248,-0.08784793692978404,2,0,0.49698007106781006,0.5388480722904205,0,LOW,MID,HIGH,MID,MID,MID,HIGH,LOW,LOW
2015-01-09,2015-01-12,-0.007864410784303022,DOWN,0.9656954844969827,0.011448184787435192,103.7699966430664,0.0,22.524157410443774,0.003012124695630402,-0.8605332783451074,-0.003324838538972581,-0.08575261979000341,2,0,0.604528546333313,0.5388480722904205,1,LOW,MID,HIGH,MID,MID,MID,LOW,MID,LOW
2015-01-14,2015-01-15,-0.00920280734937316,DOWN,1.2414398852474313,0.010899543349752643,113.5,-1.0,22.345786423998867,-0.0005590835311052407,-0.8083747441784149,0.004990517394675981,-0.003500507677691981,2,0,0.5072231292724609,0.5388480722904205,0,MID,MID,HIGH,LOW,MID,MID,LOW,HIGH,MID
2015-01-15,2015-01-16,0.013029015212169084,UP,1.288177742307915,0.0109490898681208,117.06999969482422,-1.0,22.35464914277138,-0.002476490017684083,-0.7233133288998315,-0.017059007826655148,-0.053463928633962876,2,1,0.46046146750450134,0.5388480722904205,0,MID,MID,HIGH,LOW,MID,MID,LOW,LOW,LOW
2015-01-21,2015-01-22,0.01476151841513954,UP,1.3410653862689863,0.00885444082164599,98.62000274658203,-1.0,21.355381218801835,-0.0016926643286269,1.0433213437296571,-0.004323427991139273,0.040359901242826415,2,1,0.4224443733692169,0.5388480722904205,0,MID,MID,HIGH,LOW,MID,MID,HIGH,MID,HIGH
2015-01-26,2015-01-27,-0.01327828342652442,DOWN,1.0251317335748757,0.00953699998091214,91.94000244140625,-1.0,17.724091530385827,-0.0014671318108138258,0.2116117035916441,0.0024677853753613636,-0.075483328331062,2,0,0.7018327713012695,0.5388480722904205,1,LOW,MID,MID,LOW,LOW,MID,MID,MID,LOW
2015-01-27,2015-01-28,-0.012907278436190254,DOWN,1.0957868909199895,0.009899351810744432,96.11000061035156,-1.0,17.406556830151487,0.004510617922475205,-0.7481959219603574,0.0050490530223744855,-0.0034549775084289094,2,0,0.6230216026306152,0.5388480722904205,1,LOW,MID,HIGH,LOW,LOW,MID,LOW,HIGH,MID
2015-01-28,2015-01-29,0.009201099807839798,UP,1.2622499957185673,0.010200823999957608,108.68000030517578,-1.0,17.716122901752932,0.0006520512082304475,-1.1330631945403897,-0.009582656484333919,-0.0722421372253455,2,1,0.43992796540260315,0.5388480722904205,0,MID,MID,HIGH,LOW,LOW,MID,LOW,LOW,LOW
2015-01-29,2015-01-30,-0.012654655369977563,DOWN,1.128564618018188,0.010471433487216934,100.69999694824219,-1.0,18.372344683359213,0.0011848720940234002,1.1022882965243863,-0.005509951083204381,-0.03919485822640795,2,0,0.6406009793281555,0.5388480722904205,1,LOW,MID,HIGH,LOW,LOW,MID,HIGH,MID,LOW
2015-01-30,2015-02-02,0.012308007234080716,UP,1.2457728925949487,0.010603744854016132,108.98999786376953,0.0,18.981693480565042,0.00040952635579851945,-0.901493350916449,-0.010639378952962462,0.05650018964070756,2,1,0.4153209328651428,0.5388480722904205,0,MID,MID,HIGH,MID,MID,MID,LOW,LOW,HIGH
2015-02-02,2015-02-03,0.014357598431818042,UP,1.1081514656808327,0.011045195615328827,106.73999786376953,0.0,19.929777650463652,-0.0014324082064288424,1.4711243784741297,-0.013873770689218483,0.09339549221725978,2,1,0.6587662100791931,0.5388480722904205,1,LOW,MID,HIGH,MID,MID,MID,HIGH,LOW,HIGH
2015-02-04,2015-02-05,0.010044443487849221,UP,1.095784763850582,0.010537484169606244,103.73999786376953,0.0,18.677894245887526,0.0059594729224147006,-0.3918391195578594,0.004677213666799716,0.08616737495981373,2,1,0.38181766867637634,0.5388480722904205,0,LOW,MID,HIGH,MID,LOW,HIGH,MID,HIGH,HIGH
2015-02-09,2015-02-10,0.01059699136311393,UP,1.2236208176026637,0.009549854804003858,104.19000244140625,0.0,15.500706985288252,0.007935375912205358,-0.5734775947800591,0.02539976104586209,0.0642611148466893,2,1,0.44499877095222473,0.5388480722904205,0,MID,MID,HIGH,MID,LOW,HIGH,LOW,HIGH,HIGH
2015-02-11,2015-02-12,0.009570858374647587,UP,1.1139603952868389,0.009590821396226676,98.7300033569336,0.0,14.346909506424327,0.0073567821444591,0.04129711136932809,0.022371336991210567,0.00801729828302476,2,1,0.40875422954559326,0.5388480722904205,0,LOW,MID,HIGH,MID,LOW,HIGH,MID,HIGH,MID
2015-02-27,2015-03-02,0.006293652868157811,UP,1.2531382797063537,0.006705892197836551,85.2300033569336,1.0,21.738083723851748,0.0009982351750946195,-0.5652295002442312,-0.0027278818962092506,-0.011588578038638341,2,1,0.55774986743927,0.5388480722904205,1,MID,LOW,MID,MID,MID,MID,LOW,MID,MID
2015-03-05,2015-03-06,-0.014164303542830515,DOWN,1.8414763683485293,0.0048028683921246184,81.26000213623047,1.0,21.147528975974573,-0.0024354067879535993,0.3187714426475122,0.0018259762643974666,0.052372227149681455,2,0,0.6080794334411621,0.5388480722904205,1,HIGH,LOW,LOW,MID,MID,MID,MID,MID,HIGH
2015-03-09,2015-03-10,-0.01635496324619298,DOWN,1.708366100998137,0.0055532057978219165,85.55000305175781,1.0,19.81373571359272,-0.005269891358342434,0.7217965599173765,-0.0047436404857693695,0.008233801850114374,2,0,0.6427398920059204,0.5388480722904205,1,HIGH,LOW,MID,MID,MID,LOW,HIGH,MID,MID
2015-03-11,2015-03-12,0.012633822390026958,UP,1.7151813575886972,0.006195905512318724,97.27999877929688,0.0,21.296049237446674,-0.001971438292057157,-0.6682306822400687,-0.009048944070380404,-0.06742775602117573,2,1,0.6350194215774536,0.5388480722904205,1,HIGH,LOW,HIGH,MID,MID,MID,LOW,LOW,LOW
2015-03-12,2015-03-13,-0.006151203606017958,DOWN,1.4153444587054949,0.006863125753346404,89.4800033569336,0.0,20.890795281454785,-0.00032598854040541685,1.0231543891773438,-0.006597549123164495,-0.07589775996357986,2,0,0.5575137138366699,0.5388480722904205,1,MID,LOW,MID,MID,MID,MID,HIGH,LOW,LOW
2015-03-13,2015-03-16,0.01327207520486987,UP,1.5248505256782297,0.006609862700540033,93.12000274658203,0.0,20.049794956578253,-0.002157676054862022,-1.2052123255367717,-0.011504081663219718,-0.10109183700905158,2,1,0.6193345785140991,0.5388480722904205,1,HIGH,LOW,HIGH,MID,MID,MID,LOW,LOW,LOW
2015-03-17,2015-03-18,0.011949857413652766,UP,1.3586981905062805,0.007260532705753901,88.25,0.0,17.67413055416241,-0.0033235751783886637,-0.806574283912632,-0.008588292654821427,-0.10538356508208628,2,1,0.5107594132423401,0.5388480722904205,0,MID,LOW,MID,MID,LOW,MID,LOW,LOW,LOW
2015-03-24,2015-03-25,-0.014762257583974083,DOWN,1.093148416265507,0.007848699533892542,80.04000091552734,0.0,17.63032229572075,0.0014329205163945233,-0.8324324420337115,-0.0027244235584792525,0.08909922610781706,2,0,0.5250105857849121,0.5388480722904205,0,LOW,LOW,LOW,MID,LOW,MID,LOW,MID,HIGH
2015-03-27,2015-03-30,0.012126018644524963,UP,1.1189082256435319,0.008484348645048585,86.5,1.0,18.033895933546766,0.005206439043772045,0.14765174826695093,0.002061668580187197,0.06662782379965423,2,1,0.684404194355011,0.5388480722904205,1,LOW,LOW,MID,MID,LOW,MID,MID,MID,HIGH
2015-03-30,2015-03-31,-0.008777944644853434,DOWN,1.033136076254145,0.008847276939802966,82.16000366210938,1.0,16.864135753235498,0.006226387411660258,0.9832566862599875,0.004619542661971346,0.02559173325359914,2,0,0.4995259940624237,0.5388480722904205,0,LOW,MID,MID,MID,LOW,HIGH,HIGH,HIGH,HIGH
2015-04-02,2015-04-06,0.006710621534576819,UP,1.0228238033813966,0.009035017940123503,80.20999908447266,-1.0,15.820045973534796,0.009359810594503809,0.5597408830486379,-0.005361355423062216,-0.04554831104826729,2,1,0.6139708161354065,0.5388480722904205,1,LOW,MID,LOW,LOW,LOW,HIGH,HIGH,MID,LOW
2015-04-16,2015-04-17,-0.011570210421864109,DOWN,1.2980071788263357,0.006114953987137432,79.77999877929688,0.0,12.21385345923498,0.004557464425673866,-0.3326408710559142,-0.000709984103729298,0.11025104304302348,2,0,0.6094914078712463,0.5388480722904205,1,MID,LOW,LOW,MID,LOW,MID,MID,MID,HIGH
2015-04-17,2015-04-20,0.00909536735125444,UP,1.3313489471862816,0.006572189646395039,85.97000122070312,0.0,11.896106970982155,0.006078453827280034,-1.2485436853480076,-0.0073898523042812796,0.0764014980071454,2,1,0.6194540858268738,0.5388480722904205,1,MID,LOW,MID,MID,LOW,HIGH,LOW,LOW,HIGH
2015-04-29,2015-04-30,-0.010070965675104416,DOWN,1.7128791144099274,0.00492440318835227,82.2699966430664,1.0,8.922662051679458,-0.008325861072309012,-1.1076199973714866,0.008785856178331088,0.04218861565638717,2,0,0.5209286212921143,0.5388480722904205,0,HIGH,LOW,MID,MID,LOW,LOW,LOW,HIGH,HIGH
2015-04-30,2015-05-01,0.010783035269824706,UP,1.6876028140535286,0.00543115863181697,87.08000183105469,1.0,9.713414047468158,-0.006670765106461705,-1.52896477047171,0.010287667904464786,0.03220861774321227,2,1,0.5525760054588318,0.5388480722904205,1,HIGH,LOW,MID,MID,LOW,LOW,LOW,HIGH,HIGH
2015-05-04,2015-05-05,-0.011517967610371698,DOWN,1.4148807899642803,0.00572114585765819,78.55999755859375,1.0,9.75802105536005,-0.00849881388913764,0.48339799150530827,0.018534978503776556,0.03347446072957624,2,0,0.500061571598053,0.5388480722904205,0,MID,LOW,LOW,MID,LOW,LOW,HIGH,HIGH,HIGH
2015-05-07,2015-05-08,0.013080164912577465,UP,1.5035946185219895,0.006338812391584539,89.20999908447266,1.0,13.317348647496328,-0.008662719987583539,0.868038425149166,0.006677088640523975,-0.011638867037659813,2,1,0.5052431225776672,0.5388480722904205,0,HIGH,LOW,MID,MID,LOW,LOW,HIGH,HIGH,MID
2015-05-13,2015-05-14,0.010373597439841523,UP,1.2648048747332241,0.006853219468883337,84.44999694824219,0.0,13.917729318784502,-0.008141669647646255,-0.14455827435253013,0.002693285542559881,-0.0070823042322364325,2,1,0.5316504836082458,0.5388480722904205,0,MID,LOW,MID,MID,LOW,LOW,MID,MID,MID
2015-05-22,2015-05-26,-0.01080993571497929,DOWN,1.2003553063445749,0.00636576669788753,75.9800033569336,1.0,9.541864977684378,-0.002201091006759473,-0.4767791949886386,0.005577490404919612,0.0005025139379253764,2,0,0.6740328669548035,0.5388480722904205,1,MID,LOW,LOW,MID,LOW,MID,MID,HIGH,MID
2015-05-26,2015-05-27,0.009447401532239053,UP,1.3078215552935544,0.006772305986751018,81.94000244140625,1.0,10.25942638086733,-0.0016184904655567457,-1.0995984268509709,-0.006963479490622391,-0.023839057346823594,2,1,0.6385815739631653,0.5388480722904205,1,MID,LOW,MID,MID,LOW,MID,LOW,LOW,LOW
2015-05-28,2015-05-29,-0.00623234928167894,DOWN,1.1978602855066556,0.006999574373324062,77.3499984741211,1.0,11.447269489431594,-0.0032195391364714726,-0.28524456143827925,-0.005512001816191564,-0.02228789735825698,2,0,0.4813136160373688,0.5388480722904205,0,MID,LOW,LOW,MID,LOW,MID,MID,MID,LOW
2015-06-03,2015-06-04,-0.008482426280820986,DOWN,1.509903367971782,0.005699034292691826,79.2699966430664,1.0,15.071561425842267,-0.004948495324354636,0.19359003912361747,0.012603358976530775,0.03636766312259681,2,0,0.3469446003437042,0.5388480722904205,0,HIGH,LOW,LOW,MID,LOW,LOW,MID,HIGH,HIGH
2015-06-05,2015-06-08,-0.006168619894907657,DOWN,1.5091099711565616,0.005931614526146994,84.0999984741211,0.0,18.015740956540043,-0.0029492407274806544,-0.24551419175424868,0.0035952711971007564,-0.019593663184159435,2,0,0.4696446657180786,0.5388480722904205,0,HIGH,LOW,MID,MID,LOW,MID,MID,HIGH,LOW
2015-06-09,2015-06-10,0.011921934417045426,UP,1.762491136403353,0.00517179530004294,84.33999633789062,0.0,21.618446131247403,-0.0035554731474157913,-0.312256850053901,-0.001798922794831244,-0.018451906594025017,2,1,0.5553316473960876,0.5388480722904205,1,HIGH,LOW,MID,MID,MID,MID,MID,MID,MID
2015-06-11,2015-06-12,-0.007684367470106338,DOWN,1.3796364203115914,0.005867298986464918,79.52999877929688,0.0,20.637453084128158,-0.005195633105938639,0.49242323966831797,0.002789011459748823,0.04665324313356909,2,0,0.6456985473632812,0.5388480722904205,1,MID,LOW,LOW,MID,MID,LOW,HIGH,MID,HIGH
2015-06-15,2015-06-16,0.005436866635543014,UP,1.706498642287142,0.005681099714187995,96.12000274658203,0.0,21.604428144754834,-0.0030025134196174086,-0.8507320564032478,-0.006472122714434886,0.02345851358299143,2,1,0.5427212119102478,0.5388480722904205,1,HIGH,LOW,HIGH,MID,MID,MID,LOW,LOW,HIGH
2015-06-17,2015-06-18,0.010345664549366142,UP,1.5719666567483421,0.005810645786820031,93.19000244140625,0.0,21.298818606507357,-0.0012407476501380323,0.7119347544571785,-0.01102416017174314,-0.024888011493057284,2,1,0.4786132276058197,0.5388480722904205,0,HIGH,LOW,HIGH,MID,MID,MID,HIGH,LOW,LOW
2015-06-18,2015-06-19,-0.009301520060152167,DOWN,1.3183869853087322,0.006302336739193541,89.19999694824219,0.0,19.84307515237551,-0.0032806169678868177,1.1047049248034788,0.0012933955061838218,-0.005279663998186709,2,0,0.4438417851924896,0.5388480722904205,0,MID,LOW,MID,MID,MID,MID,HIGH,MID,MID
2015-06-19,2015-06-22,0.0051100269172874,UP,1.334790908896189,0.006588277887396287,92.16000366210938,0.0,18.501574820761714,-0.002489683184623564,-1.3051384615195438,-0.001518506584064716,-0.005854302494513336,2,1,0.475681871175766,0.5388480722904205,0,MID,LOW,MID,MID,LOW,MID,LOW,MID,MID
2015-06-23,2015-06-24,-0.0072892513339581156,DOWN,1.2267182006227613,0.00621869205719548,78.8499984741211,1.0,16.81326676484356,-0.0030499620163295786,0.006899426727662589,0.011430097013159585,0.017193300116773697,2,0,0.6268952488899231,0.5388480722904205,1,MID,LOW,LOW,MID,LOW,MID,MID,HIGH,MID
2015-06-26,2015-06-29,-0.021193400386544974,DOWN,1.489613868869819,0.0059288989754866335,83.08999633789062,0.0,15.096536323456425,-0.001321164188612881,0.2840521205342301,0.00637496670067913,0.0003354655764794666,2,0,0.5924098491668701,0.5388480722904205,1,HIGH,LOW,MID,MID,LOW,MID,MID,HIGH,MID
2015-06-30,2015-07-01,0.007983561804533027,UP,1.520808561043505,0.007551128115266113,110.16999816894531,-1.0,17.7600086464288,-0.0021212106601663887,0.9266733714531326,-0.01404201542897091,-0.025565753407551246,2,1,0.6449517607688904,0.5388480722904205,1,HIGH,LOW,HIGH,LOW,LOW,MID,HIGH,LOW,LOW
2015-07-06,2015-07-07,0.006269022964348443,UP,1.4093297972931527,0.0076031124684754845,105.97000122070312,-1.0,19.936406589362534,-0.005178204821556724,-0.8906751377056088,-0.01446352566920478,-0.1267744093197338,2,1,0.48116534948349,0.5388480722904205,0,MID,LOW,HIGH,LOW,MID,LOW,LOW,LOW,LOW
2015-07-07,2015-07-08,-0.0169195914419475,DOWN,1.326042429955096,0.007643607136308106,99.3499984741211,-1.0,21.316090392891436,-0.0029904524635713968,1.3836915383194732,-0.0022639162284325597,-0.10854671678219775,2,0,0.4393234848976135,0.5388480722904205,0,MID,LOW,HIGH,LOW,MID,MID,HIGH,MID,LOW
2015-07-09,2015-07-10,0.012512903433965095,UP,1.5729024074490254,0.007997900601589267,115.36000061035156,-1.0,23.32653005937958,-0.0022949894783599323,0.5160815349283634,-0.008143522837471513,-0.07621694308351788,2,1,0.5058557391166687,0.5388480722904205,0,HIGH,LOW,HIGH,LOW,MID,MID,HIGH,LOW,LOW
2015-07-10,2015-07-13,0.010976783887015968,UP,1.2420668538028243,0.008535694666827642,101.19000244140625,-1.0,23.524425952196456,-0.0028816088155487647,0.9054734089061159,0.004120554705772098,-0.0764482355730856,2,1,0.43477100133895874,0.5388480722904205,0,MID,MID,HIGH,LOW,MID,MID,HIGH,HIGH,LOW
2015-07-15,2015-07-16,0.007992298232542884,UP,0.9586304849010542,0.008693773537099297,90.80999755859375,-1.0,19.591464269547476,-0.00921713533880237,-0.004366782311906304,0.01965148297667025,-0.004657522008962454,2,1,0.3807017505168915,0.5388480722904205,0,LOW,MID,MID,LOW,MID,LOW,MID,HIGH,MID
2015-07-22,2015-07-23,-0.0056458576058752,DOWN,0.9241908646476447,0.008261153160831392,78.88999938964844,0.0,16.668953884455746,-0.016489443899992334,-0.05299206995790801,-0.017357172727324,-0.04414238021020011,2,0,0.5217785239219666,0.5388480722904205,0,LOW,LOW,LOW,MID,LOW,LOW,MID,LOW,LOW
2015-07-23,2015-07-24,-0.010426191888768848,DOWN,0.9716949383315645,0.008194394626231711,81.63999938964844,0.0,15.891286124200962,-0.01516522319502008,-0.8847205086523782,-0.020880030672119344,-0.049527010833316544,2,0,0.6080668568611145,0.5388480722904205,1,LOW,LOW,MID,MID,LOW,LOW,LOW,LOW,LOW
2015-07-24,2015-07-27,-0.005834326602727022,DOWN,1.018781696754188,0.008495820365938192,88.36000061035156,0.0,16.25777545184615,-0.015008982982571003,-0.8536209693404847,-0.0199143648428061,-0.05555300893094738,2,0,0.5548936128616333,0.5388480722904205,1,LOW,LOW,MID,MID,LOW,LOW,LOW,LOW,LOW
2015-07-27,2015-07-28,0.012208209755053484,UP,1.145316295698709,0.008580229387680337,97.31999969482422,0.0,17.150588659828305,-0.016540376607017456,-0.9706148287146059,-0.0219579320549761,-0.0566073217340789,2,1,0.4337207078933716,0.5388480722904205,0,MID,MID,HIGH,MID,LOW,LOW,LOW,LOW,LOW
2015-07-28,2015-07-29,0.006855548966037117,UP,1.1170428934280972,0.007579300652538449,84.7699966430664,0.0,16.755865487595837,-0.01571952615899737,1.2792474423540692,-0.011890459251630379,-0.048412973425085264,2,1,0.5741184949874878,0.5388480722904205,1,LOW,LOW,MID,MID,LOW,LOW,HIGH,LOW,LOW
2015-08-05,2015-08-06,-0.008221456210205291,DOWN,1.2573975941328481,0.006267356835416201,80.0999984741211,0.0,12.019116609576331,-0.010308778091637927,0.4292066487442062,-0.0021256000993928933,-0.0775350789336357,2,0,0.3993079960346222,0.5388480722904205,0,MID,LOW,LOW,MID,LOW,LOW,HIGH,MID,LOW
2015-08-07,2015-08-10,0.012520522679780615,UP,1.3964377293078667,0.00604030326253284,82.56999969482422,0.0,12.641491266955597,-0.007514120046266685,-0.33685229329367883,-0.010292674389593682,-0.07146682584450975,2,1,0.36631566286087036,0.5388480722904205,0,MID,LOW,MID,MID,LOW,LOW,MID,LOW,LOW
2015-08-10,2015-08-11,-0.009064126222849762,DOWN,1.2437459686201036,0.006194332080278641,80.20999908447266,0.0,11.79841266163944,-0.005041773161899811,0.7224318607930328,0.0024345398107772052,-0.004659923907264715,2,0,0.38346126675605774,0.5388480722904205,0,MID,LOW,LOW,MID,LOW,LOW,HIGH,MID,MID
2015-08-14,2015-08-17,0.005571301686068404,UP,1.3002050549290993,0.0062160504882009,89.37999725341797,0.0,13.516482880318254,0.008441982335020541,0.5824807079854675,7.81921999012977e-05,-0.031726614900469775,2,1,0.5202249884605408,0.5388480722904205,0,MID,LOW,MID,MID,LOW,HIGH,HIGH,MID,LOW
2015-08-18,2015-08-19,-0.007936873561101215,DOWN,1.369328182357789,0.006343901746286141,88.83999633789062,-1.0,13.160442227066772,0.01099654219350656,-0.43542602284520004,0.0013145759712989836,-0.010735293182668566,2,0,0.5344534516334534,0.5388480722904205,0,MID,LOW,MID,LOW,LOW,HIGH,MID,MID,MID
2015-08-19,2015-08-20,-0.021102463987507057,DOWN,1.4646477917327525,0.006558980989520196,91.83999633789062,-1.0,13.947596556516476,0.009186127170582346,-0.9482427290803793,-0.004623376416539882,-0.05947055467797577,2,0,0.5337141156196594,0.5388480722904205,0,HIGH,LOW,MID,LOW,LOW,HIGH,LOW,MID,LOW
2015-08-20,2015-08-21,-0.030564844895498506,DOWN,1.5194210760041609,0.007935302790597848,108.75,-1.0,15.727834141098956,0.008447116447616775,-1.5160210642996488,-0.012301586375721598,-0.026149988717230864,2,0,0.464539498090744,0.5388480722904205,0,HIGH,LOW,HIGH,LOW,LOW,HIGH,LOW,LOW,LOW
2015-08-21,2015-08-24,-0.043019060773217356,DOWN,1.7468681577374172,0.010107941261480468,138.57000732421875,-1.0,18.59663298522483,0.012108471314529828,-2.391147778217805,-0.01580649551606867,-0.04943741356457392,2,0,0.5487369298934937,0.5388480722904205,1,HIGH,MID,HIGH,LOW,LOW,HIGH,LOW,LOW,LOW
2015-08-24,2015-08-25,-0.011837575935620176,DOWN,1.8902580070841495,0.013576870817888692,168.75,-1.0,22.56933512165579,0.014610419462714186,-3.6458558516203743,-0.01806838474549304,-0.09068742244461647,2,0,0.647738516330719,0.5388480722904205,1,HIGH,HIGH,HIGH,LOW,MID,HIGH,LOW,LOW,LOW
2015-08-25,2015-08-26,0.03767507232034739,UP,1.7337113458545785,0.013087800076373187,152.4199981689453,-1.0,26.25827281977025,0.011619717560076695,-1.8367791210316398,-0.013484813870702377,-0.0808446272404383,2,1,0.5623248219490051,0.5388480722904205,1,HIGH,HIGH,HIGH,LOW,HIGH,HIGH,LOW,LOW,LOW
2015-08-26,2015-08-27,0.024434189577847116,UP,1.1866054457632624,0.016096171291548955,134.30999755859375,-1.0,29.683714968019395,0.004711980193380733,2.215551025651136,0.001219372808562321,-0.05542982577037669,2,1,0.4261592924594879,0.5388480722904205,0,MID,HIGH,HIGH,LOW,HIGH,MID,HIGH,MID,LOW
2015-08-28,2015-08-31,-0.00811190049770867,DOWN,0.9481244546510327,0.01730780909128341,127.18000030517578,-1.0,32.38597605764122,0.005941230232206045,0.20512677619591851,0.016181634521185373,0.1114728314787878,2,0,0.571692943572998,0.5388480722904205,1,LOW,HIGH,HIGH,LOW,HIGH,HIGH,MID,HIGH,HIGH
2015-08-31,2015-09-01,-0.03030220476613541,DOWN,1.032271355118316,0.01734933040251209,127.27999877929688,-1.0,33.636180878003465,0.007204302940932356,-0.6834990657560567,0.022770834713742607,0.2520115069290021,2,0,0.520855724811554,0.5388480722904205,0,LOW,HIGH,HIGH,LOW,HIGH,HIGH,LOW,HIGH,HIGH
2015-09-01,2015-09-02,0.01880317454798349,UP,1.0756862248375147,0.018388392504360702,128.94000244140625,-1.0,35.44812779421074,0.00776978263599315,-1.2606169256434983,0.004847910051622871,0.14425336738096237,2,1,0.5749183893203735,0.5388480722904205,1,LOW,HIGH,HIGH,LOW,HIGH,HIGH,LOW,HIGH,HIGH
2015-09-03,2015-09-04,-0.015252558886480107,DOWN,0.8474829861354305,0.01903611545957076,118.16000366210938,-1.0,37.358952524653,0.00663487939613247,0.5016405164912808,-0.00838506679618935,0.09389937843413139,2,0,0.6622265577316284,0.5388480722904205,1,LOW,HIGH,HIGH,LOW,HIGH,HIGH,HIGH,LOW,HIGH
2015-09-04,2015-09-08,0.024820496117270316,UP,0.9110305749783207,0.01922257486902044,123.1500015258789,-1.0,38.19128427444069,0.006370294135281063,-0.8172534209674548,-0.010778857925670427,0.018188252289098514,2,1,0.6126753687858582,0.5388480722904205,1,LOW,HIGH,HIGH,LOW,HIGH,HIGH,LOW,LOW,MID
2015-09-08,2015-09-09,-0.013462033317038494,DOWN,0.7859974141279601,0.019956204826681517,117.62000274658203,-1.0,37.83397018797834,0.004975407266272672,0.6453892551469536,-0.0017891769630665362,-0.06855747163735364,2,0,0.6819378137588501,0.5388480722904205,1,LOW,HIGH,HIGH,LOW,HIGH,MID,HIGH,MID,LOW
2015-09-14,2015-09-15,0.012421952003654629,UP,0.7587252034931887,0.02013385616706142,118.01000213623047,-1.0,34.79295853915634,0.0013065839537060864,-0.334311402138531,0.008411540558242154,-0.045538112215422595,2,1,0.7123828530311584,0.5388480722904205,1,LOW,HIGH,HIGH,LOW,HIGH,MID,MID,HIGH,LOW
2015-09-15,2015-09-16,0.008629322886787182,UP,0.6977330811254012,0.020349996768400425,109.33999633789062,-1.0,33.4895020036009,0.0012294808567032758,0.5298189061461926,0.005617307691402398,-0.029826545306402438,2,1,0.6754047274589539,0.5388480722904205,1,LOW,HIGH,HIGH,LOW,HIGH,MID,HIGH,HIGH,LOW
2015-09-17,2015-09-18,-0.021661856460941403,DOWN,0.6504625831130456,0.020473042150207798,118.08999633789062,0.0,29.623232543606147,0.0021596294459744064,-0.13837756965407597,-0.00820890761381837,0.02111699585053871,2,0,0.492911696434021,0.5388480722904205,0,LOW,HIGH,HIGH,MID,HIGH,MID,MID,LOW,HIGH
2015-09-21,2015-09-22,-0.013064729640802282,DOWN,0.6532642632257474,0.01942094158068691,103.4000015258789,0.0,27.59148266354757,-0.00212555938676385,0.4096689547491164,-0.008105047175806554,0.05912618003770713,2,0,0.5527358055114746,0.5388480722904205,1,LOW,HIGH,HIGH,MID,HIGH,MID,HIGH,LOW,HIGH
2015-09-25,2015-09-28,-0.025417592615977622,DOWN,1.1299896035242318,0.01316755650057169,110.54000091552734,0.0,26.54964230230603,-0.0011264730006605578,0.011175306134826412,-0.01672784436224321,0.022572333563421785,2,0,0.4494752585887909,0.5388480722904205,0,LOW,HIGH,HIGH,MID,HIGH,MID,MID,LOW,HIGH
2015-09-29,2015-09-30,0.01848642383981401,UP,1.1941745481960788,0.014153133081647413,110.98999786376953,-1.0,27.475142567355125,-0.006504915526404184,0.2184795911614752,-0.02697824735318351,-0.013178365105267436,2,1,0.6628783941268921,0.5388480722904205,1,MID,HIGH,HIGH,LOW,HIGH,LOW,MID,LOW,MID
2015-10-01,2015-10-02,0.014827306906029528,UP,1.1321885346144767,0.012546642067430757,98.2699966430664,-1.0,26.78409201735151,-0.007033603331510107,0.47964519269480427,-0.022373542763765554,-0.003792490124005157,2,1,0.5777981281280518,0.5388480722904205,1,LOW,MID,HIGH,LOW,HIGH,LOW,HIGH,LOW,MID
2015-10-02,2015-10-05,0.017638402790987828,UP,1.0126079888815447,0.013026719707215138,95.06999969482422,-1.0,25.56267039954477,-0.008907493410583073,1.3995373861240106,-0.023716895987668622,-0.00350723385527668,2,1,0.4870385527610779,0.5388480722904205,0,LOW,HIGH,HIGH,LOW,HIGH,LOW,HIGH,LOW,MID
2015-10-07,2015-10-08,0.008986147060895028,UP,0.9992155315898782,0.011600010106798838,89.43000030517578,-1.0,21.672795469643905,-0.00435775187869894,1.0691212750469237,0.01325101381199775,0.05857435554487332,2,1,0.49897998571395874,0.5388480722904205,0,LOW,MID,MID,LOW,MID,MID,HIGH,HIGH,HIGH
2015-10-14,2015-10-15,0.015237884828707922,UP,1.0031611428602558,0.011322042253440313,102.29000091552734,0.0,18.694127101523545,-0.0032179794101283264,-0.5388897311263753,-0.0043901729834667745,-0.02477632240614314,2,1,0.43858855962753296,0.5388480722904205,0,LOW,MID,HIGH,MID,LOW,MID,LOW,MID,LOW
2015-10-21,2015-10-22,0.01675256391876057,UP,1.0334663473339565,0.010179346113367651,106.0199966430664,0.0,17.545301052716084,-0.004060207904383821,-0.36611514481425744,0.006617078691074059,-0.03136142523842003,2,1,0.4796984791755676,0.5388480722904205,0,LOW,MID,HIGH,MID,LOW,MID,MID,HIGH,LOW
2015-10-22,2015-10-23,0.010902063353210822,UP,0.859612763749166,0.010589238149264336,97.06999969482422,1.0,17.76151611681658,-0.005337820391160028,0.8881992073656387,0.0020533840038494894,-0.021796851968205338,2,1,0.3853488862514496,0.5388480722904205,0,LOW,MID,HIGH,MID,LOW,LOW,HIGH,MID,LOW
2015-10-27,2015-10-28,0.011310388060510447,UP,1.146130263375593,0.008480699678792102,95.20999908447266,1.0,19.885275316749176,-0.014965730881680475,-0.4368792118057276,-0.006986347713359504,-0.052970094045773186,2,1,0.28915074467658997,0.5388480722904205,0,MID,LOW,HIGH,MID,MID,LOW,MID,LOW,LOW
2015-10-30,2015-11-02,0.011761498942322644,UP,1.2056496176073526,0.00787393563563846,90.2699966430664,1.0,22.3561237419443,-0.010967378764151457,-0.12108992176914381,0.003302360901229036,0.04365210429034028,2,1,0.5663079619407654,0.5388480722904205,1,MID,LOW,MID,MID,MID,LOW,MID,HIGH,HIGH
2015-11-06,2015-11-09,-0.009375326864791323,DOWN,1.256245858778291,0.00718573628394306,85.02999877929688,1.0,26.13796707481211,-0.020432497206886547,-0.14752273909368896,0.002338532279511361,-0.050626990497522145,2,0,0.43059414625167847,0.5388480722904205,0,MID,LOW,MID,MID,HIGH,LOW,MID,MID,LOW
2015-11-11,2015-11-12,-0.014058155525712998,DOWN,1.374520165559138,0.0073602766826925585,91.25,1.0,23.985859826067983,-0.018679178827465358,-0.21430669646045952,-0.012035959026976779,-0.07600293733116355,2,0,0.44374242424964905,0.5388480722904205,0,MID,LOW,MID,MID,MID,LOW,MID,LOW,LOW
2015-11-12,2015-11-13,-0.01129180396066122,DOWN,1.5395312177001328,0.007516582111222356,98.19000244140625,1.0,22.64792421184257,-0.017658016197090155,-1.0299896332847045,-0.014255816838724528,-0.07939765242051226,2,0,0.5693756341934204,0.5388480722904205,1,HIGH,LOW,HIGH,MID,MID,LOW,LOW,LOW,LOW
2015-11-13,2015-11-16,0.015092416612007657,UP,1.600187857418366,0.007904828750787326,106.05999755859375,1.0,22.389618896489367,-0.01406041791766495,-0.8856751522919366,-0.0217771231776201,-0.08354848660816583,2,1,0.5368776917457581,0.5388480722904205,0,HIGH,LOW,HIGH,MID,MID,LOW,LOW,LOW,LOW
2015-11-17,2015-11-18,0.015741486470022985,UP,1.378828163000733,0.008607370277948667,100.37000274658203,0.0,20.240333870956526,-0.01593769567317133,-0.4636705062414264,-0.010306210558339272,-0.0834603122326609,2,1,0.5972050428390503,0.5388480722904205,1,MID,MID,HIGH,MID,MID,LOW,MID,LOW,LOW
2015-11-30,2015-12-01,0.009490450885066217,UP,1.334050439946047,0.007616611848505754,90.83999633789062,0.0,14.365551308467174,-0.000603475076093075,-0.013094676740730282,0.00011323537756899142,0.030719190784730153,2,1,0.44866207242012024,0.5388480722904205,0,MID,LOW,MID,MID,LOW,MID,MID,MID,HIGH
2015-12-01,2015-12-02,-0.010257449923871885,DOWN,1.2404327202346737,0.0074500061650969295,87.31999969482422,1.0,13.942557113594678,-0.0021302997435339566,1.0348425688381342,-0.0010583371244418105,0.002392309177952436,2,0,0.4846023917198181,0.5388480722904205,0,MID,LOW,MID,MID,LOW,MID,HIGH,MID,MID
2015-12-02,2015-12-03,-0.014101736427653467,DOWN,1.2913095561935273,0.007761390596419184,92.94000244140625,1.0,13.00887527877651,-0.0038737307998172304,-1.0889206837404737,-0.0016776899821885631,-0.07079396209085376,2,0,0.4924231767654419,0.5388480722904205,0,MID,LOW,HIGH,MID,LOW,MID,LOW,MID,LOW
2015-12-03,2015-12-04,0.01931517094939084,UP,1.37128492981111,0.008319370988093601,101.80000305175781,1.0,13.668996812885554,-0.0037712963226722712,-1.290045183696714,0.008880347062649382,-0.046608507491819384,2,1,0.5980793833732605,0.5388480722904205,1,MID,LOW,HIGH,MID,LOW,MID,LOW,HIGH,LOW
2015-12-10,2015-12-11,-0.01957139224450698,DOWN,1.269398977771489,0.009597498624249374,113.80000305175781,1.0,17.04765153711341,-0.006908468609842429,0.6600767478939924,-0.02407827739585035,-0.11111117780591158,2,0,0.5893326997756958,0.5388480722904205,1,MID,MID,HIGH,MID,LOW,LOW,HIGH,LOW,LOW
2015-12-14,2015-12-15,0.010443087190806444,UP,1.4560585398768247,0.009833776210682776,122.22000122070312,0.0,21.53801925738973,-0.009798423887235473,1.4622304650147975,-0.03082714318886246,-0.03623977152636097,2,1,0.537051260471344,0.5388480722904205,0,HIGH,MID,HIGH,MID,MID,LOW,HIGH,LOW,LOW
2015-12-15,2015-12-16,0.014525990261195328,UP,1.3877164621475975,0.009510055084371073,114.37000274658203,0.0,21.936438219483172,-0.010239364357301876,1.2373773750932306,-0.0034779650514106825,-0.004274648621305716,2,1,0.5554994940757751,0.5388480722904205,1,MID,MID,HIGH,MID,MID,LOW,HIGH,MID,MID
2015-12-16,2015-12-17,-0.015355472214624757,DOWN,1.1187329916211135,0.010056682826605764,108.93000030517578,0.0,21.251981494093044,-0.00902694809247789,1.2800232824189193,-0.001146597885941434,-0.04513697882793738,2,0,0.48192065954208374,0.5388480722904205,0,LOW,MID,HIGH,MID,MID,LOW,HIGH,MID,LOW
2015-12-17,2015-12-18,-0.023909439079209505,DOWN,1.1931861869877833,0.009999343772047404,113.5199966430664,0.0,20.576992624482326,-0.01072575067093091,-0.9201920595868963,-0.011657315892557772,-0.050491761318069886,2,0,0.5595082640647888,0.5388480722904205,1,MID,MID,HIGH,MID,MID,LOW,LOW,LOW,LOW
2015-12-22,2015-12-23,0.012307267310985573,UP,0.8962890635191363,0.01166701430656104,100.91000366210938,-1.0,21.94221270508368,-0.00602781257208547,0.7925764558951429,0.0011468524596151934,-0.03293260244975742,2,1,0.6096531748771667,0.5388480722904205,1,LOW,MID,HIGH,LOW,MID,LOW,HIGH,MID,LOW
2015-12-28,2015-12-29,0.010615388596981797,UP,0.8842996194664666,0.012046028744513474,99.23999786376953,-1.0,19.310293950025383,-0.005029214963116618,-0.2585940234746621,0.006541630814338028,0.0581657311231406,2,1,0.5345982909202576,0.5388480722904205,0,LOW,MID,HIGH,LOW,MID,LOW,MID,HIGH,HIGH
2015-12-30,2015-12-31,-0.010053757792281173,DOWN,0.8957788636725662,0.01215889015579461,100.81999969482422,-1.0,16.894120656917924,-0.008300964161593118,-0.5962312216672854,0.008690495408456693,0.012647930441089417,2,0,0.5902372598648071,0.5388480722904205,1,LOW,MID,HIGH,LOW,LOW,LOW,LOW,HIGH,MID
2015-12-31,2016-01-04,-0.014078085007925907,DOWN,0.9440608520921882,0.012150934077692119,100.19999694824219,-1.0,16.515324925745755,-0.0029066311616624436,-0.5882069248562509,0.002181180795319635,-0.012342498481125945,2,0,0.5687580704689026,0.5388480722904205,1,LOW,MID,HIGH,LOW,LOW,MID,LOW,MID,MID
2016-01-05,2016-01-06,-0.012694424235767466,DOWN,1.0887459296871203,0.01118998896858016,101.83999633789062,-1.0,18.086158036808204,0.0045162123386101455,0.20521561209819836,0.0064974455872007335,-0.02308429305424911,2,0,0.6464758515357971,0.5388480722904205,1,LOW,MID,HIGH,LOW,LOW,MID,MID,HIGH,LOW
2016-01-06,2016-01-07,-0.02428405608086669,DOWN,1.1365453520774733,0.011412198294166422,103.05999755859375,-1.0,19.152717260827682,0.0007018195346421285,-1.1474072695727566,-0.008344855806109525,-0.1086813956016853,2,0,0.45754513144493103,0.5388480722904205,0,LOW,MID,HIGH,LOW,MID,MID,LOW,LOW,LOW
2016-01-07,2016-01-08,-0.011037264550851656,DOWN,1.269570929615297,0.01239963816863898,116.55000305175781,-1.0,20.855445417268044,0.0023898479526603886,-1.3740562593175303,-0.016376987077928448,-0.09539209492720155,2,0,0.5011175870895386,0.5388480722904205,0,MID,MID,HIGH,LOW,MID,MID,LOW,LOW,LOW
2016-01-11,2016-01-12,0.008035935275933019,UP,1.2296841050647285,0.012448368335590756,109.62999725341797,-1.0,24.736013138910845,-0.0027194211623665088,0.3918828867371223,-0.011581758425203287,-0.15728394313472854,2,1,0.646541953086853,0.5388480722904205,1,MID,MID,HIGH,LOW,MID,MID,HIGH,LOW,LOW
2016-01-12,2016-01-13,-0.025256914003050034,DOWN,1.1704695114122765,0.01209324031394081,104.5199966430664,-1.0,26.119283341966465,-0.00595867282539559,0.9213217320090897,-0.014191906258711076,-0.16692774110614805,2,0,0.47741931676864624,0.5388480722904205,0,MID,MID,HIGH,LOW,HIGH,LOW,HIGH,LOW,LOW
2016-01-13,2016-01-14,0.016283534966571953,UP,1.2204973460633854,0.013016911753926438,117.13999938964844,-1.0,27.812361948304737,-0.002536517566233326,-1.553121270842447,-0.024437754397536364,-0.10840710230727987,2,1,0.6364750266075134,0.5388480722904205,1,MID,HIGH,HIGH,LOW,HIGH,MID,LOW,LOW,LOW
2016-01-14,2016-01-15,-0.02169988356339567,DOWN,1.1252285842977032,0.013408015555323578,110.06999969482422,-1.0,29.484673268847665,-0.005191290662094616,1.5815198031434754,-0.007733865709977044,-0.06423798452081365,2,0,0.5286595225334167,0.5388480722904205,0,LOW,HIGH,HIGH,LOW,HIGH,LOW,HIGH,LOW,LOW
2016-01-19,2016-01-20,-0.012897900120246417,DOWN,1.2463986484813772,0.013165897665142126,113.76000213623047,-1.0,32.44534201600973,-0.005181314704593862,-0.08448812082853155,-0.01679912900843019,-0.09862674819982527,2,0,0.5237037539482117,0.5388480722904205,0,MID,HIGH,HIGH,LOW,HIGH,LOW,MID,LOW,LOW
2016-01-21,2016-01-22,0.02030769803135791,UP,1.35620787434385,0.012397155550793564,108.37999725341797,-1.0,35.2189144428865,-0.0031469104656894203,0.5936215328171112,6.0656248372382635e-05,-0.03166399679164886,2,1,0.6261425614356995,0.5388480722904205,1,MID,MID,HIGH,LOW,HIGH,MID,HIGH,MID,LOW
2016-01-22,2016-01-25,-0.015231968150443788,DOWN,1.0627608164817137,0.013241810470976943,98.91999816894531,-1.0,35.48173472083582,-0.0058709629191068535,0.9613288584190429,0.005237785126230318,0.03123768338005359,2,0,0.38614171743392944,0.5388480722904205,0,LOW,HIGH,HIGH,LOW,HIGH,LOW,HIGH,HIGH,HIGH
2016-01-25,2016-01-26,0.013550903858818436,UP,1.1735886178555184,0.012962864130462241,102.87999725341797,-1.0,35.95865690387629,-0.014710341571694804,-0.9608659916979236,0.008123358033660343,0.03079226118309128,2,1,0.580568790435791,0.5388480722904205,1,MID,HIGH,HIGH,LOW,HIGH,LOW,LOW,HIGH,HIGH
2016-01-26,2016-01-27,-0.010942894888797574,DOWN,1.0436898237147758,0.013580344864720519,98.4000015258789,-1.0,36.252886944726626,-0.009882357695943964,0.806985251999673,0.01322793592792365,0.09989944691246531,2,0,0.5910163521766663,0.5388480722904205,1,LOW,HIGH,HIGH,LOW,HIGH,LOW,HIGH,HIGH,HIGH
2016-01-28,2016-01-29,0.024084964269730853,UP,1.0537847880924824,0.013402425886602665,96.55999755859375,-1.0,35.98913848461453,-0.008540744272323458,0.6892730324266153,0.01695194678619184,0.11774542192287497,2,1,0.4194583296775818,0.5388480722904205,0,LOW,HIGH,HIGH,LOW,HIGH,LOW,HIGH,HIGH,HIGH
2016-02-01,2016-02-02,-0.01818653213249616,DOWN,0.8531345151254746,0.014752909933543298,89.6500015258789,-1.0,32.83893827223239,-0.006173556295523484,0.43909033004871545,0.004592367169754156,0.041322879372895444,2,0,0.6035479307174683,0.5388480722904205,1,LOW,HIGH,MID,LOW,HIGH,LOW,HIGH,HIGH,HIGH
2016-02-04,2016-02-05,-0.019233943619154967,DOWN,0.9246983670361416,0.014878264528306973,95.22000122070312,0.0,30.925464139800564,0.001089023846339937,-0.13179593351110394,-0.011973284236655387,-0.0462047658116155,2,0,0.3418629765510559,0.5388480722904205,0,LOW,HIGH,HIGH,MID,HIGH,MID,MID,LOW,LOW
2016-02-05,2016-02-08,-0.013552441469451462,DOWN,1.0146112032743397,0.01451592004444213,100.55000305175781,0.0,30.913075410324726,0.0018583312570732702,-0.7540883706820528,-0.017621445296001972,-0.08468860903861813,2,0,0.5209360122680664,0.5388480722904205,0,LOW,HIGH,HIGH,MID,HIGH,MID,LOW,LOW,LOW
2016-02-10,2016-02-11,-0.013093407548559899,DOWN,1.1480915426893168,0.01442493327981708,106.19000244140625,0.0,31.92430347894675,0.0012175587604150023,-0.5593842764297876,-0.031118657763068828,-0.1620816098363392,2,0,0.6224306225776672,0.5388480722904205,1,MID,HIGH,HIGH,MID,HIGH,MID,LOW,LOW,LOW
2016-02-11,2016-02-12,0.02040723728401265,UP,1.299865308582224,0.013637207857314015,107.20999908447266,0.0,32.49106197397232,0.00018477650063462858,-1.282452373895054,-0.03753709207125868,-0.1908063927147081,2,1,0.4503082036972046,0.5388480722904205,0,MID,HIGH,HIGH,MID,HIGH,MID,LOW,LOW,LOW
2016-02-12,2016-02-16,0.016737426755310383,UP,1.1470281365981425,0.013949523357995588,103.25,-1.0,32.14257851322849,0.004000856092085003,0.623115837303094,-0.009529459195400965,-0.04807817517039855,2,1,0.5421786904335022,0.5388480722904205,1,MID,HIGH,HIGH,LOW,HIGH,MID,HIGH,LOW,LOW
2016-02-16,2016-02-17,0.016202759074790542,UP,1.1126510005075536,0.013650167738711059,94.19999694824219,-1.0,30.865253646524252,0.004615954410178017,0.8311337795725025,0.01303692693158838,-0.02213608528044417,2,1,0.5383663773536682,0.5388480722904205,0,LOW,HIGH,HIGH,LOW,HIGH,MID,HIGH,HIGH,LOW
2016-02-19,2016-02-22,0.014375338238185034,UP,0.9412923798180505,0.013739285576544162,86.25,-1.0,25.33504005112285,0.004753218208406067,-0.19049375873684982,0.03000594024922948,0.12298379743087304,2,1,0.5096482634544373,0.5388480722904205,0,LOW,HIGH,MID,LOW,HIGH,MID,MID,HIGH,HIGH
2016-02-22,2016-02-23,-0.012710020835624369,DOWN,0.9131970903577632,0.013368693438070267,86.19000244140625,-1.0,23.81859099087684,0.008560001077532652,0.5806031026398267,0.016116833082138137,0.06699809700657021,2,0,0.6262638568878174,0.5388480722904205,1,LOW,HIGH,MID,LOW,MID,HIGH,HIGH,HIGH,HIGH
2016-02-24,2016-02-25,0.01203902175994836,UP,1.0097575660907585,0.012926244021692365,86.73999786376953,0.0,21.454990300949927,0.009978427192217896,0.6738839540674435,-0.0013624269643781588,0.04745362967797442,2,1,0.5871380567550659,0.5388480722904205,1,LOW,HIGH,MID,MID,MID,HIGH,HIGH,MID,HIGH
2016-02-29,2016-03-01,0.023234905755165118,UP,1.0915573282867745,0.011859462058925739,85.05999755859375,0.0,17.800252976904236,0.010724660217443976,-0.6253581793390701,0.01344248711499972,0.06962800831074915,2,1,0.6364122033119202,0.5388480722904205,1,LOW,MID,MID,MID,LOW,HIGH,LOW,HIGH,HIGH
2016-03-07,2016-03-08,-0.010977841492832026,DOWN,0.9916609273707474,0.011021381014911506,82.30000305175781,0.0,15.111826257467525,0.01698726335799841,0.1391204953050852,0.011748422544538086,0.11597073503049828,2,0,0.39127233624458313,0.5388480722904205,0,LOW,MID,MID,MID,LOW,HIGH,MID,HIGH,HIGH
2016-03-10,2016-03-11,0.016008302673559786,UP,1.0553598733544365,0.01077398434047613,94.7699966430664,1.0,14.205880329242634,0.02180706428628429,0.29458454571568127,-0.0028480146725307224,0.09038050311035727,2,1,0.44510361552238464,0.5388480722904205,0,LOW,MID,HIGH,MID,LOW,HIGH,MID,MID,HIGH
2016-03-28,2016-03-29,0.00920757617414379,UP,1.2662424170432824,0.007581721589037727,83.29000091552734,1.0,19.540461231565793,0.00989137365027954,0.08266059637167117,-0.019504814914669603,-0.0012685334269569417,2,1,0.6137874126434326,0.5388480722904205,1,MID,LOW,MID,MID,MID,HIGH,MID,LOW,MID
2016-04-04,2016-04-05,-0.010038080323305401,DOWN,1.5165320031241845,0.005865200233868355,84.43000030517578,1.0,21.61901475734679,-0.0038069339830846018,-0.44562183990164783,-0.005425535522950466,-0.09836125133127908,2,0,0.49010708928108215,0.5388480722904205,0,HIGH,LOW,MID,MID,MID,MID,MID,MID,LOW
2016-04-05,2016-04-06,0.010861974375772835,UP,1.5171366658896293,0.006402644681124906,89.11000061035156,1.0,20.389116202188983,-0.009099585525572369,-1.0872372794452092,-0.011657508757780759,-0.06446884654261431,2,1,0.6207858920097351,0.5388480722904205,1,HIGH,LOW,MID,MID,MID,LOW,LOW,LOW,LOW
2016-04-06,2016-04-07,-0.012038068466954956,DOWN,1.4482490485591675,0.006128687474564613,85.58999633789062,1.0,19.35669646056534,-0.0038608876388981084,0.8277643094803775,-0.007188625356094496,-0.014986469443748639,2,0,0.43595626950263977,0.5388480722904205,0,HIGH,LOW,MID,MID,MID,MID,HIGH,LOW,MID
2016-04-11,2016-04-12,0.009269685759992688,UP,1.7290740602276105,0.0059238858521674445,92.80999755859375,1.0,15.864529575316553,-0.005162780900863491,-0.25707188207125603,0.0029629384381009956,0.12268850045164684,2,1,0.6960051655769348,0.5388480722904205,1,HIGH,LOW,MID,MID,LOW,LOW,MID,HIGH,HIGH
2016-04-12,2016-04-13,0.010050344745569607,UP,1.5000336240112955,0.006236274172485665,89.77999877929688,1.0,14.828707069528484,-0.00351964797167679,0.9908491660534917,0.019670823739341866,0.1612503361843359,2,1,0.4152544438838959,0.5388480722904205,0,HIGH,LOW,MID,MID,LOW,MID,HIGH,HIGH,HIGH
2016-04-27,2016-04-28,-0.009117189551687043,DOWN,1.4164064129525584,0.006124149724685208,83.0999984741211,1.0,18.411907405641717,0.01444024296228177,0.3937650259421886,0.00028635717165439306,0.06141084951403789,2,0,0.517531156539917,0.5388480722904205,0,MID,LOW,MID,MID,LOW,HIGH,HIGH,MID,HIGH
2016-04-29,2016-05-02,0.007917006727903951,UP,1.5381830029495491,0.00642970975362383,91.68000030517578,1.0,17.028768692015067,0.01131778956089025,-0.6288203846263909,-0.0002024226899524518,0.048866357179551734,2,1,0.43996694684028625,0.5388480722904205,0,HIGH,LOW,MID,MID,LOW,HIGH,LOW,MID,HIGH
2016-05-02,2016-05-03,-0.008741260291898584,DOWN,1.3952849308447104,0.006627700737514076,89.48999786376953,1.0,15.91581230093515,0.012541131450875561,0.8172571966682644,0.0011133223938704518,0.04896881836707322,2,0,0.5974040627479553,0.5388480722904205,1,MID,LOW,MID,MID,LOW,HIGH,HIGH,MID,HIGH
2016-05-09,2016-05-10,0.012357147062368385,UP,1.6623280338941286,0.005521315231926486,86.41999816894531,0.0,15.575439079035013,0.006614233619939397,0.04558887253504437,-0.012418721221268591,-0.030380939898434902,2,1,0.4762241244316101,0.5388480722904205,0,HIGH,LOW,MID,MID,LOW,HIGH,MID,LOW,LOW
2016-05-10,2016-05-11,-0.009398777285479427,DOWN,1.476287607184072,0.005816002908580526,85.91999816894531,0.0,14.864935510194547,0.004991102702830244,0.9347948150200422,0.0026122271255030367,0.02287492575261021,2,0,0.45281538367271423,0.5388480722904205,0,HIGH,LOW,MID,MID,LOW,MID,HIGH,MID,HIGH
2016-05-12,2016-05-13,-0.008752380516923645,DOWN,1.5700580909160426,0.005781599239227774,91.25,0.0,13.484805118325616,0.0033273298166402654,0.34313170449704405,0.009379686584558108,0.05230814545859152,2,0,0.580360472202301,0.5388480722904205,1,HIGH,LOW,MID,MID,LOW,MID,MID,HIGH,HIGH
2016-05-13,2016-05-16,0.00981688549310407,UP,1.5584323002965585,0.006079384668125397,94.0,0.0,13.441387294924796,0.0015492825418401725,-0.9611881018973129,0.0015237443796681232,0.03411796207449891,2,1,0.5638455152511597,0.5388480722904205,1,HIGH,LOW,HIGH,MID,LOW,MID,LOW,MID,HIGH
2016-05-16,2016-05-17,-0.009377386467228545,DOWN,1.4686646807408261,0.0062965570606199305,90.61000061035156,0.0,13.076636821713594,0.0017457555937767984,0.7423766366701398,0.011220938797900728,0.09396997879808364,2,0,0.35161077976226807,0.5388480722904205,0,HIGH,LOW,MID,MID,LOW,MID,HIGH,HIGH,HIGH
2016-05-23,2016-05-24,0.012878983047929088,UP,1.4939311899211736,0.006670764454659913,84.12000274658203,0.0,13.394118743291871,-0.0006121671091293031,-0.37794961030277197,0.0049076230095681725,0.007515705500201644,2,1,0.5892301201820374,0.5388480722904205,1,HIGH,LOW,MID,MID,LOW,MID,MID,HIGH,MID
2016-05-24,2016-05-25,0.006760201618305196,UP,1.2389348813783159,0.007331899644268165,79.4800033569336,0.0,13.277245328983478,-0.0062130099792221515,0.8215892260866248,0.014295216674376526,0.006396339926382338,2,1,0.45761069655418396,0.5388480722904205,0,MID,LOW,LOW,MID,LOW,LOW,HIGH,HIGH,MID
2016-06-09,2016-06-10,-0.009522727241363724,DOWN,1.6752409378070166,0.0055050787916935085,89.9800033569336,1.0,21.626072177587922,0.007702705137198288,-0.3346698206345887,-0.001323393890233818,0.027877132815630062,2,0,0.5470453500747681,0.5388480722904205,1,HIGH,LOW,MID,MID,MID,HIGH,MID,MID,HIGH
2016-06-10,2016-06-13,-0.007741653686631843,DOWN,1.7830877169572095,0.00601646904754155,103.77999877929688,1.0,20.650677767168467,0.0043381328199355584,-0.8074420445102787,-0.0011489859245703178,0.009212896963281389,2,0,0.4873396158218384,0.5388480722904205,0,HIGH,LOW,HIGH,MID,MID,MID,LOW,MID,MID
2016-06-16,2016-06-17,-0.00891804144940485,DOWN,2.374859262195002,0.005137969139149765,115.47000122070312,1.0,18.492957566738404,0.002373620626997079,0.9254309136931997,-0.016511323021354714,-0.08996457193035781,2,0,0.5595383048057556,0.5388480722904205,1,HIGH,LOW,HIGH,MID,LOW,MID,HIGH,LOW,LOW
2016-06-17,2016-06-20,0.006419414364319795,UP,2.2193627309864765,0.0055093069893502105,115.72000122070312,1.0,18.754822318699155,0.010137921442650194,-1.0451965251136777,-0.006895893485380286,-0.02246359601178945,2,1,0.5701310038566589,0.5388480722904205,1,HIGH,LOW,HIGH,MID,LOW,HIGH,LOW,LOW,LOW
2016-06-22,2016-06-23,0.01293847956182914,UP,2.8113126204797125,0.0047436369901570465,122.94000244140625,0.0,15.366650266854442,0.0086526989424451,-0.2826123811207919,0.013673602675805885,0.023060580339074092,2,1,0.5941747426986694,0.5388480722904205,1,HIGH,LOW,HIGH,MID,LOW,HIGH,MID,HIGH,HIGH
2016-06-23,2016-06-24,-0.0365696685376438,DOWN,2.025863660308747,0.005363874584412656,104.70999908447266,0.0,15.341422006528848,0.009171424240765703,0.8963379230838898,0.022905480576257936,0.0810243960820139,2,0,0.5713080167770386,0.5388480722904205,1,HIGH,LOW,HIGH,MID,LOW,HIGH,HIGH,HIGH,HIGH
2016-06-24,2016-06-27,-0.018072179297399276,DOWN,1.6477026532555348,0.009848424301546725,125.12999725341797,0.0,16.119721658717058,0.004542439321982197,-2.0403768332056944,-0.0019468662462981492,-0.0071115161954763435,2,0,0.3981856107711792,0.5388480722904205,0,HIGH,MID,HIGH,MID,LOW,MID,LOW,MID,MID
2016-06-27,2016-06-28,0.01787530622973483,UP,1.4429174437859895,0.010412299128492942,115.5999984741211,0.0,17.862210901027943,-0.004494108198479979,-1.5979210563156654,-0.027786349847800332,-0.06355319168530135,2,1,0.4170691668987274,0.5388480722904205,0,MID,MID,HIGH,MID,LOW,LOW,LOW,LOW,LOW
2016-06-28,2016-06-29,0.01688424782083095,UP,1.0382490214725888,0.011376259006520227,108.0,0.0,18.706936722058064,-0.0052659944371411666,1.3337263221920248,-0.025534290429556922,-0.020683261242618645,2,1,0.3513788878917694,0.5388480722904205,0,LOW,MID,HIGH,MID,LOW,LOW,HIGH,LOW,LOW
2016-06-29,2016-06-30,0.013553300509066859,UP,0.8671150831502341,0.01208860800293691,98.5999984741211,0.0,18.02312226576436,-0.003198606875033941,1.1063118793675273,-0.011776597838428061,0.015150274304385375,2,1,0.4499155879020691,0.5388480722904205,0,LOW,MID,HIGH,MID,LOW,MID,HIGH,LOW,MID
2016-07-01,2016-07-05,-0.007219186088535558,DOWN,0.7452723056509778,0.012484330441002315,91.69999694824219,0.0,16.178971775773697,-0.0011361027048052928,0.555977014201158,-0.0008479711758698702,0.027943498236545787,2,0,0.5340482592582703,0.5388480722904205,0,LOW,MID,MID,MID,LOW,MID,HIGH,MID,HIGH
2016-07-05,2016-07-06,0.005979877546764581,UP,0.7839375946301587,0.01251946264809826,91.8499984741211,0.0,15.07049339256459,-0.007730392098951934,-0.4237875719509366,0.00876529296598067,0.005810769436851608,2,1,0.4397352635860443,0.5388480722904205,0,LOW,MID,MID,MID,LOW,LOW,MID,HIGH,MID
2016-07-07,2016-07-08,0.014780671622370336,UP,0.7397193432733933,0.012569532302702767,89.5,0.0,13.62080038650531,-0.008882201124717005,-0.1214326917177481,-0.0073480566607971,-0.09985138435744523,2,1,0.35280659794807434,0.5388480722904205,0,LOW,MID,MID,MID,LOW,LOW,MID,LOW,LOW
2016-07-11,2016-07-12,0.007237118478405407,UP,0.6638138517550823,0.012849081452066768,84.77999877929688,1.0,14.248987311113769,0.00039295317912312056,0.3456365272292407,0.0054202684164999255,-0.09030138396743385,2,1,0.5392723679542542,0.5388480722904205,1,LOW,HIGH,MID,MID,LOW,MID,MID,HIGH,LOW
2016-08-01,2016-08-02,-0.006427913514755386,DOWN,1.660003874909927,0.00472074990978531,90.68000030517578,1.0,22.900172240789765,0.0008956029531181631,0.010567877286542713,-0.011772999573316772,-0.07384047090624389,2,0,0.4864678680896759,0.5388480722904205,0,HIGH,LOW,MID,MID,MID,MID,MID,LOW,LOW
2016-08-04,2016-08-05,0.008145603052374027,UP,1.7312458521398488,0.004519210619151083,88.13999938964844,1.0,19.372698423623067,0.0037387432455610256,-0.12006898553950666,0.004940223249466725,0.019020699072044796,2,1,0.49731770157814026,0.5388480722904205,0,HIGH,LOW,MID,MID,MID,MID,MID,HIGH,HIGH
2016-09-08,2016-09-09,-0.024225904232664935,DOWN,2.6265979416767573,0.0030002914726239486,85.56999969482422,0.0,15.125957087664835,0.008042331038738257,-0.4661051991429187,0.008171740005750737,0.06327929994122537,2,0,0.33493131399154663,0.5388480722904205,0,HIGH,LOW,MID,MID,LOW,HIGH,MID,HIGH,HIGH
2016-09-09,2016-09-12,0.014245376567656747,UP,1.8079997485281625,0.006097325956531096,110.0199966430664,0.0,17.488532456802336,0.0021258483634642895,-2.0007138365191204,0.005788093668948894,0.0611151786872648,2,1,0.4026084542274475,0.5388480722904205,0,HIGH,LOW,HIGH,MID,LOW,MID,LOW,HIGH,HIGH
2016-09-12,2016-09-13,-0.014479851973302187,DOWN,1.3615634131160825,0.0070139239665592745,99.52999877929688,0.0,19.9709569137071,0.001981670012116585,1.8866829487304686,0.0028020504944887836,0.04078604095196862,2,0,0.6500372886657715,0.5388480722904205,1,MID,LOW,HIGH,MID,MID,MID,HIGH,MID,HIGH
2016-09-14,2016-09-15,0.009943386171964634,UP,1.5091497126094806,0.00757189655915686,113.1500015258789,0.0,24.416523160511034,-0.0029107000351002894,-0.4013932827287794,0.0012181515269684487,-0.04311395442449129,2,1,0.5981886982917786,0.5388480722904205,1,HIGH,LOW,HIGH,MID,MID,MID,MID,MID,LOW
2016-09-15,2016-09-16,-0.008911775715804298,DOWN,1.2923439221446371,0.00794528004003577,109.2699966430664,0.0,25.35518389888772,-0.001716357884879666,1.2362161482489378,0.0011811830900071117,-0.08111073753013369,2,0,0.45508068799972534,0.5388480722904205,0,MID,LOW,HIGH,MID,HIGH,MID,HIGH,MID,LOW
2016-09-20,2016-09-21,0.011182714263452255,UP,1.2345042254325072,0.008123631488631506,101.9800033569336,-1.0,25.85787915891176,-0.00496364001009068,0.04707202134998792,0.001802037100516846,-0.03305718471998179,2,1,0.615693986415863,0.5388480722904205,1,MID,LOW,HIGH,LOW,HIGH,LOW,MID,MID,LOW
2016-09-21,2016-09-22,0.006281708192279977,UP,0.9787006054965057,0.00856054707449494,92.58999633789062,-1.0,24.457614392301867,-0.0050600466243007,1.2016930945202962,0.005854810431444131,0.039591276912383865,2,1,0.4196859896183014,0.5388480722904205,0,LOW,MID,MID,LOW,MID,LOW,HIGH,HIGH,HIGH
2016-09-22,2016-09-23,-0.005494333315913308,DOWN,0.8772356827041831,0.008631532795125572,89.22000122070312,-1.0,23.271763595512493,-0.0016861598107390965,0.8140981103160256,-5.550045978847812e-05,0.053431745577704755,2,0,0.5484817624092102,0.5388480722904205,1,LOW,MID,MID,LOW,MID,MID,HIGH,MID,HIGH
2016-09-23,2016-09-26,-0.008135228165556755,DOWN,0.8884829647839289,0.00871369803545768,90.4000015258789,-1.0,21.613297539905854,-0.0017910689487216202,-0.8922307603653792,0.0004426892544933045,0.033142121169022196,2,0,0.525784969329834,0.5388480722904205,0,LOW,MID,MID,LOW,MID,MID,LOW,MID,HIGH
2016-09-26,2016-09-27,0.00618880917830181,UP,1.0285663660582671,0.008880458988816366,96.23999786376953,-1.0,21.15161865278371,-0.00015768829056958013,-0.7996406401623026,-0.006402374680977682,0.05896588759347402,2,1,0.5872265100479126,0.5388480722904205,1,LOW,MID,HIGH,LOW,MID,MID,LOW,LOW,HIGH
2016-09-28,2016-09-29,-0.009088473714841045,DOWN,0.8662662878351852,0.009009893024255046,87.55000305175781,-1.0,18.989674662657237,-0.0006549650038576672,0.5323394846019194,-0.0006044180315899665,0.037021201371087324,2,0,0.6955122351646423,0.5388480722904205,1,LOW,MID,MID,LOW,MID,MID,HIGH,MID,HIGH
2016-09-29,2016-09-30,0.00751783387621049,UP,0.9591220164516939,0.009208182055591214,93.77999877929688,-1.0,18.06385541243385,0.0017019067226874546,-1.0552447382455297,-0.0032605002868087937,0.0320792692984453,2,1,0.4896549582481384,0.5388480722904205,0,LOW,MID,HIGH,LOW,LOW,MID,LOW,MID,HIGH
2016-10-17,2016-10-18,0.006242841251259704,UP,1.6376399245436724,0.006235399766068839,99.33999633789062,-1.0,24.90913998850067,-0.0043323803045562355,-0.3706615404144531,-0.006842841709874046,,2,1,0.5851455330848694,0.5388480722904205,1,HIGH,LOW,HIGH,LOW,MID,MID,MID,LOW,UNKNOWN
2016-10-31,2016-11-01,-0.007271769477388027,DOWN,2.4727164252273446,0.0043461471777202585,102.81999969482422,-1.0,27.18404518960878,-0.005429514069584768,0.2059703415264427,-0.006437859697381183,-0.07520486043867815,2,0,0.6592062711715698,0.5388480722904205,1,HIGH,LOW,HIGH,LOW,HIGH,LOW,MID,LOW,LOW
2016-11-01,2016-11-02,-0.006036805088636923,DOWN,2.6069581873012817,0.004484805606886486,108.26000213623047,-1.0,28.777547641348992,-0.0053727795191158695,-1.3365797370677246,-0.011115622056003062,-0.06812114620452994,2,0,0.5936678051948547,0.5388480722904205,1,HIGH,LOW,HIGH,LOW,HIGH,LOW,LOW,LOW,LOW
2016-11-02,2016-11-03,-0.004587634463296051,DOWN,2.7372274777588497,0.00444627124984848,112.38999938964844,-1.0,30.366752171316357,-0.008022755295642864,-1.4181004293788542,-0.017245670336928004,-0.08129739454853131,2,0,0.6057264804840088,0.5388480722904205,1,HIGH,LOW,HIGH,LOW,HIGH,LOW,LOW,LOW,LOW
2016-11-04,2016-11-07,0.021817279300208343,UP,3.1833761042888558,0.004454380137743485,120.2300033569336,-1.0,33.66566397034601,-0.003252129160586984,-0.396792657433628,-0.014685265911525618,-0.09989977382555279,2,1,0.5930771827697754,0.5388480722904205,1,HIGH,LOW,HIGH,LOW,HIGH,MID,MID,LOW,LOW
2016-11-07,2016-11-08,0.004493789925349073,UP,1.7486974960285686,0.006739983101733585,107.83999633789062,-1.0,32.512593333074534,-0.002951461396632365,1.2695318711735013,0.003810874948806375,-0.042949406907414424,2,1,0.5234494209289551,0.5388480722904205,0,HIGH,LOW,HIGH,LOW,HIGH,MID,HIGH,HIGH,LOW
2016-11-08,2016-11-09,0.010546239323610773,UP,1.9030885587917556,0.006203121854175692,108.66999816894531,-1.0,30.52025079453961,-0.001352168927486136,1.1288459838399396,0.008355274587499198,-0.03688358437351941,2,1,0.6212926506996155,0.5388480722904205,1,HIGH,LOW,HIGH,LOW,HIGH,MID,HIGH,HIGH,LOW
2016-11-16,2016-11-17,0.0051275595309297475,UP,1.3043488131731822,0.00662613228690778,92.44999694824219,0.0,27.031353956123617,0.010334384541491305,-0.30046372838479657,-0.00027855402191547755,0.006605027019211879,2,1,0.42415866255760193,0.5388480722904205,0,MID,LOW,MID,MID,HIGH,HIGH,MID,MID,MID
2016-11-18,2016-11-21,0.007523089941767798,UP,1.2075668248354507,0.006703346932114766,86.4000015258789,0.0,27.77181772937185,0.011548614358787773,-0.43054462959358647,0.02650038156492743,,2,1,0.5608046650886536,0.5388480722904205,1,MID,LOW,MID,MID,HIGH,HIGH,MID,HIGH,UNKNOWN
2016-11-25,2016-11-28,-0.004705929702431552,DOWN,1.1720313950017454,0.006632475424715792,82.6500015258789,1.0,31.281818984364314,0.019894620893461952,0.26042846486863896,0.018559012411035435,0.01399242784423184,2,0,0.6313347816467285,0.5388480722904205,1,MID,LOW,MID,MID,HIGH,HIGH,MID,HIGH,MID
2016-12-02,2016-12-05,0.005990792838490881,UP,1.4586449737138054,0.006097963534434401,98.06999969482422,1.0,30.750561383695075,0.016034262684641414,0.28839408733415783,-0.0024600855580236523,0.11512594117164883,2,1,0.5770273804664612,0.5388480722904205,1,HIGH,LOW,HIGH,MID,HIGH,HIGH,MID,MID,HIGH
2016-12-06,2016-12-07,0.01299596662238256,UP,1.7892896626738786,0.004150810249192531,88.12000274658203,1.0,30.882245018335567,0.018630770279670014,0.4508323640550997,0.010365917262470721,0.11869157351962227,2,1,0.5652574300765991,0.5388480722904205,1,HIGH,LOW,MID,MID,HIGH,HIGH,HIGH,HIGH,HIGH
2016-12-08,2016-12-09,0.006022250168650405,UP,1.8062460748912441,0.0044082873821498295,91.2699966430664,1.0,33.69773784915242,0.02099314342233831,0.40144541158079977,0.01173635564934379,-0.004317989386381611,2,1,0.516002893447876,0.5388480722904205,0,HIGH,LOW,MID,MID,HIGH,HIGH,HIGH,HIGH,MID
2016-12-12,2016-12-13,0.006651836271533833,UP,1.790983128552758,0.004445855270247551,91.87000274658203,1.0,36.95796137680545,0.006604774281137787,-0.007425019341408367,0.013767450514130485,0.019882147722111387,2,1,0.3443683087825775,0.5388480722904205,0,HIGH,LOW,MID,MID,HIGH,HIGH,MID,HIGH,HIGH
2016-12-13,2016-12-14,-0.008288512430090727,DOWN,1.765447749594366,0.00453870526491028,93.31999969482422,1.0,38.80509052579142,-0.003400023352244208,0.6378231481588026,0.008862191112378192,0.03946232831503625,2,0,0.34605613350868225,0.5388480722904205,0,HIGH,LOW,HIGH,MID,HIGH,MID,HIGH,HIGH,HIGH
2016-12-15,2016-12-16,-0.007834517480746128,DOWN,1.6399325049690963,0.004912972109850046,93.08000183105469,1.0,39.31604301147802,-0.003209435782721287,0.8369221610611329,0.002696025961542346,0.00117950421186245,2,0,0.5467344522476196,0.5388480722904205,1,HIGH,LOW,HIGH,MID,HIGH,MID,HIGH,MID,MID
2016-12-27,2016-12-28,-0.008298848896098833,DOWN,1.5059618357879194,0.005015392640522877,86.37000274658203,1.0,34.19368482912596,-0.0026356228439855627,0.48880353595892323,0.0032381079023245545,0.03358177446113376,2,0,0.6189562678337097,0.5388480722904205,1,HIGH,LOW,MID,MID,HIGH,MID,HIGH,HIGH,HIGH
2016-12-30,2017-01-03,0.007620897001746236,UP,1.636789362482738,0.005403486146177137,91.5999984741211,1.0,28.61418491438521,-0.005330766166093653,-0.6777182087186119,-0.0075569873677693526,0.014437307922382759,2,1,0.6643531918525696,0.5388480722904205,1,HIGH,LOW,MID,MID,HIGH,LOW,LOW,LOW,MID
2017-01-03,2017-01-04,0.005931566752148794,UP,1.443695809502775,0.005606956338934175,85.37000274658203,1.0,26.79587502257275,-0.004752181086983026,1.3734197015466707,-0.004559887523410912,-0.013099354120021186,2,1,0.562750518321991,0.5388480722904205,1,MID,LOW,MID,MID,HIGH,LOW,HIGH,MID,MID
2017-01-23,2017-01-24,0.006391260133969621,UP,1.9248218033087392,0.0038519946908763727,84.51000213623047,1.0,15.054622767450763,-0.0008832682990140878,-0.35320990579279027,-0.0020542497053423763,0.00722988446033521,2,1,0.5209952592849731,0.5388480722904205,0,HIGH,LOW,MID,MID,LOW,MID,MID,MID,MID
2017-01-24,2017-01-25,0.008618296722527514,UP,1.7123355323328864,0.004072475401638689,79.05000305175781,1.0,14.311552608019097,0.004868359050624016,0.6141039168642097,0.006959635020186098,0.013250255640215383,2,1,0.42037928104400635,0.5388480722904205,0,HIGH,LOW,LOW,MID,LOW,MID,HIGH,HIGH,MID
2017-01-27,2017-01-30,-0.006220988062862284,DOWN,1.676476375093305,0.003975465202900801,83.62999725341797,1.0,15.086290909469609,0.0012522382567173966,-0.5145427378812757,0.004520426946947734,0.014206130113705326,2,0,0.5638386607170105,0.5388480722904205,1,HIGH,LOW,MID,MID,LOW,MID,LOW,HIGH,MID
2017-02-02,2017-02-03,0.006869236012564833,UP,2.064326111721223,0.003640507066481217,89.7300033569336,1.0,12.377891522371408,-0.0033122769986986614,-0.25228661344891634,0.00010441611620733886,-0.0044725729505492905,2,1,0.4955556094646454,0.5388480722904205,0,HIGH,LOW,MID,MID,LOW,MID,MID,MID,MID
2017-02-08,2017-02-09,0.005915120656897009,UP,1.9009977189214347,0.003794229648278277,94.58000183105469,1.0,12.687406073439876,-0.0004229790387421297,0.40470427230983225,-0.008903811127829677,-0.028998471348807394,2,1,0.534537136554718,0.5388480722904205,0,HIGH,LOW,HIGH,MID,LOW,MID,HIGH,LOW,LOW
2017-02-09,2017-02-10,0.003938411107139749,UP,1.7355612216896492,0.003949014165373285,89.58999633789062,1.0,13.563644557836405,4.0459152170026214e-05,0.33572223107303684,-0.0038570722063741574,-0.010137141639960176,2,1,0.5338760614395142,0.5388480722904205,0,HIGH,LOW,MID,MID,LOW,MID,MID,MID,MID
2017-02-10,2017-02-13,0.005427814518752642,UP,1.7388718310255222,0.003930627704662925,85.7699966430664,1.0,14.808552782592795,0.0007600671515822985,0.7261272274443126,-0.003521046133331785,0.0005571321272678848,2,1,0.6953417658805847,0.5388480722904205,1,HIGH,LOW,MID,MID,LOW,MID,HIGH,MID,MID
2017-02-13,2017-02-14,0.003987368557542392,UP,1.7251774495161285,0.0040421606117871855,80.83999633789062,1.0,16.559824761911504,1.9683576814533144e-05,0.8625171616604824,0.0022307684143191902,-0.0015102517009587637,2,1,0.63808274269104,0.5388480722904205,1,HIGH,LOW,LOW,MID,LOW,MID,HIGH,MID,MID
2017-02-14,2017-02-15,0.0052067943735727325,UP,1.7247493128385747,0.0039226361027206134,78.3499984741211,1.0,18.446798211255015,-0.0022265421236641533,0.47244331898036784,0.008491279509096575,0.019550828752112108,2,1,0.46211493015289307,0.5388480722904205,0,HIGH,LOW,LOW,MID,LOW,MID,HIGH,HIGH,HIGH
2017-02-17,2017-02-21,0.0059375429953654295,UP,1.8933822311401987,0.003822798901828685,81.25,1.0,24.78763560226142,-0.0034002363274512407,0.5123995396261918,0.0009529648608161939,-0.008577324174979133,2,1,0.5577511191368103,0.5388480722904205,1,HIGH,LOW,LOW,MID,MID,MID,HIGH,MID,MID
2017-02-28,2017-03-01,0.013900476034819913,UP,2.8698884315066517,0.002835941266627306,88.08000183105469,1.0,36.40837875002169,-0.006005180150682292,-0.4706691800000465,-0.004075979297722403,-0.0009253827235548623,2,1,0.4675239324569702,0.5388480722904205,0,HIGH,LOW,MID,MID,HIGH,LOW,MID,MID,MID
2017-03-01,2017-03-02,-0.0063173288108460054,DOWN,2.0488059161050205,0.0038556397166600105,84.02999877929688,1.0,38.59522979006065,-0.009366382141365558,1.083065836881394,0.004192877445545209,0.004468480234292212,2,0,0.45862337946891785,0.5388480722904205,0,HIGH,LOW,MID,MID,HIGH,LOW,HIGH,HIGH,MID
2017-03-13,2017-03-14,-0.003833939850330953,DOWN,1.6508144327835883,0.00433109139711436,81.56999969482422,1.0,39.62076095597169,-0.013365203519378937,0.4688384136526981,-0.0010549495032864658,-0.0945585654395565,2,0,0.510308027267456,0.5388480722904205,0,HIGH,LOW,MID,MID,HIGH,LOW,HIGH,MID,LOW
2017-03-14,2017-03-15,0.008616226851996199,UP,1.7745684078269073,0.0043662852233063085,85.87999725341797,1.0,38.10678338666435,-0.013276081687588913,-1.022221819591076,-0.00337173096581409,-0.10757930603568983,2,1,0.5728214383125305,0.5388480722904205,1,HIGH,LOW,MID,MID,HIGH,LOW,LOW,MID,LOW
2017-03-16,2017-03-17,-0.006098721201673768,DOWN,1.5361983294984989,0.004596825895341722,75.95999908447266,1.0,37.66665519221279,-0.009667233818283775,-0.4627428460770745,0.0011586168051734846,-0.010813097010646434,2,0,0.5373791456222534,0.5388480722904205,0,HIGH,LOW,LOW,MID,HIGH,LOW,MID,MID,MID
2017-03-20,2017-03-21,-0.012922639108276665,DOWN,1.475327652333268,0.004841994674673155,77.16000366210938,1.0,34.795808241631,-0.008221518620093892,-0.26295669901732205,-0.0064011456812414925,-0.003725947180697846,2,0,0.5122379064559937,0.5388480722904205,0,HIGH,LOW,LOW,MID,HIGH,LOW,MID,LOW,MID
2017-03-27,2017-03-28,0.00725047829387214,UP,1.435513491793714,0.00548532626086279,84.86000061035156,0.0,28.697291963212642,-0.006908073138902198,-0.44338560659221016,-0.009445555423635383,-0.010213776641196987,2,1,0.6254148483276367,0.5388480722904205,1,MID,LOW,MID,MID,HIGH,LOW,MID,LOW,MID
2017-04-11,2017-04-12,-0.004391483266076876,DOWN,2.1208301341527447,0.0044761753123452675,103.73999786376953,0.0,15.746122312718406,0.00867925986915,-0.2992121836061929,-0.006834048246168269,0.0453971033860644,2,0,0.5393391251564026,0.5388480722904205,1,HIGH,LOW,HIGH,MID,LOW,HIGH,MID,LOW,HIGH
2017-04-12,2017-04-13,-0.006516095822653078,DOWN,2.470854175066955,0.004020539383047162,111.52999877929688,1.0,15.272817310928403,0.004635690642633323,-0.3847237273262365,-0.00735783668584958,0.03760272369743339,2,0,0.4644570052623749,0.5388480722904205,0,HIGH,LOW,HIGH,MID,LOW,MID,MID,LOW,HIGH
2017-04-13,2017-04-17,0.008820870798886493,UP,2.3935655007630245,0.00420036761177866,115.54000091552734,-1.0,15.600427175669411,0.004466336624200363,-1.0357248088532287,-0.011426401016263358,0.02822459528198531,2,1,0.5580665469169617,0.5388480722904205,1,HIGH,LOW,HIGH,LOW,LOW,MID,LOW,LOW,HIGH
2017-04-19,2017-04-20,0.008106166241988226,UP,2.5824151513671247,0.0036419458572762584,97.88999938964844,-1.0,15.826994553371275,0.006139667302770182,-0.13855078275067356,-0.005429405552059413,-0.057026290670171106,2,1,0.5809468626976013,0.5388480722904205,1,HIGH,LOW,HIGH,LOW,LOW,HIGH,MID,MID,LOW
2017-04-20,2017-04-21,-0.0031919675206105603,DOWN,2.2022902291838844,0.0040474510565004515,94.52999877929688,-1.0,14.836842062687063,0.006784065630190868,0.5391094625622598,0.0019080778752376887,-0.05495675911593882,2,0,0.45983701944351196,0.5388480722904205,0,HIGH,LOW,HIGH,LOW,LOW,HIGH,HIGH,MID,LOW
2017-04-21,2017-04-24,0.010937881902130022,UP,2.2420383299582776,0.004110560324722085,95.41000366210938,-1.0,13.917414749908868,0.005263563305225709,-0.5468549599327873,0.004851019666648622,-0.06928843481566482,2,1,0.6101462841033936,0.5388480722904205,1,HIGH,LOW,HIGH,LOW,LOW,MID,LOW,HIGH,LOW
2017-04-24,2017-04-25,0.005801768898692426,UP,1.4344688331494018,0.0047603392168717625,78.16999816894531,-1.0,14.292108178542538,0.003385228572541298,1.156838336838754,0.0059561869902912045,-0.06716308308990046,2,1,0.6439788937568665,0.5388480722904205,1,MID,LOW,LOW,LOW,LOW,MID,HIGH,HIGH,LOW
2017-05-04,2017-05-05,0.003929288415371179,UP,1.4491412230551837,0.004546955510841157,78.0,0.0,20.381542940320067,-0.004127095258666584,0.1633784638921871,-0.004070101191830677,-0.07305609076740101,2,1,0.5429282784461975,0.5388480722904205,1,HIGH,LOW,LOW,MID,MID,MID,MID,MID,LOW
2017-05-12,2017-05-15,0.005508306898499835,UP,1.5880701481166126,0.004125374415162292,82.5,1.0,22.342718550849742,-0.009847020760694207,-0.3760109246452282,-0.0007499447912270116,0.03444948157497588,2,1,0.4546114206314087,0.5388480722904205,0,HIGH,LOW,MID,MID,MID,LOW,MID,MID,HIGH
2017-05-16,2017-05-17,-0.017903375551923166,DOWN,1.7760034910154996,0.0037775089911418944,76.76000213623047,1.0,23.149686378766923,-0.010446313321021167,-0.22211667676240732,-0.00041217285799382934,0.0588280186777813,2,0,0.5270619988441467,0.5388480722904205,0,HIGH,LOW,LOW,MID,MID,LOW,MID,MID,HIGH
2017-05-17,2017-05-18,0.004020390632640581,UP,1.7227323501959209,0.005700698071503023,111.4800033569336,1.0,22.799056197677046,-0.010254817279195366,-1.397816995201655,-0.013919028565422752,0.03610346127748517,2,1,0.6672861576080322,0.5388480722904205,1,HIGH,LOW,HIGH,MID,MID,LOW,LOW,LOW,HIGH
2017-05-18,2017-05-19,0.006483113050925737,UP,1.6842518263096133,0.005483106336482689,104.12000274658203,1.0,22.658219522670937,-0.012134355755523695,1.241073975172642,-0.012222448863150609,0.03128463898519648,2,1,0.5909021496772766,0.5388480722904205,1,HIGH,LOW,HIGH,MID,MID,LOW,HIGH,LOW,HIGH
2017-05-19,2017-05-22,0.005064601618306679,UP,1.3581557650435652,0.005584401482435907,87.20999908447266,1.0,21.45697244863787,-0.010553098389531636,1.0216678255282436,-0.005595540463140501,0.05073924433732466,2,1,0.507194995880127,0.5388480722904205,0,MID,LOW,MID,MID,MID,LOW,HIGH,MID,HIGH
2017-05-24,2017-05-25,0.004768107829548058,UP,1.252011898640431,0.005041491214638103,81.91000366210938,0.0,18.299256493081273,-0.01173354222055166,0.4452124779682696,0.009511405059567183,0.04561182738287834,2,1,0.6891001462936401,0.5388480722904205,1,MID,LOW,MID,MID,LOW,LOW,HIGH,HIGH,HIGH
2017-05-31,2017-06-01,0.007920825887608271,UP,1.2878355215134007,0.005092019439627267,84.5199966430664,1.0,18.127357161628094,-0.005994528776353222,0.3740045837921552,-0.0038848714761641635,-0.0631535900706163,2,1,0.5582495331764221,0.5388480722904205,1,MID,LOW,MID,MID,LOW,LOW,MID,MID,LOW
2017-06-01,2017-06-02,0.003322865488960124,UP,1.1690884156937444,0.00532903630675767,83.83000183105469,1.0,18.564755400052203,-0.0016739672590823755,1.5077904524990349,-0.00293073821768011,-0.06018663289790589,2,1,0.4488024115562439,0.5388480722904205,0,MID,LOW,MID,MID,LOW,MID,HIGH,MID,LOW
2017-06-05,2017-06-06,-0.003201968087731701,DOWN,1.1908612493072033,0.0053268200221640105,86.08000183105469,1.0,20.31600778779812,-0.0073415633984463494,-0.12374486992198871,-0.003707178832262108,-0.04939270781796943,2,0,0.4771891236305237,0.5388480722904205,0,MID,LOW,MID,MID,MID,LOW,MID,MID,LOW
2017-06-12,2017-06-13,0.004877968445439268,UP,1.3497020696669675,0.005348677771745476,91.20999908447266,1.0,18.621068531938395,0.0020407315390806313,-0.5396662742491741,0.0004933921506182523,-0.0282432047685035,3,1,0.7841431498527527,0.5677635669708252,1,MID,LOW,MID,MID,MID,MID,LOW,MID,LOW
2017-06-15,2017-06-16,-0.004646314455727953,DOWN,2.2155785569165403,0.0030991247551400963,89.94999694824219,1.0,17.27400009009703,0.0011227413436818642,-0.4203896566729238,-0.004165617631708394,-0.026194623676810684,3,0,0.6507123112678528,0.5677635669708252,1,HIGH,LOW,MID,MID,LOW,MID,MID,MID,LOW
2017-06-16,2017-06-19,0.00829064572206334,UP,1.9534152849069557,0.003347360648640612,87.0,1.0,16.372427281727454,0.0043459067161742415,-1.1900971893408174,-0.008485631044582762,-0.024070944896217465,3,1,0.7996789813041687,0.5677635669708252,1,HIGH,LOW,MID,MID,LOW,HIGH,LOW,LOW,LOW
2017-06-19,2017-06-20,-0.0067669344344192285,DOWN,1.8574453030280762,0.0035169196597259907,85.2699966430664,1.0,16.20560900945591,0.0007065625273183357,0.3298470360073529,-0.005632449888447074,-0.041654249779339014,3,0,0.27873659133911133,0.5677635669708252,0,HIGH,LOW,MID,MID,LOW,MID,MID,MID,LOW
2017-06-26,2017-06-27,-0.008088820773010475,DOWN,1.6968994394857664,0.003675181580729858,81.94000244140625,1.0,12.686344350536494,0.0036489597294305093,0.2720674578709054,-0.006997184951923996,-0.01872627632370109,3,0,0.9822852611541748,0.5677635669708252,1,HIGH,LOW,LOW,MID,LOW,MID,MID,LOW,MID
2017-06-27,2017-06-28,0.00891059742278559,UP,1.688726569142212,0.004125679971393704,87.30000305175781,0.0,12.398895258769883,0.006025416957555988,-0.6469525678449828,0.00011503659057022326,0.023094707063593036,3,1,0.9836424589157104,0.5677635669708252,1,HIGH,LOW,MID,MID,LOW,HIGH,LOW,MID,HIGH
2017-06-28,2017-06-29,-0.008827709082089772,DOWN,1.3784374819882794,0.004583672470812113,84.23999786376953,0.0,11.865144025773578,0.0036547033436477583,0.7335163519969642,0.009421529409934633,0.05065831301462854,3,0,0.2728596031665802,0.5677635669708252,0,MID,LOW,MID,MID,LOW,MID,HIGH,HIGH,HIGH
2017-07-05,2017-07-06,-0.009186529833769774,DOWN,1.505543499641009,0.004631845135288592,91.9800033569336,0.0,14.133142305948024,0.0070974976434229784,-0.2149308345751841,0.0043841826465383415,0.019917842352325053,3,0,0.38372358679771423,0.5677635669708252,0,HIGH,LOW,MID,MID,LOW,HIGH,MID,HIGH,HIGH
2017-07-06,2017-07-07,0.006464190025662,UP,1.5708001781190282,0.005028938481100636,100.20999908447266,0.0,15.267773264580146,0.0061228192699078355,-0.9109933529119311,0.0014564960933775937,0.01728380629639091,3,1,0.8735668063163757,0.5677635669708252,1,HIGH,LOW,HIGH,MID,LOW,HIGH,LOW,MID,HIGH
2017-07-11,2017-07-12,0.007486633392334205,UP,1.3007122357916239,0.005274076165828789,88.2300033569336,0.0,17.190926267122276,-0.0012204024729369264,-0.44971144104166644,-0.0040918332916388064,-0.044084844771186946,3,1,0.9005192518234253,0.5677635669708252,1,MID,LOW,MID,MID,LOW,MID,MID,MID,LOW
2017-07-13,2017-07-14,0.004653257098670055,UP,1.145562277054995,0.005443976018817105,85.68000030517578,0.0,15.775591753127319,-0.0010579850888442841,0.36101880069740344,0.0029048533724819305,0.012227256249669699,3,1,0.9512410759925842,0.5677635669708252,1,LOW,LOW,MID,MID,LOW,MID,MID,HIGH,MID
2017-07-18,2017-07-19,0.005399391200699996,UP,1.226539458472315,0.005079424530541829,79.13999938964844,1.0,13.706777234653352,-0.001834554234492559,-0.00450173792224462,0.0006940058721759974,0.02974848795911187,3,1,0.5988143086433411,0.5677635669708252,1,MID,LOW,LOW,MID,LOW,MID,MID,MID,HIGH
2017-08-09,2017-08-10,-0.014215858360501283,DOWN,3.487154595581473,0.00200697782402566,106.7699966430664,1.0,11.334956198087703,-0.007619775879420115,0.1003550158903192,-0.004268826050688269,-0.0006051191074249726,3,0,0.5447288155555725,0.5677635669708252,0,HIGH,LOW,HIGH,MID,LOW,LOW,MID,MID,MID
2017-08-11,2017-08-14,0.00986433721640411,UP,2.6246052401787443,0.0037226100222238117,127.43000030517578,0.0,12.147522445710662,-0.010029509592936914,0.16744197492454388,-0.01123577315136207,-0.015447504824586738,3,1,0.8661763668060303,0.5677635669708252,1,HIGH,LOW,HIGH,MID,LOW,LOW,MID,LOW,MID
2017-08-16,2017-08-17,-0.015713671950320925,DOWN,1.7588017517578016,0.0042048540738833,94.81999969482422,0.0,11.521803971136025,-0.011740464805812869,0.39529291376713055,-0.0014652025169335028,-0.05772834940912571,3,0,0.47422677278518677,0.5677635669708252,0,HIGH,LOW,HIGH,MID,LOW,LOW,MID,MID,LOW
2017-08-21,2017-08-22,0.010402717245512966,UP,1.5142731540809615,0.005487067317804141,101.38999938964844,0.0,13.783632904498425,-0.011749033382197124,0.46570616013835814,-0.006022580461659738,-0.0046335639520082616,3,1,0.935877799987793,0.5677635669708252,1,HIGH,LOW,HIGH,MID,LOW,LOW,HIGH,MID,MID
2017-08-22,2017-08-23,-0.0035918605262235397,DOWN,1.191673473243206,0.005999821552293654,92.69999694824219,0.0,13.037204099512127,-0.014195520191021282,0.8256745972163125,-0.002430887798343708,0.0018909587289481099,3,0,0.43064600229263306,0.5677635669708252,0,MID,LOW,MID,MID,LOW,LOW,HIGH,MID,MID
2017-08-29,2017-08-30,0.0047263601077370794,UP,1.214499593231683,0.006068595777719844,98.79000091552734,0.0,11.148924522235497,-0.011408971645809412,-0.0971122727307865,-0.0026864744553009457,-0.025511604416959915,3,1,0.9450346827507019,0.5677635669708252,1,MID,LOW,HIGH,MID,LOW,LOW,MID,MID,LOW
2017-08-30,2017-08-31,0.005998036163940785,UP,1.1440459341481861,0.0061780175100638835,98.9000015258789,0.0,10.603611321580187,-0.007704735336060374,0.45828066754124464,0.0028994637879119745,-0.05193496773914731,3,1,0.9391590356826782,0.5677635669708252,1,LOW,LOW,HIGH,MID,LOW,LOW,HIGH,HIGH,LOW
2017-09-01,2017-09-05,-0.007207963182428161,DOWN,1.0105637360036597,0.006314594548285221,93.5999984741211,0.0,10.642087676031434,-0.0045104172649348675,0.511364686593702,0.004438398165975254,-0.012190105075951096,3,0,0.8502236008644104,0.5677635669708252,1,LOW,LOW,MID,MID,LOW,LOW,HIGH,HIGH,MID
2017-09-05,2017-09-06,0.003407972920508354,UP,1.1846473776339612,0.006503349181026269,102.66000366210938,1.0,10.541122807913059,-0.0033708700219159306,-0.4897989785682733,-0.004130903214187972,0.043900783778348745,3,1,0.8631346225738525,0.5677635669708252,1,MID,LOW,HIGH,MID,LOW,MID,LOW,MID,HIGH
2017-09-08,2017-09-11,0.010609449593480138,UP,1.3535765612919597,0.005640524888675715,100.12000274658203,1.0,10.337376791779128,2.8538188774599946e-05,0.005249818787348253,-0.006137057580121584,0.005279285884474693,3,1,0.17454978823661804,0.5677635669708252,0,MID,LOW,HIGH,MID,LOW,MID,MID,MID,MID
2017-09-14,2017-09-15,-0.0036051709400428365,DOWN,1.14688890703194,0.005734279515394883,92.08999633789062,1.0,11.34929564561849,0.0024424727730878483,0.1928687446737669,0.008555674349684126,0.016165218460709525,3,0,0.8965592980384827,0.5677635669708252,1,LOW,LOW,MID,MID,LOW,MID,MID,HIGH,MID
2017-09-26,2017-09-27,0.0038867727139802652,UP,1.7169252582222296,0.0037313784248247375,94.80999755859375,1.0,9.372718772033659,0.007594637037361705,-0.049405271673190615,-0.002162205660679546,0.047364841763633474,3,1,0.7556713819503784,0.5677635669708252,1,HIGH,LOW,HIGH,MID,LOW,HIGH,MID,MID,HIGH
2017-09-28,2017-09-29,0.003508874052771569,UP,1.6299100563095845,0.0036909611211940426,94.0999984741211,1.0,8.648571194323557,0.00922872905846307,0.3792681827997472,0.0007974248663853442,0.019783274332088766,3,1,0.7949631214141846,0.5677635669708252,1,HIGH,LOW,MID,MID,LOW,HIGH,MID,MID,HIGH
2017-09-29,2017-10-02,0.004329315033571895,UP,1.6883350478236012,0.0035483105377103873,93.13999938964844,1.0,9.019279396620014,0.009584075643936894,0.16823623906089546,0.0016605150706938709,0.019740665300080992,3,1,0.9887497425079346,0.5677635669708252,1,HIGH,LOW,MID,MID,LOW,HIGH,MID,MID,HIGH
2017-10-04,2017-10-05,0.005907622152979601,UP,1.9804220719440448,0.003063149997078248,92.12000274658203,1.0,12.86331831046944,0.006820856694506227,0.12999313730791853,-0.004684713632805454,-0.04230948055147242,3,1,0.9270670413970947,0.5677635669708252,1,HIGH,LOW,MID,MID,LOW,HIGH,MID,MID,LOW
2017-10-19,2017-10-20,0.005147182821886276,UP,3.058474598055728,0.002069955083844993,93.33000183105469,1.0,28.38418637183952,-0.00011638315042290098,0.20541537838539903,0.001226003741438835,0.013544273113483626,3,1,0.9340274333953857,0.5677635669708252,1,HIGH,LOW,MID,MID,HIGH,MID,MID,MID,MID
2017-10-20,2017-10-23,-0.003896969419021379,DOWN,2.8220540959181086,0.002225510076909329,90.52999877929688,1.0,28.995023872094357,-0.0004854518199055545,0.8566018442965462,0.008353576513468469,0.00038866027263820046,3,0,0.8461170196533203,0.5677635669708252,1,HIGH,LOW,MID,MID,HIGH,MID,HIGH,HIGH,MID
2017-10-24,2017-10-25,-0.004962418292052873,DOWN,2.922975991889379,0.0024051306344483815,98.43000030517578,1.0,30.520971877737168,-0.004476344455579748,0.5932561472710222,0.005113581608721468,0.01130822092697058,3,0,0.7875198721885681,0.5677635669708252,1,HIGH,LOW,HIGH,MID,HIGH,LOW,HIGH,HIGH,MID
2017-10-26,2017-10-27,0.008142940958378798,UP,2.6062687234975526,0.0027312344902560466,97.7300033569336,1.0,26.99297210051003,-0.005096734200032243,0.8285902966322153,0.0026462222734896105,0.0259804561710437,3,1,0.2379029393196106,0.5677635669708252,0,HIGH,LOW,HIGH,MID,HIGH,LOW,HIGH,HIGH,HIGH
2017-10-27,2017-10-30,-0.0037320397514387566,DOWN,1.9784063058769688,0.0031204004089708734,92.77999877929688,1.0,26.618947717409874,-0.011641167104355454,0.2791267677761938,-0.0012438727999660058,0.04613136884294088,3,0,0.28664544224739075,0.5677635669708252,0,HIGH,LOW,MID,MID,HIGH,LOW,MID,MID,HIGH
2017-11-02,2017-11-03,0.00333313948964476,UP,2.0942332851592607,0.0029869223571573995,91.4800033569336,1.0,25.703052630449577,-0.012474654326463466,-0.36937794146025343,-0.006594468095266143,0.035458118781551674,3,1,0.40680867433547974,0.5677635669708252,0,HIGH,LOW,MID,MID,HIGH,LOW,MID,LOW,HIGH
2017-11-08,2017-11-09,-0.0036342907541265517,DOWN,2.0790752461029878,0.002963250490036803,97.73999786376953,1.0,26.760203201268357,-0.008779244296073482,0.2592657043628306,-0.006731569911584201,0.045188177852998834,3,0,0.6392861008644104,0.5677635669708252,1,HIGH,LOW,HIGH,MID,HIGH,LOW,MID,LOW,HIGH
2017-11-14,2017-11-15,-0.005017839305914511,DOWN,2.313581288700497,0.003155719606110653,103.18000030517578,1.0,21.231965181421828,-0.004261150249035789,-0.34308933438717726,-0.002860059000873872,-0.02657375109331903,3,0,0.8328754305839539,0.5677635669708252,1,HIGH,LOW,HIGH,MID,MID,LOW,MID,MID,LOW
2017-11-15,2017-11-16,0.008465055348010226,UP,2.4478978176573842,0.003378867599557313,106.2699966430664,1.0,20.523104036661685,-0.0045722640019292314,-0.8302087806305342,-0.003970772405456638,-0.026397100739076935,3,1,0.9789559841156006,0.5677635669708252,1,HIGH,LOW,HIGH,MID,MID,LOW,LOW,MID,LOW
2017-11-16,2017-11-17,-0.0029430388124721918,DOWN,1.9200458931463154,0.003858295180134181,100.1500015258789,1.0,19.744861712280176,-0.005437702158940738,0.4833692953895542,0.009235166969832008,-0.03615385872111035,3,0,0.28678202629089355,0.5677635669708252,0,HIGH,LOW,HIGH,MID,MID,LOW,HIGH,HIGH,LOW
2017-11-20,2017-11-21,0.006521478333189071,UP,1.8307145374627385,0.003664617840916114,93.76000213623047,1.0,18.351172651780637,-0.002967651473483492,0.10834949047238834,0.00046552734610440846,-0.011874276479887664,3,1,0.6182382702827454,0.5677635669708252,1,HIGH,LOW,MID,MID,MID,MID,MID,MID,MID
2017-11-27,2017-11-28,0.010093697243671753,UP,1.8825483283178517,0.0033027122944920286,86.58000183105469,1.0,20.813285047558587,0.0007434822304867011,0.14967663338236936,-0.003978983214163904,0.027212587519681294,3,1,0.9116080403327942,0.5677635669708252,1,HIGH,LOW,MID,MID,MID,MID,MID,MID,HIGH
2017-11-29,2017-11-30,0.008716868297143729,UP,1.7716903652073333,0.003804483248059405,89.56999969482422,1.0,24.612485813351128,0.00819377208518417,0.9656830359087086,0.0014399082546293096,0.008236222876978847,3,1,0.7698052525520325,0.5677635669708252,1,HIGH,LOW,MID,MID,MID,HIGH,HIGH,MID,MID
2017-12-04,2017-12-05,-0.0036031069881391526,DOWN,1.7318640108182333,0.004248433222351805,97.56999969482422,1.0,27.630071755648167,0.014066184044634281,0.3770564940542322,-0.0011226465205088768,-0.011074682830045085,3,0,0.12529350817203522,0.5677635669708252,0,HIGH,LOW,HIGH,MID,HIGH,HIGH,MID,MID,MID
2017-12-06,2017-12-07,0.0031481207607982854,UP,1.591590906962471,0.004361640761830831,98.16999816894531,1.0,26.93967400751018,0.0075367089126736585,-0.03662269393988785,-0.010796874323675761,-0.023663476968977422,3,1,0.3104187250137329,0.5677635669708252,0,HIGH,LOW,HIGH,MID,HIGH,HIGH,MID,LOW,LOW
2017-12-07,2017-12-08,0.005438294285834409,UP,1.4585714315518745,0.0043879909993108585,95.83000183105469,1.0,26.825403510835013,0.009366593026775491,0.6795313972688248,-0.009746272619625808,-0.012446525797137033,3,1,0.8848833441734314,0.5677635669708252,1,MID,LOW,HIGH,MID,HIGH,HIGH,HIGH,LOW,MID
2017-12-08,2017-12-11,0.0030084930440527815,UP,1.3847097382682843,0.0043581933004003745,91.88999938964844,1.0,27.155750228969595,0.009162945172545473,0.7919173565177536,-0.0024948188343283067,-0.01728352718089108,3,1,0.8668459057807922,0.5677635669708252,1,MID,LOW,MID,MID,HIGH,HIGH,HIGH,MID,MID
2017-12-13,2017-12-14,-0.004094580692557239,DOWN,1.500971593868973,0.004272430899976355,95.55999755859375,1.0,29.60954928247923,0.0012463785398178565,0.5038292517072392,0.0015855782340529476,0.011371824813253896,3,0,0.5125990509986877,0.5677635669708252,0,HIGH,LOW,HIGH,MID,HIGH,MID,HIGH,MID,MID
2017-12-14,2017-12-15,0.0031944935073848556,UP,1.5732864490661256,0.004200175199829898,96.06999969482422,1.0,29.628404804493755,-0.0002848552870294077,-0.7358189346937198,-0.004725022180189052,0.006154988045020516,3,1,0.8848956227302551,0.5677635669708252,1,HIGH,LOW,HIGH,MID,HIGH,MID,LOW,MID,MID
2017-12-15,2017-12-18,0.0063212133655446145,UP,1.5163801168219178,0.003913294699974244,92.19999694824219,1.0,29.483284215464757,0.0007133429934823264,0.6982967242857899,-0.008277013560246058,-0.0010465965262133402,3,1,0.8622127771377563,0.5677635669708252,1,HIGH,LOW,MID,MID,HIGH,MID,HIGH,LOW,MID
2017-12-18,2017-12-19,-0.003847806193067688,DOWN,1.5362959143503583,0.003907668756178051,90.63999938964844,1.0,29.98465373790491,-0.00275081112660764,0.4157039315792864,-0.0037705873234438443,-0.014416260440242403,3,0,0.1061680018901825,0.5677635669708252,0,HIGH,LOW,MID,MID,HIGH,MID,HIGH,MID,MID
2017-12-28,2017-12-29,-0.0037776485465138097,DOWN,1.885731053201712,0.0034006956648163123,97.25,1.0,26.641607850120263,5.982178363057866e-05,0.4396314300098374,-0.008212595709079777,0.029680801584962245,3,0,0.49688708782196045,0.5677635669708252,0,HIGH,LOW,HIGH,MID,HIGH,MID,HIGH,LOW,HIGH
2017-12-29,2018-01-02,0.007131832978848311,UP,2.294722645008355,0.0030306696517191194,100.76000213623047,1.0,25.59555123203323,0.0007939007212757676,-0.4873472876007706,-0.004356356042519119,0.03468941154011189,3,1,0.786629855632782,0.5677635669708252,1,HIGH,LOW,HIGH,MID,HIGH,MID,LOW,MID,HIGH
2018-01-02,2018-01-03,0.006305236517900342,UP,1.8494148462829654,0.00332782112293548,97.36000061035156,1.0,24.80642504119884,0.0009775420516411233,0.7263245308699775,0.0030718996589915726,0.031978452050514396,3,1,0.38076043128967285,0.5677635669708252,0,HIGH,LOW,HIGH,MID,MID,MID,HIGH,HIGH,HIGH
2018-01-03,2018-01-04,0.004205969006937856,UP,1.6433918829272998,0.0035073545348296943,94.4000015258789,1.0,25.173162978270096,-0.003539000199653204,0.6814212344415463,0.0058810678484319725,0.027304324769596346,3,1,0.7172658443450928,0.5677635669708252,1,HIGH,LOW,HIGH,MID,HIGH,MID,HIGH,HIGH,HIGH
2018-01-04,2018-01-05,0.0066419636880151334,UP,1.719028802455329,0.0033786834918016983,94.20999908447266,1.0,26.208132514491364,-0.0015287627274144996,0.9783930192846522,0.01299119099306717,0.03896915563149885,3,1,0.5088927745819092,0.5677635669708252,0,HIGH,LOW,MID,MID,HIGH,MID,HIGH,HIGH,HIGH
2018-01-10,2018-01-11,0.007269587246673126,UP,1.7739612889335246,0.0034871213864314985,93.69999694824219,1.0,31.65586840522064,-0.0031945122751864154,-0.8502837331831283,7.393613486821916e-05,0.030992873842447373,3,1,0.1884632706642151,0.5677635669708252,0,HIGH,LOW,MID,MID,HIGH,MID,LOW,MID,HIGH
2018-01-11,2018-01-12,0.006497814656286375,UP,1.6717449073069475,0.0037229454289185566,92.23999786376953,1.0,32.7904440808017,0.0007452308340515218,0.5467768027332307,-0.0010568261179739657,0.028457543098338627,3,1,0.569959819316864,0.5677635669708252,1,HIGH,LOW,MID,MID,HIGH,MID,HIGH,MID,HIGH
2018-01-12,2018-01-16,-0.0034241493275315635,DOWN,1.6653600981057457,0.003843131777194282,92.22000122070312,1.0,34.38124340854564,0.00143867336184135,0.7303763332333443,-0.0039467568885717804,0.045498612217139064,3,0,0.19156941771507263,0.5677635669708252,0,HIGH,LOW,MID,MID,HIGH,MID,HIGH,MID,HIGH
2018-01-16,2018-01-17,0.00948652123001412,UP,1.9384064721636995,0.003789251429719921,106.48999786376953,1.0,36.285888346861476,6.245302872287528e-05,-1.005659657227461,-0.004714524041218099,0.03188537315311682,3,1,0.8056087493896484,0.5677635669708252,1,HIGH,LOW,HIGH,MID,HIGH,MID,LOW,MID,HIGH
2018-01-18,2018-01-19,0.004539330364915846,UP,1.8685711545274089,0.004119659336055904,103.68000030517578,1.0,39.69675759864137,-0.004514036326699243,-0.5110145478556234,0.003272256844896505,0.005959883807409471,3,1,0.7148607969284058,0.5677635669708252,1,HIGH,LOW,HIGH,MID,HIGH,LOW,LOW,HIGH,MID
2018-01-19,2018-01-22,0.008098068600671672,UP,1.813413018388444,0.003914956439081465,101.58999633789062,1.0,41.32307609699547,-0.002966999530201228,0.5378704051486782,0.0064777222080521744,-0.006762631912239108,3,1,0.43943411111831665,0.5677635669708252,0,HIGH,LOW,HIGH,MID,HIGH,MID,HIGH,HIGH,MID
2018-01-25,2018-01-26,0.011511318685595344,UP,1.832155071054716,0.0039814939227922844,101.77999877929688,1.0,49.08158120418319,-0.007964831620175146,0.22153405544029825,-0.001992513721679711,0.024101295397910578,3,1,0.17004209756851196,0.5677635669708252,0,HIGH,LOW,HIGH,MID,HIGH,LOW,MID,MID,HIGH
2018-01-26,2018-01-29,-0.006651965730186924,DOWN,1.5971902868698356,0.004370013982818492,98.6500015258789,1.0,51.11506954672883,-0.009731698741268599,0.8526857259756027,-0.003981422923649326,0.04278315184526419,3,0,0.05239555612206459,0.5677635669708252,0,HIGH,LOW,HIGH,MID,HIGH,LOW,HIGH,MID,HIGH
2018-01-29,2018-01-30,-0.01031003729590082,DOWN,1.7725433733515898,0.004918571098422533,110.01000213623047,1.0,53.003308721949786,-0.010685221983755787,-1.2237918331959896,-0.006694331506407487,0.032083277017293334,3,0,0.8633666038513184,0.5677635669708252,1,HIGH,LOW,HIGH,MID,HIGH,LOW,LOW,LOW,HIGH
2018-02-01,2018-02-02,-0.022010383111866608,DOWN,1.553571374485489,0.005461804154366353,105.7699966430664,1.0,49.748158830396285,-0.012206719098842439,-0.22215394440152175,0.001873436582737661,0.004417049357556925,3,0,0.2806512415409088,0.5677635669708252,0,HIGH,LOW,HIGH,MID,HIGH,LOW,MID,MID,MID
2018-02-02,2018-02-05,-0.042722279513735646,DOWN,1.430030162436535,0.007625206094473173,125.51000213623047,1.0,46.480112867708904,-0.01014982968829935,-1.514874757355342,-0.0014798320763019374,-0.010487252596878547,3,0,0.9238073825836182,0.5677635669708252,1,MID,MID,HIGH,MID,HIGH,LOW,LOW,MID,MID
2018-02-05,2018-02-06,0.019510663660577923,UP,1.9251925317016916,0.012211448798916304,177.33999633789062,1.0,46.30615776909801,-0.003321626056682181,-2.729991636391502,-0.006771925399109847,-0.021741601788608286,3,1,0.7650765180587769,0.5677635669708252,1,HIGH,HIGH,HIGH,MID,HIGH,MID,LOW,LOW,MID
2018-02-06,2018-02-07,-0.005439623715762403,DOWN,1.4423497181863862,0.013093651496723835,161.1199951171875,1.0,46.72874260270895,-0.01068398742652249,2.065460336657697,0.0013193167724497475,-0.017359113134166812,3,0,0.298225998878479,0.5677635669708252,0,MID,HIGH,HIGH,MID,HIGH,LOW,HIGH,MID,MID
2018-02-07,2018-02-08,-0.03823046263704881,DOWN,1.332480741926514,0.013109576163397299,159.02999877929688,0.0,46.21593630457838,-0.006154267863090663,-0.7730996762186768,0.0007574136619914185,-0.04648327052832656,3,0,0.4625229835510254,0.5677635669708252,0,MID,HIGH,HIGH,MID,HIGH,LOW,LOW,MID,LOW
2018-02-08,2018-02-09,0.014909817475535768,UP,1.35993570821896,0.015499128432346597,180.61000061035156,0.0,46.82743944342482,-0.002277469051407764,-1.6382163847391347,-0.004695302863066001,-0.07328999762433909,3,1,0.6680157780647278,0.5677635669708252,1,MID,HIGH,HIGH,MID,HIGH,MID,LOW,MID,LOW
2018-02-09,2018-02-12,0.01457772518222007,UP,1.1543595799042232,0.01585821202654007,167.27999877929688,0.0,47.75879770360319,-0.005815585189932908,1.7034797510419426,-0.003051087558225229,-0.10036489095114144,3,1,0.7895590662956238,0.5677635669708252,1,LOW,HIGH,HIGH,MID,HIGH,LOW,HIGH,MID,LOW
2018-02-13,2018-02-14,0.013405963996401723,UP,0.9687457038736529,0.016237100190095746,136.5800018310547,0.0,47.64100801522792,-0.004750358385069493,0.36432878113398015,-0.000965272466732418,-0.0685535251663292,3,1,0.8248693943023682,0.5677635669708252,1,LOW,HIGH,HIGH,MID,HIGH,LOW,MID,MID,LOW
2018-02-14,2018-02-15,0.012679402008324459,UP,0.7395226987225058,0.01640606806084094,124.48999786376953,0.0,46.69125672813621,-0.001935488143347562,0.3930401819874248,0.005395328322166624,-0.01944668599389533,3,1,0.19731393456459045,0.5677635669708252,0,LOW,HIGH,HIGH,MID,HIGH,MID,MID,HIGH,MID
2018-02-16,2018-02-20,-0.006280865885799406,DOWN,0.7351386542664772,0.01667528580274373,121.19999694824219,0.0,43.05956903852805,-0.005027886894479729,-0.04612991407941224,0.01384175795372499,0.041038179425349985,3,0,0.8247671723365784,0.5677635669708252,1,LOW,HIGH,HIGH,MID,HIGH,LOW,MID,HIGH,HIGH
2018-02-22,2018-02-23,0.015813643085869314,UP,0.7123306989508597,0.016554798414149755,116.9800033569336,0.0,38.177494432300065,-0.007422778662334678,0.34563603774509577,0.0054743185800504735,0.03518239172640596,3,1,0.7518138289451599,0.5677635669708252,1,LOW,HIGH,HIGH,MID,HIGH,LOW,MID,HIGH,HIGH
2018-02-23,2018-02-26,0.011545350102960344,UP,0.6096404480590335,0.017039098191008444,110.19000244140625,-1.0,36.31473164478941,-0.006830694346606922,0.5160097721161176,0.004130119346238125,0.03539482445644032,3,1,0.8792401552200317,0.5677635669708252,1,LOW,HIGH,HIGH,LOW,HIGH,LOW,HIGH,HIGH,HIGH
2018-02-26,2018-02-27,-0.01256512215254109,DOWN,0.5840838645004053,0.017040471721598834,107.68000030517578,-1.0,33.81496249423868,-0.00863937315222357,0.38474352164904296,0.0035085576551347193,0.03551610707184649,3,0,0.30884382128715515,0.5677635669708252,0,LOW,HIGH,HIGH,LOW,HIGH,LOW,MID,HIGH,HIGH
2018-02-27,2018-02-28,-0.01018174210369951,DOWN,0.6814604343169248,0.01718456239247733,119.5,0.0,31.50641970090373,-0.008592286575293026,-0.6582098619678048,0.004419587311641096,0.017773212974602475,3,0,0.8179348111152649,0.5677635669708252,1,LOW,HIGH,HIGH,MID,HIGH,LOW,LOW,HIGH,HIGH
2018-02-28,2018-03-01,-0.014647454403250413,DOWN,0.7277887831960426,0.017181255300628914,121.69999694824219,0.0,29.813485938245666,-0.008544215867406432,-0.6986251427507367,9.049417915785347e-05,-0.0006487336527606113,3,0,0.9876493811607361,0.5677635669708252,1,LOW,HIGH,HIGH,MID,HIGH,LOW,LOW,MID,MID
2018-03-02,2018-03-05,0.011491677564123457,UP,0.7055932591000537,0.017489594721486288,114.77999877929688,0.0,28.817420817372938,-0.0012886356631265153,0.2781569913668215,0.0007883101969512222,-0.03686313620528507,3,1,0.8285703063011169,0.5677635669708252,1,LOW,HIGH,HIGH,MID,HIGH,MID,MID,MID,LOW
2018-03-08,2018-03-09,0.017252680326730694,UP,0.7871749936831257,0.013236219772766221,96.91999816894531,0.0,24.480193037887435,-0.0039002677600247365,0.4967678748231139,0.006759605186028744,-0.014367396710339493,3,1,0.9291906952857971,0.5677635669708252,1,LOW,HIGH,HIGH,MID,MID,MID,HIGH,HIGH,MID
2018-03-12,2018-03-13,-0.006483661588719202,DOWN,1.0288908312669494,0.009661341290883025,104.94000244140625,0.0,22.056007726308106,-0.006973532329162452,-0.19462149264412176,0.0018388193028258805,-0.019527758126862197,3,0,0.6676623821258545,0.5677635669708252,1,LOW,MID,HIGH,MID,MID,LOW,MID,MID,MID
2018-03-16,2018-03-19,-0.013622718723915883,DOWN,1.123786680290368,0.008856720541917808,106.48999786376953,0.0,17.276912307830514,-0.0012453363936365748,-0.24825728755457865,-0.008896716530838364,0.004823923721475902,3,0,0.4954991936683655,0.5677635669708252,0,LOW,MID,HIGH,MID,LOW,MID,MID,LOW,MID
2018-03-21,2018-03-22,-0.025314885505682536,DOWN,1.218821519843579,0.009230837067790891,106.5999984741211,0.0,17.723862651246197,0.0036346269268162975,-0.3191641561441052,0.006387051393005142,0.0667813158878024,3,0,0.631955623626709,0.5677635669708252,1,MID,MID,HIGH,MID,LOW,MID,MID,HIGH,HIGH
2018-03-22,2018-03-23,-0.021545054881122266,DOWN,1.3582189933723259,0.010825071779974603,125.12000274658203,0.0,18.79273446690945,0.007316878457672024,-1.092812328547491,-0.000981193215421265,0.04957592367342782,3,0,0.05411021411418915,0.5677635669708252,0,MID,MID,HIGH,MID,MID,HIGH,LOW,MID,HIGH
2018-03-23,2018-03-26,0.026991461654006305,UP,1.4312167706702215,0.010946369729557684,129.82000732421875,-1.0,20.522026731724548,0.01029849015575577,-1.3026362730556889,-0.0013623531641229081,0.05523158683189481,3,1,0.20348133146762848,0.5677635669708252,0,MID,MID,HIGH,LOW,MID,HIGH,LOW,MID,HIGH
2018-03-26,2018-03-27,-0.017158090832078213,DOWN,1.0619901541730583,0.012474367261752065,113.08000183105469,-1.0,21.863531904703077,0.01013189511589728,1.1051271015224904,0.0022986417279209823,0.054711575617216755,3,0,0.9610181450843811,0.5677635669708252,1,LOW,HIGH,HIGH,LOW,MID,HIGH,HIGH,MID,HIGH
2018-03-28,2018-03-29,0.01269666927359303,UP,1.1445699105198768,0.012587039223893875,114.0199966430664,-1.0,23.532837547358366,0.018362684493138357,-0.5484770355314647,-0.011843993492429665,-0.012196229039077116,3,1,0.39275383949279785,0.5677635669708252,0,LOW,HIGH,HIGH,LOW,MID,HIGH,LOW,LOW,MID
2018-03-29,2018-04-02,-0.021820975402381346,DOWN,0.9943407953322275,0.012651514621377457,103.31999969482422,-1.0,23.5021207602105,0.014432404430281164,0.9813164025853938,-0.005280495523241461,0.009904125564684427,3,0,0.510755181312561,0.5677635669708252,0,LOW,HIGH,HIGH,LOW,MID,HIGH,HIGH,MID,MID
2018-04-02,2018-04-03,0.012735537427426051,UP,1.110931682209416,0.013393444608467945,111.66999816894531,-1.0,24.297295088462178,0.012642650245137,-1.5125068062968767,-0.010444020698163243,-0.0445414463028963,3,1,0.8121393322944641,0.5677635669708252,1,LOW,HIGH,HIGH,LOW,MID,HIGH,LOW,LOW,LOW
2018-04-03,2018-04-04,0.010642286151652277,UP,0.9872725918919353,0.013463101258579304,102.05999755859375,-1.0,25.035671250410168,0.011373162651221416,1.1439549030752278,-0.007888971451925528,-0.031615909379393965,3,1,0.9448871612548828,0.5677635669708252,1,LOW,HIGH,HIGH,LOW,HIGH,HIGH,HIGH,LOW,LOW
2018-04-04,2018-04-05,0.007861027034026642,UP,0.9203105798614729,0.013730812352230674,95.44000244140625,-1.0,24.826412909031436,0.010455245011772096,0.9578497113473696,-0.001114755949140213,-0.02923549972259648,3,1,0.6020656824111938,0.5677635669708252,1,LOW,HIGH,HIGH,LOW,MID,HIGH,HIGH,MID,LOW
2018-04-05,2018-04-06,-0.022537931476096573,DOWN,0.8585793628311852,0.013896302874560455,92.20999908447266,-1.0,24.024239952902246,0.00951362580491321,0.7346976365802236,0.0024867158166988583,-0.013133339958575695,3,0,0.8055687546730042,0.5677635669708252,1,LOW,HIGH,MID,LOW,MID,HIGH,HIGH,MID,MID
2018-04-09,2018-04-10,0.015775273241340624,UP,0.9832491565588215,0.013947442679443641,100.23999786376953,-1.0,24.637516162145324,0.011034768582286726,0.26402912618840724,0.006191901556011601,0.0064858229224579265,3,1,0.7064236998558044,0.5677635669708252,1,LOW,HIGH,HIGH,LOW,MID,HIGH,MID,HIGH,MID
2018-04-11,2018-04-12,0.008193452924804723,UP,0.8751076792402654,0.014569637216605142,100.0199966430664,-1.0,24.519649641110018,0.008993544669487964,-0.44507549009334624,0.0015160740982004184,0.053011885881271724,3,1,0.9058529734611511,0.5677635669708252,1,LOW,HIGH,HIGH,LOW,MID,HIGH,MID,MID,HIGH
2018-04-13,2018-04-16,0.008188119499643706,UP,0.7438906378768718,0.014743120118208872,93.94000244140625,-1.0,23.851328875132747,0.00876463417659256,-0.28033942000807205,0.012831129455460605,0.08239494875244624,3,1,0.6339769959449768,0.5677635669708252,1,LOW,HIGH,MID,LOW,MID,HIGH,MID,HIGH,HIGH
2018-04-16,2018-04-17,0.010641624190932739,UP,0.6997463646516687,0.014908000449309827,93.22000122070312,-1.0,23.446170303020132,0.007348388789845454,0.723786823720678,0.011017601743187215,0.04320331031483508,3,1,0.9485967755317688,0.5677635669708252,1,LOW,HIGH,MID,LOW,MID,HIGH,HIGH,HIGH,HIGH
2018-04-19,2018-04-20,-0.008515567039637552,DOWN,0.6757433506173954,0.014878215223116937,95.37999725341797,0.0,20.452415783370558,0.001363401650756331,-0.5029724167644197,0.00679239893480164,0.018026510817923315,3,0,0.4554990828037262,0.5677635669708252,0,LOW,HIGH,HIGH,MID,MID,MID,LOW,HIGH,HIGH
2018-04-23,2018-04-24,-0.013558875321530377,DOWN,0.8029627649739018,0.012819065872965909,96.87000274658203,0.0,20.40129109442384,-0.0009179615014860074,-0.003590137678943438,0.004506774303087364,0.03589289573448357,3,0,0.8295853137969971,0.5677635669708252,1,LOW,HIGH,HIGH,MID,MID,MID,MID,HIGH,HIGH
2018-04-25,2018-04-26,0.010114411105506966,UP,1.0136745609147562,0.011086540191085468,97.80000305175781,0.0,22.11554074011083,0.0023741033901700306,0.8510311122107455,0.004242238986710422,-0.006152937017972449,3,1,0.9864365458488464,0.5677635669708252,1,LOW,MID,HIGH,MID,MID,MID,HIGH,HIGH,MID
2018-05-03,2018-05-04,0.012863350788101215,UP,1.1024404598380801,0.009085350782492398,91.06999969482422,-1.0,23.238379222118713,-0.003943985539467235,-0.3447385752356078,-0.0003498917824231902,0.0035133670885283993,3,1,0.6772793531417847,0.5677635669708252,1,LOW,MID,MID,LOW,MID,MID,MID,MID,MID
2018-05-08,2018-05-09,0.009619352007434372,UP,1.2978688278513384,0.0071397269290924764,89.5,-1.0,21.890859078063073,-0.00475019254997495,-0.07919087335316487,0.0003471264996558283,0.026558638127938645,3,1,0.09257632493972778,0.5677635669708252,0,MID,LOW,MID,LOW,MID,LOW,MID,MID,HIGH
2018-05-09,2018-05-10,0.009307162267612242,UP,1.1580708456783986,0.007299903506981163,93.88999938964844,-1.0,20.731676463005368,-0.008037334287733641,0.8744100477710339,0.0017258696607370917,0.0461719902450114,3,1,0.40446746349334717,0.5677635669708252,0,LOW,LOW,MID,LOW,MID,LOW,HIGH,MID,HIGH
2018-05-25,2018-05-29,-0.01156767701107844,DOWN,1.468904855013329,0.005669405585909608,93.77999877929688,1.0,12.496282689032608,-0.009112204526527612,-0.3466546667511226,-0.00770770132538306,-0.04887436613338058,3,0,0.2882421910762787,0.5677635669708252,0,MID,LOW,MID,MID,LOW,LOW,MID,LOW,LOW
2018-05-29,2018-05-30,0.013256463199218327,UP,1.776374477059901,0.006035660073097046,108.66999816894531,1.0,12.658569067478732,-0.006743049039816214,-1.483357948728351,-0.01798888439863564,-0.07933920231570604,3,1,0.6907086968421936,0.5677635669708252,1,HIGH,LOW,HIGH,MID,LOW,LOW,LOW,LOW,LOW
2018-05-31,2018-06-01,0.009769804893101726,UP,1.4712012339930585,0.0066068368703592045,100.62999725341797,1.0,11.559494337420219,-0.0066224184667861875,-0.6812477590028,-0.009846933562375818,-0.06915190318777117,3,1,0.4016740322113037,0.5677635669708252,0,MID,LOW,HIGH,MID,LOW,LOW,LOW,LOW,LOW
2018-06-22,2018-06-25,-0.013706339472387726,DOWN,1.4663927764400506,0.005915389848676329,102.48999786376953,1.0,13.05503026816583,0.003332000346875745,0.4226008970623016,0.0032441491070161524,0.05269109021457,3,0,0.3125024139881134,0.5677635669708252,0,MID,LOW,HIGH,MID,LOW,MID,HIGH,HIGH,HIGH
2018-06-26,2018-06-27,-0.008318746370276053,DOWN,1.633604122137712,0.006138976550480786,107.5199966430664,0.0,16.453955371075423,0.003652192373114196,0.34031006555638466,-0.0005817268874948557,0.08057452509558324,3,0,0.7291415929794312,0.5677635669708252,1,HIGH,LOW,HIGH,MID,LOW,MID,MID,MID,HIGH
2018-07-03,2018-07-05,0.00812486423702682,UP,1.9865657895055486,0.005118000115160278,108.5,0.0,22.756999515343367,0.006583010431675959,-0.051533412282337286,-0.014082387518139394,0.04991705557765236,3,1,0.24101383984088898,0.5677635669708252,0,HIGH,LOW,HIGH,MID,MID,HIGH,MID,LOW,HIGH
2018-07-05,2018-07-06,0.008422663255079442,UP,1.8492898574313636,0.005099370297142593,103.22000122070312,0.0,23.191777591009423,0.006655474690045951,0.6540568258066638,-0.007940420484257266,0.0024708358420875588,3,1,0.162814661860466,0.5677635669708252,0,HIGH,LOW,HIGH,MID,MID,HIGH,HIGH,LOW,MID
2018-07-06,2018-07-09,0.008964060732821678,UP,1.5314555775592074,0.00549954461072552,95.73999786376953,0.0,22.295079017825618,0.005218156730123888,0.8744588528808407,-0.005247782743898026,0.004753911887051303,3,1,0.6575580835342407,0.5677635669708252,1,HIGH,LOW,HIGH,MID,MID,HIGH,HIGH,MID,MID
2018-07-10,2018-07-11,-0.007341362398798512,DOWN,1.3511473771405367,0.0058931038284305015,91.95999908447266,0.0,19.791294200246,0.0003139722473301475,0.7430537063265096,0.0003453789967150858,0.0022964976717855926,3,0,0.41649362444877625,0.5677635669708252,0,MID,LOW,MID,MID,MID,MID,HIGH,MID,MID
2018-07-11,2018-07-12,0.009025140287613701,UP,1.4051644257321325,0.006110383140969667,104.5,0.0,18.510091237681095,-0.0018123632247271527,-0.805048112582492,0.0003791933259755841,-0.052046096621764584,3,1,0.34423473477363586,0.5677635669708252,0,MID,LOW,HIGH,MID,MID,MID,LOW,MID,LOW
2018-07-24,2018-07-25,0.008486400193444807,UP,1.5490348516389438,0.005046732860151512,98.68000030517578,1.0,15.186776770786889,-0.018910825160025825,0.8006319279864164,0.004646272231764462,0.006442113303141099,3,1,0.2027466744184494,0.5677635669708252,0,HIGH,LOW,HIGH,MID,LOW,LOW,HIGH,HIGH,MID
2018-07-26,2018-07-27,-0.006799313952093535,DOWN,1.6020136150011481,0.004773668160629765,91.66000366210938,1.0,17.182973817120136,-0.010864803611615188,0.18792551573226768,0.00575615283129232,0.0021572098134476146,3,0,0.1329212784767151,0.5677635669708252,0,HIGH,LOW,MID,MID,LOW,LOW,MID,HIGH,MID
2018-08-09,2018-08-10,-0.006722667999259242,DOWN,1.7917055290713069,0.0039623882707633526,88.69000244140625,1.0,12.987331935605841,-0.007699388956536126,-0.1120974098813654,0.001687731747111502,-0.03167387968437108,3,0,0.4149409830570221,0.5677635669708252,0,HIGH,LOW,MID,MID,LOW,LOW,MID,MID,LOW
2018-08-13,2018-08-14,0.006360402336152668,UP,2.1049716488515458,0.004423111678801644,107.77999877929688,1.0,12.131130822021326,-0.0072378986284496,-0.4709473705357593,-0.0007455634374088781,-0.026578250471845474,3,1,0.9144553542137146,0.5677635669708252,1,HIGH,LOW,HIGH,MID,LOW,LOW,LOW,MID,LOW
2018-08-14,2018-08-15,-0.007495421687086555,DOWN,1.842821925679522,0.004549822226671916,100.33999633789062,1.0,11.878464542704489,-0.004322584251155613,0.7900970703098239,-0.003882149896090951,-0.03127774631042734,3,0,0.9287264943122864,0.5677635669708252,1,HIGH,LOW,HIGH,MID,LOW,LOW,HIGH,MID,LOW
2018-08-15,2018-08-16,0.008058854565280422,UP,1.8905141972488948,0.004878214282187688,111.12999725341797,1.0,12.682400028405647,-0.0037071777773963885,-0.8780782532164166,-0.008686712710087842,-0.029255595178334662,3,1,0.864967942237854,0.5677635669708252,1,HIGH,LOW,HIGH,MID,LOW,MID,LOW,LOW,LOW
2018-08-23,2018-08-24,0.006000370927635234,UP,1.6698980160177843,0.004681462587714652,95.91999816894531,1.0,10.635650069454126,-0.0023680206217665456,-0.6065707071880624,0.0021612611505746554,0.03556534686577294,3,1,0.49314919114112854,0.5677635669708252,0,HIGH,LOW,HIGH,MID,LOW,MID,LOW,MID,HIGH
2018-08-24,2018-08-27,0.007864333972650215,UP,1.6736256309667232,0.004512950667322344,93.94999694824219,1.0,11.035838513312687,-0.0039090992097411265,0.5472434121113552,0.0016183673061699573,0.04175006481253348,3,1,0.544076681137085,0.5677635669708252,0,HIGH,LOW,MID,MID,LOW,MID,HIGH,MID,HIGH
2018-08-28,2018-08-29,0.005366361323691596,UP,1.7721331835375211,0.004443379271664194,92.30999755859375,1.0,13.73814438897971,-0.008511883092745469,-0.23693598825302617,0.004963071473067751,0.01736870758463701,3,1,0.5472153425216675,0.5677635669708252,0,HIGH,LOW,MID,MID,LOW,LOW,MID,HIGH,HIGH
2018-08-29,2018-08-30,-0.004056601512742224,DOWN,1.7312625396981478,0.004457310477368252,91.0999984741211,1.0,15.491070427069738,-0.005150910330942685,0.7690354023884427,0.004988252557342014,0.024023889494741203,3,0,0.4858647286891937,0.5677635669708252,0,HIGH,LOW,MID,MID,LOW,LOW,HIGH,HIGH,HIGH
2018-09-12,2018-09-13,0.005897047898963309,UP,2.0511726812291853,0.004035458472572264,97.23999786376953,1.0,14.414663432485545,0.001097704820337872,0.43678087023769663,0.002653471763466245,0.023726779569605536,3,1,0.7078108787536621,0.5677635669708252,1,HIGH,LOW,HIGH,MID,LOW,MID,HIGH,HIGH,HIGH
2018-09-14,2018-09-17,-0.005308373230784791,DOWN,2.2786739171271972,0.0033367587463818127,88.06999969482422,1.0,14.429034069406761,-0.00015291814605924992,-0.27689241782540874,0.003407113605499076,0.018137075833857118,3,0,0.8905124664306641,0.5677635669708252,1,HIGH,LOW,MID,MID,LOW,MID,MID,HIGH,HIGH
2018-09-17,2018-09-18,0.005411499028350448,UP,2.402698232449875,0.0035866302561292757,96.33999633789062,1.0,13.766851198093452,1.5135081066420392e-05,0.1452759234656673,0.004647317506797332,0.02008132999972466,3,1,0.5349054932594299,0.5677635669708252,0,HIGH,LOW,HIGH,MID,LOW,MID,MID,HIGH,HIGH
2018-09-19,2018-09-20,0.008071129316734715,UP,1.9947766014611688,0.003710593084797347,88.18000030517578,1.0,13.515630001776971,-0.005051350337702085,-0.006331463258777228,0.00543464674117771,0.010601554815592353,3,1,0.0824483335018158,0.5677635669708252,0,HIGH,LOW,MID,MID,LOW,LOW,MID,HIGH,MID
2018-09-20,2018-09-21,-0.005430607129735593,DOWN,1.8462338857603073,0.00402619704902953,87.30999755859375,1.0,14.637965333340924,-0.00526917060814865,1.224447252000775,0.004436161581187574,0.03171234568367012,3,0,0.22370614111423492,0.5677635669708252,0,HIGH,LOW,MID,MID,LOW,LOW,HIGH,HIGH,HIGH
2018-10-03,2018-10-04,-0.007846412218619621,DOWN,2.008562891391017,0.0036412164975280145,85.80000305175781,1.0,14.185396660469209,-0.012913420260022184,-0.19197848231786063,0.006277334419328599,0.06543763810008194,3,0,0.18307772278785706,0.5677635669708252,0,HIGH,LOW,MID,MID,LOW,LOW,MID,HIGH,HIGH
2018-10-04,2018-10-05,-0.005612719892668467,DOWN,2.225941849426504,0.004024255252148171,99.44000244140625,1.0,13.951265701844115,-0.013173206697667077,-0.8351741440723739,0.006137408972458654,0.03018322695271321,3,0,0.7248992323875427,0.5677635669708252,1,HIGH,LOW,HIGH,MID,LOW,LOW,LOW,HIGH,HIGH
2018-10-09,2018-10-10,-0.032175327738924224,DOWN,2.436744909818055,0.004123351366623152,103.91999816894531,0.0,15.387647251505582,-0.012388996634618902,-0.18667122982393552,0.0005760646713103973,-0.0035955064777806493,3,0,0.5664923191070557,0.5677635669708252,0,HIGH,LOW,HIGH,MID,LOW,LOW,MID,MID,MID
2018-10-10,2018-10-11,-0.022272704268319985,DOWN,1.757265498084913,0.008230651509132129,135.61000061035156,0.0,18.082146161091266,-0.010820675150726128,-2.2337585743441735,-0.007059013297075704,-0.043328149715295784,3,0,0.6482823491096497,0.5677635669708252,1,HIGH,MID,HIGH,MID,LOW,LOW,LOW,LOW,LOW
2018-10-11,2018-10-12,0.013792813721223516,UP,1.7140834682345383,0.009180370090608486,129.3000030517578,0.0,21.5179252621149,-0.009241192814286273,-3.220231452573226,-0.010798074371064906,-0.04625739363416826,3,1,0.45232734084129333,0.5677635669708252,0,HIGH,MID,HIGH,MID,MID,LOW,LOW,LOW,LOW
2018-10-12,2018-10-15,-0.005632860513300101,DOWN,1.3522025745170914,0.009927534613724922,124.80999755859375,0.0,24.70829157020828,-0.015480016883750412,1.4681465940139082,-0.005119011653542577,-0.04119198700991779,3,0,0.7973043918609619,0.5677635669708252,1,MID,MID,HIGH,MID,MID,LOW,HIGH,MID,LOW
2018-10-15,2018-10-16,0.021630259784663514,UP,1.3509061828331304,0.00993239832767743,118.77999877929688,0.0,27.670774570580704,-0.01220609598233563,-0.31390827337233085,-0.0028022441693281524,-0.034370496774122725,3,1,0.5319214463233948,0.5677635669708252,0,MID,MID,HIGH,MID,HIGH,LOW,MID,MID,LOW
2018-10-17,2018-10-18,-0.01454642966960099,DOWN,0.9790586346403967,0.01119541679032345,109.27999877929688,-1.0,29.426521899176134,-0.013888030034765915,-0.3118211477489069,0.006741429566483424,-0.04786805516979899,3,0,0.749922513961792,0.5677635669708252,1,LOW,MID,HIGH,LOW,HIGH,LOW,MID,HIGH,LOW
2018-10-22,2018-10-23,-0.005103814901447561,DOWN,1.09653575162939,0.01128283932402497,112.1500015258789,-1.0,32.8739644241731,-0.01285444383477262,-0.5373321327656567,0.0031100876275108793,-0.0370386525725987,3,0,0.2995832562446594,0.5677635669708252,0,LOW,MID,HIGH,LOW,HIGH,LOW,LOW,HIGH,LOW
2018-10-23,2018-10-24,-0.030767008987836523,DOWN,1.1561113196978277,0.01128444374490136,108.70999908447266,-1.0,34.783960855509314,-0.012385379655238213,-0.7756928933343104,-9.447586483538831e-05,-0.07940559843266592,3,0,0.16915565729141235,0.5677635669708252,0,LOW,MID,HIGH,LOW,HIGH,LOW,LOW,MID,LOW
2018-10-24,2018-10-25,0.017781489427391158,UP,1.2343953162524488,0.012875458609098934,118.58000183105469,-1.0,36.95148343666736,-0.0076711093513426865,-0.7775838948800762,-0.00943196473535701,-0.04291498833999689,3,1,0.7933300137519836,0.5677635669708252,1,MID,HIGH,HIGH,LOW,HIGH,LOW,LOW,LOW,LOW
2018-10-25,2018-10-26,-0.017743878014358665,DOWN,1.1115539842986222,0.013725977934294292,113.91000366210938,-1.0,38.96418297631412,-0.00972816880758652,0.9211581501165007,-0.001945913572210844,-0.019415224688495276,3,0,0.35034894943237305,0.5677635669708252,0,LOW,HIGH,HIGH,LOW,HIGH,LOW,HIGH,MID,MID
2018-10-29,2018-10-30,0.01470975811483792,UP,1.1180792537506135,0.01391631040521069,110.38999938964844,-1.0,43.41028804633342,0.0002478420374820156,-0.23197355121711974,-0.01147418986041662,-0.03127774631042734,3,1,0.550057053565979,0.5677635669708252,0,LOW,HIGH,HIGH,LOW,HIGH,MID,MID,LOW,LOW
2018-10-30,2018-10-31,0.010624230324527811,UP,1.009036108436151,0.014577394728760113,106.08000183105469,-1.0,45.48504673833105,0.00552775475705955,1.2217394991676285,-0.004518772111989848,-0.0037704591663297446,3,1,0.562174379825592,0.5677635669708252,0,LOW,HIGH,HIGH,LOW,HIGH,HIGH,HIGH,MID,MID
2018-10-31,2018-11-01,0.010585627590690578,UP,0.8962248499920056,0.014922195750763262,102.9000015258789,-1.0,45.32270609821782,0.001128578354229512,0.41833378173678093,0.004708455282418387,-0.02285730582872674,3,1,0.945598304271698,0.5677635669708252,1,LOW,HIGH,HIGH,LOW,HIGH,MID,HIGH,HIGH,LOW
2018-11-01,2018-11-02,-0.005940593358602918,DOWN,0.8003483643649238,0.01522219009275127,99.56999969482422,-1.0,44.99238105256973,0.00408855491341005,0.6034006026719915,0.001367908839488966,-0.05557838693125641,3,0,0.17544735968112946,0.5677635669708252,0,LOW,HIGH,HIGH,LOW,HIGH,HIGH,HIGH,MID,LOW
2018-11-05,2018-11-06,0.0063079476191934235,UP,0.8202495922366833,0.015329014092437556,101.83000183105469,-1.0,43.36055123252606,0.006475815262397808,0.5202532491407131,0.00981931646175604,-0.06056872446501052,3,1,0.6671591401100159,0.5677635669708252,1,LOW,HIGH,HIGH,LOW,HIGH,HIGH,HIGH,HIGH,LOW
2018-11-06,2018-11-07,0.021182942264952046,UP,0.8114439192626609,0.015456546906283107,102.4800033569336,-1.0,42.14773097622683,0.010369885447204456,0.5321140547122503,0.006136031002638103,-0.06186256329456005,3,1,0.9708064198493958,0.5677635669708252,1,LOW,HIGH,HIGH,LOW,HIGH,HIGH,HIGH,HIGH,LOW
2018-11-08,2018-11-09,-0.009816258332266129,DOWN,0.7749478991138211,0.013591377640598605,95.4000015258789,-1.0,36.506445971494784,0.0024910957068282995,-0.13170778635796698,0.007039654780774117,-0.04857823104751641,3,0,0.42054036259651184,0.5677635669708252,0,LOW,HIGH,HIGH,LOW,HIGH,MID,MID,HIGH,LOW
2018-11-09,2018-11-12,-0.018861977910483718,DOWN,0.8104719548916788,0.013493091777223274,100.55000305175781,-1.0,34.72398612424788,0.008550555285668504,-0.4355014311312495,-0.0027730204100765246,-0.047848270719460864,3,0,0.2831641137599945,0.5677635669708252,0,LOW,HIGH,HIGH,LOW,HIGH,HIGH,MID,MID,LOW
2018-11-13,2018-11-14,-0.006860150527645864,DOWN,0.9605181458470748,0.013129803872662184,105.31999969482422,0.0,33.3366614281941,0.010015639305276654,-0.19530617333727918,-0.009151683216992024,-0.11071517086819045,3,0,0.6504408717155457,0.5677635669708252,1,LOW,HIGH,HIGH,MID,HIGH,HIGH,MID,LOW,LOW
2018-11-14,2018-11-15,0.01038254163095934,UP,1.01592391545133,0.013176421530015086,111.41999816894531,0.0,33.28070407435629,0.012718572858025634,-0.9840907596654479,-0.011578728223013968,-0.09199151822769774,3,1,0.6144461035728455,0.5677635669708252,1,LOW,HIGH,HIGH,MID,HIGH,HIGH,LOW,LOW,LOW
2018-11-16,2018-11-19,-0.017059178822574482,DOWN,0.8715089603233384,0.013111885289074613,101.93000030517578,0.0,33.22405909887068,0.012135718616324792,0.3118260914562947,-0.008985612715465854,-0.0639737961339067,3,0,0.8515106439590454,0.5677635669708252,1,LOW,HIGH,HIGH,MID,HIGH,HIGH,MID,LOW,LOW
2018-11-19,2018-11-20,-0.01867955357480556,DOWN,0.9305326796172508,0.013607055790152948,107.12999725341797,0.0,33.53174207828796,0.01822285164718365,-0.6372342495774728,-0.005033777325052341,-0.054345396841752935,3,0,0.7821556329727173,0.5677635669708252,1,LOW,HIGH,HIGH,MID,HIGH,HIGH,LOW,MID,LOW
2018-11-21,2018-11-23,-0.006701102367690993,DOWN,1.0552633265590008,0.012416586066505305,100.2699966430664,0.0,35.34270837080024,0.019444897451295653,0.24467905541994264,-0.003274541540031423,-0.029222839125096045,3,0,0.3285415768623352,0.5677635669708252,0,LOW,HIGH,HIGH,MID,HIGH,HIGH,MID,MID,LOW
2018-11-23,2018-11-26,0.016015415321976274,UP,1.1532778723416661,0.011754605181232627,99.29000091552734,-1.0,36.375951248822005,0.027955292613813253,-0.13235247278047918,-0.010910692372878684,-0.11314452116610527,3,1,0.6969141364097595,0.5677635669708252,1,LOW,HIGH,HIGH,LOW,HIGH,HIGH,MID,LOW,LOW
2018-11-27,2018-11-28,0.022764226209489338,UP,1.0310884359755619,0.011620219628804457,91.54000091552734,-1.0,36.040407276331564,0.01451756606900452,0.2142927375125535,0.0012294223382915267,-0.09608561801474441,3,1,0.19876821339130402,0.5677635669708252,0,LOW,HIGH,MID,LOW,HIGH,HIGH,MID,MID,LOW
2018-11-30,2018-12-03,0.01315450635189911,UP,0.955651727998324,0.011911274285100772,93.58999633789062,-1.0,29.790106609800866,0.0035829988276209826,0.760079218638942,0.012316628477370901,0.010064261444842465,3,1,0.8782878518104553,0.5677635669708252,1,LOW,HIGH,MID,LOW,HIGH,MID,HIGH,HIGH,MID
2018-12-03,2018-12-04,-0.032938972726007744,DOWN,0.8530488977807507,0.012140250018281184,85.87000274658203,-1.0,28.446648987315356,0.0001025704736887928,0.8234945511534828,0.009911641906674427,0.02524516687665507,3,0,0.7450622916221619,0.5677635669708252,1,LOW,HIGH,MID,LOW,HIGH,MID,HIGH,HIGH,HIGH
2018-12-06,2018-12-07,-0.023510162043045117,DOWN,0.9395699684645461,0.014206973498044043,93.8499984741211,-1.0,27.22651542705655,-0.0015077047672520869,-0.32059588264468264,-0.009384247326090311,0.023581378267136018,3,0,0.23694993555545807,0.5677635669708252,0,LOW,HIGH,MID,LOW,HIGH,MID,MID,LOW,HIGH
2018-12-13,2018-12-14,-0.018637364083155077,DOWN,0.9588785210707763,0.01356613664113705,93.0,0.0,25.877945073311714,-0.010009082782481655,-0.0037810691710676364,-0.002386328081706939,0.02094820746993389,3,0,0.12456323206424713,0.5677635669708252,0,LOW,HIGH,MID,MID,HIGH,LOW,MID,MID,HIGH
2018-12-14,2018-12-17,-0.019813379448779447,DOWN,0.968485889259252,0.014068990446248906,96.44999694824219,-1.0,26.152769087028936,-0.006159007672587327,-1.033794705782618,-0.003503198159893561,-0.027166680397528852,3,0,0.15399132668972015,0.5677635669708252,0,LOW,HIGH,HIGH,LOW,HIGH,LOW,LOW,MID,LOW
2018-12-18,2018-12-19,-0.015088990911623237,DOWN,1.130781769477746,0.01425021675521141,103.63999938964844,-1.0,28.09259866971041,-0.0071559182371413455,-0.26204670930299634,-0.01579970290698381,-0.1106449644451734,3,0,0.7571420073509216,0.5677635669708252,1,LOW,HIGH,HIGH,LOW,HIGH,LOW,MID,LOW,LOW
2018-12-19,2018-12-20,-0.016411886126272028,DOWN,1.1381253145822217,0.014158269842029128,105.05000305175781,-1.0,29.377841009351975,-0.01182375351352169,-1.744455074676606,-0.026238076732553045,-0.08036861347360869,3,0,0.5928135514259338,0.5677635669708252,1,LOW,HIGH,HIGH,LOW,HIGH,LOW,LOW,LOW,LOW
2018-12-20,2018-12-21,-0.02652501947718206,DOWN,1.273496993367024,0.014038289165804657,109.6500015258789,-1.0,30.991850731862744,-0.012271397021774683,-1.8218304853699208,-0.03145593412182099,-0.1363065385841031,3,0,0.8079900145530701,0.5677635669708252,1,MID,HIGH,HIGH,LOW,HIGH,LOW,LOW,LOW,LOW
2018-12-21,2018-12-24,-0.026778295497672407,DOWN,1.2767865964428793,0.014855667794844077,106.61000061035156,-1.0,32.84951020291438,-0.006474184426260465,-1.6791958365942605,-0.03231433053896369,-0.11605114937431346,3,0,0.7286815643310547,0.5677635669708252,1,MID,HIGH,HIGH,LOW,HIGH,LOW,LOW,LOW,LOW
2018-12-24,2018-12-26,0.049289909317996004,UP,1.4521376946170812,0.015647251722562712,111.87999725341797,-1.0,34.94641308259156,-0.015647224933703893,-0.898816393886593,-0.029925127033226098,-0.15941046166215744,3,1,0.9710044264793396,0.5677635669708252,1,MID,HIGH,HIGH,LOW,HIGH,LOW,LOW,LOW,LOW
2019-01-02,2019-01-03,-0.024152091139486728,DOWN,0.7849537880989501,0.018634504215001246,81.66000366210938,-1.0,34.66308891651775,-0.008890313193143706,0.22293162796536947,0.0071673686495607025,0.090102496982608,3,0,0.7611497044563293,0.5677635669708252,1,LOW,HIGH,LOW,LOW,HIGH,LOW,MID,HIGH,HIGH
2019-01-03,2019-01-04,0.03294696944123263,UP,0.8617115674745391,0.01860482573196407,83.80000305175781,-1.0,34.7158215941762,-0.0031547774147808183,-0.8861248476392406,-0.010271814857695141,0.01864803623886238,3,1,0.08621163666248322,0.5677635669708252,0,LOW,HIGH,MID,LOW,HIGH,MID,LOW,LOW,HIGH
2019-01-14,2019-01-15,0.011395631602565357,UP,0.6228085265733038,0.019288384999580372,83.01000213623047,0.0,24.55390807953463,0.013044236512410354,-0.41966888861228463,0.002596175600588729,0.040195209739189615,3,1,0.6372553706169128,0.5677635669708252,1,LOW,HIGH,MID,MID,MID,HIGH,MID,HIGH,HIGH
2019-01-17,2019-01-18,0.013222209602931542,UP,0.6141111010546784,0.01852552458604737,82.79000091552734,0.0,20.579302950666158,0.00908790342425406,0.7175636169003643,-0.0025925713716694896,-0.009937029188782621,3,1,0.9156384468078613,0.5677635669708252,1,LOW,HIGH,LOW,MID,MID,HIGH,HIGH,MID,MID
2019-01-18,2019-01-22,-0.013602591137040479,DOWN,0.6137558013834955,0.018269392365375236,82.48999786376953,0.0,20.37796040082347,0.011711371588690088,0.8001601813760921,0.003559632961333687,0.041945594772446484,3,0,0.08763420581817627,0.5677635669708252,0,LOW,HIGH,LOW,MID,MID,HIGH,HIGH,HIGH,HIGH
2019-01-29,2019-01-30,0.01570676929998593,UP,1.0575017933642419,0.011395504790688134,86.83999633789062,0.0,17.12912753937648,0.023161517107563555,0.36004865320653345,-0.004563663119958579,0.01397834756892122,3,1,0.46063482761383057,0.5677635669708252,0,LOW,HIGH,MID,MID,LOW,HIGH,MID,MID,MID
2019-02-11,2019-02-12,0.01277742078377807,UP,1.313573751309461,0.007658614179913851,82.7699966430664,1.0,21.482127578831847,0.009301404994000145,0.24697257862055114,-0.002831292594816479,-0.04020362880284832,3,1,0.9006741642951965,0.5677635669708252,1,MID,MID,LOW,MID,MID,HIGH,MID,MID,LOW
2019-02-14,2019-02-15,0.010838312654595526,UP,1.3482169381222642,0.007578631350456672,81.63999938964844,1.0,22.78386293603618,0.01283976825218449,-0.33682172212990313,0.0035936894224736123,0.03307168227118784,3,1,0.8011089563369751,0.5677635669708252,1,MID,MID,LOW,MID,MID,HIGH,MID,HIGH,HIGH
2019-03-08,2019-03-11,0.014397105360716386,UP,1.94255057060915,0.005204780418776771,87.23999786376953,1.0,22.601500606008663,-0.004416066259099193,-0.45048602769311885,-0.01408279541842893,0.004827048978302013,3,1,0.8790757656097412,0.5677635669708252,1,HIGH,LOW,MID,MID,MID,LOW,MID,LOW,MID
2019-03-20,2019-03-21,0.011231393051487988,UP,1.7014989691485756,0.005149856937141703,86.62999725341797,1.0,21.650834187297875,-0.01958496070343292,-0.37865616216260306,-0.0032553041406579875,0.02659151528487693,3,1,0.38996386528015137,0.5677635669708252,0,HIGH,LOW,MID,MID,MID,LOW,MID,MID,HIGH
2019-03-21,2019-03-22,-0.01943396344627371,DOWN,1.5410347304152694,0.00557164147427762,83.88999938964844,1.0,22.199420061328166,-0.01777201137349522,0.7437916009355127,-0.006629592728685926,0.023105824786808032,3,0,0.568967342376709,0.5677635669708252,1,HIGH,LOW,MID,MID,MID,LOW,HIGH,LOW,HIGH
2019-03-29,2019-04-01,0.011789391005819612,UP,1.160275149267141,0.0074434828995055165,85.81999969482422,1.0,19.47088387425978,-0.010283054930347027,0.7476963659005023,0.0030197824632249275,0.018459971612421164,3,1,0.8759649395942688,0.5677635669708252,1,LOW,MID,MID,MID,MID,LOW,HIGH,HIGH,HIGH
2019-04-22,2019-04-23,0.008951499012848906,UP,1.8780094774469862,0.004166041084088474,83.2699966430664,1.0,32.988337809856205,0.0011007587350486611,0.10936866053493931,0.0003501919703614211,0.027936033979583996,3,1,0.09937997162342072,0.5677635669708252,0,HIGH,LOW,MID,MID,HIGH,MID,MID,MID,HIGH
2019-04-30,2019-05-01,-0.007544857686864009,DOWN,2.5570969410715154,0.0032321117507499906,88.55999755859375,1.0,35.698616815172926,-0.005628503688052608,0.5813720715947001,-0.0015899296834432576,-0.03671410194669826,3,0,0.3798939883708954,0.5677635669708252,0,HIGH,LOW,MID,MID,HIGH,LOW,HIGH,MID,LOW
2019-05-02,2019-05-03,0.009740191305968461,UP,2.350823830685637,0.003864069309438533,93.0199966430664,1.0,33.65737770396035,-0.005876374824649332,-0.6246983345805419,0.002280168788321683,-0.05354763147630966,3,1,0.36615511775016785,0.5677635669708252,0,HIGH,LOW,MID,MID,HIGH,LOW,LOW,MID,LOW
2019-05-06,2019-05-07,-0.016840741177932043,DOWN,2.2096646736257686,0.004401702042785925,94.8499984741211,1.0,30.61894114530362,-0.009587287377553742,-0.6135313408441451,-0.0030163605029678913,-0.019881370553828933,3,0,0.2369588315486908,0.5677635669708252,0,HIGH,LOW,HIGH,MID,HIGH,LOW,LOW,MID,MID
2019-05-10,2019-05-13,-0.02545139089151207,DOWN,1.7144044981995044,0.005893737932006715,96.01000213623047,0.0,27.750962049011427,-0.008260975229778648,1.2262573520889855,-0.0033463955766573563,-0.004530732390406708,3,0,0.29558470845222473,0.5677635669708252,0,HIGH,LOW,HIGH,MID,HIGH,LOW,HIGH,MID,MID
2019-05-13,2019-05-14,0.0090030333354504,UP,1.622679267239134,0.00797772115618681,105.5999984741211,0.0,27.792865698798067,-0.009301788884827071,-1.0010266960345104,-0.012256493879716676,-0.01962913336980585,3,1,0.3022754192352295,0.5677635669708252,0,HIGH,MID,HIGH,MID,HIGH,LOW,LOW,LOW,MID
2019-05-14,2019-05-15,0.0058403701425228565,UP,1.3666500997020894,0.008324537717176497,97.26000213623047,0.0,27.124655492212213,-0.006351278220385639,0.7401542052361855,-0.005525473193865433,0.006169807727018853,3,1,0.8298294544219971,0.5677635669708252,1,MID,MID,HIGH,MID,HIGH,LOW,HIGH,MID,MID
2019-05-15,2019-05-16,0.009218637124873778,UP,1.2236812087056645,0.008463173924057956,94.52999877929688,0.0,26.22149840223916,-0.008751965905051225,0.24265451644824212,-0.011071840401122409,-0.0016110600328936556,3,1,0.5917109847068787,0.5677635669708252,1,MID,MID,HIGH,MID,HIGH,LOW,MID,LOW,MID
2019-05-16,2019-05-17,-0.006486112083815541,DOWN,1.1011328818940527,0.008747168292035631,94.2300033569336,0.0,24.589419121534956,-0.007784841370869034,0.7996510993579302,-0.004013588080428557,0.018785142129053033,3,0,0.7243243455886841,0.5677635669708252,1,LOW,MID,MID,MID,MID,LOW,HIGH,MID,HIGH
2019-05-17,2019-05-20,-0.006633991589894881,DOWN,1.1378965032855684,0.008835474032169204,99.12000274658203,0.0,22.85019619775789,-0.008330761745648028,-0.7882978177879321,-0.006644571834005741,0.017682481137280073,3,0,0.6970142722129822,0.5677635669708252,1,LOW,MID,HIGH,MID,MID,LOW,LOW,LOW,HIGH
2019-05-20,2019-05-21,0.008975264330872007,UP,1.1514271231458086,0.008923130014057994,96.83000183105469,0.0,21.863397756220067,-0.004634712914616163,-0.29390553632880007,0.0045673826748373805,0.033191343390239984,3,1,0.1707007884979248,0.5677635669708252,0,LOW,MID,HIGH,MID,MID,LOW,MID,HIGH,HIGH
2019-05-22,2019-05-23,-0.012293830495202978,DOWN,1.0402350926348878,0.00893223723553496,89.30000305175781,0.0,19.558133359064502,-0.007093368331909471,-0.24399626444964084,0.007460540242063011,-0.00972143585255793,3,0,0.5651612281799316,0.5677635669708252,0,LOW,MID,MID,MID,MID,LOW,MID,HIGH,MID
2019-05-24,2019-05-28,-0.009344053622205415,DOWN,1.0852566347234733,0.009200184929691328,90.19000244140625,0.0,19.85689116666936,-0.003982059955269242,0.38352666342130726,-0.007397270167534524,-0.06807137192659929,3,0,0.9308972358703613,0.5677635669708252,1,LOW,MID,MID,MID,MID,MID,MID,LOW,LOW
2019-05-28,2019-05-29,-0.006733326325221417,DOWN,1.184091252370083,0.009310062694945883,95.08000183105469,0.0,20.298490945429194,-0.003954560410575923,-0.9900942659237703,-0.010419082566982565,-0.06481324126137251,3,0,0.8722105622291565,0.5677635669708252,1,MID,MID,HIGH,MID,MID,MID,LOW,LOW,LOW
2019-05-30,2019-05-31,-0.013566904278608705,DOWN,1.1671569353500069,0.009337197790422207,92.77999877929688,-1.0,22.22515023482346,-0.005478236879923125,0.16392250429031943,-0.01901400871444007,-0.08190319134984103,3,0,0.5606351494789124,0.5677635669708252,0,MID,MID,MID,LOW,MID,LOW,MID,LOW,LOW
2019-06-03,2019-06-04,0.021474402541057206,UP,1.2893131458985219,0.009214738630825337,96.02999877929688,-1.0,24.98054311493557,0.0034865562792182753,0.7630754691093442,-0.020889494407434376,-0.09624872460448486,3,1,0.6220897436141968,0.5677635669708252,1,MID,MID,HIGH,LOW,MID,MID,HIGH,LOW,LOW
2019-06-04,2019-06-05,0.00862484793483843,UP,0.9934561049676495,0.010760510396259268,88.93000030517578,-1.0,24.820654578353142,0.004786655627424134,1.2585743722172273,-0.00962685124117399,-0.10059976042966635,3,1,0.5871457457542419,0.5677635669708252,1,LOW,MID,MID,LOW,MID,HIGH,HIGH,LOW,LOW
2019-06-05,2019-06-06,0.0064816219771665325,UP,0.9716438903028921,0.010431545427093129,86.72000122070312,-1.0,23.93658238622184,0.0034242706107831273,1.1182702920287144,-0.0035195529283439265,-0.12924106644373187,3,1,0.7750772833824158,0.5677635669708252,1,LOW,MID,MID,LOW,MID,MID,HIGH,MID,LOW
2019-06-06,2019-06-07,0.009957305414700513,UP,0.9504024574872074,0.010558639523270305,86.11000061035156,-1.0,22.384600236588344,0.0021304485701513125,1.3412806535361732,0.0003095500523234156,-0.0733063033480931,3,1,0.33091092109680176,0.5677635669708252,0,LOW,MID,MID,LOW,MID,MID,HIGH,MID,LOW
2019-06-17,2019-06-18,0.010416577802197647,UP,1.1546256827120551,0.008374654648893263,83.4800033569336,0.0,18.43434579770238,-0.001823534009497113,-0.17296813000485065,-0.006656941572735379,-0.025288885138297183,3,1,0.47954341769218445,0.5677635669708252,0,LOW,MID,MID,MID,MID,MID,MID,LOW,LOW
2019-06-19,2019-06-20,0.009508962073565962,UP,1.0898215100896926,0.008283054945606135,84.58000183105469,0.0,19.462241377255413,-0.003112661908595552,0.07486895490889611,-0.004649647005811625,0.04996270706528767,3,1,0.8850702047348022,0.5677635669708252,1,LOW,MID,MID,MID,MID,MID,MID,MID,HIGH
2019-06-20,2019-06-21,-0.006306552614024858,DOWN,1.1030559628534593,0.008423531480766668,81.20999908447266,0.0,20.53325896532697,-0.0019184085038472867,1.0745532760009724,-0.004797377494122032,0.08027814900252385,3,0,0.10549764335155487,0.5677635669708252,0,LOW,MID,LOW,MID,MID,MID,HIGH,MID,HIGH
2019-06-24,2019-06-25,-0.009856358925298136,DOWN,1.1976457175309163,0.0080264943410823,82.58999633789062,0.0,22.314803152780765,-0.0048082371239164395,-0.10455116311098463,-0.0038781356293099787,0.10882074719974014,3,0,0.056998588144779205,0.5677635669708252,0,MID,MID,LOW,MID,MID,LOW,MID,MID,HIGH
2019-06-27,2019-06-28,0.005132603226520216,UP,1.269912888791737,0.007847517075691559,86.5199966430664,1.0,20.69726174919826,0.003923337120650926,0.5608821470757634,-0.004942019634312784,0.047907140104403334,3,1,0.8143296241760254,0.5677635669708252,1,MID,MID,MID,MID,MID,MID,HIGH,MID,HIGH
2019-06-28,2019-07-01,0.009037548842095075,UP,1.3702866799828788,0.006932496082029055,85.77999877929688,1.0,20.676081913293512,0.005810957862054725,0.6264190000769408,-0.0076060205041600555,0.01794700287492639,3,1,0.9113044142723083,0.5677635669708252,1,MID,LOW,MID,MID,MID,HIGH,HIGH,LOW,HIGH
2019-07-02,2019-07-03,0.007963334238251185,UP,1.4783175792693213,0.005509732617545793,78.22000122070312,1.0,22.382745651658635,-0.008799222585742027,0.22294461170755117,-0.007449709040857606,-0.027701662748309742,3,1,0.5117360949516296,0.5677635669708252,0,MID,LOW,LOW,MID,MID,LOW,MID,LOW,LOW
2019-07-03,2019-07-08,-0.006648493261847134,DOWN,1.4464009449363984,0.005474523191526832,80.04000091552734,1.0,23.686719466336285,-0.006938887640893662,0.6040243684498533,-0.007954514919929084,-0.03495902420707697,3,0,0.5617750287055969,0.5677635669708252,0,MID,LOW,LOW,MID,MID,LOW,HIGH,LOW,LOW
2019-07-16,2019-07-17,-0.0068282785807129015,DOWN,1.4962302855143617,0.00541429912248202,88.25,1.0,29.24029029329215,-0.003688247344799847,-0.28210667629291236,0.004121449856525339,-0.0036379927136877517,3,0,0.5162558555603027,0.5677635669708252,0,HIGH,LOW,MID,MID,HIGH,MID,MID,HIGH,MID
2019-07-18,2019-07-19,-0.005570394083371622,DOWN,1.5840711672413839,0.0053805023880262115,84.04000091552734,1.0,27.85380025983224,-0.0023807710075574237,0.6729665534767082,-0.00875748611848067,-0.08489947025627255,3,0,0.395000159740448,0.5677635669708252,0,HIGH,LOW,MID,MID,HIGH,MID,HIGH,LOW,LOW
2019-07-22,2019-07-23,0.007124626357165882,UP,1.6377476533347322,0.0052041586997797,81.22000122070312,1.0,26.732514746500033,-0.00382567422327785,0.10681412483831426,-0.008297663524939087,-0.05804739082648809,3,1,0.7467101812362671,0.5677635669708252,1,HIGH,LOW,LOW,MID,HIGH,MID,MID,LOW,LOW
2019-07-25,2019-07-26,0.006677687088676026,UP,1.7019358022391722,0.004715480741883339,84.30000305175781,1.0,27.72245753972524,-0.0021811890692075425,-0.7515135673770238,0.001070477836044358,0.012935883271479818,3,1,0.18241429328918457,0.5677635669708252,0,HIGH,LOW,MID,MID,HIGH,MID,LOW,MID,MID
2019-07-30,2019-07-31,-0.011000724758174285,DOWN,1.799841126345474,0.004878971925193031,91.58000183105469,1.0,29.037258754987555,-0.00762412421324464,-0.09192889165864465,0.0005743846184281878,0.022296669754988657,3,0,0.2652168571949005,0.5677635669708252,0,HIGH,LOW,MID,MID,HIGH,LOW,MID,MID,HIGH
2019-07-31,2019-08-01,-0.008746054656595139,DOWN,1.930072025166577,0.0052612782862194885,96.27999877929688,1.0,27.27505879289162,-0.004680066336579317,-1.5517862157261537,-2.5196982244929606e-05,0.04718681915371517,3,0,0.9904630780220032,0.5677635669708252,1,HIGH,LOW,HIGH,MID,HIGH,LOW,LOW,MID,HIGH
2019-08-01,2019-08-02,-0.007558001636935497,DOWN,2.007735428269904,0.005606835571038958,105.47000122070312,1.0,26.11528158660731,-0.005095932152826935,-1.4432926280205483,-0.01188482080698211,-0.03765107215764936,3,0,0.7864879965782166,0.5677635669708252,1,HIGH,LOW,HIGH,MID,HIGH,LOW,LOW,LOW,LOW
2019-08-02,2019-08-05,-0.030534562051236183,DOWN,2.021130924519401,0.005488638827266471,102.69000244140625,1.0,26.032184201681325,-0.006707566895873342,-1.2278800190333785,-0.015241872071979325,-0.009655017118763836,3,0,0.3978576958179474,0.5677635669708252,0,HIGH,LOW,HIGH,MID,HIGH,LOW,LOW,LOW,MID
2019-08-05,2019-08-06,0.013925491826036846,UP,1.8086880712647415,0.008564353537635969,114.4000015258789,0.0,27.754455479379065,-0.004814349055317642,-1.9705043581694202,-0.02558456711778718,-0.03908709028878716,3,1,0.4892531931400299,0.5677635669708252,0,HIGH,MID,HIGH,MID,HIGH,LOW,LOW,LOW,LOW
2019-08-07,2019-08-08,0.019430085399064805,UP,1.3387185841662643,0.009171117788269654,104.2699966430664,0.0,31.147667629359315,-0.0016598281102034873,0.6284437880855622,-0.023511599519997706,-0.1368045863275665,3,1,0.2909111976623535,0.5677635669708252,0,MID,MID,HIGH,MID,HIGH,MID,HIGH,LOW,LOW
2019-08-08,2019-08-09,-0.006834829537225516,DOWN,1.0337386792802834,0.010304633896713433,98.66000366210938,0.0,30.97303690349689,-0.0028833253189224674,1.262432541043418,-0.01224060363924708,-0.02648290416301273,3,0,0.5125424265861511,0.5677635669708252,0,LOW,MID,HIGH,MID,HIGH,MID,HIGH,LOW,LOW
2019-08-09,2019-08-12,-0.012248036560968258,DOWN,1.0988971760722557,0.010301269109218292,101.5199966430664,0.0,30.810879800910353,-0.007581621473142949,-0.5758730560530092,-0.008154189091735977,-0.02106105168711821,3,0,0.6481046676635742,0.5677635669708252,1,LOW,MID,HIGH,MID,HIGH,LOW,LOW,LOW,MID
2019-08-12,2019-08-13,0.01543201892451634,UP,1.2577733238340905,0.010562675380884547,105.30999755859375,0.0,31.14838006795943,-0.007042176596643537,-1.227381115590292,-0.006700233941322953,0.004378800662028739,3,1,0.8229499459266663,0.5677635669708252,1,MID,MID,HIGH,MID,HIGH,LOW,LOW,LOW,MID
2019-08-13,2019-08-14,-0.030013508527833754,DOWN,0.9798404287434,0.011263632910500868,102.20999908447266,0.0,30.584235893042905,-0.010834678845335944,1.2048681154847232,-0.0017020365885826085,0.0626954570278317,3,0,0.571579098701477,0.5677635669708252,1,LOW,MID,HIGH,MID,HIGH,LOW,HIGH,MID,HIGH
2019-08-15,2019-08-16,0.014647209402758953,UP,1.0329438308536665,0.012916623044683759,112.26000213623047,-1.0,31.08742945725343,-0.013003182002373513,0.14007961958787513,-0.01682284022921901,0.036075312123408164,3,1,0.36841779947280884,0.5677635669708252,0,LOW,HIGH,HIGH,LOW,HIGH,LOW,MID,LOW,HIGH
2019-08-16,2019-08-19,0.011975711839357873,UP,0.8657924135057009,0.013438563039774299,110.31999969482422,-1.0,30.24915890453245,-0.01291311334225697,0.9364066798166939,-0.01679272955616771,0.006766029935397131,3,1,0.2593834102153778,0.5677635669708252,0,LOW,HIGH,HIGH,LOW,HIGH,LOW,HIGH,LOW,MID
2019-08-19,2019-08-20,-0.0076920481599652675,DOWN,0.7734434725431685,0.01374812815175116,101.22000122070312,-1.0,28.474009913385803,-0.011249313721367091,0.6395905006336284,-0.000865240437035582,0.023035007816108934,3,0,0.7531846761703491,0.5677635669708252,1,LOW,HIGH,HIGH,LOW,HIGH,LOW,HIGH,MID,HIGH
2019-08-20,2019-08-21,0.008102546592543804,UP,0.8052828590389042,0.013689554760000024,104.7699966430664,-1.0,27.147615824931776,-0.01316377032825123,-0.43076971453342305,-0.011046140824344505,-0.013399324782474324,3,1,0.9566077589988708,0.5677635669708252,1,LOW,HIGH,HIGH,LOW,HIGH,LOW,MID,LOW,MID
2019-08-22,2019-08-23,-0.026023122154553956,DOWN,0.762817351340234,0.01377448025197403,100.94000244140625,-1.0,24.817599206003756,-0.012470881891337889,0.15594146056599179,0.010771562582048269,0.016026517780682873,3,0,0.8218158483505249,0.5677635669708252,1,LOW,HIGH,HIGH,LOW,MID,LOW,MID,HIGH,MID
2019-08-23,2019-08-26,0.01099773278241975,UP,0.8521073170924829,0.014689375084661714,111.37000274658203,-1.0,25.2126147579391,-0.012204346909380381,-1.415366228765571,0.0009202692523480032,-0.012839515736795124,3,1,0.7897181510925293,0.5677635669708252,1,LOW,HIGH,HIGH,LOW,HIGH,LOW,LOW,MID,MID
2019-08-27,2019-08-28,0.007016909077711493,UP,0.8517691924647377,0.015020614960158149,106.48999786376953,-1.0,25.333271597842774,-0.018432930954333154,-0.3994415062925614,-0.0012307073482055852,-0.025345112246316255,3,1,0.6795729994773865,0.5677635669708252,1,LOW,HIGH,HIGH,LOW,HIGH,LOW,MID,MID,LOW
2019-08-28,2019-08-29,0.01269204412996975,UP,0.8117978325690024,0.015015258732924527,103.94999694824219,-1.0,25.251705619274176,-0.017855970323209968,0.5429950527958853,-0.001297630139567997,0.0017943388080476123,3,1,0.8700544238090515,0.5677635669708252,1,LOW,HIGH,HIGH,LOW,HIGH,LOW,HIGH,MID,MID
2019-09-03,2019-09-04,0.011286478156974084,UP,0.9221767021116652,0.013429786042582869,102.19000244140625,0.0,21.78053290006257,-0.013224160570709772,-0.46122562035104636,-0.0044482875504664714,0.005577245217166711,3,1,0.527782142162323,0.5677635669708252,0,LOW,HIGH,HIGH,MID,MID,LOW,MID,MID,MID
2019-09-04,2019-09-05,0.012773460188535899,UP,0.820160415733572,0.013310656799082636,97.30000305175781,0.0,20.369060105125723,-0.00985298943765183,0.8465647832780088,0.001580083192643144,0.02392412031735392,3,1,0.44534578919410706,0.5677635669708252,0,LOW,HIGH,HIGH,MID,MID,LOW,HIGH,MID,HIGH
2019-09-10,2019-09-11,0.007085811591525636,UP,0.7723958846400315,0.01239662206021611,93.8499984741211,0.0,18.23980468011457,0.007182171097231946,0.34245263582749597,0.026203027054950458,0.06217203765679654,3,1,0.3351530134677887,0.5677635669708252,0,LOW,HIGH,MID,MID,MID,HIGH,MID,HIGH,HIGH
2019-09-19,2019-09-20,-0.009343326984650329,DOWN,1.036000213515068,0.008543114259041942,97.30000305175781,1.0,17.493636534636433,0.008935985957767682,-0.05793047406713841,-0.003314763002291168,0.05371368583343646,3,0,0.43484270572662354,0.5677635669708252,0,LOW,MID,HIGH,MID,LOW,HIGH,MID,MID,HIGH
2019-09-23,2019-09-24,-0.007877755495086642,DOWN,1.5111325892762002,0.0062154817683183735,97.5999984741211,1.0,15.197162750813568,0.010770319201343297,0.13691306400307235,-0.014369195713958099,-0.07012914079525567,3,0,0.43736380338668823,0.5677635669708252,0,HIGH,LOW,HIGH,MID,LOW,HIGH,MID,LOW,LOW
2019-09-30,2019-10-01,-0.011966037944808815,DOWN,1.7721841663212978,0.005772672193453246,97.62000274658203,1.0,15.403512668069629,0.01272503853967221,0.41253958186700024,-0.006235349843454505,-0.0811375494201185,3,0,0.2129410207271576,0.5677635669708252,0,HIGH,LOW,HIGH,MID,LOW,HIGH,HIGH,MID,LOW
2019-10-01,2019-10-02,-0.01782256975732099,DOWN,1.8621057600937607,0.006278752230882267,102.73999786376953,0.0,16.515740915601477,0.008786900912834433,-1.2116185345960793,-0.006557199884584596,-0.06620399151334197,3,0,0.14652208983898163,0.5677635669708252,0,HIGH,LOW,HIGH,MID,LOW,HIGH,LOW,LOW,LOW
2019-10-02,2019-10-03,0.008159414042596264,UP,1.859388205593092,0.0069655073819797925,103.80999755859375,0.0,18.73975871253332,0.007035928001518272,-1.394369727702919,-0.016702289549391236,-0.07058738562756896,3,1,0.735066294670105,0.5677635669708252,1,HIGH,LOW,HIGH,MID,MID,HIGH,LOW,LOW,LOW
2019-10-03,2019-10-04,0.013441358871681356,UP,1.8393355152050168,0.006548271537372134,98.19999694824219,0.0,21.0640380802833,0.004361342168361551,1.4800267390072952,-0.01722780065057087,-0.07278609565856581,3,1,0.6850723624229431,0.5677635669708252,1,HIGH,LOW,HIGH,MID,MID,HIGH,HIGH,LOW,LOW
2019-10-07,2019-10-08,-0.01564650102944047,DOWN,1.528136399892209,0.007362394394366197,97.04000091552734,0.0,21.963108708347914,-0.0056770774059870625,-0.815012555309843,-0.010433205383399426,-0.024715725393650616,3,0,0.9232444167137146,0.5677635669708252,1,HIGH,MID,HIGH,MID,MID,LOW,LOW,LOW,LOW
2019-10-08,2019-10-09,0.009451571885068203,UP,1.5838744006321492,0.00806579083237857,102.2699966430664,0.0,23.02746093725553,-0.012331836129492742,-1.1185714727278036,-0.008445307028727304,-0.018635793227237178,3,1,0.8588866591453552,0.5677635669708252,1,HIGH,MID,HIGH,MID,MID,LOW,LOW,LOW,MID
2019-10-09,2019-10-10,0.00674071872143132,UP,1.429107926728082,0.00821638148576922,101.25,0.0,23.85777645028083,-0.013489617560118319,0.7856894644041511,-0.0003076952551586574,-0.0009502849195223385,3,1,0.5923380851745605,0.5677635669708252,1,MID,MID,HIGH,MID,MID,LOW,HIGH,MID,MID
2019-10-10,2019-10-11,0.010313595972103153,UP,1.3250898549484154,0.008352685984057336,99.66000366210938,0.0,23.967057252825953,-0.010451512861328227,0.6808874052867383,0.010204424298043614,0.020755433258182774,3,1,0.8019263744354248,0.5677635669708252,1,MID,MID,HIGH,MID,MID,LOW,HIGH,HIGH,HIGH
2019-10-14,2019-10-15,0.009851608993839914,UP,1.050680179958942,0.008735519398830502,94.43000030517578,0.0,21.713475814066705,-0.013023318385302086,-0.4446527599026145,0.010297625949406211,0.015798713997903224,3,1,0.41126805543899536,0.5677635669708252,0,LOW,MID,HIGH,MID,MID,LOW,MID,HIGH,MID
2019-10-18,2019-10-21,0.006756293820613877,UP,1.012554292131842,0.008865357940530382,91.19999694824219,1.0,16.914680935679723,-0.008557895722568449,-0.2086570744728094,-0.0007331793576256414,-0.016962095233008963,3,1,0.9580485820770264,0.5677635669708252,1,LOW,MID,MID,MID,LOW,LOW,MID,MID,MID
2019-10-31,2019-11-01,0.009221284008705375,UP,1.2437197602301056,0.006695895374888591,88.91999816894531,1.0,15.228924355413108,-0.003778669865541061,-0.9369869838221023,-0.008131092927933598,-0.037138571873617944,3,1,0.7031682133674622,0.5677635669708252,1,MID,LOW,MID,MID,LOW,MID,LOW,LOW,LOW
2019-11-14,2019-11-15,0.007210321143979856,UP,2.38494910002709,0.003446919436565328,93.44999694824219,1.0,22.960432454150638,0.0005812982787542498,0.33021941287429174,-0.00855629206806148,-0.006671391694249417,3,1,0.6286882162094116,0.5677635669708252,1,HIGH,LOW,MID,MID,MID,MID,MID,LOW,MID
2019-11-22,2019-11-25,0.007720326379659303,UP,2.3574835492788213,0.003297358926098308,94.4000015258789,1.0,26.395390378155092,-0.007348809617911661,0.2293142600563628,-0.007755466954050969,0.0008658626627008047,3,1,0.8133814334869385,0.5677635669708252,1,HIGH,LOW,HIGH,MID,HIGH,LOW,MID,LOW,MID
2019-11-29,2019-12-02,-0.008531029798460417,DOWN,2.235874472813696,0.003555589892694376,91.05000305175781,1.0,30.061022973318327,-0.0021232260616588505,-0.5364353910587976,2.9313774211907687e-05,-0.05997407856190135,3,0,0.4958924651145935,0.5677635669708252,0,HIGH,LOW,MID,MID,HIGH,MID,LOW,MID,LOW
2019-12-02,2019-12-03,-0.00672913193653607,DOWN,2.4673943318721765,0.0038066136964136203,98.91000366210938,1.0,29.08818118905374,-0.00506715174381275,-0.8474843007030872,0.0014111193893566367,-0.03183248428018188,3,0,0.8036914467811584,0.5677635669708252,1,HIGH,LOW,HIGH,MID,HIGH,LOW,LOW,MID,LOW
2019-12-05,2019-12-06,0.009092586613345464,UP,2.1386841859158525,0.004276807485379325,98.12000274658203,1.0,24.539962717930425,-0.007036687862693817,0.3165993576428454,0.0001491313018856912,0.005491685198878622,3,1,0.8274762034416199,0.5677635669708252,1,HIGH,LOW,HIGH,MID,MID,LOW,MID,MID,MID
2019-12-11,2019-12-12,0.00858208537583208,UP,2.007373110625815,0.004704064343185963,104.81999969482422,1.0,22.136490118111944,-0.003149534643619247,0.4072716924048339,0.005247245529610565,0.005631860951615398,3,1,0.10080242156982422,0.5677635669708252,0,HIGH,LOW,HIGH,MID,MID,MID,HIGH,HIGH,MID
2019-12-13,2019-12-16,0.006846522302296509,UP,1.5885338721363291,0.005008487617727318,96.61000061035156,1.0,22.980758084374393,-0.004416613825356262,-0.002972889025058409,0.0021682466844594166,0.01458898900428341,3,1,0.7529789805412292,0.5677635669708252,1,HIGH,LOW,HIGH,MID,MID,LOW,MID,MID,MID
2019-12-24,2019-12-26,0.005309143350541635,UP,1.7196107802759477,0.00464136997045231,98.83000183105469,1.0,29.333005461825618,-0.0021132124548600556,0.08500611049922825,-0.0013291467075115368,0.00278577787214718,3,1,0.3087300658226013,0.5677635669708252,0,HIGH,LOW,HIGH,MID,HIGH,MID,MID,MID,MID
2019-12-27,2019-12-30,-0.0055284759156675346,DOWN,1.8067300866671583,0.004682550560372897,99.62999725341797,1.0,31.895561232612692,-0.005068774163145325,-0.3407693793754017,-0.003579179746715441,0.00813409381616079,3,0,0.932807981967926,0.5677635669708252,1,HIGH,LOW,HIGH,MID,HIGH,LOW,MID,MID,MID
2019-12-31,2020-01-02,0.009308464399828981,UP,2.0486094896704716,0.004237305322953095,94.0999984741211,1.0,31.675779982723398,-0.0011991365554086565,0.5045612690672765,0.00017162068384572477,0.008883113313580502,3,1,0.8226807117462158,0.5677635669708252,1,HIGH,LOW,MID,MID,HIGH,MID,HIGH,MID,MID
2020-01-02,2020-01-03,-0.0076010483986278365,DOWN,1.9204372928787816,0.004090402653629685,89.66999816894531,1.0,32.32841632475291,-0.006243987730851497,0.4275542327885966,0.002482371708094908,0.0011448148163430965,3,0,0.11547502130270004,0.5677635669708252,0,HIGH,LOW,MID,MID,HIGH,LOW,HIGH,MID,MID
2020-01-07,2020-01-08,0.005315384309479369,UP,1.9939186415272296,0.004356689017484054,91.06999969482422,1.0,30.738783944487775,-0.00603272289125046,-1.5448516504159793,0.0066844269125015164,0.016401725604167607,3,1,0.25704196095466614,0.5677635669708252,0,HIGH,LOW,MID,MID,HIGH,LOW,LOW,HIGH,HIGH
2020-01-08,2020-01-09,0.006757763910630538,UP,1.9614605934459293,0.004319588938696703,90.20999908447266,1.0,30.927899384466706,-0.00846265340785951,0.7125909755707884,0.003957195021960968,-0.02403365432666165,3,1,0.2669720947742462,0.5677635669708252,0,HIGH,LOW,MID,MID,HIGH,LOW,HIGH,HIGH,LOW
2020-01-10,2020-01-13,0.006853806284860935,UP,1.7422691505742822,0.004541236675966825,88.33000183105469,1.0,32.03187637435193,-0.011009733623615504,-0.3977168529780356,0.0016920077301920992,-0.0657128545112657,3,1,0.2772303521633148,0.5677635669708252,0,HIGH,LOW,MID,MID,HIGH,LOW,MID,MID,LOW
2020-01-15,2020-01-16,0.008283978494246641,UP,1.818844019670867,0.004301558877361817,91.1500015258789,1.0,34.575565056679665,-0.006820974852023355,0.4046419804896576,-0.005516011721996811,-0.03066156062128048,3,1,0.26396438479423523,0.5677635669708252,0,HIGH,LOW,MID,MID,HIGH,LOW,HIGH,MID,LOW
2020-01-23,2020-01-24,-0.008932858535968823,DOWN,1.7822808823790397,0.004587734304532219,92.54000091552734,1.0,40.333188256944865,-0.010754565727897139,-0.17285895771587897,-0.011739879398140283,-0.03915846313937635,3,0,0.6912090182304382,0.5677635669708252,1,HIGH,LOW,MID,MID,HIGH,LOW,MID,LOW,LOW
2020-01-24,2020-01-27,-0.016159270785999106,DOWN,1.7799323958005702,0.005152969946684749,98.43000030517578,1.0,38.986171479156134,-0.012788253835772754,-1.1132969157563537,-0.016586331633886543,-0.07687221973839503,3,0,0.9115139245986938,0.5677635669708252,1,HIGH,LOW,HIGH,MID,HIGH,LOW,LOW,LOW,LOW
2020-01-27,2020-01-28,0.01042465373821599,UP,1.8107453301599843,0.006342040535439838,107.38999938964844,1.0,36.81019630957935,-0.010053653081980585,-1.3271703318170358,-0.024620615052293314,-0.09678036805714636,3,1,0.7506677508354187,0.5677635669708252,1,HIGH,LOW,HIGH,MID,HIGH,LOW,LOW,LOW,LOW
2020-01-30,2020-01-31,-0.018324781429623002,DOWN,1.4748901939255832,0.006615938398348239,96.48999786376953,1.0,30.85053962366645,-0.016798130130302926,0.39177115380835315,-0.008839464803117597,-0.06407093491091653,3,0,0.11003349721431732,0.5677635669708252,0,MID,LOW,HIGH,MID,HIGH,LOW,MID,LOW,LOW
2020-01-31,2020-02-03,0.007401083897971815,UP,1.5653791109805084,0.007581604012319575,105.5999984741211,1.0,29.85889158535325,-0.012153584562685366,-1.18686161341699,-0.009637576722764305,-0.04975015953007384,3,1,0.7409567832946777,0.5677635669708252,1,HIGH,MID,HIGH,MID,HIGH,LOW,LOW,LOW,LOW
2020-02-03,2020-02-04,0.015126295011474384,UP,1.4928754202831171,0.00758270608537017,102.94999694824219,1.0,28.938075549776705,-0.014780856064777385,0.5785586263839703,-0.0019550016195684704,-0.05870932769407192,3,1,0.10692241042852402,0.5677635669708252,0,HIGH,MID,HIGH,MID,HIGH,LOW,HIGH,MID,LOW
2020-02-04,2020-02-05,0.011481839611606393,UP,1.2249639905982932,0.008253752151075057,96.18000030517578,0.0,27.043893489572692,-0.012807272222665839,1.0552218223455396,-0.002665081507757993,-0.07511530505826021,3,1,0.052279870957136154,0.5677635669708252,0,MID,MID,HIGH,MID,HIGH,LOW,HIGH,MID,LOW
2020-02-06,2020-02-07,-0.005343909914229443,DOWN,1.1085194200603614,0.008501352386964868,93.61000061035156,0.0,25.611091708893525,-0.013012384758574781,-0.06469774657981121,0.006678652273308749,-0.023087622156330225,3,0,0.035402603447437286,0.5677635669708252,0,LOW,MID,MID,MID,HIGH,LOW,MID,HIGH,LOW
2020-02-07,2020-02-10,0.007437595617929694,UP,1.141910400978937,0.008534105789396928,96.01000213623047,0.0,24.672384452433466,-0.013586143943915975,-0.5820882603213776,0.008070240326741458,-0.024343598378316848,3,1,0.47769320011138916,0.5677635669708252,0,LOW,MID,HIGH,MID,MID,LOW,LOW,HIGH,LOW
2020-02-11,2020-02-12,0.006422105641496987,UP,1.1233778021764844,0.008512275514835068,96.95999908447266,1.0,23.988276514158102,-0.011557785025656204,0.4438327434971321,0.0017840209947972813,0.0066298187368557995,3,1,0.3005527853965759,0.5677635669708252,0,LOW,MID,HIGH,MID,MID,LOW,HIGH,MID,MID
2020-02-18,2020-02-19,0.004769841309919101,UP,1.1055452226364064,0.008450148987006342,101.0199966430664,1.0,23.01286312230338,-0.015480189855465072,-0.622821209331399,-0.0002794221855128012,0.048818974527137876,3,1,0.8412778973579407,0.5677635669708252,1,LOW,MID,HIGH,MID,MID,LOW,LOW,MID,HIGH
2020-02-19,2020-02-20,-0.0041167086031452735,DOWN,1.069234850777211,0.008471991538585705,95.91999816894531,1.0,22.85428367142352,-0.014517878416451642,0.2901756862888965,-0.0005859811286816443,0.06492645613597929,3,0,0.5776200890541077,0.5677635669708252,1,LOW,MID,HIGH,MID,MID,LOW,MID,MID,HIGH
2020-02-20,2020-02-21,-0.010351661133344124,DOWN,1.1465359352147702,0.008549124916179393,99.4800033569336,1.0,21.23185080703856,-0.009260237541276481,-0.10920542755849633,-0.005304283716108855,0.049748241109385395,3,0,0.9886485934257507,0.5677635669708252,1,LOW,MID,HIGH,MID,MID,LOW,MID,MID,HIGH
2020-02-21,2020-02-24,-0.03372784139233276,DOWN,1.2080331675659255,0.008906534113309572,104.86000061035156,1.0,20.090897719484463,-0.009111858125275813,-0.6557113952992144,-0.009212935333949743,0.03740899775806332,3,0,0.967979907989502,0.5677635669708252,1,MID,MID,HIGH,MID,MID,LOW,LOW,LOW,HIGH
2020-02-24,2020-02-25,-0.030770750603140915,DOWN,1.3617356724554162,0.011578912621480515,112.72000122070312,1.0,21.485680109982574,-0.004759180051708771,-1.6607819417740728,-0.01761899862406141,-0.01198311468252575,3,0,0.3202991485595703,0.5677635669708252,0,MID,HIGH,HIGH,MID,MID,LOW,LOW,LOW,MID
2020-02-26,2020-02-27,-0.04595146753683802,DOWN,1.372359416753093,0.012650598362593047,113.44000244140625,1.0,26.12947473424993,-0.012481059749576924,-1.4940372008813738,-0.01873267537868901,-0.08945386602725038,3,0,0.7111871242523193,0.5677635669708252,1,MID,HIGH,HIGH,MID,HIGH,LOW,LOW,LOW,LOW
2020-02-28,2020-03-02,0.04239500466012263,UP,1.5951609571426333,0.015839734098314514,125.7300033569336,0.0,32.39771081155247,-0.012214490350294732,-2.4908513456955443,-0.02952589365638518,-0.17612131804156453,3,1,0.6855061054229736,0.5677635669708252,1,HIGH,HIGH,HIGH,MID,HIGH,LOW,LOW,LOW,LOW
2020-03-02,2020-03-03,-0.02905036247634815,DOWN,1.1247775394742185,0.018717141171754773,114.69000244140625,0.0,33.20820121360379,-0.015328604521824774,1.7881328800622163,-0.011789528741998477,-0.09540740998593752,3,0,0.8067055344581604,0.5677635669708252,1,LOW,HIGH,HIGH,MID,HIGH,LOW,HIGH,LOW,LOW
2020-03-03,2020-03-04,0.04117363701185871,UP,1.1887862712796078,0.0195110089972611,116.72000122070312,-1.0,33.2028913159327,-0.010813848817529434,-2.43199074002383,-0.019419216108299615,-0.05605095288834974,3,1,0.8644607663154602,0.5677635669708252,1,MID,HIGH,HIGH,LOW,HIGH,LOW,LOW,LOW,LOW
2020-03-04,2020-03-05,-0.03380675024137826,DOWN,0.9329458081377783,0.02160018888483741,113.97000122070312,-1.0,33.19796069666669,-0.01277891804458161,1.3278355863403497,-0.011966053036291226,-0.040839112400055784,3,0,0.4318667948246002,0.5677635669708252,0,LOW,HIGH,HIGH,LOW,HIGH,LOW,HIGH,LOW,LOW
2020-03-05,2020-03-06,-0.016669275633020057,DOWN,1.1135521028154376,0.022413188658549233,119.66000366210938,-1.0,33.46683684579617,-0.018436546158540887,-1.209750368461583,-0.016077422405023765,-0.025595517185761106,3,0,0.141429141163826,0.5677635669708252,0,LOW,HIGH,HIGH,LOW,HIGH,LOW,LOW,LOW,LOW
2020-03-06,2020-03-09,-0.08131252304186744,DOWN,1.1753940240942735,0.022477326970086704,127.16000366210938,-1.0,34.408634169822896,-0.018847814436903657,-1.5012978560186145,-0.027261115589629025,-0.0809367543424554,3,0,0.11354061961174011,0.5677635669708252,0,MID,HIGH,HIGH,LOW,HIGH,LOW,LOW,LOW,LOW
2020-03-09,2020-03-10,0.050450587293811376,UP,1.2204002048708513,0.02811092182697014,137.19000244140625,-1.0,36.12604559069857,-0.025413927398773434,-1.315742740070649,-0.05344005876426664,-0.4066422982401709,3,1,0.8454809188842773,0.5677635669708252,1,MID,HIGH,HIGH,LOW,HIGH,LOW,LOW,LOW,LOW
2020-03-10,2020-03-11,-0.04997673845028892,DOWN,0.9617590652309893,0.030980938870725522,138.82000732421875,-1.0,37.065362701305986,-0.025779180509420935,1.3535216477716434,0.00019726083969011377,-0.31707696556837084,3,0,0.5474095344543457,0.5677635669708252,0,LOW,HIGH,HIGH,LOW,HIGH,LOW,HIGH,MID,LOW
2020-03-11,2020-03-12,-0.10056886056624313,DOWN,1.0510468610634762,0.032304753204679765,146.92999267578125,-1.0,38.06933359545109,-0.035482486915435096,-1.1415985768814199,-0.0006086429541478922,-0.3495544318100668,3,0,0.3063966929912567,0.5677635669708252,0,LOW,HIGH,HIGH,LOW,HIGH,LOW,LOW,MID,LOW
2020-03-12,2020-03-13,0.08202809219873311,UP,1.2568800762364027,0.03782511391858997,155.0500030517578,-1.0,39.9005467368894,-0.04174933789499319,-1.163186580950074,0.01984269285253508,-0.3764776044784607,3,1,0.2334107607603073,0.5677635669708252,0,MID,HIGH,HIGH,LOW,HIGH,LOW,LOW,HIGH,LOW
2020-03-13,2020-03-16,-0.11588653747701536,DOWN,0.8355054172970403,0.043601724404751026,171.27999877929688,-1.0,40.96401733152302,-0.04582503208519734,1.0386159961132573,0.026674051108588698,-0.2631155004337474,3,0,0.4954585134983063,0.5677635669708252,0,LOW,HIGH,HIGH,LOW,HIGH,LOW,HIGH,HIGH,LOW
2020-03-16,2020-03-17,0.05258492094923695,UP,1.0560991001236957,0.049322838472635154,207.58999633789062,-1.0,42.3376871132275,-0.05681175009109396,-0.9926182328173587,0.003871825692218736,-0.08127480814569385,3,1,0.9799997806549072,0.5677635669708252,1,LOW,HIGH,HIGH,LOW,HIGH,LOW,LOW,HIGH,LOW
2020-03-17,2020-03-18,-0.05195975100253782,DOWN,0.9255724842521846,0.05166403319465353,194.42999267578125,-1.0,43.62271999234775,-0.05383963897174626,1.157174110232388,0.01703307888216604,-0.24290978921504017,3,0,0.33618196845054626,0.5677635669708252,0,LOW,HIGH,HIGH,LOW,HIGH,LOW,HIGH,HIGH,LOW
2020-03-19,2020-03-20,-0.04991337303957533,DOWN,0.8686153735754195,0.05221613402306325,181.75999450683594,-1.0,46.47479594503388,-0.07133091781601791,0.2697155045672688,0.03164061473785834,-0.2223502425210438,3,0,0.7936450839042664,0.5677635669708252,1,LOW,HIGH,HIGH,LOW,HIGH,LOW,MID,HIGH,LOW
2020-03-20,2020-03-23,-0.025900755458341244,DOWN,0.7893423836661313,0.05270373300627562,187.17999267578125,-1.0,47.86675005119112,-0.07241122735269612,-0.7293447557111401,0.004460793881231134,-0.34686322903044914,3,0,0.4020155966281891,0.5677635669708252,0,LOW,HIGH,HIGH,LOW,HIGH,LOW,LOW,HIGH,LOW
2020-03-23,2020-03-24,0.08673099436253733,UP,0.7373767034292212,0.05261632632287606,167.92999267578125,-1.0,49.450171886554195,-0.0954458518929231,-1.0395003279374149,-0.040830428561942946,-0.2058719652607419,3,1,0.8336176872253418,0.5677635669708252,1,LOW,HIGH,HIGH,LOW,HIGH,LOW,LOW,LOW,LOW
2020-03-25,2020-03-26,0.05674869876971943,UP,0.6969609142509685,0.057800535254980884,171.88999938964844,-1.0,47.42200731392775,-0.061532160005724534,0.520017729228009,-0.09710309901279864,0.18420159017995283,3,1,0.2431909143924713,0.5677635669708252,0,LOW,HIGH,HIGH,LOW,HIGH,LOW,HIGH,LOW,HIGH
2020-03-26,2020-03-27,-0.030238259991311155,DOWN,0.6497681465905641,0.0591386147365037,169.5800018310547,-1.0,45.31692576524845,-0.06567616960333686,0.8144131661466031,-0.0811449952170154,-0.10968738015311215,3,0,0.4004318416118622,0.5677635669708252,0,LOW,HIGH,HIGH,LOW,HIGH,LOW,HIGH,LOW,LOW
2020-03-27,2020-03-30,0.031959525345806684,UP,0.6953916953218289,0.05937131565253335,168.7100067138672,-1.0,43.36220718433196,-0.05920436462399992,-0.6072960695185221,-0.03786596986979601,-0.04188140821745754,3,1,0.5139179825782776,0.5677635669708252,0,LOW,HIGH,HIGH,LOW,HIGH,LOW,LOW,LOW,LOW
2020-03-31,2020-04-01,-0.04604904148877963,DOWN,0.5738337350921606,0.05877491740617397,152.9199981689453,-1.0,39.46709226596287,-0.06783424326490012,-0.4927448157967295,0.0212571230122516,-0.15902164194636798,3,0,0.27779948711395264,0.5677635669708252,0,LOW,HIGH,HIGH,LOW,HIGH,LOW,LOW,HIGH,LOW
2020-04-01,2020-04-02,0.022813182552417124,UP,0.6176417049723216,0.058196235712224625,156.99000549316406,-1.0,38.53700638843969,-0.06981438305314303,-0.6845318676873672,0.024585838331223506,-0.18715151232115657,3,1,0.19318337738513947,0.5677635669708252,0,LOW,HIGH,HIGH,LOW,HIGH,LOW,LOW,HIGH,LOW
2020-04-03,2020-04-06,0.06500673748543066,UP,0.5044411735547879,0.05844334277148583,143.52000427246094,-1.0,36.79584381497185,-0.07199534533355048,-0.5444882024933703,-0.0353066493584383,0.2757562857263662,3,1,0.45170947909355164,0.5677635669708252,0,LOW,HIGH,HIGH,LOW,HIGH,LOW,LOW,LOW,HIGH
2020-04-07,2020-04-08,0.033017294838593204,UP,0.5181238333721421,0.05677838655872428,134.4499969482422,0.0,32.39632622499512,-0.04431034431051281,-0.07275901859912025,-0.024078387734695214,0.14306827786366047,3,1,0.6064382195472717,0.5677635669708252,1,LOW,HIGH,HIGH,MID,HIGH,LOW,MID,LOW,HIGH
2020-04-13,2020-04-14,0.029066322582236008,UP,0.5411386725835466,0.04792609069878733,138.67999267578125,0.0,27.506052414406657,-0.0264767251486119,-0.5056300217725359,0.0235637460678578,-0.2347669586428066,3,1,0.08457782864570618,0.5677635669708252,0,LOW,HIGH,HIGH,MID,HIGH,LOW,LOW,HIGH,LOW
2020-04-16,2020-04-17,0.026656961689813345,UP,0.6970638199297611,0.03624765004687545,129.5500030517578,0.0,24.93093350299305,-0.020248833248297043,0.045224167588243214,0.00983012858328379,-0.23325826766002283,3,1,0.09902477264404297,0.5677635669708252,0,LOW,HIGH,HIGH,MID,MID,LOW,MID,HIGH,LOW
2020-04-20,2020-04-21,-0.030833763390650033,DOWN,0.8027171200897941,0.03439605960277951,132.0399932861328,0.0,24.554154961960677,-0.013863405500229409,-0.629730831657711,-0.010661181354831076,,3,0,0.06518831104040146,0.5677635669708252,0,LOW,HIGH,HIGH,MID,MID,LOW,LOW,LOW,UNKNOWN
2020-04-21,2020-04-22,0.021951826516892335,UP,0.8246928677824499,0.034686381100533174,132.22000122070312,0.0,23.2046619257585,0.007381545350300112,-0.7807656814031185,-0.03465411957761623,-0.6976326179427625,3,1,0.31168124079704285,0.5677635669708252,0,LOW,HIGH,HIGH,MID,MID,HIGH,LOW,LOW,LOW
2020-04-28,2020-04-29,0.025841699275864903,UP,0.8235963956724839,0.02567654761936704,117.79000091552734,0.0,21.065314234718244,0.019922348573044396,0.41020764699414347,0.00721381078618342,0.2092614146501016,3,1,0.08099434524774551,0.5677635669708252,0,LOW,HIGH,HIGH,MID,MID,HIGH,HIGH,HIGH,HIGH
2020-04-30,2020-05-01,-0.02683016199258795,DOWN,0.9399584687215284,0.022886627015108206,118.52999877929688,1.0,21.70350068482932,0.019686298434402144,-0.9662879090463667,0.02350843233206757,0.13262189634082705,3,0,0.08950549364089966,0.5677635669708252,0,LOW,HIGH,HIGH,MID,MID,HIGH,LOW,HIGH,HIGH
2020-05-15,2020-05-18,0.03000500773344127,UP,1.2286418746812318,0.01635042054965535,133.02000427246094,1.0,16.58926106452109,-0.017415077964553674,0.09116780500608039,-0.027938138592801066,0.1735932149020759,3,1,0.5380507111549377,0.5677635669708252,0,MID,HIGH,HIGH,MID,LOW,LOW,MID,LOW,HIGH
2020-06-04,2020-06-05,0.02530660249279807,UP,1.3196550512535203,0.012320470713472906,109.87999725341797,1.0,18.408780603170587,0.057313142693880215,0.01069358840148175,0.015943438967893426,0.10414354219421065,3,1,0.21859686076641083,0.5677635669708252,0,MID,HIGH,HIGH,MID,MID,HIGH,MID,HIGH,HIGH
2020-06-10,2020-06-12,-0.04747287847905728,DOWN,1.4353727345145535,0.012099621878637007,116.52999877929688,1.0,24.399530279531827,0.04476831484038017,-0.766177675286019,-0.011665612444572414,0.06010386098585816,3,0,0.11256743222475052,0.5677635669708252,0,MID,HIGH,HIGH,MID,MID,HIGH,LOW,LOW,HIGH
2020-06-23,2020-06-24,-0.025839694081199537,DOWN,2.1191795899140886,0.009324949689595474,130.72999572753906,0.0,15.446523140867072,0.01120288233310282,0.29698275552675635,-0.005892092276462939,0.05055038999715702,3,0,0.8858495354652405,0.5677635669708252,1,HIGH,MID,HIGH,MID,LOW,HIGH,MID,MID,HIGH
2020-06-25,2020-06-26,-0.024038096459339246,DOWN,1.7845699868672795,0.011373436244546502,127.19999694824219,0.0,15.508075013806206,-0.026343621854618453,0.7133794355790373,-0.008768552491787398,-0.0030943534169521553,3,0,0.27040690183639526,0.5677635669708252,0,HIGH,HIGH,HIGH,MID,LOW,LOW,HIGH,LOW,MID
2020-08-11,2020-08-12,0.013846051698275444,UP,2.2757453851695306,0.006651656936321944,118.33999633789062,1.0,21.463339417600405,0.025810238220948738,-0.5538212162658401,0.0013150378964153645,-0.0021606094374294438,3,1,0.5570220351219177,0.5677635669708252,0,HIGH,LOW,HIGH,MID,MID,HIGH,LOW,MID,MID
2020-08-21,2020-08-24,0.010082155503900299,UP,2.462487944311305,0.005766065161419114,111.25,1.0,31.261184026372682,-0.028221423295729547,0.30640575548371307,0.00016798689333249062,0.007824624083282343,3,1,0.06251462548971176,0.5677635669708252,0,HIGH,LOW,HIGH,MID,HIGH,LOW,MID,MID,MID
2020-08-25,2020-08-26,0.009975685076455696,UP,2.5273906475434367,0.005490878908393853,103.87999725341797,1.0,34.0265061772417,-0.022568388903974702,-0.019333295117415907,0.009388655051493515,0.010667983729335456,3,1,0.03914441913366318,0.5677635669708252,0,HIGH,LOW,HIGH,MID,HIGH,LOW,MID,HIGH,MID
2020-08-31,2020-09-01,0.009374514174085585,UP,3.1969552276928503,0.005203931534622834,119.01000213623047,1.0,41.66725007725538,-0.02117612003248575,-0.3505614249291225,0.00331309464131309,-0.00023461977314949352,3,1,0.40015897154808044,0.5677635669708252,0,HIGH,LOW,HIGH,MID,HIGH,LOW,MID,HIGH,MID
2020-09-01,2020-09-02,0.014360393117624624,UP,3.050962638827718,0.005393069620366739,120.0999984741211,1.0,43.55536878717041,-0.02652824313853651,0.6319895617026607,-0.0047956078359472736,-0.013703621123853676,3,1,0.04675513878464699,0.5677635669708252,0,HIGH,LOW,HIGH,MID,HIGH,LOW,HIGH,MID,MID
2020-09-02,2020-09-03,-0.03502042462644392,DOWN,2.832987228742731,0.005908084012652135,122.01000213623047,1.0,45.8372932585249,-0.0251311565415891,1.3499008488434743,-0.007093939336455722,-0.044294664113911024,3,0,0.029425963759422302,0.5677635669708252,0,HIGH,LOW,HIGH,MID,HIGH,LOW,HIGH,LOW,LOW
2020-09-04,2020-09-08,-0.027703141558992693,DOWN,1.816950994474334,0.010661090640657078,122.13999938964844,1.0,41.07573394668392,-0.009486362038186666,-0.5941048919296007,-0.00741080455925822,-0.07738935546529269,3,0,0.2712266743183136,0.5677635669708252,0,HIGH,MID,HIGH,MID,HIGH,LOW,LOW,LOW,LOW
2020-09-08,2020-09-09,0.019554908673632087,UP,1.5922196135000577,0.012446735649209955,123.55999755859375,1.0,38.64437679211291,-0.01025954940127566,-1.6806224694936798,-0.00810708380953259,-0.1476787300086157,3,1,0.5172457695007324,0.5677635669708252,0,HIGH,HIGH,HIGH,MID,HIGH,LOW,LOW,LOW,LOW
2020-09-09,2020-09-10,-0.017516163589897774,DOWN,1.3901961127912623,0.013054700418822653,121.54000091552734,1.0,36.386688005725546,-0.0255010227303804,1.230415878528349,0.0017624846132149093,-0.11670198264692104,3,0,0.46825581789016724,0.5677635669708252,0,MID,HIGH,HIGH,MID,HIGH,LOW,HIGH,MID,LOW
2020-09-11,2020-09-14,0.013085281479949857,UP,1.271261603048758,0.013314733545797215,113.94999694824219,1.0,33.92136654573819,-0.006673447802057534,0.9087695997615701,0.004387857949727816,-0.10275861267774732,3,1,0.4746131896972656,0.5677635669708252,0,MID,HIGH,HIGH,MID,HIGH,LOW,HIGH,HIGH,LOW
2020-09-16,2020-09-17,-0.008834169361647914,DOWN,1.196782971745645,0.01370646064708112,103.4800033569336,0.0,28.17215671932815,0.010638886860782286,0.09702005967308992,-0.006817353528479687,0.05397040732725101,3,0,0.35358741879463196,0.5677635669708252,0,MID,HIGH,HIGH,MID,HIGH,HIGH,MID,LOW,HIGH
2020-09-17,2020-09-18,-0.015574449506466947,DOWN,1.206026322478647,0.013820786803991188,100.37000274658203,0.0,27.29406879653082,0.014894376719234766,-0.20288313471361955,-0.0026280120817068226,0.09384681515819869,3,0,0.4782821536064148,0.5677635669708252,0,MID,HIGH,HIGH,MID,HIGH,HIGH,MID,MID,HIGH
