feature_date,target_date,future_log_return,direction,realized_volatility_20,outer_fold,actual_up,score,saved_decision_threshold,predicted_up,regime
2010-11-22,2010-11-23,-0.014582939436894508,DOWN,0.007745024922724655,1,0,0.6192055940628052,0.3204227089881897,1,LOW
2010-11-23,2010-11-24,0.014666091871414004,UP,0.008466535060884788,1,1,0.7197080850601196,0.3204227089881897,1,LOW
2010-11-24,2010-11-26,-0.011715564095365463,DOWN,0.009073105048074792,1,0,0.05222691595554352,0.3204227089881897,0,LOW
2010-11-30,2010-12-01,0.02104465366343367,UP,0.00958569751122601,1,1,0.87420654296875,0.3204227089881897,1,LOW
2010-12-01,2010-12-02,0.012727481608891575,UP,0.010660637605190277,1,1,0.7500211596488953,0.3204227089881897,1,LOW
2010-12-20,2010-12-21,0.00632028122768749,UP,0.008269319841977976,1,1,0.8475766181945801,0.3204227089881897,1,LOW
2010-12-31,2011-01-03,0.010284924806456493,UP,0.003022963815488594,1,1,0.9249404668807983,0.3204227089881897,1,LOW
2011-01-11,2011-01-12,0.008984096335089451,UP,0.0037292831928930205,1,1,0.6095890998840332,0.3204227089881897,1,LOW
2011-01-13,2011-01-14,0.007218628320147511,UP,0.003937512677737276,1,1,0.41521069407463074,0.3204227089881897,1,LOW
2011-01-18,2011-01-19,-0.009853858305382115,DOWN,0.0037786561959175635,1,0,0.6969825029373169,0.3204227089881897,1,LOW
2011-01-21,2011-01-24,0.005670664070208581,UP,0.0044938586405071255,1,1,0.230704203248024,0.3204227089881897,0,LOW
2011-01-27,2011-01-28,-0.01761718927405389,DOWN,0.004602961144301582,1,0,0.3054031431674957,0.3204227089881897,0,LOW
2011-01-28,2011-01-31,0.007488268048510469,UP,0.006276679505611277,1,1,0.9457868337631226,0.3204227089881897,1,LOW
2011-01-31,2011-02-01,0.015882014747780775,UP,0.006450150808723437,1,1,0.00890264566987753,0.3204227089881897,0,LOW
2011-02-04,2011-02-07,0.006232973504143775,UP,0.006908086616900841,1,1,0.9971035122871399,0.3204227089881897,1,LOW
2011-02-10,2011-02-11,0.00595257201654703,UP,0.006782113184660558,1,1,0.9920814037322998,0.3204227089881897,1,LOW
2011-02-15,2011-02-16,0.006295543499705147,UP,0.006779095944325871,1,1,0.9993932247161865,0.3204227089881897,1,LOW
2011-02-18,2011-02-22,-0.020273985764222773,DOWN,0.006272658913339998,1,0,0.9843743443489075,0.3204227089881897,1,LOW
2011-02-22,2011-02-23,-0.006163211746435969,DOWN,0.007994750010941014,1,0,0.4636738896369934,0.3204227089881897,1,LOW
2011-02-24,2011-02-25,0.010636043322289847,UP,0.008126828769444303,1,1,0.0052782087586820126,0.3204227089881897,0,LOW
2011-02-25,2011-02-28,0.006177449798552023,UP,0.008431368793206315,1,1,6.274375482462347e-05,0.3204227089881897,0,LOW
2011-02-28,2011-03-01,-0.016813493120841887,DOWN,0.007282658891896129,1,0,0.9853518605232239,0.3204227089881897,1,LOW
2011-03-02,2011-03-03,0.017077598345467793,UP,0.007513790385153414,1,1,0.9539902806282043,0.3204227089881897,1,LOW
2011-03-03,2011-03-04,-0.00752052872084866,DOWN,0.008384872215648504,1,0,0.21422997117042542,0.3204227089881897,0,LOW
2011-03-04,2011-03-07,-0.007881879144340674,DOWN,0.008598335905676581,1,0,0.37349438667297363,0.3204227089881897,1,LOW
2011-03-07,2011-03-08,0.008711915857417783,UP,0.008786515599140834,1,1,0.23270265758037567,0.3204227089881897,0,LOW
2011-03-09,2011-03-10,-0.018679283098206725,DOWN,0.008842232038193659,1,0,0.3336351215839386,0.3204227089881897,1,LOW
2011-03-10,2011-03-11,0.006902350439859637,UP,0.009769982072261499,1,1,0.0017321776831522584,0.3204227089881897,0,LOW
2011-03-11,2011-03-14,-0.006056159320269047,DOWN,0.009922237404177591,1,0,0.5062980055809021,0.3204227089881897,1,LOW
2011-03-14,2011-03-15,-0.011523312921841292,DOWN,0.009870453043074387,1,0,0.9918373227119446,0.3204227089881897,1,LOW
2011-03-15,2011-03-16,-0.018686241077615323,DOWN,0.010094381919899708,1,0,0.8976181745529175,0.3204227089881897,1,LOW
2011-03-16,2011-03-17,0.013148228441042051,UP,0.010773872701503229,1,1,0.9989655017852783,0.3204227089881897,1,LOW
2011-03-18,2011-03-21,0.015378969497287495,UP,0.01111297450057331,1,1,0.022412847727537155,0.3204227089881897,0,LOW
2011-03-23,2011-03-24,0.00951795829774732,UP,0.01092359855214242,1,1,0.9990158081054688,0.3204227089881897,1,LOW
2011-03-28,2011-03-29,0.006696151143217117,UP,0.010792824338935143,1,1,0.0061575016006827354,0.3204227089881897,0,LOW
2011-03-29,2011-03-30,0.006877581773286894,UP,0.010224727647669546,1,1,0.9963058233261108,0.3204227089881897,1,LOW
2011-04-11,2011-04-12,-0.007502065749284654,DOWN,0.007783120768796139,1,0,0.054301004856824875,0.3204227089881897,0,LOW
2011-04-15,2011-04-18,-0.011271983621468707,DOWN,0.005273191524296031,1,0,0.9533286690711975,0.3204227089881897,1,LOW
2011-04-18,2011-04-19,0.005728048761922306,UP,0.00497982310419386,1,1,0.9992172718048096,0.3204227089881897,1,LOW
2011-04-19,2011-04-20,0.013539849979458639,UP,0.005036077080050003,1,1,0.9244807362556458,0.3204227089881897,1,LOW
2011-04-25,2011-04-26,0.008568349018922112,UP,0.0055280052734566635,1,1,0.05682443082332611,0.3204227089881897,0,LOW
2011-04-26,2011-04-27,0.006507491060485546,UP,0.005724252442425508,1,1,0.9783274531364441,0.3204227089881897,1,LOW
2011-05-03,2011-05-04,-0.006652847605774444,DOWN,0.005657306514059445,1,0,0.062130268663167953,0.3204227089881897,0,LOW
2011-05-04,2011-05-05,-0.0090896260574921,DOWN,0.005903449278500196,1,0,0.10401889681816101,0.3204227089881897,0,LOW
2011-05-09,2011-05-10,0.0084999507437913,UP,0.006275215768828069,1,1,0.0055768489837646484,0.3204227089881897,0,LOW
2011-05-10,2011-05-11,-0.010580489282121406,DOWN,0.006442895718629144,1,0,0.12458065897226334,0.3204227089881897,0,LOW
2011-05-12,2011-05-13,-0.007728996292128419,DOWN,0.006736895519271744,1,0,0.9991312623023987,0.3204227089881897,1,LOW
2011-05-13,2011-05-16,-0.006361514237382823,DOWN,0.007037292288445048,1,0,0.9915662407875061,0.3204227089881897,1,LOW
2011-05-17,2011-05-18,0.008896275522450333,UP,0.006645004802843515,1,1,0.1511542946100235,0.3204227089881897,0,LOW
2011-05-19,2011-05-20,-0.007976426741533248,DOWN,0.006156965847928434,1,0,0.7108778357505798,0.3204227089881897,1,LOW
2011-05-20,2011-05-23,-0.011668766889634,DOWN,0.00634447046819228,1,0,0.9596076607704163,0.3204227089881897,1,LOW
2011-05-27,2011-05-31,0.010357377711179271,UP,0.006457672188382667,1,1,0.9980242252349854,0.3204227089881897,1,LOW
2011-05-31,2011-06-01,-0.022717166176830932,DOWN,0.006942981587482599,1,0,0.9996299743652344,0.3204227089881897,1,LOW
2011-06-02,2011-06-03,-0.009994342882886753,DOWN,0.008440300567201995,1,0,0.8952372074127197,0.3204227089881897,1,LOW
2011-06-03,2011-06-06,-0.010637616137775861,DOWN,0.008487312681188583,1,0,0.10069055110216141,0.3204227089881897,0,LOW
2011-06-08,2011-06-09,0.007602206791408592,UP,0.0081543655647883,1,1,0.18940691649913788,0.3204227089881897,0,LOW
2011-06-09,2011-06-10,-0.014007975946590421,DOWN,0.008256521202469252,1,0,0.9985867738723755,0.3204227089881897,1,LOW
2011-06-13,2011-06-14,0.012606270353002092,UP,0.008477166897673033,1,1,0.2079874873161316,0.3204227089881897,0,LOW
2011-06-14,2011-06-15,-0.01794548154718442,DOWN,0.00905466603080993,1,0,0.06766227632761002,0.3204227089881897,0,LOW
2011-06-20,2011-06-21,0.01361094348212197,UP,0.009479153386763573,1,1,0.995610773563385,0.3204227089881897,1,LOW
2011-06-21,2011-06-22,-0.006043709656474322,DOWN,0.009837484666788297,1,0,0.4148837625980377,0.3204227089881897,1,LOW
2011-06-23,2011-06-24,-0.011681411413365773,DOWN,0.009847450909269367,1,0,0.06515759229660034,0.3204227089881897,0,LOW
2011-06-24,2011-06-27,0.008871539110088738,UP,0.009982784814162374,1,1,0.38789287209510803,0.3204227089881897,1,LOW
2011-06-27,2011-06-28,0.012968523040000554,UP,0.010209101033421744,1,1,0.9982542395591736,0.3204227089881897,1,LOW
2011-06-28,2011-06-29,0.008527694305573862,UP,0.01039226159793541,1,1,0.6736757755279541,0.3204227089881897,1,LOW
2011-06-29,2011-06-30,0.009516992828594329,UP,0.00941670971131592,1,1,0.9973024129867554,0.3204227089881897,1,LOW
2011-06-30,2011-07-01,0.014667959789823864,UP,0.009673428411573731,1,1,0.7531275749206543,0.3204227089881897,1,LOW
2011-07-06,2011-07-07,0.010321996966352439,UP,0.009484848715272068,1,1,0.9872273206710815,0.3204227089881897,1,LOW
2011-07-07,2011-07-08,-0.00711751769102607,DOWN,0.009548621560025974,1,0,0.7787429094314575,0.3204227089881897,1,LOW
2011-07-08,2011-07-11,-0.01824574939739419,DOWN,0.009711230109203672,1,0,0.0731939747929573,0.3204227089881897,0,LOW
2011-07-13,2011-07-14,-0.006926265084537383,DOWN,0.009873301741842066,1,0,0.7523291110992432,0.3204227089881897,1,LOW
2011-07-15,2011-07-18,-0.008234905998654835,DOWN,0.00908408592006874,1,0,0.002622696803882718,0.3204227089881897,0,LOW
2011-07-18,2011-07-19,0.01610116918648337,UP,0.0093221040498994,1,1,0.9726608991622925,0.3204227089881897,1,LOW
2011-07-20,2011-07-21,0.013775853108294189,UP,0.00948076486973591,1,1,0.4176505506038666,0.3204227089881897,1,LOW
2011-07-26,2011-07-27,-0.020688008283868003,DOWN,0.009256490441271943,1,0,0.8205922245979309,0.3204227089881897,1,LOW
2011-07-28,2011-07-29,-0.006858045597718971,DOWN,0.010020923821615266,1,0,0.9783586859703064,0.3204227089881897,1,LOW
2011-08-01,2011-08-02,-0.02587945553195333,DOWN,0.009152455802365594,1,0,0.5152834057807922,0.3204227089881897,1,LOW
2011-08-03,2011-08-04,-0.04797410605219454,DOWN,0.010724051344677327,1,0,0.045519787818193436,0.3204227089881897,0,LOW
2011-08-05,2011-08-08,-0.06734057403046549,DOWN,0.014284574011933518,1,0,0.31229937076568604,0.3204227089881897,0,MID
2011-08-08,2011-08-09,0.045450506361566,UP,0.019741953045879803,1,1,0.9926794767379761,0.3204227089881897,1,HIGH
2011-08-09,2011-08-10,-0.045183316167242776,DOWN,0.023094172331397916,1,0,3.094803469139151e-05,0.3204227089881897,0,HIGH
2011-08-10,2011-08-11,0.04390567430386801,UP,0.024604989037565143,1,1,0.8920808434486389,0.3204227089881897,1,HIGH
2011-08-12,2011-08-15,0.02094405066518224,UP,0.027232650257400886,1,1,0.15127484500408173,0.3204227089881897,0,HIGH
2011-08-17,2011-08-18,-0.044075765203905146,DOWN,0.027469667465640734,1,0,0.8150964975357056,0.3204227089881897,1,HIGH
2011-08-18,2011-08-19,-0.01646528708952503,DOWN,0.02840208949798896,1,0,0.005867154337465763,0.3204227089881897,0,HIGH
2011-08-22,2011-08-23,0.03238053100952896,UP,0.02845896692372618,1,1,0.0005727973766624928,0.3204227089881897,0,HIGH
2011-08-23,2011-08-24,0.013986236514564057,UP,0.02989224108970246,1,1,1.1349290616635699e-05,0.3204227089881897,0,HIGH
2011-08-24,2011-08-25,-0.015361311166349485,DOWN,0.030047811027531873,1,0,0.94733726978302,0.3204227089881897,1,HIGH
2011-08-25,2011-08-26,0.0144293000086114,UP,0.030130277811162478,1,1,0.23875293135643005,0.3204227089881897,0,HIGH
2011-08-26,2011-08-29,0.02833097486821802,UP,0.03045996332948401,1,1,0.15868258476257324,0.3204227089881897,0,HIGH
2011-09-01,2011-09-02,-0.02588195859748386,DOWN,0.02899256488366948,1,0,0.004292135126888752,0.3204227089881897,0,HIGH
2011-09-06,2011-09-07,0.02781705881741318,UP,0.02520834857397303,1,1,0.8980357646942139,0.3204227089881897,1,HIGH
2011-09-08,2011-09-09,-0.0265592965591247,DOWN,0.02147723981404617,1,0,0.09607289731502533,0.3204227089881897,0,HIGH
2011-09-13,2011-09-14,0.013749150659437749,UP,0.019633864722239394,1,1,0.9947808384895325,0.3204227089881897,1,HIGH
2011-09-14,2011-09-15,0.017110031462982917,UP,0.019826627245267448,1,1,0.9996837377548218,0.3204227089881897,1,HIGH
2011-09-20,2011-09-21,-0.02990088453258005,DOWN,0.01692814144932961,1,0,0.6393272280693054,0.3204227089881897,1,HIGH
2011-09-21,2011-09-22,-0.03285838920438979,DOWN,0.017005176437121686,1,0,0.44940701127052307,0.3204227089881897,1,HIGH
2011-09-23,2011-09-26,0.023501795078211662,UP,0.017991548154498674,1,1,0.009893522597849369,0.3204227089881897,0,HIGH
2011-09-27,2011-09-28,-0.020629935026862865,DOWN,0.017460760575796444,1,0,0.2783602178096771,0.3204227089881897,0,HIGH
2011-09-29,2011-09-30,-0.02530677345236948,DOWN,0.01802145808235174,1,0,0.7629911303520203,0.3204227089881897,1,HIGH
2011-09-30,2011-10-03,-0.028870583198134143,DOWN,0.01865588829710553,1,0,0.008338742889463902,0.3204227089881897,0,HIGH
2011-10-03,2011-10-04,0.021686152138976265,UP,0.018856928191014036,1,1,0.2845607399940491,0.3204227089881897,0,HIGH
2011-10-04,2011-10-05,0.018345918331616917,UP,0.01964484423627891,1,1,0.08439937233924866,0.3204227089881897,0,HIGH
2011-10-05,2011-10-06,0.017929541235911752,UP,0.01899080596846698,1,1,0.9389227628707886,0.3204227089881897,1,HIGH
2011-10-07,2011-10-10,0.032898565789152207,UP,0.018537924996196796,1,1,0.90097576379776,0.3204227089881897,1,HIGH
2011-10-13,2011-10-14,0.016949538097382644,UP,0.019308492089876325,1,1,0.07802115380764008,0.3204227089881897,0,HIGH
2011-10-14,2011-10-17,-0.019275689955516838,DOWN,0.019694333165074067,1,0,0.017568355426192284,0.3204227089881897,0,HIGH
2011-10-17,2011-10-18,0.0193572900874667,UP,0.020058542386597492,1,1,0.25160712003707886,0.3204227089881897,0,HIGH
2011-10-20,2011-10-21,0.01880931170308042,UP,0.01765605089226652,1,1,0.014087582007050514,0.3204227089881897,0,HIGH
2011-10-24,2011-10-25,-0.019635255461081465,DOWN,0.017510286318821334,1,0,4.018372419523075e-05,0.3204227089881897,0,HIGH
2011-10-26,2011-10-27,0.034242080982544706,UP,0.01741771123073438,1,1,0.3031502962112427,0.3204227089881897,0,HIGH
2011-10-28,2011-10-31,-0.024401100692920532,DOWN,0.01733297681568284,1,0,0.047237884253263474,0.3204227089881897,0,HIGH
2011-10-31,2011-11-01,-0.02828471383858199,DOWN,0.016877122378033727,1,0,0.17336559295654297,0.3204227089881897,0,HIGH
2011-11-01,2011-11-02,0.016179855229439512,UP,0.01817852010590072,1,1,0.7621273994445801,0.3204227089881897,1,HIGH
2011-11-02,2011-11-03,0.018063168192773142,UP,0.018095596682472126,1,1,0.9228472113609314,0.3204227089881897,1,HIGH
2011-11-08,2011-11-09,-0.037607949922965934,DOWN,0.016921487798281412,1,0,0.5463842749595642,0.3204227089881897,1,HIGH
2011-11-10,2011-11-11,0.018647475836618268,UP,0.01923872925775058,1,1,0.7439495325088501,0.3204227089881897,1,HIGH
2011-11-15,2011-11-16,-0.015990107007195373,DOWN,0.018453873072425908,1,0,0.9989199638366699,0.3204227089881897,1,HIGH
2011-11-16,2011-11-17,-0.016004250782027264,DOWN,0.01863093974659392,1,0,0.8060488700866699,0.3204227089881897,1,HIGH
2011-11-18,2011-11-21,-0.019202705822494955,DOWN,0.018489543176388328,1,0,0.621921718120575,0.3204227089881897,1,HIGH
2011-11-22,2011-11-23,-0.022312738036471796,DOWN,0.018220698540584595,1,0,0.7593991756439209,0.3204227089881897,1,HIGH
2011-11-25,2011-11-28,0.028555236610433046,UP,0.016353310861919462,1,1,0.9871416091918945,0.3204227089881897,1,HIGH
2011-11-29,2011-11-30,0.04032536892293411,UP,0.017343050549181865,1,1,0.93108731508255,0.3204227089881897,1,HIGH
2011-12-07,2011-12-08,-0.022180631722513985,DOWN,0.01768298437783295,1,0,0.05080603435635567,0.3204227089881897,0,HIGH
2011-12-08,2011-12-09,0.016800443984299855,UP,0.016255734831602222,1,1,0.8044688701629639,0.3204227089881897,1,HIGH
2011-12-19,2011-12-20,0.02981139092228546,UP,0.01589875621238791,1,1,0.47191742062568665,0.3204227089881897,1,HIGH
2011-12-27,2011-12-28,-0.013210410439571862,DOWN,0.014527038201375039,1,0,0.9944098591804504,0.3204227089881897,1,MID
2011-12-30,2012-01-03,0.015810606026642245,UP,0.012206153532476043,1,1,0.8830695748329163,0.3204227089881897,1,MID
2012-02-02,2012-02-03,0.01392134381835218,UP,0.004733736569418216,1,1,0.9840704202651978,0.3204227089881897,1,LOW
2012-02-15,2012-02-16,0.011012309579391845,UP,0.005328656263513163,1,1,0.8413102030754089,0.3204227089881897,1,LOW
2012-03-05,2012-03-06,-0.014733231512984004,DOWN,0.004471212831483703,1,0,0.4864494204521179,0.3204227089881897,1,LOW
2012-03-07,2012-03-08,0.009899914873447515,UP,0.005846588218390742,1,1,0.00679192878305912,0.3204227089881897,0,LOW
2012-03-12,2012-03-13,0.01786530538934012,UP,0.0059436378513604594,1,1,0.129727303981781,0.3204227089881897,0,LOW
2012-03-21,2012-03-22,-0.007229620640635165,DOWN,0.006590513799661513,1,0,0.06700672954320908,0.3204227089881897,0,LOW
2012-03-23,2012-03-26,0.0139375558596752,UP,0.006844988812797712,1,1,0.9329167008399963,0.3204227089881897,1,LOW
2012-03-30,2012-04-02,0.007288189356439629,UP,0.0074822433905881456,1,1,0.9256638884544373,0.3204227089881897,1,LOW
2012-04-03,2012-04-04,-0.00996019845413259,DOWN,0.006570303493252172,1,0,0.9567322134971619,0.3204227089881897,1,LOW
2012-04-05,2012-04-09,-0.01129462095995572,DOWN,0.006746910075030102,1,0,0.9998818635940552,0.3204227089881897,1,LOW
2012-04-09,2012-04-10,-0.016927351249561472,DOWN,0.007240928284653498,1,0,0.7203446626663208,0.3204227089881897,1,LOW
2012-04-10,2012-04-11,0.00806164958284261,UP,0.008195900877917434,1,1,0.14693127572536469,0.3204227089881897,0,LOW
2012-04-11,2012-04-12,0.012981025165336122,UP,0.007273793761684154,1,1,0.10362004488706589,0.3204227089881897,0,LOW
2012-04-12,2012-04-13,-0.01195965358781548,DOWN,0.007926573021955626,1,0,0.06932609528303146,0.3204227089881897,0,LOW
2012-04-16,2012-04-17,0.014703475288866496,UP,0.008178118433826792,1,1,0.47779348492622375,0.3204227089881897,1,LOW
2012-04-18,2012-04-19,-0.006441591294652862,DOWN,0.008865839415012075,1,0,0.5260705351829529,0.3204227089881897,1,LOW
2012-04-20,2012-04-23,-0.008444424521305168,DOWN,0.008847589331139325,1,0,0.10221807658672333,0.3204227089881897,0,LOW
2012-04-24,2012-04-25,0.013598798225997724,UP,0.008350467389759324,1,1,0.18315543234348297,0.3204227089881897,0,LOW
2012-04-25,2012-04-26,0.006944729536737264,UP,0.008996154196698568,1,1,0.012056766077876091,0.3204227089881897,0,LOW
2012-04-30,2012-05-01,0.006200870687420012,UP,0.0090769666289807,1,1,0.9919256567955017,0.3204227089881897,1,LOW
2012-05-02,2012-05-03,-0.007654702013019944,DOWN,0.009011469897610857,1,0,0.3432036340236664,0.3204227089881897,1,LOW
2012-05-03,2012-05-04,-0.016289952979268458,DOWN,0.008895852444203989,1,0,0.5105997323989868,0.3204227089881897,1,LOW
2012-05-08,2012-05-09,-0.005949538524837831,DOWN,0.008494901487055968,1,0,0.05792533606290817,0.3204227089881897,0,LOW
2012-05-11,2012-05-14,-0.011122760326664573,DOWN,0.0073919397334928786,1,0,0.9779797792434692,0.3204227089881897,1,LOW
2012-05-14,2012-05-15,-0.005758133548508667,DOWN,0.007760358246331517,1,0,0.004371169954538345,0.3204227089881897,0,LOW
2012-05-16,2012-05-17,-0.014942074823610709,DOWN,0.006871873543387453,1,0,0.010975347831845284,0.3204227089881897,0,LOW
2012-05-17,2012-05-18,-0.008595563981053293,DOWN,0.007395524292836135,1,0,0.0011459586676210165,0.3204227089881897,0,LOW
2012-05-18,2012-05-21,0.017042143153895094,UP,0.007443008124412075,1,1,0.6857311129570007,0.3204227089881897,1,LOW
2012-05-25,2012-05-29,0.01203920355045307,UP,0.007406259938680646,1,1,0.9472981095314026,0.3204227089881897,1,LOW
2012-05-29,2012-05-30,-0.014616417103779963,DOWN,0.008133208327473124,1,0,0.9472284913063049,0.3204227089881897,1,LOW
2012-05-31,2012-06-01,-0.025499186098984584,DOWN,0.008327209316630628,1,0,0.05470113828778267,0.3204227089881897,0,LOW
2012-06-04,2012-06-05,0.007543693044012312,UP,0.009263948806818087,1,1,0.0011584388557821512,0.3204227089881897,0,LOW
2012-06-05,2012-06-06,0.022219683685399394,UP,0.00954329978933198,1,1,0.3033505380153656,0.3204227089881897,0,LOW
2012-06-07,2012-06-08,0.007920109403916804,UP,0.01104322574613102,1,1,0.9968187808990479,0.3204227089881897,1,LOW
2012-06-08,2012-06-11,-0.01277853673432137,DOWN,0.011215633405459129,1,0,0.9836810827255249,0.3204227089881897,1,MID
2012-06-11,2012-06-12,0.011425195187419059,UP,0.01151258700523162,1,1,0.025549912825226784,0.3204227089881897,0,MID
2012-06-12,2012-06-13,-0.006415289197970859,DOWN,0.011631604354053022,1,0,0.990526556968689,0.3204227089881897,1,MID
2012-06-13,2012-06-14,0.010544602119150941,UP,0.011648317473995085,1,1,0.31486043334007263,0.3204227089881897,0,MID
2012-06-18,2012-06-19,0.009626161675834072,UP,0.011117735815660288,1,1,0.7871307134628296,0.3204227089881897,1,LOW
2012-06-20,2012-06-21,-0.022694265300738328,DOWN,0.01071775547272718,1,0,0.17523126304149628,0.3204227089881897,0,LOW
2012-06-21,2012-06-22,0.007672126668571888,UP,0.011980762221256,1,1,0.36519119143486023,0.3204227089881897,1,MID
2012-06-22,2012-06-25,-0.016164709374456528,DOWN,0.012095839854876304,1,0,0.6100192070007324,0.3204227089881897,1,MID
2012-06-26,2012-06-27,0.008976130181058067,UP,0.012364777136655286,1,1,0.8682654500007629,0.3204227089881897,1,MID
2012-06-28,2012-06-29,0.02462107206103697,UP,0.0120928458705129,1,1,0.9750185012817383,0.3204227089881897,1,MID
2012-07-02,2012-07-03,0.006571352219776147,UP,0.011576168409524492,1,1,0.9627042412757874,0.3204227089881897,1,MID
2012-07-05,2012-07-06,-0.009548976618500212,DOWN,0.010753163874305189,1,0,0.7435890436172485,0.3204227089881897,1,LOW
2012-07-09,2012-07-10,-0.008758371916199225,DOWN,0.010947971339004367,1,0,0.3418485224246979,0.3204227089881897,1,LOW
2012-07-12,2012-07-13,0.016638618556256375,UP,0.010388360727831298,1,1,0.42313602566719055,0.3204227089881897,1,LOW
2012-07-16,2012-07-17,0.006843604159668158,UP,0.01075540198794342,1,1,0.9823976159095764,0.3204227089881897,1,LOW
2012-07-17,2012-07-18,0.007379528046410284,UP,0.010846002209611067,1,1,0.9503071308135986,0.3204227089881897,1,LOW
2012-07-19,2012-07-20,-0.009190396713817285,DOWN,0.010755676332354563,1,0,0.6451482176780701,0.3204227089881897,1,LOW
2012-07-20,2012-07-23,-0.01016362332194233,DOWN,0.009558904271287147,1,0,0.9993153810501099,0.3204227089881897,1,LOW
2012-07-23,2012-07-24,-0.008623975160813382,DOWN,0.009782032930212623,1,0,0.9725468158721924,0.3204227089881897,1,LOW
2012-07-25,2012-07-26,0.01636279364520529,UP,0.009183364190865144,1,1,0.494839608669281,0.3204227089881897,1,LOW
2012-07-26,2012-07-27,0.01826497631335944,UP,0.009667612534474115,1,1,0.12207501381635666,0.3204227089881897,0,LOW
2012-07-30,2012-07-31,-0.0070189945103160956,DOWN,0.008891805663870104,1,0,0.3661234676837921,0.3204227089881897,1,LOW
2012-08-01,2012-08-02,-0.006928496250222446,DOWN,0.008937100204080494,1,0,0.6923931837081909,0.3204227089881897,1,LOW
2012-08-02,2012-08-03,0.019639072154451945,UP,0.009017939802783865,1,1,0.9834781289100647,0.3204227089881897,1,LOW
2012-08-15,2012-08-16,0.0073514753644729515,UP,0.0084485965294073,1,1,0.9072192311286926,0.3204227089881897,1,LOW
2012-08-22,2012-08-23,-0.008213042605260772,DOWN,0.007337345221797467,1,0,0.9971936941146851,0.3204227089881897,1,LOW
2012-08-29,2012-08-30,-0.007233996182479838,DOWN,0.005619468204992976,1,0,0.6936749219894409,0.3204227089881897,1,LOW
2012-09-05,2012-09-06,0.020093415455824763,UP,0.00364657262515054,1,1,0.002198009053245187,0.3204227089881897,0,LOW
2012-09-12,2012-09-13,0.01512158156392947,UP,0.006011751166709178,1,1,0.9096249938011169,0.3204227089881897,1,LOW
2012-09-24,2012-09-25,-0.010698896138496448,DOWN,0.006500120469657601,1,0,0.9965183734893799,0.3204227089881897,1,LOW
2012-09-26,2012-09-27,0.009377390550657554,UP,0.007184629702297748,1,1,0.9680452942848206,0.3204227089881897,1,LOW
2012-10-03,2012-10-04,0.007142455613396262,UP,0.007268622433411707,1,1,0.8991326093673706,0.3204227089881897,1,LOW
2012-10-08,2012-10-09,-0.009936615428929485,DOWN,0.005836106989065712,1,0,0.33448776602745056,0.3204227089881897,1,LOW
2012-10-09,2012-10-10,-0.006400454454726661,DOWN,0.006277705477038749,1,0,0.7740046381950378,0.3204227089881897,1,LOW
2012-10-12,2012-10-15,0.0082936143668975,UP,0.00511321294179407,1,1,0.7477307915687561,0.3204227089881897,1,LOW
2012-10-15,2012-10-16,0.010082203211906414,UP,0.005535535267610144,1,1,0.9826012253761292,0.3204227089881897,1,LOW
2012-10-18,2012-10-19,-0.016804848135725563,DOWN,0.006177236183738677,1,0,0.9494242072105408,0.3204227089881897,1,LOW
2012-10-22,2012-10-23,-0.013973513048603455,DOWN,0.007115660253600667,1,0,0.9880979657173157,0.3204227089881897,1,LOW
2012-10-31,2012-11-01,0.010415997374597061,UP,0.00688752768065437,1,1,0.805767834186554,0.3204227089881897,1,LOW
2012-11-01,2012-11-02,-0.008931486463534484,DOWN,0.007341427583229458,1,0,0.12271085381507874,0.3204227089881897,0,LOW
2012-11-05,2012-11-06,0.007794713531612405,UP,0.007265454569979761,1,1,0.9842961430549622,0.3204227089881897,1,LOW
2012-11-06,2012-11-07,-0.02292448913901554,DOWN,0.007552223352944174,1,0,0.999991774559021,0.3204227089881897,1,LOW
2012-11-07,2012-11-08,-0.012096979082725046,DOWN,0.0089899661262001,1,0,0.7788708209991455,0.3204227089881897,1,LOW
2012-11-13,2012-11-14,-0.013590744815579842,DOWN,0.00907468439216901,1,0,0.9809908866882324,0.3204227089881897,1,LOW
2012-11-16,2012-11-19,0.020037038884988225,UP,0.008612677606115513,1,1,0.8799622654914856,0.3204227089881897,1,LOW
2012-11-21,2012-11-23,0.013533035130504684,UP,0.009537659448330002,1,1,0.9786968231201172,0.3204227089881897,1,LOW
2012-11-27,2012-11-28,0.008020234257834215,UP,0.009642739979240434,1,1,0.7019482851028442,0.3204227089881897,1,LOW
2012-12-10,2012-12-11,0.006785386519996082,UP,0.007006390268265003,1,1,0.9891913533210754,0.3204227089881897,1,LOW
2012-12-12,2012-12-13,-0.006150782136168171,DOWN,0.006998937456678767,1,0,0.9434985518455505,0.3204227089881897,1,LOW
2012-12-14,2012-12-17,0.011683752096523075,UP,0.0063716562064200085,1,1,0.7155235409736633,0.3204227089881897,1,LOW
2012-12-17,2012-12-18,0.011067352697539948,UP,0.0066892850269355255,1,1,0.9937911629676819,0.3204227089881897,1,LOW
2012-12-18,2012-12-19,-0.007457066070580858,DOWN,0.005687305088095913,1,0,0.9953946471214294,0.3204227089881897,1,LOW
2012-12-19,2012-12-20,0.005735835941309844,UP,0.006076193195718776,1,1,0.9999192953109741,0.3204227089881897,1,LOW
2012-12-20,2012-12-21,-0.01618598029706901,DOWN,0.006139714510152977,1,0,0.6962836980819702,0.3204227089881897,1,LOW
2012-12-27,2012-12-28,-0.010866961580575455,DOWN,0.006523641784314416,1,0,0.9821402430534363,0.3204227089881897,1,LOW
2012-12-28,2012-12-31,0.016853570296344864,UP,0.006859781519077075,1,1,0.9999349117279053,0.3204227089881897,1,LOW
2012-12-31,2013-01-02,0.025307232530281845,UP,0.007910289949955724,1,1,0.21092009544372559,0.3204227089881897,0,LOW
2013-01-09,2013-01-10,0.007918155104775441,UP,0.009725564729567926,1,1,0.09326787292957306,0.3204227089881897,0,LOW
2013-01-16,2013-01-17,0.0064395880109128344,UP,0.009260818999892041,1,1,0.20418933033943176,0.3204227089881897,0,LOW
2013-01-24,2013-01-25,0.005606344041853558,UP,0.0077231584886114655,1,1,0.9323020577430725,0.3204227089881897,1,LOW
2013-01-31,2013-02-01,0.010234744303814203,UP,0.003461648376209346,1,1,0.5907906293869019,0.3204227089881897,1,LOW
2013-02-01,2013-02-04,-0.011304144668602559,DOWN,0.003898319996174589,1,0,0.9907082319259644,0.3204227089881897,1,LOW
2013-02-04,2013-02-05,0.010047057361337028,UP,0.00482992201094922,1,1,0.9983565211296082,0.3204227089881897,1,LOW
2013-02-07,2013-02-08,0.005548939530563959,UP,0.005075879225465513,1,1,0.8893116116523743,0.3204227089881897,1,LOW
2013-02-15,2013-02-19,0.007466627480102244,UP,0.004818073964030701,1,1,0.9997972846031189,0.3204227089881897,1,LOW
2013-02-19,2013-02-20,-0.012541637747840189,DOWN,0.005005936915830862,1,0,0.9628132581710815,0.3204227089881897,1,LOW
2013-02-20,2013-02-21,-0.006097567843170686,DOWN,0.005835048459167397,1,0,0.21803493797779083,0.3204227089881897,0,LOW
2013-02-21,2013-02-22,0.00972520140623874,UP,0.006025687274413576,1,1,0.9799687266349792,0.3204227089881897,1,LOW
2013-02-22,2013-02-25,-0.019210264686089513,DOWN,0.006379573027437239,1,0,0.619658350944519,0.3204227089881897,1,LOW
2013-02-25,2013-02-26,0.006822341075306378,UP,0.0076809539181655374,1,1,0.996986448764801,0.3204227089881897,1,LOW
2013-02-26,2013-02-27,0.012519617305904326,UP,0.00784566815313933,1,1,0.9995394945144653,0.3204227089881897,1,LOW
2013-03-04,2013-03-05,0.00891900808606313,UP,0.008018068406606663,1,1,0.9985559582710266,0.3204227089881897,1,LOW
2013-03-14,2013-03-15,-0.005758871198111227,DOWN,0.007506872660317562,1,0,0.5847532749176025,0.3204227089881897,1,LOW
2013-03-15,2013-03-18,-0.0055341235315858415,DOWN,0.0076797934261678595,1,0,0.9944140911102295,0.3204227089881897,1,LOW
2013-03-19,2013-03-20,0.006961045320596425,UP,0.007684539298948539,1,1,0.8933866620063782,0.3204227089881897,1,LOW
2013-03-20,2013-03-21,-0.00857932575928796,DOWN,0.007170500173342103,1,0,0.7256545424461365,0.3204227089881897,1,LOW
2013-03-21,2013-03-22,0.008001110346472698,UP,0.007327147469608808,1,1,0.9976071119308472,0.3204227089881897,1,LOW
2013-03-25,2013-03-26,0.007970765961989446,UP,0.005594873898579468,1,1,0.9499731659889221,0.3204227089881897,1,LOW
2013-04-02,2013-04-03,-0.010190836992467653,DOWN,0.005162405416710423,1,0,0.16241712868213654,0.3204227089881897,0,LOW
2013-04-05,2013-04-08,0.006744432648754667,UP,0.005589517321021547,1,1,0.9058830142021179,0.3204227089881897,1,LOW
2013-04-09,2013-04-10,0.012174382692949959,UP,0.005702215759368043,1,1,0.6311827301979065,0.3204227089881897,1,LOW
2013-04-12,2013-04-15,-0.0234465885739041,DOWN,0.0062405629824626285,1,0,0.013986130245029926,0.3204227089881897,0,LOW
2013-04-15,2013-04-16,0.014654910174762463,UP,0.008156660607355296,1,1,0.9835679531097412,0.3204227089881897,1,LOW
2013-04-16,2013-04-17,-0.014719343059893182,DOWN,0.008696856290558006,1,0,0.0009559018071740866,0.3204227089881897,0,LOW
2013-04-17,2013-04-18,-0.006273270181493821,DOWN,0.00934711471416576,1,0,0.9945429563522339,0.3204227089881897,1,LOW
2013-04-18,2013-04-19,0.008655802114729601,UP,0.00930878454612131,1,1,0.7763267755508423,0.3204227089881897,1,LOW
2013-04-22,2013-04-23,0.010256504155200347,UP,0.009198572862352119,1,1,0.9980756044387817,0.3204227089881897,1,LOW
2013-04-26,2013-04-29,0.006676333484770011,UP,0.00928489076770622,1,1,0.6394259929656982,0.3204227089881897,1,LOW
2013-04-30,2013-05-01,-0.008806157890127678,DOWN,0.009281881847389326,1,0,0.9872334003448486,0.3204227089881897,1,LOW
2013-05-01,2013-05-02,0.009244484452722372,UP,0.009199571309220061,1,1,0.9704889059066772,0.3204227089881897,1,LOW
2013-05-02,2013-05-03,0.010089741437126454,UP,0.009362888494754666,1,1,0.644960880279541,0.3204227089881897,1,LOW
2013-05-13,2013-05-14,0.010280849124774243,UP,0.007024456151591077,1,1,0.21323761343955994,0.3204227089881897,0,LOW
2013-05-14,2013-05-15,0.00537197256402703,UP,0.006690960970514919,1,1,0.30621039867401123,0.3204227089881897,0,LOW
2013-05-16,2013-05-17,0.009630543371476553,UP,0.005217096568579805,1,1,0.7171016931533813,0.3204227089881897,1,LOW
2013-05-21,2013-05-22,-0.00744527922700781,DOWN,0.005084209741444757,1,0,0.9468259215354919,0.3204227089881897,1,LOW
2013-05-24,2013-05-28,0.0059709202535344254,UP,0.005653846887505617,1,1,0.9344340562820435,0.3204227089881897,1,LOW
2013-05-28,2013-05-29,-0.00651547802709189,DOWN,0.0056264910029978025,1,0,0.7500393986701965,0.3204227089881897,1,LOW
2013-05-30,2013-05-31,-0.014456063768440826,DOWN,0.005420232738504448,1,0,0.9259846806526184,0.3204227089881897,1,LOW
2013-05-31,2013-06-03,0.005491222748205635,UP,0.0063414667805073354,1,1,0.9398121237754822,0.3204227089881897,1,LOW
2013-06-04,2013-06-05,-0.014099875084750964,DOWN,0.006196032746819502,1,0,0.973178505897522,0.3204227089881897,1,LOW
2013-06-05,2013-06-06,0.009012353932596352,UP,0.006902648176108653,1,1,0.9368086457252502,0.3204227089881897,1,LOW
2013-06-06,2013-06-07,0.012640276575702901,UP,0.007139815379586561,1,1,0.9567192196846008,0.3204227089881897,1,LOW
2013-06-10,2013-06-11,-0.010369088944428652,DOWN,0.0076328404435300565,1,0,0.059640418738126755,0.3204227089881897,0,LOW
2013-06-11,2013-06-12,-0.008311613667880477,DOWN,0.008003469263417422,1,0,0.9050375819206238,0.3204227089881897,1,LOW
2013-06-12,2013-06-13,0.01509420400859605,UP,0.007807382189232908,1,1,0.6262603998184204,0.3204227089881897,1,LOW
2013-06-13,2013-06-14,-0.006292296273244697,DOWN,0.008501068491315721,1,0,0.3684772253036499,0.3204227089881897,1,LOW
2013-06-14,2013-06-17,0.007691935760106994,UP,0.008548862015522941,1,1,0.11270076036453247,0.3204227089881897,0,LOW
2013-06-17,2013-06-18,0.007874551687688627,UP,0.008436322177767535,1,1,0.9765253067016602,0.3204227089881897,1,LOW
2013-06-18,2013-06-19,-0.01391321406483253,DOWN,0.008654443344112675,1,0,0.961970865726471,0.3204227089881897,1,LOW
2013-06-19,2013-06-20,-0.025090386433772593,DOWN,0.00915319633480943,1,0,0.14638221263885498,0.3204227089881897,0,LOW
2013-06-21,2013-06-24,-0.012716520551955237,DOWN,0.010537744457365704,1,0,0.39111974835395813,0.3204227089881897,1,LOW
2013-06-24,2013-06-25,0.00956829998834733,UP,0.01080230794535922,1,1,0.8674261569976807,0.3204227089881897,1,LOW
2013-06-25,2013-06-26,0.009852246442467346,UP,0.010980310951556781,1,1,0.9862157106399536,0.3204227089881897,1,LOW
2013-06-28,2013-07-01,0.0058425329038531955,UP,0.010929712892581968,1,1,0.49428117275238037,0.3204227089881897,1,LOW
2013-07-03,2013-07-05,0.01073094156035213,UP,0.010438368265715694,1,1,0.9968216419219971,0.3204227089881897,1,LOW
2013-07-05,2013-07-08,0.00568856580219072,UP,0.01052316583531936,1,1,0.9993793964385986,0.3204227089881897,1,LOW
2013-07-08,2013-07-09,0.007171587367699543,UP,0.010196511356528864,1,1,0.9999583959579468,0.3204227089881897,1,LOW
2013-07-10,2013-07-11,0.013528751372094909,UP,0.01003332472371652,1,1,0.48776301741600037,0.3204227089881897,1,LOW
2013-07-31,2013-08-01,0.011491990153753543,UP,0.0045079208831634646,1,1,0.35154861211776733,0.3204227089881897,1,LOW
2013-08-05,2013-08-06,-0.005698697921155843,DOWN,0.004573927996688923,1,0,0.03288465365767479,0.3204227089881897,0,LOW
2013-08-14,2013-08-15,-0.014084743088398959,DOWN,0.0040335357380425416,1,0,0.9528551697731018,0.3204227089881897,1,LOW
2013-08-16,2013-08-19,-0.006412590268578053,DOWN,0.004956061931339166,1,0,0.999679446220398,0.3204227089881897,1,LOW
2013-08-20,2013-08-21,-0.006179242260351285,DOWN,0.005235485996830672,1,0,0.994074285030365,0.3204227089881897,1,LOW
2013-08-21,2013-08-22,0.009073923623194202,UP,0.005330380084571275,1,1,0.9946268200874329,0.3204227089881897,1,LOW
2013-08-26,2013-08-27,-0.016215083080727662,DOWN,0.005836268601225707,1,0,0.8252767324447632,0.3204227089881897,1,LOW
2013-09-03,2013-09-04,0.008238979257379415,UP,0.006320630692851584,1,1,0.9795728325843811,0.3204227089881897,1,LOW
2013-09-06,2013-09-09,0.009530516022100581,UP,0.006562439197299754,1,1,0.24928921461105347,0.3204227089881897,0,LOW
2013-09-09,2013-09-10,0.0073699604577225734,UP,0.006961642031969726,1,1,0.9251284003257751,0.3204227089881897,1,LOW
2013-09-13,2013-09-16,0.005770807024894481,UP,0.006289808338579525,1,1,0.45546743273735046,0.3204227089881897,1,LOW
2013-09-17,2013-09-18,0.011507715438112824,UP,0.0060600621620936,1,1,0.14317671954631805,0.3204227089881897,0,LOW
2013-09-19,2013-09-20,-0.011878521592229619,DOWN,0.006168399530305531,1,0,0.023885849863290787,0.3204227089881897,0,LOW
2013-09-27,2013-09-30,-0.005342581627234101,DOWN,0.005747247779079593,1,0,0.9997922778129578,0.3204227089881897,1,LOW
2013-09-30,2013-10-01,0.007885037842500666,UP,0.00585799525606969,1,1,0.999990701675415,0.3204227089881897,1,LOW
2013-10-02,2013-10-03,-0.009263710042895584,DOWN,0.005805750576154031,1,0,0.9994087219238281,0.3204227089881897,1,LOW
2013-10-03,2013-10-04,0.007548128275420309,UP,0.006243586654732688,1,1,0.36556103825569153,0.3204227089881897,1,LOW
2013-10-04,2013-10-07,-0.008682302092439639,DOWN,0.006439506921658435,1,0,0.9926407933235168,0.3204227089881897,1,LOW
2013-10-07,2013-10-08,-0.011714993948873946,DOWN,0.0064352659178679664,1,0,0.9967566132545471,0.3204227089881897,1,LOW
2013-10-09,2013-10-10,0.02132883685530792,UP,0.006628512896792669,1,1,0.9953464865684509,0.3204227089881897,1,LOW
2013-10-10,2013-10-11,0.006422532529079709,UP,0.008298071462938107,1,1,0.28058260679244995,0.3204227089881897,0,LOW
2013-10-14,2013-10-15,-0.007280477763183888,DOWN,0.008355559060726436,1,0,0.7625577449798584,0.3204227089881897,1,LOW
2013-10-15,2013-10-16,0.01386925907348073,UP,0.008451474084272388,1,1,0.9975919723510742,0.3204227089881897,1,LOW
2013-10-16,2013-10-17,0.0066610566196149456,UP,0.008640996862015334,1,1,0.6424834728240967,0.3204227089881897,1,LOW
2013-10-17,2013-10-18,0.006731696931421397,UP,0.008770420504433484,1,1,0.3610616624355316,0.3204227089881897,1,LOW
2013-10-21,2013-10-22,0.005774635255459071,UP,0.00830610523107392,1,1,0.0014322188217192888,0.3204227089881897,0,LOW
2013-10-28,2013-10-29,0.005319777444716878,UP,0.008087411593425624,1,1,0.3579522371292114,0.3204227089881897,1,LOW
2013-10-29,2013-10-30,-0.004979385063899464,DOWN,0.008015671571898288,1,0,0.001083933049812913,0.3204227089881897,0,LOW
2013-11-05,2013-11-06,0.0050927786073059,UP,0.006601719836824535,1,1,0.9543782472610474,0.3204227089881897,1,LOW
2013-11-06,2013-11-07,-0.012723861244583412,DOWN,0.006589218901867327,1,0,0.8590764403343201,0.3204227089881897,1,LOW
2013-11-07,2013-11-08,0.01340092000813424,UP,0.006086695286949862,1,1,0.9941555261611938,0.3204227089881897,1,LOW
2013-11-12,2013-11-13,0.007992377337158595,UP,0.006265261517658978,1,1,0.9480006098747253,0.3204227089881897,1,LOW
2013-11-13,2013-11-14,0.004976939488140353,UP,0.005804855482101134,1,1,0.9879502058029175,0.3204227089881897,1,LOW
2013-11-20,2013-11-21,0.008036219496011009,UP,0.0056431250312218165,1,1,0.09581471979618073,0.3204227089881897,0,LOW
2013-11-21,2013-11-22,0.004989996456698458,UP,0.005835872251354544,1,1,0.3245575428009033,0.3204227089881897,1,LOW
2013-12-05,2013-12-06,0.011114930327336266,UP,0.005697938784646681,1,1,0.9929986000061035,0.3204227089881897,1,LOW
2013-12-10,2013-12-11,-0.011294518887728793,DOWN,0.004615850596484655,1,0,0.9990695118904114,0.3204227089881897,1,LOW
2013-12-13,2013-12-16,0.006212767889755312,UP,0.004956633396393483,1,1,0.9543272256851196,0.3204227089881897,1,LOW
2013-12-17,2013-12-18,0.016928408301777012,UP,0.0050554260476425575,1,1,0.9911921620368958,0.3204227089881897,1,LOW
2013-12-20,2013-12-23,0.005328372245571922,UP,0.006031814866498454,1,1,0.9800772070884705,0.3204227089881897,1,LOW
2013-12-24,2013-12-26,0.0050710757904248675,UP,0.006046864841403294,1,1,0.057842761278152466,0.3204227089881897,0,LOW
2013-12-30,2013-12-31,0.00472169933228343,UP,0.006113378101017264,1,1,0.5243025422096252,0.3204227089881897,1,LOW
2013-12-31,2014-01-02,-0.009629868327046057,DOWN,0.006119978679341633,1,0,0.8587124943733215,0.3204227089881897,1,LOW
2014-01-06,2014-01-07,0.006122887751066847,UP,0.006418210600515625,1,1,0.06071924790740013,0.3204227089881897,0,LOW
2014-01-10,2014-01-13,-0.013394382993537016,DOWN,0.0052859567774660434,1,0,0.8339899778366089,0.3204227089881897,1,LOW
2014-01-13,2014-01-14,0.010838707619623187,UP,0.006174696291865245,1,1,0.9995427131652832,0.3204227089881897,1,LOW
2014-01-14,2014-01-15,0.005375657004934926,UP,0.0065462288979473435,1,1,0.0018094530096277595,0.3204227089881897,0,LOW
2014-01-22,2014-01-23,-0.008226965035855842,DOWN,0.005482182527378544,1,0,0.12514567375183105,0.3204227089881897,0,LOW
2014-01-23,2014-01-24,-0.021566827807321755,DOWN,0.005719037371627632,1,0,0.9991940855979919,0.3204227089881897,1,LOW
2014-01-24,2014-01-27,-0.004931390760639816,DOWN,0.007458450449720164,1,0,0.8022006154060364,0.3204227089881897,1,LOW
2014-01-27,2014-01-28,0.005937134119493119,UP,0.0073563562613385295,1,1,0.9923800230026245,0.3204227089881897,1,LOW
2014-01-28,2014-01-29,-0.00965161611537867,DOWN,0.007542960185084307,1,0,0.11113237589597702,0.3204227089881897,0,LOW
2014-01-29,2014-01-30,0.010544657770921622,UP,0.00776177712443479,1,1,0.9550662040710449,0.3204227089881897,1,LOW
2014-01-30,2014-01-31,-0.005875639218870396,DOWN,0.008119901645395448,1,0,0.8346491456031799,0.3204227089881897,1,LOW
2014-01-31,2014-02-03,-0.022762410956105997,DOWN,0.007963975913881236,1,0,0.4453357458114624,0.3204227089881897,1,LOW
2014-02-03,2014-02-04,0.006980239059416479,UP,0.009285835545602283,1,1,0.8290135264396667,0.3204227089881897,1,LOW
2014-02-05,2014-02-06,0.013100981927253019,UP,0.009331937214489246,1,1,0.9939042925834656,0.3204227089881897,1,LOW
2014-02-06,2014-02-07,0.012319547789767769,UP,0.00994092153720748,1,1,0.8749844431877136,0.3204227089881897,1,LOW
2014-02-10,2014-02-11,0.010884393064174505,UP,0.010400415470912963,1,1,0.9991662502288818,0.3204227089881897,1,LOW
2014-02-13,2014-02-14,0.005503704430046969,UP,0.009990393742222886,1,1,0.9758412837982178,0.3204227089881897,1,LOW
2014-02-18,2014-02-19,-0.006643825496230725,DOWN,0.010031292873996832,1,0,0.06321236491203308,0.3204227089881897,0,LOW
2014-02-19,2014-02-20,0.0058836615608325316,UP,0.010120238389136458,1,1,0.8244701027870178,0.3204227089881897,1,LOW
2014-02-21,2014-02-24,0.005531490590065675,UP,0.010036706869123639,1,1,0.21903377771377563,0.3204227089881897,0,LOW
2014-02-26,2014-02-27,0.005233784227441233,UP,0.008495700634068215,1,1,0.9660991430282593,0.3204227089881897,1,LOW
2014-02-28,2014-03-03,-0.007056875232514314,DOWN,0.00786939308375748,1,0,0.9928324222564697,0.3204227089881897,1,LOW
2014-03-03,2014-03-04,0.013957742813019232,UP,0.007935230760487192,2,1,0.6784040927886963,0.5388480722904205,1,LOW
2014-03-10,2014-03-11,-0.004954899378260192,DOWN,0.004972021804696128,2,0,0.6165858507156372,0.5388480722904205,1,LOW
2014-03-12,2014-03-13,-0.01127653119657927,DOWN,0.004799163995910988,2,0,0.5943781137466431,0.5388480722904205,1,LOW
2014-03-14,2014-03-17,0.00900298889015155,UP,0.005539772833262099,2,1,0.6177075505256653,0.5388480722904205,1,LOW
2014-03-17,2014-03-18,0.007112529310234612,UP,0.005758757973178885,2,1,0.6287034153938293,0.5388480722904205,1,LOW
2014-03-18,2014-03-19,-0.005343034619756702,DOWN,0.005938854431111658,2,0,0.5183890461921692,0.5388480722904205,0,LOW
2014-03-19,2014-03-20,0.005822490887499918,UP,0.005858239182208588,2,1,0.5969683527946472,0.5388480722904205,1,LOW
2014-03-20,2014-03-21,-0.008289942190954327,DOWN,0.005855562201287055,2,0,0.691256582736969,0.5388480722904205,1,LOW
2014-03-25,2014-03-26,-0.007218283562339287,DOWN,0.006257062700895568,2,0,0.728782057762146,0.5388480722904205,1,LOW
2014-03-27,2014-03-28,0.004918018095382473,UP,0.00638223222502155,2,1,0.5488258600234985,0.5388480722904205,1,LOW
2014-03-28,2014-03-31,0.0081610601340628,UP,0.006460594161942205,2,1,0.667655348777771,0.5388480722904205,1,LOW
2014-03-31,2014-04-01,0.006608804693012863,UP,0.006508373271333318,2,1,0.5438879132270813,0.5388480722904205,1,LOW
2014-04-03,2014-04-04,-0.01189258073598757,DOWN,0.0059214650378880485,2,0,0.6628133654594421,0.5388480722904205,1,LOW
2014-04-04,2014-04-07,-0.011113010807849042,DOWN,0.006500283177435664,2,0,0.46268486976623535,0.5388480722904205,0,LOW
2014-04-08,2014-04-09,0.010693512369671362,UP,0.006946403157151447,2,1,0.5004926323890686,0.5388480722904205,0,LOW
2014-04-09,2014-04-10,-0.021229657140335145,DOWN,0.007389792522164616,2,0,0.47965776920318604,0.5388480722904205,0,LOW
2014-04-10,2014-04-11,-0.009049389440753466,DOWN,0.008445323507487293,2,0,0.5222690105438232,0.5388480722904205,0,LOW
2014-04-11,2014-04-14,0.00784752523142513,UP,0.008646094305259892,2,1,0.504795253276825,0.5388480722904205,0,MID
2014-04-14,2014-04-15,0.006863863679962793,UP,0.00858032949974428,2,1,0.636323094367981,0.5388480722904205,1,MID
2014-04-15,2014-04-16,0.010423273290011996,UP,0.008568252033754994,2,1,0.6434951424598694,0.5388480722904205,1,MID
2014-04-24,2014-04-25,-0.008232744912048813,DOWN,0.008367964816067625,2,0,0.7044209241867065,0.5388480722904205,1,LOW
2014-05-05,2014-05-06,-0.008742056756520605,DOWN,0.007803748527115865,2,0,0.6884753704071045,0.5388480722904205,1,LOW
2014-05-06,2014-05-07,0.005872040001730826,UP,0.0076335797000016015,2,1,0.6589899063110352,0.5388480722904205,1,LOW
2014-05-09,2014-05-12,0.00968895241931179,UP,0.005322269859322048,2,1,0.4462537169456482,0.5388480722904205,0,LOW
2014-05-14,2014-05-15,-0.008819074848976698,DOWN,0.004943891593366187,2,0,0.6077316999435425,0.5388480722904205,1,LOW
2014-05-19,2014-05-20,-0.006324942897985657,DOWN,0.004998334890559656,2,0,0.34064123034477234,0.5388480722904205,0,LOW
2014-05-20,2014-05-21,0.008389142317992792,UP,0.0051199234349877535,2,1,0.5086154341697693,0.5388480722904205,0,LOW
2014-05-23,2014-05-27,0.0061277492246281,UP,0.005077758255178244,2,1,0.4986400604248047,0.5388480722904205,0,LOW
2014-05-28,2014-05-29,0.005159569670869052,UP,0.005136595942816348,2,1,0.6355493664741516,0.5388480722904205,1,LOW
2014-06-04,2014-06-05,0.006500871665655083,UP,0.00462580014606824,2,1,0.6066575646400452,0.5388480722904205,1,LOW
2014-06-11,2014-06-12,-0.0071050338184486484,DOWN,0.004448353220576341,2,0,0.5731648206710815,0.5388480722904205,1,LOW
2014-06-17,2014-06-18,0.007312889933115217,UP,0.003981259345804015,2,1,0.5282211899757385,0.5388480722904205,0,LOW
2014-06-23,2014-06-24,-0.006042355057687075,DOWN,0.003559196404229663,2,0,0.5165619254112244,0.5388480722904205,0,LOW
2014-06-24,2014-06-25,0.0045096155423069,UP,0.003749366952986104,2,1,0.5459014177322388,0.5388480722904205,1,LOW
2014-06-30,2014-07-01,0.006670922554447326,UP,0.003727265078558707,2,1,0.5569977760314941,0.5388480722904205,1,LOW
2014-07-02,2014-07-03,0.004906067745438288,UP,0.003935335100726369,2,1,0.5920132994651794,0.5388480722904205,1,LOW
2014-07-07,2014-07-08,-0.006450760216380564,DOWN,0.003845663591413185,2,0,0.5524517297744751,0.5388480722904205,1,LOW
2014-07-08,2014-07-09,0.0044742276320883885,UP,0.004147731260205289,2,1,0.5864428281784058,0.5388480722904205,1,LOW
2014-07-11,2014-07-14,0.005022741978227536,UP,0.003907213146332553,2,1,0.44808632135391235,0.5388480722904205,0,LOW
2014-07-16,2014-07-17,-0.011431017976897126,DOWN,0.004068403390616924,2,0,0.476599782705307,0.5388480722904205,0,LOW
2014-07-17,2014-07-18,0.010167338522886066,UP,0.004611100305378242,2,1,0.5658455491065979,0.5388480722904205,1,LOW
2014-07-21,2014-07-22,0.004348495626861532,UP,0.005129360470913874,2,1,0.49432748556137085,0.5388480722904205,0,LOW
2014-07-24,2014-07-25,-0.004692556922979242,DOWN,0.004905372233810558,2,0,0.5074151158332825,0.5388480722904205,0,LOW
2014-07-28,2014-07-29,-0.004306560695288627,DOWN,0.00503752699276995,2,0,0.5242219567298889,0.5388480722904205,0,LOW
2014-07-30,2014-07-31,-0.019945796563103725,DOWN,0.004925881578993697,2,0,0.3887312710285187,0.5388480722904205,0,LOW
2014-08-01,2014-08-04,0.007194831067147849,UP,0.006491091703243549,2,1,0.5373978018760681,0.5388480722904205,0,LOW
2014-08-04,2014-08-05,-0.009743559398901468,DOWN,0.006749738516249348,2,0,0.3847128748893738,0.5388480722904205,0,LOW
2014-08-06,2014-08-07,-0.005429449664381589,DOWN,0.0068150606746279424,2,0,0.5224853754043579,0.5388480722904205,0,LOW
2014-08-07,2014-08-08,0.01150249072739809,UP,0.006852992902991145,2,1,0.5353469848632812,0.5388480722904205,0,LOW
2014-08-12,2014-08-13,0.006746157238177152,UP,0.007341143245819382,2,1,0.5214377045631409,0.5388480722904205,0,LOW
2014-08-13,2014-08-14,0.004710700930836769,UP,0.00747321652131172,2,1,0.4974525570869446,0.5388480722904205,0,LOW
2014-08-15,2014-08-18,0.00834440265577117,UP,0.006715346427894853,2,1,0.6614275574684143,0.5388480722904205,1,LOW
2014-08-18,2014-08-19,0.005205311964475726,UP,0.006988931703171025,2,1,0.48133599758148193,0.5388480722904205,0,LOW
2014-08-22,2014-08-25,0.005057696293721403,UP,0.006975800862501209,2,1,0.6245113611221313,0.5388480722904205,1,LOW
2014-09-04,2014-09-05,0.004485175863692967,UP,0.0040107660222076374,2,1,0.5985573530197144,0.5388480722904205,1,LOW
2014-09-08,2014-09-09,-0.006351395420682992,DOWN,0.003138361037703229,2,0,0.494691401720047,0.5388480722904205,0,LOW
2014-09-09,2014-09-10,0.0037557317613714147,UP,0.0036226034564594916,2,1,0.6689493656158447,0.5388480722904205,1,LOW
2014-09-11,2014-09-12,-0.005858355616396487,DOWN,0.003391625259617962,2,0,0.5116914510726929,0.5388480722904205,0,LOW
2014-09-15,2014-09-16,0.007510174147197439,UP,0.003668949666244398,2,1,0.5365610718727112,0.5388480722904205,0,LOW
2014-09-17,2014-09-18,0.005315894500358037,UP,0.0034328480295192096,2,1,0.5702909827232361,0.5388480722904205,1,LOW
2014-09-18,2014-09-19,-0.005565006730506278,DOWN,0.0035656502169739905,2,0,0.5195982456207275,0.5388480722904205,0,LOW
2014-09-19,2014-09-22,-0.007752961616901403,DOWN,0.0037887069552558334,2,0,0.4623331129550934,0.5388480722904205,0,LOW
2014-09-22,2014-09-23,-0.005740772251970257,DOWN,0.004181525973451386,2,0,0.531056821346283,0.5388480722904205,0,LOW
2014-09-23,2014-09-24,0.007797424031039491,UP,0.0041898809319806125,2,1,0.5893521308898926,0.5388480722904205,1,LOW
2014-09-24,2014-09-25,-0.016267099146391652,DOWN,0.004583914013997147,2,0,0.46886709332466125,0.5388480722904205,0,LOW
2014-09-25,2014-09-26,0.007913990154607694,UP,0.005826401505737516,2,1,0.6554843187332153,0.5388480722904205,1,LOW
2014-09-30,2014-10-01,-0.013644579409955858,DOWN,0.00612323104954403,2,0,0.5462427139282227,0.5388480722904205,1,LOW
2014-10-02,2014-10-03,0.010949197845781487,UP,0.0067622243464471885,2,1,0.5532277822494507,0.5388480722904205,1,LOW
2014-10-06,2014-10-07,-0.015556719198476667,DOWN,0.007194474448636712,2,0,0.731764018535614,0.5388480722904205,1,LOW
2014-10-07,2014-10-08,0.017338238566358213,UP,0.00781676790848831,2,1,0.4895589351654053,0.5388480722904205,0,LOW
2014-10-08,2014-10-09,-0.020032483790296044,DOWN,0.008826265797724386,2,0,0.48999086022377014,0.5388480722904205,0,MID
2014-10-09,2014-10-10,-0.011480047880891237,DOWN,0.009790102002675813,2,0,0.5798488259315491,0.5388480722904205,1,MID
2014-10-10,2014-10-13,-0.01656336132841643,DOWN,0.009987723755197048,2,0,0.4504978060722351,0.5388480722904205,0,MID
2014-10-14,2014-10-15,-0.006789133113090686,DOWN,0.010247939367459288,2,0,0.5125887393951416,0.5388480722904205,0,MID
2014-10-16,2014-10-17,0.011741592523610402,UP,0.010020112801116624,2,1,0.46176064014434814,0.5388480722904205,0,MID
2014-10-17,2014-10-20,0.00966294083322011,UP,0.010608667985335236,2,1,0.641351580619812,0.5388480722904205,1,MID
2014-10-20,2014-10-21,0.019617166125424336,UP,0.010920596580602742,2,1,0.6009489297866821,0.5388480722904205,1,MID
2014-10-21,2014-10-22,-0.007136263856155378,DOWN,0.011922828471458499,2,0,0.3617888391017914,0.5388480722904205,0,MID
2014-10-22,2014-10-23,0.011557789576533795,UP,0.0118096394110989,2,1,0.5786107778549194,0.5388480722904205,1,MID
2014-10-23,2014-10-24,0.007665614275054814,UP,0.011647483698985895,2,1,0.5716767907142639,0.5388480722904205,1,MID
2014-10-27,2014-10-28,0.011404943846823197,UP,0.011635835522440312,2,1,0.4960518479347229,0.5388480722904205,0,MID
2014-10-29,2014-10-30,0.00639014101743165,UP,0.011461146848343562,2,1,0.44864413142204285,0.5388480722904205,0,MID
2014-10-30,2014-10-31,0.011370553040350334,UP,0.01152278474426426,2,1,0.45311418175697327,0.5388480722904205,0,MID
2014-11-04,2014-11-05,0.0062962901151845125,UP,0.010893964988575764,2,1,0.302704393863678,0.5388480722904205,0,MID
2014-11-17,2014-11-18,0.005757275562255267,UP,0.006327331117657382,2,1,0.6483418941497803,0.5388480722904205,1,LOW
2014-11-20,2014-11-21,0.005336406489951131,UP,0.004249093612291112,2,1,0.5577419996261597,0.5388480722904205,1,LOW
2014-11-28,2014-12-01,-0.006974081304460973,DOWN,0.003437850341218844,2,0,0.36578190326690674,0.5388480722904205,0,LOW
2014-12-01,2014-12-02,0.0064430493475267124,UP,0.0032253507948656873,2,1,0.45163875818252563,0.5388480722904205,0,LOW
2014-12-05,2014-12-08,-0.006705118522477449,DOWN,0.0030982016760816565,2,0,0.42591798305511475,0.5388480722904205,0,LOW
2014-12-09,2014-12-10,-0.016161265350257942,DOWN,0.0035356753505976822,2,0,0.5882948040962219,0.5388480722904205,1,LOW
2014-12-10,2014-12-11,0.00505708093270082,UP,0.005149613222073102,2,1,0.5931386351585388,0.5388480722904205,1,LOW
2014-12-11,2014-12-12,-0.01629345335566466,DOWN,0.005278827289690626,2,0,0.5031328201293945,0.5388480722904205,0,LOW
2014-12-12,2014-12-15,-0.006893158682127761,DOWN,0.006409082651818464,2,0,0.5701009035110474,0.5388480722904205,1,LOW
2014-12-15,2014-12-16,-0.008051932446890809,DOWN,0.006544295627241228,2,0,0.5998270511627197,0.5388480722904205,1,LOW
2014-12-16,2014-12-17,0.019415118999434836,UP,0.00670437868572596,2,1,0.6648199558258057,0.5388480722904205,1,LOW
2014-12-17,2014-12-18,0.024427900848919635,UP,0.008053660446933163,2,1,0.4599097669124603,0.5388480722904205,0,LOW
2014-12-30,2014-12-31,-0.00997255115969937,DOWN,0.00974836636599284,2,0,0.5565404891967773,0.5388480722904205,1,MID
2015-01-02,2015-01-05,-0.018224704391309896,DOWN,0.009856389460310058,2,0,0.5600535273551941,0.5388480722904205,1,MID
2015-01-05,2015-01-06,-0.009463605301043171,DOWN,0.010617034179610413,2,0,0.533648669719696,0.5388480722904205,0,MID
2015-01-06,2015-01-07,0.01238416446271821,UP,0.010736602066647134,2,1,0.5079184770584106,0.5388480722904205,0,MID
2015-01-07,2015-01-08,0.01758942196896442,UP,0.01113787989348689,2,1,0.5940262675285339,0.5388480722904205,1,MID
2015-01-08,2015-01-09,-0.008045850650524594,DOWN,0.011893514383875094,2,0,0.49698007106781006,0.5388480722904205,0,MID
2015-01-09,2015-01-12,-0.007864410784303022,DOWN,0.011448184787435192,2,0,0.604528546333313,0.5388480722904205,1,MID
2015-01-14,2015-01-15,-0.00920280734937316,DOWN,0.010899543349752643,2,0,0.5072231292724609,0.5388480722904205,0,MID
2015-01-15,2015-01-16,0.013029015212169084,UP,0.0109490898681208,2,1,0.46046146750450134,0.5388480722904205,0,MID
2015-01-21,2015-01-22,0.01476151841513954,UP,0.00885444082164599,2,1,0.4224443733692169,0.5388480722904205,0,MID
2015-01-26,2015-01-27,-0.01327828342652442,DOWN,0.00953699998091214,2,0,0.7018327713012695,0.5388480722904205,1,MID
2015-01-27,2015-01-28,-0.012907278436190254,DOWN,0.009899351810744432,2,0,0.6230216026306152,0.5388480722904205,1,MID
2015-01-28,2015-01-29,0.009201099807839798,UP,0.010200823999957608,2,1,0.43992796540260315,0.5388480722904205,0,MID
2015-01-29,2015-01-30,-0.012654655369977563,DOWN,0.010471433487216934,2,0,0.6406009793281555,0.5388480722904205,1,MID
2015-01-30,2015-02-02,0.012308007234080716,UP,0.010603744854016132,2,1,0.4153209328651428,0.5388480722904205,0,MID
2015-02-02,2015-02-03,0.014357598431818042,UP,0.011045195615328827,2,1,0.6587662100791931,0.5388480722904205,1,MID
2015-02-04,2015-02-05,0.010044443487849221,UP,0.010537484169606244,2,1,0.38181766867637634,0.5388480722904205,0,MID
2015-02-09,2015-02-10,0.01059699136311393,UP,0.009549854804003858,2,1,0.44499877095222473,0.5388480722904205,0,MID
2015-02-11,2015-02-12,0.009570858374647587,UP,0.009590821396226676,2,1,0.40875422954559326,0.5388480722904205,0,MID
2015-02-27,2015-03-02,0.006293652868157811,UP,0.006705892197836551,2,1,0.55774986743927,0.5388480722904205,1,LOW
2015-03-05,2015-03-06,-0.014164303542830515,DOWN,0.0048028683921246184,2,0,0.6080794334411621,0.5388480722904205,1,LOW
2015-03-09,2015-03-10,-0.01635496324619298,DOWN,0.0055532057978219165,2,0,0.6427398920059204,0.5388480722904205,1,LOW
2015-03-11,2015-03-12,0.012633822390026958,UP,0.006195905512318724,2,1,0.6350194215774536,0.5388480722904205,1,LOW
2015-03-12,2015-03-13,-0.006151203606017958,DOWN,0.006863125753346404,2,0,0.5575137138366699,0.5388480722904205,1,LOW
2015-03-13,2015-03-16,0.01327207520486987,UP,0.006609862700540033,2,1,0.6193345785140991,0.5388480722904205,1,LOW
2015-03-17,2015-03-18,0.011949857413652766,UP,0.007260532705753901,2,1,0.5107594132423401,0.5388480722904205,0,LOW
2015-03-24,2015-03-25,-0.014762257583974083,DOWN,0.007848699533892542,2,0,0.5250105857849121,0.5388480722904205,0,LOW
2015-03-27,2015-03-30,0.012126018644524963,UP,0.008484348645048585,2,1,0.684404194355011,0.5388480722904205,1,LOW
2015-03-30,2015-03-31,-0.008777944644853434,DOWN,0.008847276939802966,2,0,0.4995259940624237,0.5388480722904205,0,MID
2015-04-02,2015-04-06,0.006710621534576819,UP,0.009035017940123503,2,1,0.6139708161354065,0.5388480722904205,1,MID
2015-04-16,2015-04-17,-0.011570210421864109,DOWN,0.006114953987137432,2,0,0.6094914078712463,0.5388480722904205,1,LOW
2015-04-17,2015-04-20,0.00909536735125444,UP,0.006572189646395039,2,1,0.6194540858268738,0.5388480722904205,1,LOW
2015-04-29,2015-04-30,-0.010070965675104416,DOWN,0.00492440318835227,2,0,0.5209286212921143,0.5388480722904205,0,LOW
2015-04-30,2015-05-01,0.010783035269824706,UP,0.00543115863181697,2,1,0.5525760054588318,0.5388480722904205,1,LOW
2015-05-04,2015-05-05,-0.011517967610371698,DOWN,0.00572114585765819,2,0,0.500061571598053,0.5388480722904205,0,LOW
2015-05-07,2015-05-08,0.013080164912577465,UP,0.006338812391584539,2,1,0.5052431225776672,0.5388480722904205,0,LOW
2015-05-13,2015-05-14,0.010373597439841523,UP,0.006853219468883337,2,1,0.5316504836082458,0.5388480722904205,0,LOW
2015-05-22,2015-05-26,-0.01080993571497929,DOWN,0.00636576669788753,2,0,0.6740328669548035,0.5388480722904205,1,LOW
2015-05-26,2015-05-27,0.009447401532239053,UP,0.006772305986751018,2,1,0.6385815739631653,0.5388480722904205,1,LOW
2015-05-28,2015-05-29,-0.00623234928167894,DOWN,0.006999574373324062,2,0,0.4813136160373688,0.5388480722904205,0,LOW
2015-06-03,2015-06-04,-0.008482426280820986,DOWN,0.005699034292691826,2,0,0.3469446003437042,0.5388480722904205,0,LOW
2015-06-05,2015-06-08,-0.006168619894907657,DOWN,0.005931614526146994,2,0,0.4696446657180786,0.5388480722904205,0,LOW
2015-06-09,2015-06-10,0.011921934417045426,UP,0.00517179530004294,2,1,0.5553316473960876,0.5388480722904205,1,LOW
2015-06-11,2015-06-12,-0.007684367470106338,DOWN,0.005867298986464918,2,0,0.6456985473632812,0.5388480722904205,1,LOW
2015-06-15,2015-06-16,0.005436866635543014,UP,0.005681099714187995,2,1,0.5427212119102478,0.5388480722904205,1,LOW
2015-06-17,2015-06-18,0.010345664549366142,UP,0.005810645786820031,2,1,0.4786132276058197,0.5388480722904205,0,LOW
2015-06-18,2015-06-19,-0.009301520060152167,DOWN,0.006302336739193541,2,0,0.4438417851924896,0.5388480722904205,0,LOW
2015-06-19,2015-06-22,0.0051100269172874,UP,0.006588277887396287,2,1,0.475681871175766,0.5388480722904205,0,LOW
2015-06-23,2015-06-24,-0.0072892513339581156,DOWN,0.00621869205719548,2,0,0.6268952488899231,0.5388480722904205,1,LOW
2015-06-26,2015-06-29,-0.021193400386544974,DOWN,0.0059288989754866335,2,0,0.5924098491668701,0.5388480722904205,1,LOW
2015-06-30,2015-07-01,0.007983561804533027,UP,0.007551128115266113,2,1,0.6449517607688904,0.5388480722904205,1,LOW
2015-07-06,2015-07-07,0.006269022964348443,UP,0.0076031124684754845,2,1,0.48116534948349,0.5388480722904205,0,LOW
2015-07-07,2015-07-08,-0.0169195914419475,DOWN,0.007643607136308106,2,0,0.4393234848976135,0.5388480722904205,0,LOW
2015-07-09,2015-07-10,0.012512903433965095,UP,0.007997900601589267,2,1,0.5058557391166687,0.5388480722904205,0,LOW
2015-07-10,2015-07-13,0.010976783887015968,UP,0.008535694666827642,2,1,0.43477100133895874,0.5388480722904205,0,MID
2015-07-15,2015-07-16,0.007992298232542884,UP,0.008693773537099297,2,1,0.3807017505168915,0.5388480722904205,0,MID
2015-07-22,2015-07-23,-0.0056458576058752,DOWN,0.008261153160831392,2,0,0.5217785239219666,0.5388480722904205,0,LOW
2015-07-23,2015-07-24,-0.010426191888768848,DOWN,0.008194394626231711,2,0,0.6080668568611145,0.5388480722904205,1,LOW
2015-07-24,2015-07-27,-0.005834326602727022,DOWN,0.008495820365938192,2,0,0.5548936128616333,0.5388480722904205,1,LOW
2015-07-27,2015-07-28,0.012208209755053484,UP,0.008580229387680337,2,1,0.4337207078933716,0.5388480722904205,0,MID
2015-07-28,2015-07-29,0.006855548966037117,UP,0.007579300652538449,2,1,0.5741184949874878,0.5388480722904205,1,LOW
2015-08-05,2015-08-06,-0.008221456210205291,DOWN,0.006267356835416201,2,0,0.3993079960346222,0.5388480722904205,0,LOW
2015-08-07,2015-08-10,0.012520522679780615,UP,0.00604030326253284,2,1,0.36631566286087036,0.5388480722904205,0,LOW
2015-08-10,2015-08-11,-0.009064126222849762,DOWN,0.006194332080278641,2,0,0.38346126675605774,0.5388480722904205,0,LOW
2015-08-14,2015-08-17,0.005571301686068404,UP,0.0062160504882009,2,1,0.5202249884605408,0.5388480722904205,0,LOW
2015-08-18,2015-08-19,-0.007936873561101215,DOWN,0.006343901746286141,2,0,0.5344534516334534,0.5388480722904205,0,LOW
2015-08-19,2015-08-20,-0.021102463987507057,DOWN,0.006558980989520196,2,0,0.5337141156196594,0.5388480722904205,0,LOW
2015-08-20,2015-08-21,-0.030564844895498506,DOWN,0.007935302790597848,2,0,0.464539498090744,0.5388480722904205,0,LOW
2015-08-21,2015-08-24,-0.043019060773217356,DOWN,0.010107941261480468,2,0,0.5487369298934937,0.5388480722904205,1,MID
2015-08-24,2015-08-25,-0.011837575935620176,DOWN,0.013576870817888692,2,0,0.647738516330719,0.5388480722904205,1,HIGH
2015-08-25,2015-08-26,0.03767507232034739,UP,0.013087800076373187,2,1,0.5623248219490051,0.5388480722904205,1,HIGH
2015-08-26,2015-08-27,0.024434189577847116,UP,0.016096171291548955,2,1,0.4261592924594879,0.5388480722904205,0,HIGH
2015-08-28,2015-08-31,-0.00811190049770867,DOWN,0.01730780909128341,2,0,0.571692943572998,0.5388480722904205,1,HIGH
2015-08-31,2015-09-01,-0.03030220476613541,DOWN,0.01734933040251209,2,0,0.520855724811554,0.5388480722904205,0,HIGH
2015-09-01,2015-09-02,0.01880317454798349,UP,0.018388392504360702,2,1,0.5749183893203735,0.5388480722904205,1,HIGH
2015-09-03,2015-09-04,-0.015252558886480107,DOWN,0.01903611545957076,2,0,0.6622265577316284,0.5388480722904205,1,HIGH
2015-09-04,2015-09-08,0.024820496117270316,UP,0.01922257486902044,2,1,0.6126753687858582,0.5388480722904205,1,HIGH
2015-09-08,2015-09-09,-0.013462033317038494,DOWN,0.019956204826681517,2,0,0.6819378137588501,0.5388480722904205,1,HIGH
2015-09-14,2015-09-15,0.012421952003654629,UP,0.02013385616706142,2,1,0.7123828530311584,0.5388480722904205,1,HIGH
2015-09-15,2015-09-16,0.008629322886787182,UP,0.020349996768400425,2,1,0.6754047274589539,0.5388480722904205,1,HIGH
2015-09-17,2015-09-18,-0.021661856460941403,DOWN,0.020473042150207798,2,0,0.492911696434021,0.5388480722904205,0,HIGH
2015-09-21,2015-09-22,-0.013064729640802282,DOWN,0.01942094158068691,2,0,0.5527358055114746,0.5388480722904205,1,HIGH
2015-09-25,2015-09-28,-0.025417592615977622,DOWN,0.01316755650057169,2,0,0.4494752585887909,0.5388480722904205,0,HIGH
2015-09-29,2015-09-30,0.01848642383981401,UP,0.014153133081647413,2,1,0.6628783941268921,0.5388480722904205,1,HIGH
2015-10-01,2015-10-02,0.014827306906029528,UP,0.012546642067430757,2,1,0.5777981281280518,0.5388480722904205,1,MID
2015-10-02,2015-10-05,0.017638402790987828,UP,0.013026719707215138,2,1,0.4870385527610779,0.5388480722904205,0,HIGH
2015-10-07,2015-10-08,0.008986147060895028,UP,0.011600010106798838,2,1,0.49897998571395874,0.5388480722904205,0,MID
2015-10-14,2015-10-15,0.015237884828707922,UP,0.011322042253440313,2,1,0.43858855962753296,0.5388480722904205,0,MID
2015-10-21,2015-10-22,0.01675256391876057,UP,0.010179346113367651,2,1,0.4796984791755676,0.5388480722904205,0,MID
2015-10-22,2015-10-23,0.010902063353210822,UP,0.010589238149264336,2,1,0.3853488862514496,0.5388480722904205,0,MID
2015-10-27,2015-10-28,0.011310388060510447,UP,0.008480699678792102,2,1,0.28915074467658997,0.5388480722904205,0,LOW
2015-10-30,2015-11-02,0.011761498942322644,UP,0.00787393563563846,2,1,0.5663079619407654,0.5388480722904205,1,LOW
2015-11-06,2015-11-09,-0.009375326864791323,DOWN,0.00718573628394306,2,0,0.43059414625167847,0.5388480722904205,0,LOW
2015-11-11,2015-11-12,-0.014058155525712998,DOWN,0.0073602766826925585,2,0,0.44374242424964905,0.5388480722904205,0,LOW
2015-11-12,2015-11-13,-0.01129180396066122,DOWN,0.007516582111222356,2,0,0.5693756341934204,0.5388480722904205,1,LOW
2015-11-13,2015-11-16,0.015092416612007657,UP,0.007904828750787326,2,1,0.5368776917457581,0.5388480722904205,0,LOW
2015-11-17,2015-11-18,0.015741486470022985,UP,0.008607370277948667,2,1,0.5972050428390503,0.5388480722904205,1,MID
2015-11-30,2015-12-01,0.009490450885066217,UP,0.007616611848505754,2,1,0.44866207242012024,0.5388480722904205,0,LOW
2015-12-01,2015-12-02,-0.010257449923871885,DOWN,0.0074500061650969295,2,0,0.4846023917198181,0.5388480722904205,0,LOW
2015-12-02,2015-12-03,-0.014101736427653467,DOWN,0.007761390596419184,2,0,0.4924231767654419,0.5388480722904205,0,LOW
2015-12-03,2015-12-04,0.01931517094939084,UP,0.008319370988093601,2,1,0.5980793833732605,0.5388480722904205,1,LOW
2015-12-10,2015-12-11,-0.01957139224450698,DOWN,0.009597498624249374,2,0,0.5893326997756958,0.5388480722904205,1,MID
2015-12-14,2015-12-15,0.010443087190806444,UP,0.009833776210682776,2,1,0.537051260471344,0.5388480722904205,0,MID
2015-12-15,2015-12-16,0.014525990261195328,UP,0.009510055084371073,2,1,0.5554994940757751,0.5388480722904205,1,MID
2015-12-16,2015-12-17,-0.015355472214624757,DOWN,0.010056682826605764,2,0,0.48192065954208374,0.5388480722904205,0,MID
2015-12-17,2015-12-18,-0.023909439079209505,DOWN,0.009999343772047404,2,0,0.5595082640647888,0.5388480722904205,1,MID
2015-12-22,2015-12-23,0.012307267310985573,UP,0.01166701430656104,2,1,0.6096531748771667,0.5388480722904205,1,MID
2015-12-28,2015-12-29,0.010615388596981797,UP,0.012046028744513474,2,1,0.5345982909202576,0.5388480722904205,0,MID
2015-12-30,2015-12-31,-0.010053757792281173,DOWN,0.01215889015579461,2,0,0.5902372598648071,0.5388480722904205,1,MID
2015-12-31,2016-01-04,-0.014078085007925907,DOWN,0.012150934077692119,2,0,0.5687580704689026,0.5388480722904205,1,MID
2016-01-05,2016-01-06,-0.012694424235767466,DOWN,0.01118998896858016,2,0,0.6464758515357971,0.5388480722904205,1,MID
2016-01-06,2016-01-07,-0.02428405608086669,DOWN,0.011412198294166422,2,0,0.45754513144493103,0.5388480722904205,0,MID
2016-01-07,2016-01-08,-0.011037264550851656,DOWN,0.01239963816863898,2,0,0.5011175870895386,0.5388480722904205,0,MID
2016-01-11,2016-01-12,0.008035935275933019,UP,0.012448368335590756,2,1,0.646541953086853,0.5388480722904205,1,MID
2016-01-12,2016-01-13,-0.025256914003050034,DOWN,0.01209324031394081,2,0,0.47741931676864624,0.5388480722904205,0,MID
2016-01-13,2016-01-14,0.016283534966571953,UP,0.013016911753926438,2,1,0.6364750266075134,0.5388480722904205,1,HIGH
2016-01-14,2016-01-15,-0.02169988356339567,DOWN,0.013408015555323578,2,0,0.5286595225334167,0.5388480722904205,0,HIGH
2016-01-19,2016-01-20,-0.012897900120246417,DOWN,0.013165897665142126,2,0,0.5237037539482117,0.5388480722904205,0,HIGH
2016-01-21,2016-01-22,0.02030769803135791,UP,0.012397155550793564,2,1,0.6261425614356995,0.5388480722904205,1,MID
2016-01-22,2016-01-25,-0.015231968150443788,DOWN,0.013241810470976943,2,0,0.38614171743392944,0.5388480722904205,0,HIGH
2016-01-25,2016-01-26,0.013550903858818436,UP,0.012962864130462241,2,1,0.580568790435791,0.5388480722904205,1,HIGH
2016-01-26,2016-01-27,-0.010942894888797574,DOWN,0.013580344864720519,2,0,0.5910163521766663,0.5388480722904205,1,HIGH
2016-01-28,2016-01-29,0.024084964269730853,UP,0.013402425886602665,2,1,0.4194583296775818,0.5388480722904205,0,HIGH
2016-02-01,2016-02-02,-0.01818653213249616,DOWN,0.014752909933543298,2,0,0.6035479307174683,0.5388480722904205,1,HIGH
2016-02-04,2016-02-05,-0.019233943619154967,DOWN,0.014878264528306973,2,0,0.3418629765510559,0.5388480722904205,0,HIGH
2016-02-05,2016-02-08,-0.013552441469451462,DOWN,0.01451592004444213,2,0,0.5209360122680664,0.5388480722904205,0,HIGH
2016-02-10,2016-02-11,-0.013093407548559899,DOWN,0.01442493327981708,2,0,0.6224306225776672,0.5388480722904205,1,HIGH
2016-02-11,2016-02-12,0.02040723728401265,UP,0.013637207857314015,2,1,0.4503082036972046,0.5388480722904205,0,HIGH
2016-02-12,2016-02-16,0.016737426755310383,UP,0.013949523357995588,2,1,0.5421786904335022,0.5388480722904205,1,HIGH
2016-02-16,2016-02-17,0.016202759074790542,UP,0.013650167738711059,2,1,0.5383663773536682,0.5388480722904205,0,HIGH
2016-02-19,2016-02-22,0.014375338238185034,UP,0.013739285576544162,2,1,0.5096482634544373,0.5388480722904205,0,HIGH
2016-02-22,2016-02-23,-0.012710020835624369,DOWN,0.013368693438070267,2,0,0.6262638568878174,0.5388480722904205,1,HIGH
2016-02-24,2016-02-25,0.01203902175994836,UP,0.012926244021692365,2,1,0.5871380567550659,0.5388480722904205,1,HIGH
2016-02-29,2016-03-01,0.023234905755165118,UP,0.011859462058925739,2,1,0.6364122033119202,0.5388480722904205,1,MID
2016-03-07,2016-03-08,-0.010977841492832026,DOWN,0.011021381014911506,2,0,0.39127233624458313,0.5388480722904205,0,MID
2016-03-10,2016-03-11,0.016008302673559786,UP,0.01077398434047613,2,1,0.44510361552238464,0.5388480722904205,0,MID
2016-03-28,2016-03-29,0.00920757617414379,UP,0.007581721589037727,2,1,0.6137874126434326,0.5388480722904205,1,LOW
2016-04-04,2016-04-05,-0.010038080323305401,DOWN,0.005865200233868355,2,0,0.49010708928108215,0.5388480722904205,0,LOW
2016-04-05,2016-04-06,0.010861974375772835,UP,0.006402644681124906,2,1,0.6207858920097351,0.5388480722904205,1,LOW
2016-04-06,2016-04-07,-0.012038068466954956,DOWN,0.006128687474564613,2,0,0.43595626950263977,0.5388480722904205,0,LOW
2016-04-11,2016-04-12,0.009269685759992688,UP,0.0059238858521674445,2,1,0.6960051655769348,0.5388480722904205,1,LOW
2016-04-12,2016-04-13,0.010050344745569607,UP,0.006236274172485665,2,1,0.4152544438838959,0.5388480722904205,0,LOW
2016-04-27,2016-04-28,-0.009117189551687043,DOWN,0.006124149724685208,2,0,0.517531156539917,0.5388480722904205,0,LOW
2016-04-29,2016-05-02,0.007917006727903951,UP,0.00642970975362383,2,1,0.43996694684028625,0.5388480722904205,0,LOW
2016-05-02,2016-05-03,-0.008741260291898584,DOWN,0.006627700737514076,2,0,0.5974040627479553,0.5388480722904205,1,LOW
2016-05-09,2016-05-10,0.012357147062368385,UP,0.005521315231926486,2,1,0.4762241244316101,0.5388480722904205,0,LOW
2016-05-10,2016-05-11,-0.009398777285479427,DOWN,0.005816002908580526,2,0,0.45281538367271423,0.5388480722904205,0,LOW
2016-05-12,2016-05-13,-0.008752380516923645,DOWN,0.005781599239227774,2,0,0.580360472202301,0.5388480722904205,1,LOW
2016-05-13,2016-05-16,0.00981688549310407,UP,0.006079384668125397,2,1,0.5638455152511597,0.5388480722904205,1,LOW
2016-05-16,2016-05-17,-0.009377386467228545,DOWN,0.0062965570606199305,2,0,0.35161077976226807,0.5388480722904205,0,LOW
2016-05-23,2016-05-24,0.012878983047929088,UP,0.006670764454659913,2,1,0.5892301201820374,0.5388480722904205,1,LOW
2016-05-24,2016-05-25,0.006760201618305196,UP,0.007331899644268165,2,1,0.45761069655418396,0.5388480722904205,0,LOW
2016-06-09,2016-06-10,-0.009522727241363724,DOWN,0.0055050787916935085,2,0,0.5470453500747681,0.5388480722904205,1,LOW
2016-06-10,2016-06-13,-0.007741653686631843,DOWN,0.00601646904754155,2,0,0.4873396158218384,0.5388480722904205,0,LOW
2016-06-16,2016-06-17,-0.00891804144940485,DOWN,0.005137969139149765,2,0,0.5595383048057556,0.5388480722904205,1,LOW
2016-06-17,2016-06-20,0.006419414364319795,UP,0.0055093069893502105,2,1,0.5701310038566589,0.5388480722904205,1,LOW
2016-06-22,2016-06-23,0.01293847956182914,UP,0.0047436369901570465,2,1,0.5941747426986694,0.5388480722904205,1,LOW
2016-06-23,2016-06-24,-0.0365696685376438,DOWN,0.005363874584412656,2,0,0.5713080167770386,0.5388480722904205,1,LOW
2016-06-24,2016-06-27,-0.018072179297399276,DOWN,0.009848424301546725,2,0,0.3981856107711792,0.5388480722904205,0,MID
2016-06-27,2016-06-28,0.01787530622973483,UP,0.010412299128492942,2,1,0.4170691668987274,0.5388480722904205,0,MID
2016-06-28,2016-06-29,0.01688424782083095,UP,0.011376259006520227,2,1,0.3513788878917694,0.5388480722904205,0,MID
2016-06-29,2016-06-30,0.013553300509066859,UP,0.01208860800293691,2,1,0.4499155879020691,0.5388480722904205,0,MID
2016-07-01,2016-07-05,-0.007219186088535558,DOWN,0.012484330441002315,2,0,0.5340482592582703,0.5388480722904205,0,MID
2016-07-05,2016-07-06,0.005979877546764581,UP,0.01251946264809826,2,1,0.4397352635860443,0.5388480722904205,0,MID
2016-07-07,2016-07-08,0.014780671622370336,UP,0.012569532302702767,2,1,0.35280659794807434,0.5388480722904205,0,MID
2016-07-11,2016-07-12,0.007237118478405407,UP,0.012849081452066768,2,1,0.5392723679542542,0.5388480722904205,1,HIGH
2016-08-01,2016-08-02,-0.006427913514755386,DOWN,0.00472074990978531,2,0,0.4864678680896759,0.5388480722904205,0,LOW
2016-08-04,2016-08-05,0.008145603052374027,UP,0.004519210619151083,2,1,0.49731770157814026,0.5388480722904205,0,LOW
2016-09-08,2016-09-09,-0.024225904232664935,DOWN,0.0030002914726239486,2,0,0.33493131399154663,0.5388480722904205,0,LOW
2016-09-09,2016-09-12,0.014245376567656747,UP,0.006097325956531096,2,1,0.4026084542274475,0.5388480722904205,0,LOW
2016-09-12,2016-09-13,-0.014479851973302187,DOWN,0.0070139239665592745,2,0,0.6500372886657715,0.5388480722904205,1,LOW
2016-09-14,2016-09-15,0.009943386171964634,UP,0.00757189655915686,2,1,0.5981886982917786,0.5388480722904205,1,LOW
2016-09-15,2016-09-16,-0.008911775715804298,DOWN,0.00794528004003577,2,0,0.45508068799972534,0.5388480722904205,0,LOW
2016-09-20,2016-09-21,0.011182714263452255,UP,0.008123631488631506,2,1,0.615693986415863,0.5388480722904205,1,LOW
2016-09-21,2016-09-22,0.006281708192279977,UP,0.00856054707449494,2,1,0.4196859896183014,0.5388480722904205,0,MID
2016-09-22,2016-09-23,-0.005494333315913308,DOWN,0.008631532795125572,2,0,0.5484817624092102,0.5388480722904205,1,MID
2016-09-23,2016-09-26,-0.008135228165556755,DOWN,0.00871369803545768,2,0,0.525784969329834,0.5388480722904205,0,MID
2016-09-26,2016-09-27,0.00618880917830181,UP,0.008880458988816366,2,1,0.5872265100479126,0.5388480722904205,1,MID
2016-09-28,2016-09-29,-0.009088473714841045,DOWN,0.009009893024255046,2,0,0.6955122351646423,0.5388480722904205,1,MID
2016-09-29,2016-09-30,0.00751783387621049,UP,0.009208182055591214,2,1,0.4896549582481384,0.5388480722904205,0,MID
2016-10-17,2016-10-18,0.006242841251259704,UP,0.006235399766068839,2,1,0.5851455330848694,0.5388480722904205,1,LOW
2016-10-31,2016-11-01,-0.007271769477388027,DOWN,0.0043461471777202585,2,0,0.6592062711715698,0.5388480722904205,1,LOW
2016-11-01,2016-11-02,-0.006036805088636923,DOWN,0.004484805606886486,2,0,0.5936678051948547,0.5388480722904205,1,LOW
2016-11-02,2016-11-03,-0.004587634463296051,DOWN,0.00444627124984848,2,0,0.6057264804840088,0.5388480722904205,1,LOW
2016-11-04,2016-11-07,0.021817279300208343,UP,0.004454380137743485,2,1,0.5930771827697754,0.5388480722904205,1,LOW
2016-11-07,2016-11-08,0.004493789925349073,UP,0.006739983101733585,2,1,0.5234494209289551,0.5388480722904205,0,LOW
2016-11-08,2016-11-09,0.010546239323610773,UP,0.006203121854175692,2,1,0.6212926506996155,0.5388480722904205,1,LOW
2016-11-16,2016-11-17,0.0051275595309297475,UP,0.00662613228690778,2,1,0.42415866255760193,0.5388480722904205,0,LOW
2016-11-18,2016-11-21,0.007523089941767798,UP,0.006703346932114766,2,1,0.5608046650886536,0.5388480722904205,1,LOW
2016-11-25,2016-11-28,-0.004705929702431552,DOWN,0.006632475424715792,2,0,0.6313347816467285,0.5388480722904205,1,LOW
2016-12-02,2016-12-05,0.005990792838490881,UP,0.006097963534434401,2,1,0.5770273804664612,0.5388480722904205,1,LOW
2016-12-06,2016-12-07,0.01299596662238256,UP,0.004150810249192531,2,1,0.5652574300765991,0.5388480722904205,1,LOW
2016-12-08,2016-12-09,0.006022250168650405,UP,0.0044082873821498295,2,1,0.516002893447876,0.5388480722904205,0,LOW
2016-12-12,2016-12-13,0.006651836271533833,UP,0.004445855270247551,2,1,0.3443683087825775,0.5388480722904205,0,LOW
2016-12-13,2016-12-14,-0.008288512430090727,DOWN,0.00453870526491028,2,0,0.34605613350868225,0.5388480722904205,0,LOW
2016-12-15,2016-12-16,-0.007834517480746128,DOWN,0.004912972109850046,2,0,0.5467344522476196,0.5388480722904205,1,LOW
2016-12-27,2016-12-28,-0.008298848896098833,DOWN,0.005015392640522877,2,0,0.6189562678337097,0.5388480722904205,1,LOW
2016-12-30,2017-01-03,0.007620897001746236,UP,0.005403486146177137,2,1,0.6643531918525696,0.5388480722904205,1,LOW
2017-01-03,2017-01-04,0.005931566752148794,UP,0.005606956338934175,2,1,0.562750518321991,0.5388480722904205,1,LOW
2017-01-23,2017-01-24,0.006391260133969621,UP,0.0038519946908763727,2,1,0.5209952592849731,0.5388480722904205,0,LOW
2017-01-24,2017-01-25,0.008618296722527514,UP,0.004072475401638689,2,1,0.42037928104400635,0.5388480722904205,0,LOW
2017-01-27,2017-01-30,-0.006220988062862284,DOWN,0.003975465202900801,2,0,0.5638386607170105,0.5388480722904205,1,LOW
2017-02-02,2017-02-03,0.006869236012564833,UP,0.003640507066481217,2,1,0.4955556094646454,0.5388480722904205,0,LOW
2017-02-08,2017-02-09,0.005915120656897009,UP,0.003794229648278277,2,1,0.534537136554718,0.5388480722904205,0,LOW
2017-02-09,2017-02-10,0.003938411107139749,UP,0.003949014165373285,2,1,0.5338760614395142,0.5388480722904205,0,LOW
2017-02-10,2017-02-13,0.005427814518752642,UP,0.003930627704662925,2,1,0.6953417658805847,0.5388480722904205,1,LOW
2017-02-13,2017-02-14,0.003987368557542392,UP,0.0040421606117871855,2,1,0.63808274269104,0.5388480722904205,1,LOW
2017-02-14,2017-02-15,0.0052067943735727325,UP,0.0039226361027206134,2,1,0.46211493015289307,0.5388480722904205,0,LOW
2017-02-17,2017-02-21,0.0059375429953654295,UP,0.003822798901828685,2,1,0.5577511191368103,0.5388480722904205,1,LOW
2017-02-28,2017-03-01,0.013900476034819913,UP,0.002835941266627306,2,1,0.4675239324569702,0.5388480722904205,0,LOW
2017-03-01,2017-03-02,-0.0063173288108460054,DOWN,0.0038556397166600105,2,0,0.45862337946891785,0.5388480722904205,0,LOW
2017-03-13,2017-03-14,-0.003833939850330953,DOWN,0.00433109139711436,2,0,0.510308027267456,0.5388480722904205,0,LOW
2017-03-14,2017-03-15,0.008616226851996199,UP,0.0043662852233063085,2,1,0.5728214383125305,0.5388480722904205,1,LOW
2017-03-16,2017-03-17,-0.006098721201673768,DOWN,0.004596825895341722,2,0,0.5373791456222534,0.5388480722904205,0,LOW
2017-03-20,2017-03-21,-0.012922639108276665,DOWN,0.004841994674673155,2,0,0.5122379064559937,0.5388480722904205,0,LOW
2017-03-27,2017-03-28,0.00725047829387214,UP,0.00548532626086279,2,1,0.6254148483276367,0.5388480722904205,1,LOW
2017-04-11,2017-04-12,-0.004391483266076876,DOWN,0.0044761753123452675,2,0,0.5393391251564026,0.5388480722904205,1,LOW
2017-04-12,2017-04-13,-0.006516095822653078,DOWN,0.004020539383047162,2,0,0.4644570052623749,0.5388480722904205,0,LOW
2017-04-13,2017-04-17,0.008820870798886493,UP,0.00420036761177866,2,1,0.5580665469169617,0.5388480722904205,1,LOW
2017-04-19,2017-04-20,0.008106166241988226,UP,0.0036419458572762584,2,1,0.5809468626976013,0.5388480722904205,1,LOW
2017-04-20,2017-04-21,-0.0031919675206105603,DOWN,0.0040474510565004515,2,0,0.45983701944351196,0.5388480722904205,0,LOW
2017-04-21,2017-04-24,0.010937881902130022,UP,0.004110560324722085,2,1,0.6101462841033936,0.5388480722904205,1,LOW
2017-04-24,2017-04-25,0.005801768898692426,UP,0.0047603392168717625,2,1,0.6439788937568665,0.5388480722904205,1,LOW
2017-05-04,2017-05-05,0.003929288415371179,UP,0.004546955510841157,2,1,0.5429282784461975,0.5388480722904205,1,LOW
2017-05-12,2017-05-15,0.005508306898499835,UP,0.004125374415162292,2,1,0.4546114206314087,0.5388480722904205,0,LOW
2017-05-16,2017-05-17,-0.017903375551923166,DOWN,0.0037775089911418944,2,0,0.5270619988441467,0.5388480722904205,0,LOW
2017-05-17,2017-05-18,0.004020390632640581,UP,0.005700698071503023,2,1,0.6672861576080322,0.5388480722904205,1,LOW
2017-05-18,2017-05-19,0.006483113050925737,UP,0.005483106336482689,2,1,0.5909021496772766,0.5388480722904205,1,LOW
2017-05-19,2017-05-22,0.005064601618306679,UP,0.005584401482435907,2,1,0.507194995880127,0.5388480722904205,0,LOW
2017-05-24,2017-05-25,0.004768107829548058,UP,0.005041491214638103,2,1,0.6891001462936401,0.5388480722904205,1,LOW
2017-05-31,2017-06-01,0.007920825887608271,UP,0.005092019439627267,2,1,0.5582495331764221,0.5388480722904205,1,LOW
2017-06-01,2017-06-02,0.003322865488960124,UP,0.00532903630675767,2,1,0.4488024115562439,0.5388480722904205,0,LOW
2017-06-05,2017-06-06,-0.003201968087731701,DOWN,0.0053268200221640105,2,0,0.4771891236305237,0.5388480722904205,0,LOW
2017-06-12,2017-06-13,0.004877968445439268,UP,0.005348677771745476,3,1,0.7841431498527527,0.5677635669708252,1,LOW
2017-06-15,2017-06-16,-0.004646314455727953,DOWN,0.0030991247551400963,3,0,0.6507123112678528,0.5677635669708252,1,LOW
2017-06-16,2017-06-19,0.00829064572206334,UP,0.003347360648640612,3,1,0.7996789813041687,0.5677635669708252,1,LOW
2017-06-19,2017-06-20,-0.0067669344344192285,DOWN,0.0035169196597259907,3,0,0.27873659133911133,0.5677635669708252,0,LOW
2017-06-26,2017-06-27,-0.008088820773010475,DOWN,0.003675181580729858,3,0,0.9822852611541748,0.5677635669708252,1,LOW
2017-06-27,2017-06-28,0.00891059742278559,UP,0.004125679971393704,3,1,0.9836424589157104,0.5677635669708252,1,LOW
2017-06-28,2017-06-29,-0.008827709082089772,DOWN,0.004583672470812113,3,0,0.2728596031665802,0.5677635669708252,0,LOW
2017-07-05,2017-07-06,-0.009186529833769774,DOWN,0.004631845135288592,3,0,0.38372358679771423,0.5677635669708252,0,LOW
2017-07-06,2017-07-07,0.006464190025662,UP,0.005028938481100636,3,1,0.8735668063163757,0.5677635669708252,1,LOW
2017-07-11,2017-07-12,0.007486633392334205,UP,0.005274076165828789,3,1,0.9005192518234253,0.5677635669708252,1,LOW
2017-07-13,2017-07-14,0.004653257098670055,UP,0.005443976018817105,3,1,0.9512410759925842,0.5677635669708252,1,LOW
2017-07-18,2017-07-19,0.005399391200699996,UP,0.005079424530541829,3,1,0.5988143086433411,0.5677635669708252,1,LOW
2017-08-09,2017-08-10,-0.014215858360501283,DOWN,0.00200697782402566,3,0,0.5447288155555725,0.5677635669708252,0,LOW
2017-08-11,2017-08-14,0.00986433721640411,UP,0.0037226100222238117,3,1,0.8661763668060303,0.5677635669708252,1,LOW
2017-08-16,2017-08-17,-0.015713671950320925,DOWN,0.0042048540738833,3,0,0.47422677278518677,0.5677635669708252,0,LOW
2017-08-21,2017-08-22,0.010402717245512966,UP,0.005487067317804141,3,1,0.935877799987793,0.5677635669708252,1,LOW
2017-08-22,2017-08-23,-0.0035918605262235397,DOWN,0.005999821552293654,3,0,0.43064600229263306,0.5677635669708252,0,LOW
2017-08-29,2017-08-30,0.0047263601077370794,UP,0.006068595777719844,3,1,0.9450346827507019,0.5677635669708252,1,LOW
2017-08-30,2017-08-31,0.005998036163940785,UP,0.0061780175100638835,3,1,0.9391590356826782,0.5677635669708252,1,LOW
2017-09-01,2017-09-05,-0.007207963182428161,DOWN,0.006314594548285221,3,0,0.8502236008644104,0.5677635669708252,1,LOW
2017-09-05,2017-09-06,0.003407972920508354,UP,0.006503349181026269,3,1,0.8631346225738525,0.5677635669708252,1,LOW
2017-09-08,2017-09-11,0.010609449593480138,UP,0.005640524888675715,3,1,0.17454978823661804,0.5677635669708252,0,LOW
2017-09-14,2017-09-15,-0.0036051709400428365,DOWN,0.005734279515394883,3,0,0.8965592980384827,0.5677635669708252,1,LOW
2017-09-26,2017-09-27,0.0038867727139802652,UP,0.0037313784248247375,3,1,0.7556713819503784,0.5677635669708252,1,LOW
2017-09-28,2017-09-29,0.003508874052771569,UP,0.0036909611211940426,3,1,0.7949631214141846,0.5677635669708252,1,LOW
2017-09-29,2017-10-02,0.004329315033571895,UP,0.0035483105377103873,3,1,0.9887497425079346,0.5677635669708252,1,LOW
2017-10-04,2017-10-05,0.005907622152979601,UP,0.003063149997078248,3,1,0.9270670413970947,0.5677635669708252,1,LOW
2017-10-19,2017-10-20,0.005147182821886276,UP,0.002069955083844993,3,1,0.9340274333953857,0.5677635669708252,1,LOW
2017-10-20,2017-10-23,-0.003896969419021379,DOWN,0.002225510076909329,3,0,0.8461170196533203,0.5677635669708252,1,LOW
2017-10-24,2017-10-25,-0.004962418292052873,DOWN,0.0024051306344483815,3,0,0.7875198721885681,0.5677635669708252,1,LOW
2017-10-26,2017-10-27,0.008142940958378798,UP,0.0027312344902560466,3,1,0.2379029393196106,0.5677635669708252,0,LOW
2017-10-27,2017-10-30,-0.0037320397514387566,DOWN,0.0031204004089708734,3,0,0.28664544224739075,0.5677635669708252,0,LOW
2017-11-02,2017-11-03,0.00333313948964476,UP,0.0029869223571573995,3,1,0.40680867433547974,0.5677635669708252,0,LOW
2017-11-08,2017-11-09,-0.0036342907541265517,DOWN,0.002963250490036803,3,0,0.6392861008644104,0.5677635669708252,1,LOW
2017-11-14,2017-11-15,-0.005017839305914511,DOWN,0.003155719606110653,3,0,0.8328754305839539,0.5677635669708252,1,LOW
2017-11-15,2017-11-16,0.008465055348010226,UP,0.003378867599557313,3,1,0.9789559841156006,0.5677635669708252,1,LOW
2017-11-16,2017-11-17,-0.0029430388124721918,DOWN,0.003858295180134181,3,0,0.28678202629089355,0.5677635669708252,0,LOW
2017-11-20,2017-11-21,0.006521478333189071,UP,0.003664617840916114,3,1,0.6182382702827454,0.5677635669708252,1,LOW
2017-11-27,2017-11-28,0.010093697243671753,UP,0.0033027122944920286,3,1,0.9116080403327942,0.5677635669708252,1,LOW
2017-11-29,2017-11-30,0.008716868297143729,UP,0.003804483248059405,3,1,0.7698052525520325,0.5677635669708252,1,LOW
2017-12-04,2017-12-05,-0.0036031069881391526,DOWN,0.004248433222351805,3,0,0.12529350817203522,0.5677635669708252,0,LOW
2017-12-06,2017-12-07,0.0031481207607982854,UP,0.004361640761830831,3,1,0.3104187250137329,0.5677635669708252,0,LOW
2017-12-07,2017-12-08,0.005438294285834409,UP,0.0043879909993108585,3,1,0.8848833441734314,0.5677635669708252,1,LOW
2017-12-08,2017-12-11,0.0030084930440527815,UP,0.0043581933004003745,3,1,0.8668459057807922,0.5677635669708252,1,LOW
2017-12-13,2017-12-14,-0.004094580692557239,DOWN,0.004272430899976355,3,0,0.5125990509986877,0.5677635669708252,0,LOW
2017-12-14,2017-12-15,0.0031944935073848556,UP,0.004200175199829898,3,1,0.8848956227302551,0.5677635669708252,1,LOW
2017-12-15,2017-12-18,0.0063212133655446145,UP,0.003913294699974244,3,1,0.8622127771377563,0.5677635669708252,1,LOW
2017-12-18,2017-12-19,-0.003847806193067688,DOWN,0.003907668756178051,3,0,0.1061680018901825,0.5677635669708252,0,LOW
2017-12-28,2017-12-29,-0.0037776485465138097,DOWN,0.0034006956648163123,3,0,0.49688708782196045,0.5677635669708252,0,LOW
2017-12-29,2018-01-02,0.007131832978848311,UP,0.0030306696517191194,3,1,0.786629855632782,0.5677635669708252,1,LOW
2018-01-02,2018-01-03,0.006305236517900342,UP,0.00332782112293548,3,1,0.38076043128967285,0.5677635669708252,0,LOW
2018-01-03,2018-01-04,0.004205969006937856,UP,0.0035073545348296943,3,1,0.7172658443450928,0.5677635669708252,1,LOW
2018-01-04,2018-01-05,0.0066419636880151334,UP,0.0033786834918016983,3,1,0.5088927745819092,0.5677635669708252,0,LOW
2018-01-10,2018-01-11,0.007269587246673126,UP,0.0034871213864314985,3,1,0.1884632706642151,0.5677635669708252,0,LOW
2018-01-11,2018-01-12,0.006497814656286375,UP,0.0037229454289185566,3,1,0.569959819316864,0.5677635669708252,1,LOW
2018-01-12,2018-01-16,-0.0034241493275315635,DOWN,0.003843131777194282,3,0,0.19156941771507263,0.5677635669708252,0,LOW
2018-01-16,2018-01-17,0.00948652123001412,UP,0.003789251429719921,3,1,0.8056087493896484,0.5677635669708252,1,LOW
2018-01-18,2018-01-19,0.004539330364915846,UP,0.004119659336055904,3,1,0.7148607969284058,0.5677635669708252,1,LOW
2018-01-19,2018-01-22,0.008098068600671672,UP,0.003914956439081465,3,1,0.43943411111831665,0.5677635669708252,0,LOW
2018-01-25,2018-01-26,0.011511318685595344,UP,0.0039814939227922844,3,1,0.17004209756851196,0.5677635669708252,0,LOW
2018-01-26,2018-01-29,-0.006651965730186924,DOWN,0.004370013982818492,3,0,0.05239555612206459,0.5677635669708252,0,LOW
2018-01-29,2018-01-30,-0.01031003729590082,DOWN,0.004918571098422533,3,0,0.8633666038513184,0.5677635669708252,1,LOW
2018-02-01,2018-02-02,-0.022010383111866608,DOWN,0.005461804154366353,3,0,0.2806512415409088,0.5677635669708252,0,LOW
2018-02-02,2018-02-05,-0.042722279513735646,DOWN,0.007625206094473173,3,0,0.9238073825836182,0.5677635669708252,1,MID
2018-02-05,2018-02-06,0.019510663660577923,UP,0.012211448798916304,3,1,0.7650765180587769,0.5677635669708252,1,HIGH
2018-02-06,2018-02-07,-0.005439623715762403,DOWN,0.013093651496723835,3,0,0.298225998878479,0.5677635669708252,0,HIGH
2018-02-07,2018-02-08,-0.03823046263704881,DOWN,0.013109576163397299,3,0,0.4625229835510254,0.5677635669708252,0,HIGH
2018-02-08,2018-02-09,0.014909817475535768,UP,0.015499128432346597,3,1,0.6680157780647278,0.5677635669708252,1,HIGH
2018-02-09,2018-02-12,0.01457772518222007,UP,0.01585821202654007,3,1,0.7895590662956238,0.5677635669708252,1,HIGH
2018-02-13,2018-02-14,0.013405963996401723,UP,0.016237100190095746,3,1,0.8248693943023682,0.5677635669708252,1,HIGH
2018-02-14,2018-02-15,0.012679402008324459,UP,0.01640606806084094,3,1,0.19731393456459045,0.5677635669708252,0,HIGH
2018-02-16,2018-02-20,-0.006280865885799406,DOWN,0.01667528580274373,3,0,0.8247671723365784,0.5677635669708252,1,HIGH
2018-02-22,2018-02-23,0.015813643085869314,UP,0.016554798414149755,3,1,0.7518138289451599,0.5677635669708252,1,HIGH
2018-02-23,2018-02-26,0.011545350102960344,UP,0.017039098191008444,3,1,0.8792401552200317,0.5677635669708252,1,HIGH
2018-02-26,2018-02-27,-0.01256512215254109,DOWN,0.017040471721598834,3,0,0.30884382128715515,0.5677635669708252,0,HIGH
2018-02-27,2018-02-28,-0.01018174210369951,DOWN,0.01718456239247733,3,0,0.8179348111152649,0.5677635669708252,1,HIGH
2018-02-28,2018-03-01,-0.014647454403250413,DOWN,0.017181255300628914,3,0,0.9876493811607361,0.5677635669708252,1,HIGH
2018-03-02,2018-03-05,0.011491677564123457,UP,0.017489594721486288,3,1,0.8285703063011169,0.5677635669708252,1,HIGH
2018-03-08,2018-03-09,0.017252680326730694,UP,0.013236219772766221,3,1,0.9291906952857971,0.5677635669708252,1,HIGH
2018-03-12,2018-03-13,-0.006483661588719202,DOWN,0.009661341290883025,3,0,0.6676623821258545,0.5677635669708252,1,MID
2018-03-16,2018-03-19,-0.013622718723915883,DOWN,0.008856720541917808,3,0,0.4954991936683655,0.5677635669708252,0,MID
2018-03-21,2018-03-22,-0.025314885505682536,DOWN,0.009230837067790891,3,0,0.631955623626709,0.5677635669708252,1,MID
2018-03-22,2018-03-23,-0.021545054881122266,DOWN,0.010825071779974603,3,0,0.05411021411418915,0.5677635669708252,0,MID
2018-03-23,2018-03-26,0.026991461654006305,UP,0.010946369729557684,3,1,0.20348133146762848,0.5677635669708252,0,MID
2018-03-26,2018-03-27,-0.017158090832078213,DOWN,0.012474367261752065,3,0,0.9610181450843811,0.5677635669708252,1,HIGH
2018-03-28,2018-03-29,0.01269666927359303,UP,0.012587039223893875,3,1,0.39275383949279785,0.5677635669708252,0,HIGH
2018-03-29,2018-04-02,-0.021820975402381346,DOWN,0.012651514621377457,3,0,0.510755181312561,0.5677635669708252,0,HIGH
2018-04-02,2018-04-03,0.012735537427426051,UP,0.013393444608467945,3,1,0.8121393322944641,0.5677635669708252,1,HIGH
2018-04-03,2018-04-04,0.010642286151652277,UP,0.013463101258579304,3,1,0.9448871612548828,0.5677635669708252,1,HIGH
2018-04-04,2018-04-05,0.007861027034026642,UP,0.013730812352230674,3,1,0.6020656824111938,0.5677635669708252,1,HIGH
2018-04-05,2018-04-06,-0.022537931476096573,DOWN,0.013896302874560455,3,0,0.8055687546730042,0.5677635669708252,1,HIGH
2018-04-09,2018-04-10,0.015775273241340624,UP,0.013947442679443641,3,1,0.7064236998558044,0.5677635669708252,1,HIGH
2018-04-11,2018-04-12,0.008193452924804723,UP,0.014569637216605142,3,1,0.9058529734611511,0.5677635669708252,1,HIGH
2018-04-13,2018-04-16,0.008188119499643706,UP,0.014743120118208872,3,1,0.6339769959449768,0.5677635669708252,1,HIGH
2018-04-16,2018-04-17,0.010641624190932739,UP,0.014908000449309827,3,1,0.9485967755317688,0.5677635669708252,1,HIGH
2018-04-19,2018-04-20,-0.008515567039637552,DOWN,0.014878215223116937,3,0,0.4554990828037262,0.5677635669708252,0,HIGH
2018-04-23,2018-04-24,-0.013558875321530377,DOWN,0.012819065872965909,3,0,0.8295853137969971,0.5677635669708252,1,HIGH
2018-04-25,2018-04-26,0.010114411105506966,UP,0.011086540191085468,3,1,0.9864365458488464,0.5677635669708252,1,MID
2018-05-03,2018-05-04,0.012863350788101215,UP,0.009085350782492398,3,1,0.6772793531417847,0.5677635669708252,1,MID
2018-05-08,2018-05-09,0.009619352007434372,UP,0.0071397269290924764,3,1,0.09257632493972778,0.5677635669708252,0,LOW
2018-05-09,2018-05-10,0.009307162267612242,UP,0.007299903506981163,3,1,0.40446746349334717,0.5677635669708252,0,LOW
2018-05-25,2018-05-29,-0.01156767701107844,DOWN,0.005669405585909608,3,0,0.2882421910762787,0.5677635669708252,0,LOW
2018-05-29,2018-05-30,0.013256463199218327,UP,0.006035660073097046,3,1,0.6907086968421936,0.5677635669708252,1,LOW
2018-05-31,2018-06-01,0.009769804893101726,UP,0.0066068368703592045,3,1,0.4016740322113037,0.5677635669708252,0,LOW
2018-06-22,2018-06-25,-0.013706339472387726,DOWN,0.005915389848676329,3,0,0.3125024139881134,0.5677635669708252,0,LOW
2018-06-26,2018-06-27,-0.008318746370276053,DOWN,0.006138976550480786,3,0,0.7291415929794312,0.5677635669708252,1,LOW
2018-07-03,2018-07-05,0.00812486423702682,UP,0.005118000115160278,3,1,0.24101383984088898,0.5677635669708252,0,LOW
2018-07-05,2018-07-06,0.008422663255079442,UP,0.005099370297142593,3,1,0.162814661860466,0.5677635669708252,0,LOW
2018-07-06,2018-07-09,0.008964060732821678,UP,0.00549954461072552,3,1,0.6575580835342407,0.5677635669708252,1,LOW
2018-07-10,2018-07-11,-0.007341362398798512,DOWN,0.0058931038284305015,3,0,0.41649362444877625,0.5677635669708252,0,LOW
2018-07-11,2018-07-12,0.009025140287613701,UP,0.006110383140969667,3,1,0.34423473477363586,0.5677635669708252,0,LOW
2018-07-24,2018-07-25,0.008486400193444807,UP,0.005046732860151512,3,1,0.2027466744184494,0.5677635669708252,0,LOW
2018-07-26,2018-07-27,-0.006799313952093535,DOWN,0.004773668160629765,3,0,0.1329212784767151,0.5677635669708252,0,LOW
2018-08-09,2018-08-10,-0.006722667999259242,DOWN,0.0039623882707633526,3,0,0.4149409830570221,0.5677635669708252,0,LOW
2018-08-13,2018-08-14,0.006360402336152668,UP,0.004423111678801644,3,1,0.9144553542137146,0.5677635669708252,1,LOW
2018-08-14,2018-08-15,-0.007495421687086555,DOWN,0.004549822226671916,3,0,0.9287264943122864,0.5677635669708252,1,LOW
2018-08-15,2018-08-16,0.008058854565280422,UP,0.004878214282187688,3,1,0.864967942237854,0.5677635669708252,1,LOW
2018-08-23,2018-08-24,0.006000370927635234,UP,0.004681462587714652,3,1,0.49314919114112854,0.5677635669708252,0,LOW
2018-08-24,2018-08-27,0.007864333972650215,UP,0.004512950667322344,3,1,0.544076681137085,0.5677635669708252,0,LOW
2018-08-28,2018-08-29,0.005366361323691596,UP,0.004443379271664194,3,1,0.5472153425216675,0.5677635669708252,0,LOW
2018-08-29,2018-08-30,-0.004056601512742224,DOWN,0.004457310477368252,3,0,0.4858647286891937,0.5677635669708252,0,LOW
2018-09-12,2018-09-13,0.005897047898963309,UP,0.004035458472572264,3,1,0.7078108787536621,0.5677635669708252,1,LOW
2018-09-14,2018-09-17,-0.005308373230784791,DOWN,0.0033367587463818127,3,0,0.8905124664306641,0.5677635669708252,1,LOW
2018-09-17,2018-09-18,0.005411499028350448,UP,0.0035866302561292757,3,1,0.5349054932594299,0.5677635669708252,0,LOW
2018-09-19,2018-09-20,0.008071129316734715,UP,0.003710593084797347,3,1,0.0824483335018158,0.5677635669708252,0,LOW
2018-09-20,2018-09-21,-0.005430607129735593,DOWN,0.00402619704902953,3,0,0.22370614111423492,0.5677635669708252,0,LOW
2018-10-03,2018-10-04,-0.007846412218619621,DOWN,0.0036412164975280145,3,0,0.18307772278785706,0.5677635669708252,0,LOW
2018-10-04,2018-10-05,-0.005612719892668467,DOWN,0.004024255252148171,3,0,0.7248992323875427,0.5677635669708252,1,LOW
2018-10-09,2018-10-10,-0.032175327738924224,DOWN,0.004123351366623152,3,0,0.5664923191070557,0.5677635669708252,0,LOW
2018-10-10,2018-10-11,-0.022272704268319985,DOWN,0.008230651509132129,3,0,0.6482823491096497,0.5677635669708252,1,MID
2018-10-11,2018-10-12,0.013792813721223516,UP,0.009180370090608486,3,1,0.45232734084129333,0.5677635669708252,0,MID
2018-10-12,2018-10-15,-0.005632860513300101,DOWN,0.009927534613724922,3,0,0.7973043918609619,0.5677635669708252,1,MID
2018-10-15,2018-10-16,0.021630259784663514,UP,0.00993239832767743,3,1,0.5319214463233948,0.5677635669708252,0,MID
2018-10-17,2018-10-18,-0.01454642966960099,DOWN,0.01119541679032345,3,0,0.749922513961792,0.5677635669708252,1,MID
2018-10-22,2018-10-23,-0.005103814901447561,DOWN,0.01128283932402497,3,0,0.2995832562446594,0.5677635669708252,0,MID
2018-10-23,2018-10-24,-0.030767008987836523,DOWN,0.01128444374490136,3,0,0.16915565729141235,0.5677635669708252,0,MID
2018-10-24,2018-10-25,0.017781489427391158,UP,0.012875458609098934,3,1,0.7933300137519836,0.5677635669708252,1,HIGH
2018-10-25,2018-10-26,-0.017743878014358665,DOWN,0.013725977934294292,3,0,0.35034894943237305,0.5677635669708252,0,HIGH
2018-10-29,2018-10-30,0.01470975811483792,UP,0.01391631040521069,3,1,0.550057053565979,0.5677635669708252,0,HIGH
2018-10-30,2018-10-31,0.010624230324527811,UP,0.014577394728760113,3,1,0.562174379825592,0.5677635669708252,0,HIGH
2018-10-31,2018-11-01,0.010585627590690578,UP,0.014922195750763262,3,1,0.945598304271698,0.5677635669708252,1,HIGH
2018-11-01,2018-11-02,-0.005940593358602918,DOWN,0.01522219009275127,3,0,0.17544735968112946,0.5677635669708252,0,HIGH
2018-11-05,2018-11-06,0.0063079476191934235,UP,0.015329014092437556,3,1,0.6671591401100159,0.5677635669708252,1,HIGH
2018-11-06,2018-11-07,0.021182942264952046,UP,0.015456546906283107,3,1,0.9708064198493958,0.5677635669708252,1,HIGH
2018-11-08,2018-11-09,-0.009816258332266129,DOWN,0.013591377640598605,3,0,0.42054036259651184,0.5677635669708252,0,HIGH
2018-11-09,2018-11-12,-0.018861977910483718,DOWN,0.013493091777223274,3,0,0.2831641137599945,0.5677635669708252,0,HIGH
2018-11-13,2018-11-14,-0.006860150527645864,DOWN,0.013129803872662184,3,0,0.6504408717155457,0.5677635669708252,1,HIGH
2018-11-14,2018-11-15,0.01038254163095934,UP,0.013176421530015086,3,1,0.6144461035728455,0.5677635669708252,1,HIGH
2018-11-16,2018-11-19,-0.017059178822574482,DOWN,0.013111885289074613,3,0,0.8515106439590454,0.5677635669708252,1,HIGH
2018-11-19,2018-11-20,-0.01867955357480556,DOWN,0.013607055790152948,3,0,0.7821556329727173,0.5677635669708252,1,HIGH
2018-11-21,2018-11-23,-0.006701102367690993,DOWN,0.012416586066505305,3,0,0.3285415768623352,0.5677635669708252,0,HIGH
2018-11-23,2018-11-26,0.016015415321976274,UP,0.011754605181232627,3,1,0.6969141364097595,0.5677635669708252,1,HIGH
2018-11-27,2018-11-28,0.022764226209489338,UP,0.011620219628804457,3,1,0.19876821339130402,0.5677635669708252,0,HIGH
2018-11-30,2018-12-03,0.01315450635189911,UP,0.011911274285100772,3,1,0.8782878518104553,0.5677635669708252,1,HIGH
2018-12-03,2018-12-04,-0.032938972726007744,DOWN,0.012140250018281184,3,0,0.7450622916221619,0.5677635669708252,1,HIGH
2018-12-06,2018-12-07,-0.023510162043045117,DOWN,0.014206973498044043,3,0,0.23694993555545807,0.5677635669708252,0,HIGH
2018-12-13,2018-12-14,-0.018637364083155077,DOWN,0.01356613664113705,3,0,0.12456323206424713,0.5677635669708252,0,HIGH
2018-12-14,2018-12-17,-0.019813379448779447,DOWN,0.014068990446248906,3,0,0.15399132668972015,0.5677635669708252,0,HIGH
2018-12-18,2018-12-19,-0.015088990911623237,DOWN,0.01425021675521141,3,0,0.7571420073509216,0.5677635669708252,1,HIGH
2018-12-19,2018-12-20,-0.016411886126272028,DOWN,0.014158269842029128,3,0,0.5928135514259338,0.5677635669708252,1,HIGH
2018-12-20,2018-12-21,-0.02652501947718206,DOWN,0.014038289165804657,3,0,0.8079900145530701,0.5677635669708252,1,HIGH
2018-12-21,2018-12-24,-0.026778295497672407,DOWN,0.014855667794844077,3,0,0.7286815643310547,0.5677635669708252,1,HIGH
2018-12-24,2018-12-26,0.049289909317996004,UP,0.015647251722562712,3,1,0.9710044264793396,0.5677635669708252,1,HIGH
2019-01-02,2019-01-03,-0.024152091139486728,DOWN,0.018634504215001246,3,0,0.7611497044563293,0.5677635669708252,1,HIGH
2019-01-03,2019-01-04,0.03294696944123263,UP,0.01860482573196407,3,1,0.08621163666248322,0.5677635669708252,0,HIGH
2019-01-14,2019-01-15,0.011395631602565357,UP,0.019288384999580372,3,1,0.6372553706169128,0.5677635669708252,1,HIGH
2019-01-17,2019-01-18,0.013222209602931542,UP,0.01852552458604737,3,1,0.9156384468078613,0.5677635669708252,1,HIGH
2019-01-18,2019-01-22,-0.013602591137040479,DOWN,0.018269392365375236,3,0,0.08763420581817627,0.5677635669708252,0,HIGH
2019-01-29,2019-01-30,0.01570676929998593,UP,0.011395504790688134,3,1,0.46063482761383057,0.5677635669708252,0,HIGH
2019-02-11,2019-02-12,0.01277742078377807,UP,0.007658614179913851,3,1,0.9006741642951965,0.5677635669708252,1,MID
2019-02-14,2019-02-15,0.010838312654595526,UP,0.007578631350456672,3,1,0.8011089563369751,0.5677635669708252,1,MID
2019-03-08,2019-03-11,0.014397105360716386,UP,0.005204780418776771,3,1,0.8790757656097412,0.5677635669708252,1,LOW
2019-03-20,2019-03-21,0.011231393051487988,UP,0.005149856937141703,3,1,0.38996386528015137,0.5677635669708252,0,LOW
2019-03-21,2019-03-22,-0.01943396344627371,DOWN,0.00557164147427762,3,0,0.568967342376709,0.5677635669708252,1,LOW
2019-03-29,2019-04-01,0.011789391005819612,UP,0.0074434828995055165,3,1,0.8759649395942688,0.5677635669708252,1,MID
2019-04-22,2019-04-23,0.008951499012848906,UP,0.004166041084088474,3,1,0.09937997162342072,0.5677635669708252,0,LOW
2019-04-30,2019-05-01,-0.007544857686864009,DOWN,0.0032321117507499906,3,0,0.3798939883708954,0.5677635669708252,0,LOW
2019-05-02,2019-05-03,0.009740191305968461,UP,0.003864069309438533,3,1,0.36615511775016785,0.5677635669708252,0,LOW
2019-05-06,2019-05-07,-0.016840741177932043,DOWN,0.004401702042785925,3,0,0.2369588315486908,0.5677635669708252,0,LOW
2019-05-10,2019-05-13,-0.02545139089151207,DOWN,0.005893737932006715,3,0,0.29558470845222473,0.5677635669708252,0,LOW
2019-05-13,2019-05-14,0.0090030333354504,UP,0.00797772115618681,3,1,0.3022754192352295,0.5677635669708252,0,MID
2019-05-14,2019-05-15,0.0058403701425228565,UP,0.008324537717176497,3,1,0.8298294544219971,0.5677635669708252,1,MID
2019-05-15,2019-05-16,0.009218637124873778,UP,0.008463173924057956,3,1,0.5917109847068787,0.5677635669708252,1,MID
2019-05-16,2019-05-17,-0.006486112083815541,DOWN,0.008747168292035631,3,0,0.7243243455886841,0.5677635669708252,1,MID
2019-05-17,2019-05-20,-0.006633991589894881,DOWN,0.008835474032169204,3,0,0.6970142722129822,0.5677635669708252,1,MID
2019-05-20,2019-05-21,0.008975264330872007,UP,0.008923130014057994,3,1,0.1707007884979248,0.5677635669708252,0,MID
2019-05-22,2019-05-23,-0.012293830495202978,DOWN,0.00893223723553496,3,0,0.5651612281799316,0.5677635669708252,0,MID
2019-05-24,2019-05-28,-0.009344053622205415,DOWN,0.009200184929691328,3,0,0.9308972358703613,0.5677635669708252,1,MID
2019-05-28,2019-05-29,-0.006733326325221417,DOWN,0.009310062694945883,3,0,0.8722105622291565,0.5677635669708252,1,MID
2019-05-30,2019-05-31,-0.013566904278608705,DOWN,0.009337197790422207,3,0,0.5606351494789124,0.5677635669708252,0,MID
2019-06-03,2019-06-04,0.021474402541057206,UP,0.009214738630825337,3,1,0.6220897436141968,0.5677635669708252,1,MID
2019-06-04,2019-06-05,0.00862484793483843,UP,0.010760510396259268,3,1,0.5871457457542419,0.5677635669708252,1,MID
2019-06-05,2019-06-06,0.0064816219771665325,UP,0.010431545427093129,3,1,0.7750772833824158,0.5677635669708252,1,MID
2019-06-06,2019-06-07,0.009957305414700513,UP,0.010558639523270305,3,1,0.33091092109680176,0.5677635669708252,0,MID
2019-06-17,2019-06-18,0.010416577802197647,UP,0.008374654648893263,3,1,0.47954341769218445,0.5677635669708252,0,MID
2019-06-19,2019-06-20,0.009508962073565962,UP,0.008283054945606135,3,1,0.8850702047348022,0.5677635669708252,1,MID
2019-06-20,2019-06-21,-0.006306552614024858,DOWN,0.008423531480766668,3,0,0.10549764335155487,0.5677635669708252,0,MID
2019-06-24,2019-06-25,-0.009856358925298136,DOWN,0.0080264943410823,3,0,0.056998588144779205,0.5677635669708252,0,MID
2019-06-27,2019-06-28,0.005132603226520216,UP,0.007847517075691559,3,1,0.8143296241760254,0.5677635669708252,1,MID
2019-06-28,2019-07-01,0.009037548842095075,UP,0.006932496082029055,3,1,0.9113044142723083,0.5677635669708252,1,LOW
2019-07-02,2019-07-03,0.007963334238251185,UP,0.005509732617545793,3,1,0.5117360949516296,0.5677635669708252,0,LOW
2019-07-03,2019-07-08,-0.006648493261847134,DOWN,0.005474523191526832,3,0,0.5617750287055969,0.5677635669708252,0,LOW
2019-07-16,2019-07-17,-0.0068282785807129015,DOWN,0.00541429912248202,3,0,0.5162558555603027,0.5677635669708252,0,LOW
2019-07-18,2019-07-19,-0.005570394083371622,DOWN,0.0053805023880262115,3,0,0.395000159740448,0.5677635669708252,0,LOW
2019-07-22,2019-07-23,0.007124626357165882,UP,0.0052041586997797,3,1,0.7467101812362671,0.5677635669708252,1,LOW
2019-07-25,2019-07-26,0.006677687088676026,UP,0.004715480741883339,3,1,0.18241429328918457,0.5677635669708252,0,LOW
2019-07-30,2019-07-31,-0.011000724758174285,DOWN,0.004878971925193031,3,0,0.2652168571949005,0.5677635669708252,0,LOW
2019-07-31,2019-08-01,-0.008746054656595139,DOWN,0.0052612782862194885,3,0,0.9904630780220032,0.5677635669708252,1,LOW
2019-08-01,2019-08-02,-0.007558001636935497,DOWN,0.005606835571038958,3,0,0.7864879965782166,0.5677635669708252,1,LOW
2019-08-02,2019-08-05,-0.030534562051236183,DOWN,0.005488638827266471,3,0,0.3978576958179474,0.5677635669708252,0,LOW
2019-08-05,2019-08-06,0.013925491826036846,UP,0.008564353537635969,3,1,0.4892531931400299,0.5677635669708252,0,MID
2019-08-07,2019-08-08,0.019430085399064805,UP,0.009171117788269654,3,1,0.2909111976623535,0.5677635669708252,0,MID
2019-08-08,2019-08-09,-0.006834829537225516,DOWN,0.010304633896713433,3,0,0.5125424265861511,0.5677635669708252,0,MID
2019-08-09,2019-08-12,-0.012248036560968258,DOWN,0.010301269109218292,3,0,0.6481046676635742,0.5677635669708252,1,MID
2019-08-12,2019-08-13,0.01543201892451634,UP,0.010562675380884547,3,1,0.8229499459266663,0.5677635669708252,1,MID
2019-08-13,2019-08-14,-0.030013508527833754,DOWN,0.011263632910500868,3,0,0.571579098701477,0.5677635669708252,1,MID
2019-08-15,2019-08-16,0.014647209402758953,UP,0.012916623044683759,3,1,0.36841779947280884,0.5677635669708252,0,HIGH
2019-08-16,2019-08-19,0.011975711839357873,UP,0.013438563039774299,3,1,0.2593834102153778,0.5677635669708252,0,HIGH
2019-08-19,2019-08-20,-0.0076920481599652675,DOWN,0.01374812815175116,3,0,0.7531846761703491,0.5677635669708252,1,HIGH
2019-08-20,2019-08-21,0.008102546592543804,UP,0.013689554760000024,3,1,0.9566077589988708,0.5677635669708252,1,HIGH
2019-08-22,2019-08-23,-0.026023122154553956,DOWN,0.01377448025197403,3,0,0.8218158483505249,0.5677635669708252,1,HIGH
2019-08-23,2019-08-26,0.01099773278241975,UP,0.014689375084661714,3,1,0.7897181510925293,0.5677635669708252,1,HIGH
2019-08-27,2019-08-28,0.007016909077711493,UP,0.015020614960158149,3,1,0.6795729994773865,0.5677635669708252,1,HIGH
2019-08-28,2019-08-29,0.01269204412996975,UP,0.015015258732924527,3,1,0.8700544238090515,0.5677635669708252,1,HIGH
2019-09-03,2019-09-04,0.011286478156974084,UP,0.013429786042582869,3,1,0.527782142162323,0.5677635669708252,0,HIGH
2019-09-04,2019-09-05,0.012773460188535899,UP,0.013310656799082636,3,1,0.44534578919410706,0.5677635669708252,0,HIGH
2019-09-10,2019-09-11,0.007085811591525636,UP,0.01239662206021611,3,1,0.3351530134677887,0.5677635669708252,0,HIGH
2019-09-19,2019-09-20,-0.009343326984650329,DOWN,0.008543114259041942,3,0,0.43484270572662354,0.5677635669708252,0,MID
2019-09-23,2019-09-24,-0.007877755495086642,DOWN,0.0062154817683183735,3,0,0.43736380338668823,0.5677635669708252,0,LOW
2019-09-30,2019-10-01,-0.011966037944808815,DOWN,0.005772672193453246,3,0,0.2129410207271576,0.5677635669708252,0,LOW
2019-10-01,2019-10-02,-0.01782256975732099,DOWN,0.006278752230882267,3,0,0.14652208983898163,0.5677635669708252,0,LOW
2019-10-02,2019-10-03,0.008159414042596264,UP,0.0069655073819797925,3,1,0.735066294670105,0.5677635669708252,1,LOW
2019-10-03,2019-10-04,0.013441358871681356,UP,0.006548271537372134,3,1,0.6850723624229431,0.5677635669708252,1,LOW
2019-10-07,2019-10-08,-0.01564650102944047,DOWN,0.007362394394366197,3,0,0.9232444167137146,0.5677635669708252,1,MID
2019-10-08,2019-10-09,0.009451571885068203,UP,0.00806579083237857,3,1,0.8588866591453552,0.5677635669708252,1,MID
2019-10-09,2019-10-10,0.00674071872143132,UP,0.00821638148576922,3,1,0.5923380851745605,0.5677635669708252,1,MID
2019-10-10,2019-10-11,0.010313595972103153,UP,0.008352685984057336,3,1,0.8019263744354248,0.5677635669708252,1,MID
2019-10-14,2019-10-15,0.009851608993839914,UP,0.008735519398830502,3,1,0.41126805543899536,0.5677635669708252,0,MID
2019-10-18,2019-10-21,0.006756293820613877,UP,0.008865357940530382,3,1,0.9580485820770264,0.5677635669708252,1,MID
2019-10-31,2019-11-01,0.009221284008705375,UP,0.006695895374888591,3,1,0.7031682133674622,0.5677635669708252,1,LOW
2019-11-14,2019-11-15,0.007210321143979856,UP,0.003446919436565328,3,1,0.6286882162094116,0.5677635669708252,1,LOW
2019-11-22,2019-11-25,0.007720326379659303,UP,0.003297358926098308,3,1,0.8133814334869385,0.5677635669708252,1,LOW
2019-11-29,2019-12-02,-0.008531029798460417,DOWN,0.003555589892694376,3,0,0.4958924651145935,0.5677635669708252,0,LOW
2019-12-02,2019-12-03,-0.00672913193653607,DOWN,0.0038066136964136203,3,0,0.8036914467811584,0.5677635669708252,1,LOW
2019-12-05,2019-12-06,0.009092586613345464,UP,0.004276807485379325,3,1,0.8274762034416199,0.5677635669708252,1,LOW
2019-12-11,2019-12-12,0.00858208537583208,UP,0.004704064343185963,3,1,0.10080242156982422,0.5677635669708252,0,LOW
2019-12-13,2019-12-16,0.006846522302296509,UP,0.005008487617727318,3,1,0.7529789805412292,0.5677635669708252,1,LOW
2019-12-24,2019-12-26,0.005309143350541635,UP,0.00464136997045231,3,1,0.3087300658226013,0.5677635669708252,0,LOW
2019-12-27,2019-12-30,-0.0055284759156675346,DOWN,0.004682550560372897,3,0,0.932807981967926,0.5677635669708252,1,LOW
2019-12-31,2020-01-02,0.009308464399828981,UP,0.004237305322953095,3,1,0.8226807117462158,0.5677635669708252,1,LOW
2020-01-02,2020-01-03,-0.0076010483986278365,DOWN,0.004090402653629685,3,0,0.11547502130270004,0.5677635669708252,0,LOW
2020-01-07,2020-01-08,0.005315384309479369,UP,0.004356689017484054,3,1,0.25704196095466614,0.5677635669708252,0,LOW
2020-01-08,2020-01-09,0.006757763910630538,UP,0.004319588938696703,3,1,0.2669720947742462,0.5677635669708252,0,LOW
2020-01-10,2020-01-13,0.006853806284860935,UP,0.004541236675966825,3,1,0.2772303521633148,0.5677635669708252,0,LOW
2020-01-15,2020-01-16,0.008283978494246641,UP,0.004301558877361817,3,1,0.26396438479423523,0.5677635669708252,0,LOW
2020-01-23,2020-01-24,-0.008932858535968823,DOWN,0.004587734304532219,3,0,0.6912090182304382,0.5677635669708252,1,LOW
2020-01-24,2020-01-27,-0.016159270785999106,DOWN,0.005152969946684749,3,0,0.9115139245986938,0.5677635669708252,1,LOW
2020-01-27,2020-01-28,0.01042465373821599,UP,0.006342040535439838,3,1,0.7506677508354187,0.5677635669708252,1,LOW
2020-01-30,2020-01-31,-0.018324781429623002,DOWN,0.006615938398348239,3,0,0.11003349721431732,0.5677635669708252,0,LOW
2020-01-31,2020-02-03,0.007401083897971815,UP,0.007581604012319575,3,1,0.7409567832946777,0.5677635669708252,1,MID
2020-02-03,2020-02-04,0.015126295011474384,UP,0.00758270608537017,3,1,0.10692241042852402,0.5677635669708252,0,MID
2020-02-04,2020-02-05,0.011481839611606393,UP,0.008253752151075057,3,1,0.052279870957136154,0.5677635669708252,0,MID
2020-02-06,2020-02-07,-0.005343909914229443,DOWN,0.008501352386964868,3,0,0.035402603447437286,0.5677635669708252,0,MID
2020-02-07,2020-02-10,0.007437595617929694,UP,0.008534105789396928,3,1,0.47769320011138916,0.5677635669708252,0,MID
2020-02-11,2020-02-12,0.006422105641496987,UP,0.008512275514835068,3,1,0.3005527853965759,0.5677635669708252,0,MID
2020-02-18,2020-02-19,0.004769841309919101,UP,0.008450148987006342,3,1,0.8412778973579407,0.5677635669708252,1,MID
2020-02-19,2020-02-20,-0.0041167086031452735,DOWN,0.008471991538585705,3,0,0.5776200890541077,0.5677635669708252,1,MID
2020-02-20,2020-02-21,-0.010351661133344124,DOWN,0.008549124916179393,3,0,0.9886485934257507,0.5677635669708252,1,MID
2020-02-21,2020-02-24,-0.03372784139233276,DOWN,0.008906534113309572,3,0,0.967979907989502,0.5677635669708252,1,MID
2020-02-24,2020-02-25,-0.030770750603140915,DOWN,0.011578912621480515,3,0,0.3202991485595703,0.5677635669708252,0,HIGH
2020-02-26,2020-02-27,-0.04595146753683802,DOWN,0.012650598362593047,3,0,0.7111871242523193,0.5677635669708252,1,HIGH
2020-02-28,2020-03-02,0.04239500466012263,UP,0.015839734098314514,3,1,0.6855061054229736,0.5677635669708252,1,HIGH
2020-03-02,2020-03-03,-0.02905036247634815,DOWN,0.018717141171754773,3,0,0.8067055344581604,0.5677635669708252,1,HIGH
2020-03-03,2020-03-04,0.04117363701185871,UP,0.0195110089972611,3,1,0.8644607663154602,0.5677635669708252,1,HIGH
2020-03-04,2020-03-05,-0.03380675024137826,DOWN,0.02160018888483741,3,0,0.4318667948246002,0.5677635669708252,0,HIGH
2020-03-05,2020-03-06,-0.016669275633020057,DOWN,0.022413188658549233,3,0,0.141429141163826,0.5677635669708252,0,HIGH
2020-03-06,2020-03-09,-0.08131252304186744,DOWN,0.022477326970086704,3,0,0.11354061961174011,0.5677635669708252,0,HIGH
2020-03-09,2020-03-10,0.050450587293811376,UP,0.02811092182697014,3,1,0.8454809188842773,0.5677635669708252,1,HIGH
2020-03-10,2020-03-11,-0.04997673845028892,DOWN,0.030980938870725522,3,0,0.5474095344543457,0.5677635669708252,0,HIGH
2020-03-11,2020-03-12,-0.10056886056624313,DOWN,0.032304753204679765,3,0,0.3063966929912567,0.5677635669708252,0,HIGH
2020-03-12,2020-03-13,0.08202809219873311,UP,0.03782511391858997,3,1,0.2334107607603073,0.5677635669708252,0,HIGH
2020-03-13,2020-03-16,-0.11588653747701536,DOWN,0.043601724404751026,3,0,0.4954585134983063,0.5677635669708252,0,HIGH
2020-03-16,2020-03-17,0.05258492094923695,UP,0.049322838472635154,3,1,0.9799997806549072,0.5677635669708252,1,HIGH
2020-03-17,2020-03-18,-0.05195975100253782,DOWN,0.05166403319465353,3,0,0.33618196845054626,0.5677635669708252,0,HIGH
2020-03-19,2020-03-20,-0.04991337303957533,DOWN,0.05221613402306325,3,0,0.7936450839042664,0.5677635669708252,1,HIGH
2020-03-20,2020-03-23,-0.025900755458341244,DOWN,0.05270373300627562,3,0,0.4020155966281891,0.5677635669708252,0,HIGH
2020-03-23,2020-03-24,0.08673099436253733,UP,0.05261632632287606,3,1,0.8336176872253418,0.5677635669708252,1,HIGH
2020-03-25,2020-03-26,0.05674869876971943,UP,0.057800535254980884,3,1,0.2431909143924713,0.5677635669708252,0,HIGH
2020-03-26,2020-03-27,-0.030238259991311155,DOWN,0.0591386147365037,3,0,0.4004318416118622,0.5677635669708252,0,HIGH
2020-03-27,2020-03-30,0.031959525345806684,UP,0.05937131565253335,3,1,0.5139179825782776,0.5677635669708252,0,HIGH
2020-03-31,2020-04-01,-0.04604904148877963,DOWN,0.05877491740617397,3,0,0.27779948711395264,0.5677635669708252,0,HIGH
2020-04-01,2020-04-02,0.022813182552417124,UP,0.058196235712224625,3,1,0.19318337738513947,0.5677635669708252,0,HIGH
2020-04-03,2020-04-06,0.06500673748543066,UP,0.05844334277148583,3,1,0.45170947909355164,0.5677635669708252,0,HIGH
2020-04-07,2020-04-08,0.033017294838593204,UP,0.05677838655872428,3,1,0.6064382195472717,0.5677635669708252,1,HIGH
2020-04-13,2020-04-14,0.029066322582236008,UP,0.04792609069878733,3,1,0.08457782864570618,0.5677635669708252,0,HIGH
2020-04-16,2020-04-17,0.026656961689813345,UP,0.03624765004687545,3,1,0.09902477264404297,0.5677635669708252,0,HIGH
2020-04-20,2020-04-21,-0.030833763390650033,DOWN,0.03439605960277951,3,0,0.06518831104040146,0.5677635669708252,0,HIGH
2020-04-21,2020-04-22,0.021951826516892335,UP,0.034686381100533174,3,1,0.31168124079704285,0.5677635669708252,0,HIGH
2020-04-28,2020-04-29,0.025841699275864903,UP,0.02567654761936704,3,1,0.08099434524774551,0.5677635669708252,0,HIGH
2020-04-30,2020-05-01,-0.02683016199258795,DOWN,0.022886627015108206,3,0,0.08950549364089966,0.5677635669708252,0,HIGH
2020-05-15,2020-05-18,0.03000500773344127,UP,0.01635042054965535,3,1,0.5380507111549377,0.5677635669708252,0,HIGH
2020-06-04,2020-06-05,0.02530660249279807,UP,0.012320470713472906,3,1,0.21859686076641083,0.5677635669708252,0,HIGH
2020-06-10,2020-06-12,-0.04747287847905728,DOWN,0.012099621878637007,3,0,0.11256743222475052,0.5677635669708252,0,HIGH
2020-06-23,2020-06-24,-0.025839694081199537,DOWN,0.009324949689595474,3,0,0.8858495354652405,0.5677635669708252,1,MID
2020-06-25,2020-06-26,-0.024038096459339246,DOWN,0.011373436244546502,3,0,0.27040690183639526,0.5677635669708252,0,HIGH
2020-08-11,2020-08-12,0.013846051698275444,UP,0.006651656936321944,3,1,0.5570220351219177,0.5677635669708252,0,LOW
2020-08-21,2020-08-24,0.010082155503900299,UP,0.005766065161419114,3,1,0.06251462548971176,0.5677635669708252,0,LOW
2020-08-25,2020-08-26,0.009975685076455696,UP,0.005490878908393853,3,1,0.03914441913366318,0.5677635669708252,0,LOW
2020-08-31,2020-09-01,0.009374514174085585,UP,0.005203931534622834,3,1,0.40015897154808044,0.5677635669708252,0,LOW
2020-09-01,2020-09-02,0.014360393117624624,UP,0.005393069620366739,3,1,0.04675513878464699,0.5677635669708252,0,LOW
2020-09-02,2020-09-03,-0.03502042462644392,DOWN,0.005908084012652135,3,0,0.029425963759422302,0.5677635669708252,0,LOW
2020-09-04,2020-09-08,-0.027703141558992693,DOWN,0.010661090640657078,3,0,0.2712266743183136,0.5677635669708252,0,MID
2020-09-08,2020-09-09,0.019554908673632087,UP,0.012446735649209955,3,1,0.5172457695007324,0.5677635669708252,0,HIGH
2020-09-09,2020-09-10,-0.017516163589897774,DOWN,0.013054700418822653,3,0,0.46825581789016724,0.5677635669708252,0,HIGH
2020-09-11,2020-09-14,0.013085281479949857,UP,0.013314733545797215,3,1,0.4746131896972656,0.5677635669708252,0,HIGH
2020-09-16,2020-09-17,-0.008834169361647914,DOWN,0.01370646064708112,3,0,0.35358741879463196,0.5677635669708252,0,HIGH
2020-09-17,2020-09-18,-0.015574449506466947,DOWN,0.013820786803991188,3,0,0.4782821536064148,0.5677635669708252,0,HIGH
