target_date,actual_direction,future_log_return,stage1_move_probability,stage1_predicted_move,realized_volatility_20,binary_up_score,binary_direction,verifier_move_probability,verifier_confirmed_move,high_volatility_regime,baseline_prediction,verifier_cascade_prediction,selective_prediction,outer_fold
2010-11-23,DOWN,-0.014582939436894508,0.5720929503440857,True,0.007745024922724655,0.6192055940628052,UP,0.4443633556365967,False,False,UP,FLAT,FLAT,1
2010-11-24,UP,0.014666091871414004,0.5107881426811218,True,0.008466535060884788,0.7197080850601196,UP,0.07057488709688187,False,False,UP,FLAT,FLAT,1
2010-11-26,DOWN,-0.011715564095365463,0.4370574355125427,False,0.009073105048074792,0.05222691595554352,DOWN,0.4399120509624481,False,False,FLAT,FLAT,FLAT,1
2010-11-29,FLAT,0.003025725961046843,0.5810977220535278,True,0.009468838970874121,0.9997995495796204,UP,0.24632883071899414,False,False,UP,FLAT,FLAT,1
2010-11-30,FLAT,-0.00563860777792251,0.4354255199432373,False,0.009487242619330902,0.9743366837501526,UP,0.8571709990501404,False,False,FLAT,FLAT,FLAT,1
2010-12-01,UP,0.02104465366343367,0.505529522895813,True,0.00958569751122601,0.87420654296875,UP,0.7888510823249817,True,False,UP,UP,ABSTAIN,1
2010-12-02,UP,0.012727481608891575,0.2968830466270447,False,0.010660637605190277,0.7500211596488953,UP,0.19371788203716278,False,False,FLAT,FLAT,FLAT,1
2010-12-03,FLAT,0.0026889552576654517,0.25796374678611755,False,0.01087232073723899,0.8516440391540527,UP,0.18817900121212006,False,False,FLAT,FLAT,FLAT,1
2010-12-06,FLAT,-0.0010583941766391873,0.278961718082428,False,0.010860058816779988,0.9069469571113586,UP,0.2534013092517853,False,False,FLAT,FLAT,FLAT,1
2010-12-07,FLAT,0.0005700533050127482,0.4111776351928711,False,0.010037367334882603,0.013440217822790146,DOWN,0.10892903059720993,False,False,FLAT,FLAT,FLAT,1
2010-12-08,FLAT,0.00365688065175551,0.3264368772506714,False,0.010006426982746479,0.40486910939216614,UP,0.0965072438120842,False,False,FLAT,FLAT,FLAT,1
2010-12-09,FLAT,0.0038860424158987726,0.4508973956108093,False,0.01002150799261853,0.003447465132921934,DOWN,0.11628976464271545,False,False,FLAT,FLAT,FLAT,1
2010-12-10,FLAT,0.005800863871851226,0.3732759654521942,False,0.009877722177131754,0.9500990509986877,UP,0.20586329698562622,False,False,FLAT,FLAT,FLAT,1
2010-12-13,FLAT,0.0006424205277645551,0.4101058542728424,False,0.009913705958892556,0.062404241412878036,DOWN,0.15406300127506256,False,False,FLAT,FLAT,FLAT,1
2010-12-14,FLAT,0.000882723744171901,0.38536643981933594,False,0.009428672280168582,0.04059602692723274,DOWN,0.25265368819236755,False,False,FLAT,FLAT,FLAT,1
2010-12-15,FLAT,-0.0045825517546696,0.44860148429870605,False,0.009401627783433517,0.05130439251661301,DOWN,0.23847158253192902,False,False,FLAT,FLAT,FLAT,1
2010-12-16,FLAT,0.005785017145967775,0.5055224895477295,True,0.008600828492396843,0.7059454321861267,UP,0.22214044630527496,False,False,UP,FLAT,FLAT,1
2010-12-17,FLAT,-0.0041746739927536365,0.4680907428264618,True,0.008618958458823475,0.7432264089584351,UP,0.1281568706035614,False,False,UP,FLAT,FLAT,1
2010-12-20,FLAT,0.002410571038917316,0.5672352910041809,True,0.008271055513481918,0.9959056377410889,UP,0.20877616107463837,False,False,UP,FLAT,FLAT,1
2010-12-21,UP,0.00632028122768749,0.5054328441619873,True,0.008269319841977976,0.8475766181945801,UP,0.5691395401954651,True,False,UP,UP,ABSTAIN,1
2010-12-22,FLAT,0.0031054640754708323,0.4428500533103943,False,0.008305898717009295,0.03193526342511177,DOWN,0.11739059537649155,False,False,FLAT,FLAT,FLAT,1
2010-12-23,FLAT,-0.0014320975249110487,0.44015732407569885,False,0.007316850170733514,0.9994277358055115,UP,0.10761371999979019,False,False,FLAT,FLAT,FLAT,1
2010-12-27,FLAT,0.0003980342481033424,0.49574869871139526,True,0.00683584883889849,0.9776455163955688,UP,0.11893298476934433,False,False,UP,FLAT,FLAT,1
2010-12-28,FLAT,0.0014315280222058227,0.5001209378242493,True,0.006027049896540546,0.9880878329277039,UP,0.445453941822052,False,False,UP,FLAT,FLAT,1
2010-12-29,FLAT,0.0007149659719904494,0.42636972665786743,False,0.006034485760434361,0.9894235730171204,UP,0.14903977513313293,False,False,FLAT,FLAT,FLAT,1
2010-12-30,FLAT,-0.0015895484886163213,0.40984299778938293,False,0.005730710064016988,0.9380865097045898,UP,0.7673177123069763,False,False,FLAT,FLAT,FLAT,1
2010-12-31,FLAT,0.000238587340784555,0.43477392196655273,False,0.003944821837273924,0.6506807208061218,UP,0.8191593885421753,False,False,FLAT,FLAT,FLAT,1
2011-01-03,UP,0.010284924806456493,0.4489274322986603,False,0.003022963815488594,0.9249404668807983,UP,0.9129769206047058,False,False,FLAT,FLAT,FLAT,1
2011-01-04,FLAT,-0.0005511136072903331,0.3129628896713257,False,0.003625742881969097,0.434502512216568,UP,0.7682894468307495,False,False,FLAT,FLAT,FLAT,1
2011-01-05,FLAT,0.005184176449207462,0.39649713039398193,False,0.003607419885235674,0.010571291670203209,DOWN,0.40617841482162476,False,False,FLAT,FLAT,FLAT,1
2011-01-06,FLAT,-0.0019605542977314794,0.4273953437805176,False,0.0036788679529135126,0.8557450175285339,UP,0.6795250177383423,False,False,FLAT,FLAT,FLAT,1
2011-01-07,FLAT,-0.0019644056228539015,0.4352269470691681,False,0.003753023391847431,0.07402816414833069,DOWN,0.5923024415969849,False,False,FLAT,FLAT,FLAT,1
2011-01-10,FLAT,-0.0012592165286221444,0.4380597770214081,False,0.0037964752617976032,0.0016390590462833643,DOWN,0.8495674133300781,False,False,FLAT,FLAT,FLAT,1
2011-01-11,FLAT,0.0035375764400234224,0.5413500070571899,True,0.003687230776904007,0.9107739925384521,UP,0.9084597229957581,True,False,UP,UP,ABSTAIN,1
2011-01-12,UP,0.008984096335089451,0.44049060344696045,False,0.0037292831928930205,0.6095890998840332,UP,0.8389878273010254,False,False,FLAT,FLAT,FLAT,1
2011-01-13,FLAT,-0.001634611894315131,0.38552284240722656,False,0.004119542698296969,0.37857869267463684,UP,0.31309717893600464,False,False,FLAT,FLAT,FLAT,1
2011-01-14,UP,0.007218628320147511,0.4520164132118225,False,0.003937512677737276,0.41521069407463074,UP,0.5572567582130432,False,False,FLAT,FLAT,FLAT,1
2011-01-18,FLAT,0.0017000329763009424,0.4710076153278351,True,0.0040279664560459606,0.9578909277915955,UP,0.7876520156860352,True,False,UP,UP,ABSTAIN,1
2011-01-19,DOWN,-0.009853858305382115,0.4455415904521942,False,0.0037786561959175635,0.6969825029373169,UP,0.4284310042858124,False,False,FLAT,FLAT,FLAT,1
2011-01-20,FLAT,-0.0013264010662401664,0.5361948013305664,True,0.004619786075509764,0.015159127302467823,DOWN,0.9554154872894287,True,False,DOWN,DOWN,ABSTAIN,1
2011-01-21,FLAT,0.0022615980751737276,0.5474879145622253,True,0.004510070739338978,0.0312921367585659,DOWN,0.9101359844207764,True,False,DOWN,DOWN,ABSTAIN,1
2011-01-24,UP,0.005670664070208581,0.4664408564567566,True,0.0044938586405071255,0.230704203248024,DOWN,0.748979389667511,True,False,DOWN,DOWN,ABSTAIN,1
2011-01-25,FLAT,0.00054200693836145,0.4857614040374756,True,0.004569962105970448,0.0005766524118371308,DOWN,0.8416096568107605,True,False,DOWN,DOWN,ABSTAIN,1
2011-01-26,FLAT,0.0038633953715288857,0.4797835648059845,True,0.0045684565675158054,0.0281677208840847,DOWN,0.9209522008895874,True,False,DOWN,DOWN,ABSTAIN,1
2011-01-27,FLAT,0.002464819238374171,0.45327630639076233,False,0.004602098722543181,0.0032541598193347454,DOWN,0.6051641702651978,False,False,FLAT,FLAT,FLAT,1
2011-01-28,DOWN,-0.01761718927405389,0.46835190057754517,True,0.004602961144301582,0.3054031431674957,DOWN,0.7305851578712463,True,False,DOWN,DOWN,ABSTAIN,1
2011-01-31,UP,0.007488268048510469,0.523969292640686,True,0.006276679505611277,0.9457868337631226,UP,0.9875933527946472,True,False,UP,UP,ABSTAIN,1
2011-02-01,UP,0.015882014747780775,0.5935171246528625,True,0.006450150808723437,0.00890264566987753,DOWN,0.8707568049430847,True,False,DOWN,DOWN,ABSTAIN,1
2011-02-02,FLAT,-0.0019140226299316067,0.3075512945652008,False,0.006967915648847693,0.8545340895652771,UP,0.2240924835205078,False,False,FLAT,FLAT,FLAT,1
2011-02-03,FLAT,0.002219875228518332,0.45967769622802734,False,0.006994938020010479,0.8548895716667175,UP,0.25599896907806396,False,False,FLAT,FLAT,FLAT,1
2011-02-04,FLAT,0.002825146975337663,0.4313792288303375,False,0.006940914439804848,0.9996802806854248,UP,0.22106018662452698,False,False,FLAT,FLAT,FLAT,1
2011-02-07,UP,0.006232973504143775,0.43243634700775146,False,0.006908086616900841,0.9971035122871399,UP,0.2864898145198822,False,False,FLAT,FLAT,FLAT,1
2011-02-08,FLAT,0.004536229780100495,0.4217405915260315,False,0.006937684631401507,0.9491130709648132,UP,0.3729372024536133,False,False,FLAT,FLAT,FLAT,1
2011-02-09,FLAT,-0.002265542719678451,0.4196656346321106,False,0.0069213685294793196,0.9944747090339661,UP,0.27175575494766235,False,False,FLAT,FLAT,FLAT,1
2011-02-10,FLAT,0.00037796628868440123,0.44002705812454224,False,0.0069816921860751165,0.6685910224914551,UP,0.3184567391872406,False,False,FLAT,FLAT,FLAT,1
2011-02-11,UP,0.00595257201654703,0.4802088141441345,True,0.006782113184660558,0.9920814037322998,UP,0.3399665057659149,False,False,UP,FLAT,FLAT,1
2011-02-14,FLAT,0.0024010822182387254,0.47472867369651794,True,0.006813581817202043,0.9976262450218201,UP,0.1349567323923111,False,False,UP,FLAT,FLAT,1
2011-02-15,FLAT,-0.003152668796160044,0.4705647826194763,True,0.0066965711408685435,0.0017633293755352497,DOWN,0.4395776093006134,False,False,DOWN,FLAT,FLAT,1
2011-02-16,UP,0.006295543499705147,0.48098915815353394,True,0.006779095944325871,0.9993932247161865,UP,0.2707817256450653,False,False,UP,FLAT,FLAT,1
2011-02-17,FLAT,0.002983917822945191,0.4209424555301666,False,0.006323399939908477,0.791520893573761,UP,0.5720261335372925,False,False,FLAT,FLAT,FLAT,1
2011-02-18,FLAT,0.0020834800346416875,0.4719107151031494,True,0.006272396707956545,0.9598907232284546,UP,0.19346845149993896,False,False,UP,FLAT,FLAT,1
2011-02-22,DOWN,-0.020273985764222773,0.41194695234298706,False,0.006272658913339998,0.9843743443489075,UP,0.08227795362472534,False,False,FLAT,FLAT,FLAT,1
2011-02-23,DOWN,-0.006163211746435969,0.5379680395126343,True,0.007994750010941014,0.4636738896369934,UP,0.9080800414085388,True,False,UP,UP,ABSTAIN,1
2011-02-24,FLAT,-0.0006872426132549282,0.6070374250411987,True,0.008155976815531287,0.4905034601688385,UP,0.8283161520957947,True,False,UP,UP,ABSTAIN,1
2011-02-25,UP,0.010636043322289847,0.5750836133956909,True,0.008126828769444303,0.0052782087586820126,DOWN,0.9092054963111877,True,False,DOWN,DOWN,ABSTAIN,1
2011-02-28,UP,0.006177449798552023,0.4776903986930847,True,0.008431368793206315,6.274375482462347e-05,DOWN,0.6485316753387451,True,False,DOWN,DOWN,ABSTAIN,1
2011-03-01,DOWN,-0.016813493120841887,0.408089816570282,False,0.007282658891896129,0.9853518605232239,UP,0.8009316921234131,False,False,FLAT,FLAT,FLAT,1
2011-03-02,FLAT,0.0021363709867891836,0.5004307627677917,True,0.00829070007213222,0.7600358128547668,UP,0.9847577810287476,True,False,UP,UP,ABSTAIN,1
2011-03-03,UP,0.017077598345467793,0.6260282397270203,True,0.007513790385153414,0.9539902806282043,UP,0.7861436009407043,True,False,UP,UP,ABSTAIN,1
2011-03-04,DOWN,-0.00752052872084866,0.26236972212791443,False,0.008384872215648504,0.21422997117042542,DOWN,0.914767861366272,False,False,FLAT,FLAT,FLAT,1
2011-03-07,DOWN,-0.007881879144340674,0.5096223950386047,True,0.008598335905676581,0.37349438667297363,UP,0.7763429880142212,True,False,UP,UP,ABSTAIN,1
2011-03-08,UP,0.008711915857417783,0.5866193771362305,True,0.008786515599140834,0.23270265758037567,DOWN,0.9432059526443481,True,False,DOWN,DOWN,ABSTAIN,1
2011-03-09,FLAT,-0.0014341432848760949,0.4611193537712097,False,0.008894308809311012,0.9897772669792175,UP,0.9637173414230347,False,False,FLAT,FLAT,FLAT,1
2011-03-10,DOWN,-0.018679283098206725,0.517724871635437,True,0.008842232038193659,0.3336351215839386,UP,0.9760998487472534,True,False,UP,UP,ABSTAIN,1
2011-03-11,UP,0.006902350439859637,0.49523264169692993,True,0.009769982072261499,0.0017321776831522584,DOWN,0.6803416609764099,True,False,DOWN,DOWN,ABSTAIN,1
2011-03-14,DOWN,-0.006056159320269047,0.6084002256393433,True,0.009922237404177591,0.5062980055809021,UP,0.6354859471321106,True,False,UP,UP,ABSTAIN,1
2011-03-15,DOWN,-0.011523312921841292,0.5770019888877869,True,0.009870453043074387,0.9918373227119446,UP,0.771163284778595,True,False,UP,UP,ABSTAIN,1
2011-03-16,DOWN,-0.018686241077615323,0.521277666091919,True,0.010094381919899708,0.8976181745529175,UP,0.7367411851882935,True,False,UP,UP,ABSTAIN,1
2011-03-17,UP,0.013148228441042051,0.5730652809143066,True,0.010773872701503229,0.9989655017852783,UP,0.6135685443878174,True,False,UP,UP,ABSTAIN,1
2011-03-18,FLAT,-0.000704169174871776,0.4535329043865204,False,0.011174379069908175,0.0007318394491448998,DOWN,0.642658531665802,False,False,FLAT,FLAT,FLAT,1
2011-03-21,UP,0.015378969497287495,0.49818721413612366,True,0.01111297450057331,0.022412847727537155,DOWN,0.8291831016540527,True,False,DOWN,DOWN,ABSTAIN,1
2011-03-22,FLAT,-0.003474598786978691,0.3588358759880066,False,0.011777942335844232,0.02372526191174984,DOWN,0.12340302765369415,False,False,FLAT,FLAT,FLAT,1
2011-03-23,FLAT,0.002857776653072565,0.613034725189209,True,0.0109628839562602,0.1738678514957428,DOWN,0.43824926018714905,False,False,DOWN,FLAT,FLAT,1
2011-03-24,UP,0.00951795829774732,0.6094458103179932,True,0.01092359855214242,0.9990158081054688,UP,0.28290271759033203,False,False,UP,FLAT,FLAT,1
2011-03-25,FLAT,0.003051178262846453,0.499382346868515,True,0.011151434848431839,0.9985383749008179,UP,0.5211235880851746,True,False,UP,UP,ABSTAIN,1
2011-03-28,FLAT,-0.0024401973806626944,0.5004132390022278,True,0.010896328309213726,0.9945928454399109,UP,0.4728078544139862,False,False,UP,FLAT,FLAT,1
2011-03-29,UP,0.006696151143217117,0.47623005509376526,True,0.010792824338935143,0.0061575016006827354,DOWN,0.5427800416946411,True,False,DOWN,DOWN,ABSTAIN,1
2011-03-30,UP,0.006877581773286894,0.34587517380714417,False,0.010224727647669546,0.9963058233261108,UP,0.6894099116325378,False,False,FLAT,FLAT,FLAT,1
2011-03-31,FLAT,-0.001356707580398848,0.3714642822742462,False,0.01032272232578688,0.567646861076355,UP,0.11384253203868866,False,False,FLAT,FLAT,FLAT,1
2011-04-01,FLAT,0.004214633913717411,0.26538893580436707,False,0.009568606299194447,0.001114029553718865,DOWN,0.39449915289878845,False,False,FLAT,FLAT,FLAT,1
2011-04-04,FLAT,0.0008257994924441352,0.2566044330596924,False,0.00946374891687013,0.8130348920822144,UP,0.026590298861265182,False,False,FLAT,FLAT,FLAT,1
2011-04-05,FLAT,-0.0001500113599201931,0.4026229679584503,False,0.009267931958833393,0.017262309789657593,DOWN,0.7182576656341553,False,False,FLAT,FLAT,FLAT,1
2011-04-06,FLAT,0.003147234928549288,0.4586937725543976,False,0.009074107366796097,0.9489277005195618,UP,0.5498382449150085,False,False,FLAT,FLAT,FLAT,1
2011-04-07,FLAT,-0.0025469811049454493,0.40041109919548035,False,0.009087217489716363,0.6499107480049133,UP,0.13363328576087952,False,False,FLAT,FLAT,FLAT,1
2011-04-08,FLAT,-0.0034563615456314934,0.48522379994392395,True,0.007940999695644206,0.8882980346679688,UP,0.1510598361492157,False,False,UP,FLAT,FLAT,1
2011-04-11,FLAT,-0.0030151830882110937,0.5408772230148315,True,0.007892933325074666,0.8174204230308533,UP,0.4401734471321106,False,False,UP,FLAT,FLAT,1
2011-04-12,DOWN,-0.007502065749284654,0.5296728014945984,True,0.007783120768796139,0.054301004856824875,DOWN,0.8509870171546936,True,False,DOWN,DOWN,ABSTAIN,1
2011-04-13,FLAT,-7.602408655647419e-05,0.6360266804695129,True,0.007491273606234828,0.8627268671989441,UP,0.5092228055000305,True,False,UP,UP,ABSTAIN,1
2011-04-14,FLAT,0.0007603288565081602,0.6117905974388123,True,0.005885407240910775,0.6610324382781982,UP,0.7481989860534668,True,False,UP,UP,ABSTAIN,1
2011-04-15,FLAT,0.0036418533742727916,0.6290677189826965,True,0.005276230290696199,0.9961426854133606,UP,0.7659032940864563,True,False,UP,UP,ABSTAIN,1
2011-04-18,DOWN,-0.011271983621468707,0.5432449579238892,True,0.005273191524296031,0.9533286690711975,UP,0.15386666357517242,False,False,UP,FLAT,FLAT,1
2011-04-19,UP,0.005728048761922306,0.6831759810447693,True,0.00497982310419386,0.9992172718048096,UP,0.6907458901405334,True,False,UP,UP,ABSTAIN,1
2011-04-20,UP,0.013539849979458639,0.5226481556892395,True,0.005036077080050003,0.9244807362556458,UP,0.7313279509544373,True,False,UP,UP,ABSTAIN,1
2011-04-21,FLAT,0.0050958793078750555,0.3224572539329529,False,0.005780066654356233,0.012319589033722878,DOWN,0.6984204649925232,False,False,FLAT,FLAT,FLAT,1
2011-04-25,FLAT,-0.0010470376441327701,0.2782318890094757,False,0.005528644147960455,0.07507631182670593,DOWN,0.3421329855918884,False,False,FLAT,FLAT,FLAT,1
2011-04-26,UP,0.008568349018922112,0.35777801275253296,False,0.0055280052734566635,0.05682443082332611,DOWN,0.870184600353241,False,False,FLAT,FLAT,FLAT,1
2011-04-27,UP,0.006507491060485546,0.2784113883972168,False,0.005724252442425508,0.9783274531364441,UP,0.17822736501693726,False,False,FLAT,FLAT,FLAT,1
2011-04-28,FLAT,0.0032379338274032936,0.25520390272140503,False,0.005715272367014942,0.8580302000045776,UP,0.4056539535522461,False,False,FLAT,FLAT,FLAT,1
2011-04-29,FLAT,0.002348222061735955,0.2851238548755646,False,0.005589042781091974,0.9869194626808167,UP,0.18547119200229645,False,False,FLAT,FLAT,FLAT,1
2011-05-02,FLAT,-0.0015403741155360815,0.33332011103630066,False,0.005559689674061258,0.2959774136543274,DOWN,0.35145366191864014,False,False,FLAT,FLAT,FLAT,1
2011-05-03,FLAT,-0.003603647942207419,0.35095319151878357,False,0.005556773855848189,0.0034875068813562393,DOWN,0.8269085884094238,False,False,FLAT,FLAT,FLAT,1
2011-05-04,DOWN,-0.006652847605774444,0.4529690444469452,False,0.005657306514059445,0.062130268663167953,DOWN,0.6648780703544617,False,False,FLAT,FLAT,FLAT,1
2011-05-05,DOWN,-0.0090896260574921,0.4983023703098297,True,0.005903449278500196,0.10401889681816101,DOWN,0.8255351781845093,True,False,DOWN,DOWN,ABSTAIN,1
2011-05-06,FLAT,0.004406088628249448,0.5815579295158386,True,0.006248826973919033,0.895980954170227,UP,0.5263631343841553,True,False,UP,UP,ABSTAIN,1
2011-05-09,FLAT,0.003867357757845281,0.4075205326080322,False,0.0062940169800764865,0.9782236218452454,UP,0.7841173410415649,False,False,FLAT,FLAT,FLAT,1
2011-05-10,UP,0.0084999507437913,0.5521739721298218,True,0.006275215768828069,0.0055768489837646484,DOWN,0.4042902886867523,False,False,DOWN,FLAT,FLAT,1
2011-05-11,DOWN,-0.010580489282121406,0.40322014689445496,False,0.006442895718629144,0.12458065897226334,DOWN,0.2722669243812561,False,False,FLAT,FLAT,FLAT,1
2011-05-12,FLAT,0.004749188055977086,0.5300261378288269,True,0.006695339254273738,0.9545235633850098,UP,0.8349279761314392,True,False,UP,UP,ABSTAIN,1
2011-05-13,DOWN,-0.007728996292128419,0.49585622549057007,True,0.006736895519271744,0.9991312623023987,UP,0.9693830013275146,True,False,UP,UP,ABSTAIN,1
2011-05-16,DOWN,-0.006361514237382823,0.6454144716262817,True,0.007037292288445048,0.9915662407875061,UP,0.8507171869277954,True,False,UP,UP,ABSTAIN,1
2011-05-17,FLAT,-0.00015020477889104715,0.6866773366928101,True,0.007188551097052469,0.3913958966732025,UP,0.9658336639404297,True,False,UP,UP,ABSTAIN,1
2011-05-18,UP,0.008896275522450333,0.6279253363609314,True,0.006645004802843515,0.1511542946100235,DOWN,0.6605538129806519,True,False,DOWN,DOWN,ABSTAIN,1
2011-05-19,FLAT,0.002378770623743367,0.4850512146949768,True,0.006799868080090233,0.11754406243562698,DOWN,0.9039914608001709,True,False,DOWN,DOWN,ABSTAIN,1
2011-05-20,DOWN,-0.007976426741533248,0.455453485250473,False,0.006156965847928434,0.7108778357505798,UP,0.9529081583023071,False,False,FLAT,FLAT,FLAT,1
2011-05-23,DOWN,-0.011668766889634,0.616585910320282,True,0.00634447046819228,0.9596076607704163,UP,0.8168936967849731,True,False,UP,UP,ABSTAIN,1
2011-05-24,FLAT,-0.0008333064581316544,0.6777817606925964,True,0.006855140171342995,0.5131641030311584,UP,0.8103986978530884,True,False,UP,UP,ABSTAIN,1
2011-05-25,FLAT,0.0033290675181164124,0.6428839564323425,True,0.006507253392288344,0.003356396686285734,DOWN,0.9601731300354004,True,False,DOWN,DOWN,ABSTAIN,1
2011-05-26,FLAT,0.004597020882442528,0.6304502487182617,True,0.0063494893750973835,0.9797517657279968,UP,0.9431789517402649,True,False,UP,UP,ABSTAIN,1
2011-05-27,FLAT,0.0038272120360345356,0.605559766292572,True,0.00640676641296255,0.7035056352615356,UP,0.6851094961166382,True,False,UP,UP,ABSTAIN,1
2011-05-31,UP,0.010357377711179271,0.4966350495815277,True,0.006457672188382667,0.9980242252349854,UP,0.8829255104064941,True,False,UP,UP,ABSTAIN,1
2011-06-01,DOWN,-0.022717166176830932,0.40432727336883545,False,0.006942981587482599,0.9996299743652344,UP,0.7842305302619934,False,False,FLAT,FLAT,FLAT,1
2011-06-02,FLAT,-0.0010622109838710119,0.5444729328155518,True,0.008528898504512735,0.14899462461471558,DOWN,0.8038130402565002,True,False,DOWN,DOWN,ABSTAIN,1
2011-06-03,DOWN,-0.009994342882886753,0.6076681017875671,True,0.008440300567201995,0.8952372074127197,UP,0.5841368436813354,True,False,UP,UP,ABSTAIN,1
2011-06-06,DOWN,-0.010637616137775861,0.6439439654350281,True,0.008487312681188583,0.10069055110216141,DOWN,0.9608328342437744,True,False,DOWN,DOWN,ABSTAIN,1
2011-06-07,FLAT,-0.0006200509676611306,0.6436347961425781,True,0.008628994501163834,0.2209714949131012,DOWN,0.8895210027694702,True,False,DOWN,DOWN,ABSTAIN,1
2011-06-08,FLAT,-0.004196202712369402,0.6061339378356934,True,0.008527225565767968,0.24991822242736816,DOWN,0.2113364189863205,False,False,DOWN,FLAT,FLAT,1
2011-06-09,UP,0.007602206791408592,0.6235718727111816,True,0.0081543655647883,0.18940691649913788,DOWN,0.8114084005355835,True,False,DOWN,DOWN,ABSTAIN,1
2011-06-10,DOWN,-0.014007975946590421,0.623182475566864,True,0.008256521202469252,0.9985867738723755,UP,0.5250433087348938,True,False,UP,UP,ABSTAIN,1
2011-06-13,FLAT,0.0007833801882340768,0.6219533681869507,True,0.008521302139586186,0.8808548450469971,UP,0.5297864675521851,True,False,UP,UP,ABSTAIN,1
2011-06-14,UP,0.012606270353002092,0.6715174913406372,True,0.008477166897673033,0.2079874873161316,DOWN,0.8637726902961731,True,False,DOWN,DOWN,ABSTAIN,1
2011-06-15,DOWN,-0.01794548154718442,0.5689196586608887,True,0.00905466603080993,0.06766227632761002,DOWN,0.1812160611152649,False,False,DOWN,FLAT,FLAT,1
2011-06-16,FLAT,0.0022020015898782607,0.6208139657974243,True,0.009764232082669808,0.7900087237358093,UP,0.7271876335144043,True,False,UP,UP,ABSTAIN,1
2011-06-17,FLAT,-0.0019657957500154952,0.6091025471687317,True,0.00946816527453213,0.34294557571411133,UP,0.7592187523841858,True,False,UP,UP,ABSTAIN,1
2011-06-20,FLAT,0.005103005354319755,0.5939629077911377,True,0.009395095653507891,0.10885956138372421,DOWN,0.4757675528526306,False,False,DOWN,FLAT,FLAT,1
2011-06-21,UP,0.01361094348212197,0.5772362947463989,True,0.009479153386763573,0.995610773563385,UP,0.42637449502944946,False,False,UP,FLAT,FLAT,1
2011-06-22,DOWN,-0.006043709656474322,0.5780854821205139,True,0.009837484666788297,0.4148837625980377,UP,0.49004867672920227,False,False,UP,FLAT,FLAT,1
2011-06-23,FLAT,-0.0028796775585726827,0.675372302532196,True,0.009901673879981596,0.19694796204566956,DOWN,0.40415799617767334,False,False,DOWN,FLAT,FLAT,1
2011-06-24,DOWN,-0.011681411413365773,0.6542640924453735,True,0.009847450909269367,0.06515759229660034,DOWN,0.6525915265083313,True,False,DOWN,DOWN,ABSTAIN,1
2011-06-27,UP,0.008871539110088738,0.7026880383491516,True,0.009982784814162374,0.38789287209510803,UP,0.6038967370986938,True,False,UP,UP,ABSTAIN,1
2011-06-28,UP,0.012968523040000554,0.5622148513793945,True,0.010209101033421744,0.9982542395591736,UP,0.23609578609466553,False,False,UP,FLAT,FLAT,1
2011-06-29,UP,0.008527694305573862,0.52333664894104,True,0.01039226159793541,0.6736757755279541,UP,0.6536564230918884,True,False,UP,UP,ABSTAIN,1
2011-06-30,UP,0.009516992828594329,0.4824341833591461,True,0.00941670971131592,0.9973024129867554,UP,0.09273591637611389,False,False,UP,FLAT,FLAT,1
2011-07-01,UP,0.014667959789823864,0.36169442534446716,False,0.009673428411573731,0.7531275749206543,UP,0.4241328835487366,False,False,FLAT,FLAT,FLAT,1
2011-07-05,FLAT,-0.0008217279968376062,0.25218725204467773,False,0.009889629238797137,0.9877884984016418,UP,0.8080118894577026,False,False,FLAT,FLAT,FLAT,1
2011-07-06,FLAT,0.0011950383290817402,0.2883734405040741,False,0.009500676764764876,0.17812980711460114,DOWN,0.31465446949005127,False,False,FLAT,FLAT,FLAT,1
2011-07-07,UP,0.010321996966352439,0.3770860433578491,False,0.009484848715272068,0.9872273206710815,UP,0.47454318404197693,False,False,FLAT,FLAT,FLAT,1
2011-07-08,DOWN,-0.00711751769102607,0.30588507652282715,False,0.009548621560025974,0.7787429094314575,UP,0.284957617521286,False,False,FLAT,FLAT,FLAT,1
2011-07-11,DOWN,-0.01824574939739419,0.49289587140083313,True,0.009711230109203672,0.0731939747929573,DOWN,0.5740508437156677,True,False,DOWN,DOWN,ABSTAIN,1
2011-07-12,FLAT,-0.004328573677972774,0.49465298652648926,True,0.010114356982342405,0.0057265800423920155,DOWN,0.9395294189453125,True,False,DOWN,DOWN,ABSTAIN,1
2011-07-13,FLAT,0.003342978783620863,0.6004229784011841,True,0.010202513936311754,0.9115241169929504,UP,0.8350927829742432,True,False,UP,UP,ABSTAIN,1
2011-07-14,DOWN,-0.006926265084537383,0.5137916803359985,True,0.009873301741842066,0.7523291110992432,UP,0.9160619974136353,True,False,UP,UP,ABSTAIN,1
2011-07-15,FLAT,0.005787920961467227,0.5814165472984314,True,0.00903430690617926,0.0408468097448349,DOWN,0.2510139048099518,False,False,DOWN,FLAT,FLAT,1
2011-07-18,DOWN,-0.008234905998654835,0.4437181055545807,False,0.00908408592006874,0.002622696803882718,DOWN,0.47860482335090637,False,False,FLAT,FLAT,FLAT,1
2011-07-19,UP,0.01610116918648337,0.6398363709449768,True,0.0093221040498994,0.9726608991622925,UP,0.7405193448066711,True,False,UP,UP,ABSTAIN,1
2011-07-20,FLAT,-0.0006029228774295955,0.3991488814353943,False,0.00986193205663347,0.32700201869010925,UP,0.6557811498641968,False,False,FLAT,FLAT,FLAT,1
2011-07-21,UP,0.013775853108294189,0.5085452198982239,True,0.00948076486973591,0.4176505506038666,UP,0.8229426741600037,True,False,UP,UP,ABSTAIN,1
2011-07-22,FLAT,0.0006689436860065935,0.3459155261516571,False,0.009714400620692473,0.8840972185134888,UP,0.3432890772819519,False,False,FLAT,FLAT,FLAT,1
2011-07-25,FLAT,-0.005588479875640823,0.374099999666214,False,0.009648693941845582,0.005444005597382784,DOWN,0.24624083936214447,False,False,FLAT,FLAT,FLAT,1
2011-07-26,FLAT,-0.003743079629607383,0.429837703704834,False,0.00926979113591346,0.9936164617538452,UP,0.8461600542068481,False,False,FLAT,FLAT,FLAT,1
2011-07-27,DOWN,-0.020688008283868003,0.4096619486808777,False,0.009256490441271943,0.8205922245979309,UP,0.47475147247314453,False,False,FLAT,FLAT,FLAT,1
2011-07-28,FLAT,-0.002913926393876417,0.42173251509666443,False,0.010182619907680048,0.10844400525093079,DOWN,0.8144492506980896,False,False,FLAT,FLAT,FLAT,1
2011-07-29,DOWN,-0.006858045597718971,0.6605191230773926,True,0.010020923821615266,0.9783586859703064,UP,0.4867311418056488,False,False,UP,FLAT,FLAT,1
2011-08-01,FLAT,-0.004261778954100261,0.5745212435722351,True,0.00985349657937512,0.9718889594078064,UP,0.5638105273246765,True,False,UP,UP,ABSTAIN,1
2011-08-02,DOWN,-0.02587945553195333,0.5256575345993042,True,0.009152455802365594,0.5152834057807922,UP,0.9099329113960266,True,False,UP,UP,ABSTAIN,1
2011-08-03,FLAT,0.005404132327946673,0.47544121742248535,True,0.010590932972985835,0.4872671365737915,UP,0.973671555519104,True,False,UP,UP,ABSTAIN,1
2011-08-04,DOWN,-0.04797410605219454,0.5741523504257202,True,0.010724051344677327,0.045519787818193436,DOWN,0.7812318205833435,True,False,DOWN,DOWN,ABSTAIN,1
2011-08-05,FLAT,-0.0014978808010258596,0.4631141722202301,True,0.014254189375415484,0.9078502655029297,UP,0.8670654892921448,True,False,UP,UP,ABSTAIN,1
2011-08-08,DOWN,-0.06734057403046549,0.6656140685081482,True,0.014284574011933518,0.31229937076568604,DOWN,0.5997303128242493,True,False,DOWN,DOWN,ABSTAIN,1
2011-08-09,UP,0.045450506361566,0.6704707741737366,True,0.019741953045879803,0.9926794767379761,UP,0.9372532963752747,True,True,UP,UP,UP,1
2011-08-10,DOWN,-0.045183316167242776,0.39662259817123413,False,0.023094172331397916,3.094803469139151e-05,DOWN,0.8150720000267029,False,True,FLAT,FLAT,FLAT,1
2011-08-11,UP,0.04390567430386801,0.7293128371238708,True,0.024604989037565143,0.8920808434486389,UP,0.8621322512626648,True,True,UP,UP,UP,1
2011-08-12,FLAT,0.006710587086638596,0.5998019576072693,True,0.027211761279442276,0.09390690922737122,DOWN,0.29494917392730713,False,True,DOWN,FLAT,FLAT,1
2011-08-15,UP,0.02094405066518224,0.6389290690422058,True,0.027232650257400886,0.15127484500408173,DOWN,0.46023955941200256,False,True,DOWN,FLAT,FLAT,1
2011-08-16,FLAT,-0.008575935434864694,0.5062453150749207,True,0.02784951723521429,0.0036397180519998074,DOWN,0.8624228239059448,True,True,DOWN,DOWN,DOWN,1
2011-08-17,FLAT,0.0006687439260467234,0.6863303184509277,True,0.027456961820012137,0.08462759107351303,DOWN,0.802964448928833,True,True,DOWN,DOWN,DOWN,1
2011-08-18,DOWN,-0.044075765203905146,0.6925610303878784,True,0.027469667465640734,0.8150964975357056,UP,0.8707315921783447,True,True,UP,UP,UP,1
2011-08-19,DOWN,-0.01646528708952503,0.7926158905029297,True,0.02840208949798896,0.005867154337465763,DOWN,0.6653172373771667,True,True,DOWN,DOWN,DOWN,1
2011-08-22,FLAT,0.0007987218438405377,0.7298910021781921,True,0.028383935646830328,0.006663150154054165,DOWN,0.7969398498535156,True,True,DOWN,DOWN,DOWN,1
2011-08-23,UP,0.03238053100952896,0.7253613471984863,True,0.02845896692372618,0.0005727973766624928,DOWN,0.973020613193512,True,True,DOWN,DOWN,DOWN,1
2011-08-24,UP,0.013986236514564057,0.3754706382751465,False,0.02989224108970246,1.1349290616635699e-05,DOWN,0.8407430648803711,False,True,FLAT,FLAT,FLAT,1
2011-08-25,DOWN,-0.015361311166349485,0.5751399397850037,True,0.030047811027531873,0.94733726978302,UP,0.8071375489234924,True,True,UP,UP,UP,1
2011-08-26,UP,0.0144293000086114,0.8379294276237488,True,0.030130277811162478,0.23875293135643005,DOWN,0.9001985192298889,True,True,DOWN,DOWN,DOWN,1
2011-08-29,UP,0.02833097486821802,0.4073103070259094,False,0.03045996332948401,0.15868258476257324,DOWN,0.8957411646842957,False,True,FLAT,FLAT,FLAT,1
2011-08-30,FLAT,0.002633310389515277,0.3203634023666382,False,0.031338048769205935,0.013303373008966446,DOWN,0.8326669931411743,False,True,FLAT,FLAT,FLAT,1
2011-08-31,FLAT,0.004428058995465284,0.6672360301017761,True,0.03088615647709043,0.12293507903814316,DOWN,0.4189554750919342,False,True,DOWN,FLAT,FLAT,1
2011-09-01,FLAT,-0.01052813442253418,0.6439982056617737,True,0.030875373110490854,0.808010995388031,UP,0.5291671752929688,True,True,UP,UP,UP,1
2011-09-02,DOWN,-0.02588195859748386,0.7624748349189758,True,0.02899256488366948,0.004292135126888752,DOWN,0.7956398129463196,True,True,DOWN,DOWN,DOWN,1
2011-09-06,FLAT,-0.0073241736349348215,0.7689923644065857,True,0.029578138678060268,0.048459798097610474,DOWN,0.604966938495636,True,True,DOWN,DOWN,DOWN,1
2011-09-07,UP,0.02781705881741318,0.6683626174926758,True,0.02520834857397303,0.8980357646942139,UP,0.549808144569397,True,True,UP,UP,UP,1
2011-09-08,FLAT,-0.010445922841278862,0.21056008338928223,False,0.02388461727121368,0.00010606453724903986,DOWN,0.7990735769271851,False,True,FLAT,FLAT,FLAT,1
2011-09-09,DOWN,-0.0265592965591247,0.6758195161819458,True,0.02147723981404617,0.09607289731502533,DOWN,0.5045997500419617,True,True,DOWN,DOWN,DOWN,1
2011-09-12,FLAT,0.006449138924880436,0.7235580086708069,True,0.02013758562175182,0.6592764854431152,UP,0.298151433467865,False,True,UP,FLAT,FLAT,1
2011-09-13,FLAT,0.009129364315030244,0.46618327498435974,True,0.02013267132446891,0.9690350294113159,UP,0.9456347823143005,True,True,UP,UP,UP,1
2011-09-14,UP,0.013749150659437749,0.39916324615478516,False,0.019633864722239394,0.9947808384895325,UP,0.8930313587188721,False,True,FLAT,FLAT,FLAT,1
2011-09-15,UP,0.017110031462982917,0.4947044551372528,True,0.019826627245267448,0.9996837377548218,UP,0.871852457523346,True,True,UP,UP,UP,1
2011-09-16,FLAT,0.0007408630840709541,0.22577933967113495,False,0.020197218723624476,0.9801614880561829,UP,0.3589259684085846,False,True,FLAT,FLAT,FLAT,1
2011-09-19,FLAT,-0.01000710591017769,0.40329408645629883,False,0.01723314145899186,0.7709968686103821,UP,0.7688585519790649,False,True,FLAT,FLAT,FLAT,1
2011-09-20,FLAT,-0.0011643330667982065,0.5116857886314392,True,0.016907209389688507,0.034707847982645035,DOWN,0.8604140877723694,True,True,DOWN,DOWN,DOWN,1
2011-09-21,DOWN,-0.02990088453258005,0.45544469356536865,False,0.01692814144932961,0.6393272280693054,UP,0.46418970823287964,False,True,FLAT,FLAT,FLAT,1
2011-09-22,DOWN,-0.03285838920438979,0.5125864744186401,True,0.017005176437121686,0.44940701127052307,UP,0.7938250303268433,True,True,UP,UP,UP,1
2011-09-23,FLAT,0.006007087857023056,0.37715721130371094,False,0.018175055003841534,0.030788565054535866,DOWN,0.8109198212623596,False,True,FLAT,FLAT,FLAT,1
2011-09-26,UP,0.023501795078211662,0.5073815584182739,True,0.017991548154498674,0.009893522597849369,DOWN,0.9292105436325073,True,True,DOWN,DOWN,DOWN,1
2011-09-27,FLAT,0.0111217080893046,0.3724461793899536,False,0.01851296644305108,0.6585376262664795,UP,0.8407902717590332,False,True,FLAT,FLAT,FLAT,1
2011-09-28,DOWN,-0.020629935026862865,0.5286189317703247,True,0.017460760575796444,0.2783602178096771,DOWN,0.34140968322753906,False,True,DOWN,FLAT,FLAT,1
2011-09-29,FLAT,0.007872385070655765,0.7223916053771973,True,0.01793245224143513,0.22042320668697357,DOWN,0.6337106227874756,True,True,DOWN,DOWN,DOWN,1
2011-09-30,DOWN,-0.02530677345236948,0.5418009161949158,True,0.01802145808235174,0.7629911303520203,UP,0.48592257499694824,False,True,UP,FLAT,FLAT,1
2011-10-03,DOWN,-0.028870583198134143,0.6377459764480591,True,0.01865588829710553,0.008338742889463902,DOWN,0.7804816365242004,True,True,DOWN,DOWN,DOWN,1
2011-10-04,UP,0.021686152138976265,0.6804380416870117,True,0.018856928191014036,0.2845607399940491,DOWN,0.9214542508125305,True,True,DOWN,DOWN,DOWN,1
2011-10-05,UP,0.018345918331616917,0.38487115502357483,False,0.01964484423627891,0.08439937233924866,DOWN,0.6716246604919434,False,True,FLAT,FLAT,FLAT,1
2011-10-06,UP,0.017929541235911752,0.3115890622138977,False,0.01899080596846698,0.9389227628707886,UP,0.6228408813476562,False,True,FLAT,FLAT,FLAT,1
2011-10-07,FLAT,-0.006718361097380832,0.358784943819046,False,0.019421119412659255,0.997836172580719,UP,0.6934943795204163,False,True,FLAT,FLAT,FLAT,1
2011-10-10,UP,0.032898565789152207,0.6596869826316833,True,0.018537924996196796,0.90097576379776,UP,0.7368399500846863,True,True,UP,UP,UP,1
2011-10-11,FLAT,0.0010029683037337549,0.26419541239738464,False,0.019920869929991043,0.0003277667274232954,DOWN,0.41148146986961365,False,True,FLAT,FLAT,FLAT,1
2011-10-12,FLAT,0.008733705463807771,0.519500195980072,True,0.019833994214360183,0.40112581849098206,UP,0.40563538670539856,False,True,UP,FLAT,FLAT,1
2011-10-13,FLAT,-0.0019895377667991324,0.40453341603279114,False,0.019693199917303894,0.4975050091743469,UP,0.4603838324546814,False,True,FLAT,FLAT,FLAT,1
2011-10-14,UP,0.016949538097382644,0.4499891400337219,False,0.019308492089876325,0.07802115380764008,DOWN,0.5646949410438538,False,True,FLAT,FLAT,FLAT,1
2011-10-17,DOWN,-0.019275689955516838,0.3566572964191437,False,0.019694333165074067,0.017568355426192284,DOWN,0.16649305820465088,False,True,FLAT,FLAT,FLAT,1
2011-10-18,UP,0.0193572900874667,0.3181520700454712,False,0.020058542386597492,0.25160712003707886,DOWN,0.39606401324272156,False,True,FLAT,FLAT,FLAT,1
2011-10-19,FLAT,-0.011899566641168823,0.41608497500419617,False,0.0205172769635801,0.9737644791603088,UP,0.1708146631717682,False,True,FLAT,FLAT,FLAT,1
2011-10-20,FLAT,0.004365972639690508,0.40984249114990234,False,0.019458193410086793,0.38409698009490967,UP,0.8277458548545837,False,True,FLAT,FLAT,FLAT,1
2011-10-21,UP,0.01880931170308042,0.40980246663093567,False,0.01765605089226652,0.014087582007050514,DOWN,0.7525351643562317,False,True,FLAT,FLAT,FLAT,1
2011-10-24,FLAT,0.012186446402285757,0.28562742471694946,False,0.017971285423505276,0.9664382934570312,UP,0.1032886952161789,False,True,FLAT,FLAT,FLAT,1
2011-10-25,DOWN,-0.019635255461081465,0.3782566785812378,False,0.017510286318821334,4.018372419523075e-05,DOWN,0.28422388434410095,False,True,FLAT,FLAT,FLAT,1
2011-10-26,FLAT,0.010107221430194213,0.38993382453918457,False,0.01817408059694366,0.28540703654289246,DOWN,0.11384356766939163,False,True,FLAT,FLAT,FLAT,1
2011-10-27,UP,0.034242080982544706,0.26550647616386414,False,0.01741771123073438,0.3031502962112427,DOWN,0.7052954435348511,False,True,FLAT,FLAT,FLAT,1
2011-10-28,FLAT,-0.00023324478600182926,0.22088013589382172,False,0.018691506942510157,1.5477393162655062e-06,DOWN,0.13437406718730927,False,True,FLAT,FLAT,FLAT,1
2011-10-31,DOWN,-0.024401100692920532,0.39344701170921326,False,0.01733297681568284,0.047237884253263474,DOWN,0.15259216725826263,False,True,FLAT,FLAT,FLAT,1
2011-11-01,DOWN,-0.02828471383858199,0.37331005930900574,False,0.016877122378033727,0.17336559295654297,DOWN,0.8163324594497681,False,True,FLAT,FLAT,FLAT,1
2011-11-02,UP,0.016179855229439512,0.29263684153556824,False,0.01817852010590072,0.7621273994445801,UP,0.35819631814956665,False,True,FLAT,FLAT,FLAT,1
2011-11-03,UP,0.018063168192773142,0.23539942502975464,False,0.018095596682472126,0.9228472113609314,UP,0.5271763205528259,False,True,FLAT,FLAT,FLAT,1
2011-11-04,FLAT,-0.006117658080253967,0.35773465037345886,False,0.018101028047465825,0.6962428689002991,UP,0.29228487610816956,False,True,FLAT,FLAT,FLAT,1
2011-11-07,FLAT,0.0061968797835613475,0.4619923532009125,False,0.018082756045540348,0.7136195302009583,UP,0.8826067447662354,False,True,FLAT,FLAT,FLAT,1
2011-11-08,FLAT,0.012749012855056313,0.4830187261104584,True,0.01677970907195187,0.9956529140472412,UP,0.24330627918243408,False,True,UP,FLAT,FLAT,1
2011-11-09,DOWN,-0.037607949922965934,0.37079840898513794,False,0.016921487798281412,0.5463842749595642,UP,0.10463874042034149,False,True,FLAT,FLAT,FLAT,1
2011-11-10,FLAT,0.009374531373710209,0.2313571274280548,False,0.01916333757456943,0.9198878407478333,UP,0.7839630246162415,False,True,FLAT,FLAT,FLAT,1
2011-11-11,UP,0.018647475836618268,0.3202815651893616,False,0.01923872925775058,0.7439495325088501,UP,0.5683075189590454,False,True,FLAT,FLAT,FLAT,1
2011-11-14,FLAT,-0.00951938462996258,0.4232182800769806,False,0.019313831567263177,0.07946166396141052,DOWN,0.5743978023529053,False,True,FLAT,FLAT,FLAT,1
2011-11-15,FLAT,0.004929665261295321,0.4229416251182556,False,0.018875967357648037,0.982071578502655,UP,0.7976390719413757,False,True,FLAT,FLAT,FLAT,1
2011-11-16,DOWN,-0.015990107007195373,0.5284238457679749,True,0.018453873072425908,0.9989199638366699,UP,0.4115799367427826,False,True,UP,FLAT,FLAT,1
2011-11-17,DOWN,-0.016004250782027264,0.2280394583940506,False,0.01863093974659392,0.8060488700866699,UP,0.6363701820373535,False,True,FLAT,FLAT,FLAT,1
2011-11-18,FLAT,-0.001065158454634802,0.293171226978302,False,0.019002034074897277,0.0037110482808202505,DOWN,0.18744972348213196,False,True,FLAT,FLAT,FLAT,1
2011-11-21,DOWN,-0.019202705822494955,0.38803815841674805,False,0.018489543176388328,0.621921718120575,UP,0.18367290496826172,False,True,FLAT,FLAT,FLAT,1
2011-11-22,FLAT,-0.003935539588244083,0.36073172092437744,False,0.018659801952281254,0.13324379920959473,DOWN,0.23990081250667572,False,True,FLAT,FLAT,FLAT,1
2011-11-23,DOWN,-0.022312738036471796,0.461557537317276,False,0.018220698540584595,0.7593991756439209,UP,0.7812727689743042,False,True,FLAT,FLAT,FLAT,1
2011-11-25,FLAT,-0.0018892339364911,0.48313623666763306,True,0.01856383619583221,0.031419787555933,DOWN,0.6834848523139954,True,True,DOWN,DOWN,DOWN,1
2011-11-28,UP,0.028555236610433046,0.5521898865699768,True,0.016353310861919462,0.9871416091918945,UP,0.33288854360580444,False,True,UP,FLAT,FLAT,1
2011-11-29,FLAT,0.002836204472583442,0.5742855668067932,True,0.01798273467650977,2.1631161871482618e-05,DOWN,0.2546176016330719,False,True,DOWN,FLAT,FLAT,1
2011-11-30,UP,0.04032536892293411,0.5599595308303833,True,0.017343050549181865,0.93108731508255,UP,0.6741960048675537,True,True,UP,UP,UP,1
2011-12-01,FLAT,-0.00015999874525770224,0.4934951663017273,True,0.018652219868536955,3.883582166963606e-07,DOWN,0.33143118023872375,False,True,DOWN,FLAT,FLAT,1
2011-12-02,FLAT,-0.0008806037437761391,0.6218687891960144,True,0.01831687790903187,0.0017198052955791354,DOWN,0.23320356011390686,False,True,DOWN,FLAT,FLAT,1
2011-12-05,FLAT,0.010833311305441844,0.5509752631187439,True,0.017838634138813023,9.350135951535776e-05,DOWN,0.5074762105941772,True,True,DOWN,DOWN,DOWN,1
2011-12-06,FLAT,0.00031686403144940925,0.37671589851379395,False,0.01796261461999015,8.15858493297128e-06,DOWN,0.7526327967643738,False,True,FLAT,FLAT,FLAT,1
2011-12-07,FLAT,0.0037155757240585952,0.4180055856704712,False,0.017908955079518712,0.05769616737961769,DOWN,0.3723628520965576,False,True,FLAT,FLAT,FLAT,1
2011-12-08,DOWN,-0.022180631722513985,0.4115760028362274,False,0.01768298437783295,0.05080603435635567,DOWN,0.5952418446540833,False,True,FLAT,FLAT,FLAT,1
2011-12-09,UP,0.016800443984299855,0.3024030327796936,False,0.016255734831602222,0.8044688701629639,UP,0.6777237057685852,False,True,FLAT,FLAT,FLAT,1
2011-12-12,FLAT,-0.014705003659321118,0.4795137941837311,True,0.016555484405117102,0.06657791882753372,DOWN,0.256622314453125,False,True,DOWN,FLAT,FLAT,1
2011-12-13,FLAT,-0.009382872547278114,0.340487539768219,False,0.016329790399798455,0.9115777015686035,UP,0.8134466409683228,False,True,FLAT,FLAT,FLAT,1
2011-12-14,FLAT,-0.010703196119725814,0.20839937031269073,False,0.016326059830215303,0.005981605965644121,DOWN,0.7632406949996948,False,True,FLAT,FLAT,FLAT,1
2011-12-15,FLAT,0.003607764201080332,0.240073561668396,False,0.01640279193553286,0.06904252618551254,DOWN,0.838739275932312,False,True,FLAT,FLAT,FLAT,1
2011-12-16,FLAT,-0.004840670529557982,0.43340855836868286,False,0.01608981068030548,0.05270010605454445,DOWN,0.40425342321395874,False,True,FLAT,FLAT,FLAT,1
2011-12-19,FLAT,-0.010749197572835998,0.43601906299591064,False,0.01572301300705055,3.229953290428966e-05,DOWN,0.4428624212741852,False,True,FLAT,FLAT,FLAT,1
2011-12-20,UP,0.02981139092228546,0.4775927662849426,True,0.01589875621238791,0.47191742062568665,UP,0.8592050671577454,True,True,UP,UP,UP,1
2011-12-21,FLAT,0.0019346871431293285,0.4361311197280884,False,0.016655767430969665,0.0001339215668849647,DOWN,0.5981523394584656,False,True,FLAT,FLAT,FLAT,1
2011-12-22,FLAT,0.008819801376116914,0.4749932289123535,True,0.016601880493954228,0.9264690279960632,UP,0.7616193890571594,True,True,UP,UP,UP,1
2011-12-23,FLAT,0.008900978771407796,0.4663175344467163,True,0.015628686947063236,0.6782653331756592,UP,0.6179128289222717,True,True,UP,UP,UP,1
2011-12-27,FLAT,0.0007908769409957418,0.40609005093574524,False,0.01561534015476968,0.9312551617622375,UP,0.04031653702259064,False,True,FLAT,FLAT,FLAT,1
2011-12-28,DOWN,-0.013210410439571862,0.38556769490242004,False,0.014527038201375039,0.9944098591804504,UP,0.05234154686331749,False,False,FLAT,FLAT,FLAT,1
2011-12-29,FLAT,0.010281030123043508,0.2982414662837982,False,0.0149589978037165,0.06101975217461586,DOWN,0.5759781002998352,False,False,FLAT,FLAT,FLAT,1
2011-12-30,FLAT,-0.004928097882550799,0.35894525051116943,False,0.012146904155565108,0.9883285760879517,UP,0.22723324596881866,False,False,FLAT,FLAT,FLAT,1
2012-01-03,UP,0.015810606026642245,0.4973723888397217,True,0.012206153532476043,0.8830695748329163,UP,0.04792023450136185,False,False,UP,FLAT,FLAT,1
2012-01-04,FLAT,0.0015673745421439895,0.23035041987895966,False,0.012688618367934439,0.04284138232469559,DOWN,0.08126028627157211,False,False,FLAT,FLAT,FLAT,1
2012-01-05,FLAT,0.002658923525334799,0.42181235551834106,False,0.012479900022316932,0.5332452654838562,UP,0.22961455583572388,False,False,FLAT,FLAT,FLAT,1
2012-01-06,FLAT,-0.002580601326588266,0.4262072443962097,False,0.012488258030324122,0.9808943867683411,UP,0.33391207456588745,False,False,FLAT,FLAT,FLAT,1
2012-01-09,FLAT,0.002424473747871864,0.4376027584075928,False,0.01248759667779713,0.8307099342346191,UP,0.015932321548461914,False,False,FLAT,FLAT,FLAT,1
2012-01-10,FLAT,0.00863315158446976,0.4177364110946655,False,0.01130331725677372,0.31369516253471375,DOWN,0.3201964795589447,False,False,FLAT,FLAT,FLAT,1
2012-01-11,FLAT,0.0005418810563717929,0.2440517395734787,False,0.010864870790032965,0.6233040690422058,UP,0.09365782141685486,False,False,FLAT,FLAT,FLAT,1
2012-01-12,FLAT,0.002396488092430158,0.3296402096748352,False,0.010204458618738354,0.15125639736652374,DOWN,0.11612466722726822,False,False,FLAT,FLAT,FLAT,1
2012-01-13,FLAT,-0.00518675978121626,0.3615131378173828,False,0.009848481873728759,0.2688676714897156,DOWN,0.1361231803894043,False,False,FLAT,FLAT,FLAT,1
2012-01-17,FLAT,0.0038732716653284865,0.43683922290802,False,0.009529609633170202,0.9976226687431335,UP,0.07642330974340439,False,False,FLAT,FLAT,FLAT,1
2012-01-18,FLAT,0.010995519885351227,0.1489289551973343,False,0.009530928842210476,0.7400704026222229,UP,0.18990454077720642,False,False,FLAT,FLAT,FLAT,1
2012-01-19,FLAT,0.005262586317009751,0.3676172196865082,False,0.009516406257267365,0.02936541475355625,DOWN,0.31061580777168274,False,False,FLAT,FLAT,FLAT,1
2012-01-20,FLAT,0.003720365914206534,0.3380485773086548,False,0.008895492907235798,0.5743252038955688,UP,0.05036630108952522,False,False,FLAT,FLAT,FLAT,1
2012-01-23,FLAT,-0.0025800313373851107,0.36940065026283264,False,0.006594383678927272,0.48436644673347473,UP,0.29567205905914307,False,False,FLAT,FLAT,FLAT,1
2012-01-24,FLAT,-0.0011403345768214964,0.4220871925354004,False,0.006713836848757267,0.7903735041618347,UP,0.17001785337924957,False,False,FLAT,FLAT,FLAT,1
2012-01-25,FLAT,0.008332680793951502,0.4740312397480011,True,0.006621127288506716,0.9580039381980896,UP,0.17944401502609253,False,False,UP,FLAT,FLAT,1
2012-01-26,FLAT,-0.005142899472747521,0.3757269084453583,False,0.006592971446745484,0.8650593757629395,UP,0.638365626335144,False,False,FLAT,FLAT,FLAT,1
2012-01-27,FLAT,-0.0004550440413475089,0.3274717926979065,False,0.006798698700782447,0.6603091955184937,UP,0.6306790709495544,False,False,FLAT,FLAT,FLAT,1
2012-01-30,FLAT,-0.003419678873827171,0.5225176811218262,True,0.005815377898129274,0.4255240857601166,UP,0.16517743468284607,False,False,UP,FLAT,FLAT,1
2012-01-31,FLAT,-0.00038058390580182833,0.5170091986656189,True,0.005683821351285888,0.9843493103981018,UP,0.6852396130561829,True,False,UP,UP,ABSTAIN,1
2012-02-01,FLAT,0.008719065503894516,0.4346868395805359,False,0.0054776524676223735,0.935955822467804,UP,0.9331008195877075,False,False,FLAT,FLAT,FLAT,1
2012-02-02,FLAT,0.001583944965608829,0.33746087551116943,False,0.004733798610130324,0.979613184928894,UP,0.08605150133371353,False,False,FLAT,FLAT,FLAT,1
2012-02-03,UP,0.01392134381835218,0.4603722393512726,False,0.004733736569418216,0.9840704202651978,UP,0.40269342064857483,False,False,FLAT,FLAT,FLAT,1
2012-02-06,FLAT,-0.0006691426782849391,0.29895180463790894,False,0.005443793290089602,0.10004691779613495,DOWN,0.12774229049682617,False,False,FLAT,FLAT,FLAT,1
2012-02-07,FLAT,0.002525601923559161,0.4524659514427185,False,0.005366578179737271,0.10370035469532013,DOWN,0.5216550827026367,False,False,FLAT,FLAT,FLAT,1
2012-02-08,FLAT,0.002963252495042481,0.42644864320755005,False,0.005366479986056488,0.994012176990509,UP,0.15747320652008057,False,False,FLAT,FLAT,FLAT,1
2012-02-09,FLAT,0.0012566859316234706,0.3217683732509613,False,0.005176073555962797,0.0981576144695282,DOWN,0.45373907685279846,False,False,FLAT,FLAT,FLAT,1
2012-02-10,FLAT,-0.007415131080261282,0.2953841984272003,False,0.005165802961306488,0.02828671596944332,DOWN,0.32675591111183167,False,False,FLAT,FLAT,FLAT,1
2012-02-13,FLAT,0.007415131080261385,0.4360246956348419,False,0.005606159340723241,0.854900598526001,UP,0.5369469523429871,False,False,FLAT,FLAT,FLAT,1
2012-02-14,FLAT,-0.0012566859316235118,0.3341631293296814,False,0.005481846822384613,0.6177053451538086,UP,0.16814681887626648,False,False,FLAT,FLAT,FLAT,1
2012-02-15,FLAT,-0.004671036354375908,0.36243635416030884,False,0.0055324321703850736,0.3411000370979309,UP,0.18142977356910706,False,False,FLAT,FLAT,FLAT,1
2012-02-16,UP,0.011012309579391845,0.4546632468700409,False,0.005328656263513163,0.8413102030754089,UP,0.9004231691360474,False,False,FLAT,FLAT,FLAT,1
2012-02-17,FLAT,0.002642595690965567,0.3593100607395172,False,0.005689293472817839,9.044479520525783e-05,DOWN,0.5911538600921631,False,False,FLAT,FLAT,FLAT,1
2012-02-21,FLAT,0.0004397358434986928,0.3562171161174774,False,0.005674393737742901,0.8731438517570496,UP,0.1078435406088829,False,False,FLAT,FLAT,FLAT,1
2012-02-22,FLAT,-0.00322937852330844,0.3199619948863983,False,0.005595198479800239,0.08344002068042755,DOWN,0.09821625053882599,False,False,FLAT,FLAT,FLAT,1
2012-02-23,FLAT,0.004401137416320357,0.38048237562179565,False,0.005672204823446532,0.9131184220314026,UP,0.7927491664886475,False,False,FLAT,FLAT,FLAT,1
2012-02-24,FLAT,0.002193214767479755,0.3501388430595398,False,0.005495945897167568,0.7965167164802551,UP,0.58669513463974,False,False,FLAT,FLAT,FLAT,1
2012-02-27,FLAT,0.00167836143890253,0.3435289263725281,False,0.005268513948355966,0.24275250732898712,DOWN,0.39359578490257263,False,False,FLAT,FLAT,FLAT,1
2012-02-28,FLAT,0.0029120135218652925,0.3720208704471588,False,0.005240294470163899,0.8683167099952698,UP,0.6539384126663208,False,False,FLAT,FLAT,FLAT,1
2012-02-29,FLAT,-0.003933236060081258,0.31375953555107117,False,0.005085534274329731,0.7555113434791565,UP,0.6908751726150513,False,False,FLAT,FLAT,FLAT,1
2012-03-01,FLAT,0.005168284152638876,0.30018100142478943,False,0.0052437543247512855,0.014224519021809101,DOWN,0.9379732608795166,False,False,FLAT,FLAT,FLAT,1
2012-03-02,FLAT,-0.0030540903552762613,0.33073756098747253,False,0.00506581981411745,0.18814681470394135,DOWN,0.26562270522117615,False,False,FLAT,FLAT,FLAT,1
2012-03-05,FLAT,-0.004086684251318728,0.40824100375175476,False,0.005187998000028508,0.5500668287277222,UP,0.9116476774215698,False,False,FLAT,FLAT,FLAT,1
2012-03-06,DOWN,-0.014733231512984004,0.46868422627449036,True,0.004471212831483703,0.4864494204521179,UP,0.8656471967697144,True,False,UP,UP,ABSTAIN,1
2012-03-07,FLAT,0.006951680361283761,0.47697868943214417,True,0.005663772697697899,0.005192643031477928,DOWN,0.9618509411811829,True,False,DOWN,DOWN,ABSTAIN,1
2012-03-08,UP,0.009899914873447515,0.561514675617218,True,0.005846588218390742,0.00679192878305912,DOWN,0.636786937713623,True,False,DOWN,DOWN,ABSTAIN,1
2012-03-09,FLAT,0.0038601266890066765,0.4002359211444855,False,0.006205577152016927,0.0021454081870615482,DOWN,0.8244420289993286,False,False,FLAT,FLAT,FLAT,1
2012-03-12,FLAT,7.264769404171427e-05,0.3166417181491852,False,0.006245497330705215,0.10558272153139114,DOWN,0.6706638932228088,False,False,FLAT,FLAT,FLAT,1
2012-03-13,UP,0.01786530538934012,0.3369642496109009,False,0.0059436378513604594,0.129727303981781,DOWN,0.943794846534729,False,False,FLAT,FLAT,FLAT,1
2012-03-14,FLAT,-0.0010714998762810766,0.25050047039985657,False,0.006902270787396397,0.004031514748930931,DOWN,0.3240886926651001,False,False,FLAT,FLAT,FLAT,1
2012-03-15,FLAT,0.0057727241840531155,0.3365740478038788,False,0.006898209305832439,0.1678142547607422,DOWN,0.08605386316776276,False,False,FLAT,FLAT,FLAT,1
2012-03-16,FLAT,-0.002989100243923629,0.26384273171424866,False,0.00678361657393315,0.005040313582867384,DOWN,0.19853822886943817,False,False,FLAT,FLAT,FLAT,1
2012-03-19,FLAT,0.0039125287957505715,0.28446847200393677,False,0.00654887061712929,0.9813076257705688,UP,0.048854079097509384,False,False,FLAT,FLAT,FLAT,1
2012-03-20,FLAT,-0.002915168971612883,0.3151058256626129,False,0.006566277378056819,0.3615780472755432,UP,0.47525715827941895,False,False,FLAT,FLAT,FLAT,1
2012-03-21,FLAT,-0.00163902206680534,0.3894945979118347,False,0.006639958620863184,0.5343933701515198,UP,0.2488996982574463,False,False,FLAT,FLAT,FLAT,1
2012-03-22,DOWN,-0.007229620640635165,0.3654143214225769,False,0.006590513799661513,0.06700672954320908,DOWN,0.26520389318466187,False,False,FLAT,FLAT,FLAT,1
2012-03-23,FLAT,0.0032275227086085503,0.5358933806419373,True,0.006831035180361185,0.9506544470787048,UP,0.3012406826019287,False,False,UP,FLAT,FLAT,1
2012-03-26,UP,0.0139375558596752,0.47596004605293274,True,0.006844988812797712,0.9329167008399963,UP,0.3482082784175873,False,False,UP,FLAT,FLAT,1
2012-03-27,FLAT,-0.003111979619512397,0.3791092038154602,False,0.007434041794381986,0.7556174993515015,UP,0.24777203798294067,False,False,FLAT,FLAT,FLAT,1
2012-03-28,FLAT,-0.004970873392590558,0.467660129070282,True,0.007499679071577639,0.18775618076324463,DOWN,0.594071090221405,True,False,DOWN,DOWN,ABSTAIN,1
2012-03-29,FLAT,-0.0017100502619177978,0.44497841596603394,False,0.007541226701503583,0.001874276320450008,DOWN,0.781067430973053,False,False,FLAT,FLAT,FLAT,1
2012-03-30,FLAT,0.004127545319883938,0.5062466859817505,True,0.007509586180685747,0.7430596351623535,UP,0.8345335125923157,True,False,UP,UP,ABSTAIN,1
2012-04-02,UP,0.007288189356439629,0.4158400297164917,False,0.0074822433905881456,0.9256638884544373,UP,0.5519640445709229,False,False,FLAT,FLAT,FLAT,1
2012-04-03,FLAT,-0.0040975108534866776,0.33648747205734253,False,0.0074868718904032,0.2652154564857483,DOWN,0.7293028831481934,False,False,FLAT,FLAT,FLAT,1
2012-04-04,DOWN,-0.00996019845413259,0.3278142213821411,False,0.006570303493252172,0.9567322134971619,UP,0.794643223285675,False,False,FLAT,FLAT,FLAT,1
2012-04-05,FLAT,-0.0005006781849393335,0.5517845153808594,True,0.0070209452625911994,0.9928056597709656,UP,0.9960928559303284,True,False,UP,UP,ABSTAIN,1
2012-04-09,DOWN,-0.01129462095995572,0.5313403606414795,True,0.006746910075030102,0.9998818635940552,UP,0.872654139995575,True,False,UP,UP,ABSTAIN,1
2012-04-10,DOWN,-0.016927351249561472,0.6978980898857117,True,0.007240928284653498,0.7203446626663208,UP,0.8120743036270142,True,False,UP,UP,ABSTAIN,1
2012-04-11,UP,0.00806164958284261,0.588070273399353,True,0.008195900877917434,0.14693127572536469,DOWN,0.26995521783828735,False,False,DOWN,FLAT,FLAT,1
2012-04-12,UP,0.012981025165336122,0.6121290326118469,True,0.007273793761684154,0.10362004488706589,DOWN,0.7619333863258362,True,False,DOWN,DOWN,ABSTAIN,1
2012-04-13,DOWN,-0.01195965358781548,0.6030301451683044,True,0.007926573021955626,0.06932609528303146,DOWN,0.4676818251609802,False,False,DOWN,FLAT,FLAT,1
2012-04-16,FLAT,-0.0006564523893733154,0.6890301704406738,True,0.008187009814875858,0.7082586288452148,UP,0.7814503312110901,True,False,UP,UP,ABSTAIN,1
2012-04-17,UP,0.014703475288866496,0.6604285836219788,True,0.008178118433826792,0.47779348492622375,UP,0.7771172523498535,True,False,UP,UP,ABSTAIN,1
2012-04-18,FLAT,-0.0033850816765037045,0.6287462711334229,True,0.008858845704233783,0.9835277199745178,UP,0.4789094030857086,False,False,UP,FLAT,FLAT,1
2012-04-19,DOWN,-0.006441591294652862,0.689781665802002,True,0.008865839415012075,0.5260705351829529,UP,0.6788437962532043,True,False,UP,UP,ABSTAIN,1
2012-04-20,FLAT,0.0016686312071105618,0.7083470225334167,True,0.00895842567635271,0.0498821847140789,DOWN,0.6937759518623352,True,False,DOWN,DOWN,ABSTAIN,1
2012-04-23,DOWN,-0.008444424521305168,0.6194419860839844,True,0.008847589331139325,0.10221807658672333,DOWN,0.646027684211731,True,False,DOWN,DOWN,ABSTAIN,1
2012-04-24,FLAT,0.003794271533622065,0.6939367055892944,True,0.00897619063759324,0.6995134949684143,UP,0.9287551045417786,True,False,UP,UP,ABSTAIN,1
2012-04-25,UP,0.013598798225997724,0.6297833919525146,True,0.008350467389759324,0.18315543234348297,DOWN,0.5085923075675964,True,False,DOWN,DOWN,ABSTAIN,1
2012-04-26,UP,0.006944729536737264,0.539418637752533,True,0.008996154196698568,0.012056766077876091,DOWN,0.16996021568775177,False,False,DOWN,FLAT,FLAT,1
2012-04-27,FLAT,0.0016396063201724895,0.567571759223938,True,0.009092901494042654,0.9975376129150391,UP,0.4824202060699463,False,False,UP,FLAT,FLAT,1
2012-04-30,FLAT,-0.0037108747547531236,0.42089369893074036,False,0.009092736719880614,0.48037636280059814,UP,0.31682971119880676,False,False,FLAT,FLAT,FLAT,1
2012-05-01,UP,0.006200870687420012,0.44706669449806213,False,0.0090769666289807,0.9919256567955017,UP,0.6833064556121826,False,False,FLAT,FLAT,FLAT,1
2012-05-02,FLAT,-0.002988674748570388,0.3994230031967163,False,0.00903205061471022,0.9977879524230957,UP,0.3129328787326813,False,False,FLAT,FLAT,FLAT,1
2012-05-03,DOWN,-0.007654702013019944,0.4402545392513275,False,0.009011469897610857,0.3432036340236664,UP,0.4188520610332489,False,False,FLAT,FLAT,FLAT,1
2012-05-04,DOWN,-0.016289952979268458,0.5005650520324707,True,0.008895852444203989,0.5105997323989868,UP,0.7966943979263306,True,False,UP,UP,ABSTAIN,1
2012-05-07,FLAT,0.0007297052588564099,0.6183853149414062,True,0.009595319268517574,0.12572228908538818,DOWN,0.2976475656032562,False,False,DOWN,FLAT,FLAT,1
2012-05-08,FLAT,-0.004019760818253804,0.6396082639694214,True,0.009288671938129748,0.9544709920883179,UP,0.5375927090644836,True,False,UP,UP,ABSTAIN,1
2012-05-09,DOWN,-0.005949538524837831,0.6510289311408997,True,0.008494901487055968,0.05792533606290817,DOWN,0.9569047689437866,True,False,DOWN,DOWN,ABSTAIN,1
2012-05-10,FLAT,0.0020606334141373803,0.7214639782905579,True,0.00839291803410555,0.8860703706741333,UP,0.930412232875824,True,False,UP,UP,ABSTAIN,1
2012-05-11,FLAT,-0.0030188415573872214,0.5876427888870239,True,0.007807104856742473,0.5950821042060852,UP,0.5999481081962585,True,False,UP,UP,ABSTAIN,1
2012-05-14,DOWN,-0.011122760326664573,0.6973990201950073,True,0.0073919397334928786,0.9779797792434692,UP,0.9464345574378967,True,False,UP,UP,ABSTAIN,1
2012-05-15,DOWN,-0.005758133548508667,0.7008652687072754,True,0.007760358246331517,0.004371169954538345,DOWN,0.9275432825088501,True,False,DOWN,DOWN,ABSTAIN,1
2012-05-16,FLAT,-0.0038321007961062774,0.6784472465515137,True,0.006866770106489125,0.013130825944244862,DOWN,0.41947922110557556,False,False,DOWN,FLAT,FLAT,1
2012-05-17,DOWN,-0.014942074823610709,0.6617879271507263,True,0.006871873543387453,0.010975347831845284,DOWN,0.935520589351654,True,False,DOWN,DOWN,ABSTAIN,1
2012-05-18,DOWN,-0.008595563981053293,0.607374370098114,True,0.007395524292836135,0.0011459586676210165,DOWN,0.7832773923873901,True,False,DOWN,DOWN,ABSTAIN,1
2012-05-21,UP,0.017042143153895094,0.651951014995575,True,0.007443008124412075,0.6857311129570007,UP,0.6114159226417542,True,False,UP,UP,ABSTAIN,1
2012-05-22,FLAT,0.0017412710545933409,0.6003334522247314,True,0.00857044984815236,0.0007610944448970258,DOWN,0.9219536185264587,True,False,DOWN,DOWN,ABSTAIN,1
2012-05-23,FLAT,0.0005294160058288494,0.7002080678939819,True,0.008512096101010783,0.22085131704807281,DOWN,0.9671369194984436,True,False,DOWN,DOWN,ABSTAIN,1
2012-05-24,FLAT,0.0019637053428055115,0.6599196195602417,True,0.0077252369405592545,0.9822160005569458,UP,0.8816063404083252,True,False,UP,UP,ABSTAIN,1
2012-05-25,FLAT,-0.0032497679497885865,0.625775933265686,True,0.007479418197370894,0.803587019443512,UP,0.5841395258903503,True,False,UP,UP,ABSTAIN,1
2012-05-29,UP,0.01203920355045307,0.6462174654006958,True,0.007406259938680646,0.9472981095314026,UP,0.2835143506526947,False,False,UP,FLAT,FLAT,1
2012-05-30,DOWN,-0.014616417103779963,0.5568109154701233,True,0.008133208327473124,0.9472284913063049,UP,0.900029718875885,True,False,UP,UP,ABSTAIN,1
2012-05-31,FLAT,-0.0022033461851589573,0.7274221777915955,True,0.008323828571162638,0.023383207619190216,DOWN,0.9177380800247192,True,False,DOWN,DOWN,ABSTAIN,1
2012-06-01,DOWN,-0.025499186098984584,0.6927043199539185,True,0.008327209316630628,0.05470113828778267,DOWN,0.8795789480209351,True,False,DOWN,DOWN,ABSTAIN,1
2012-06-04,FLAT,-0.0004682553453806065,0.7026882171630859,True,0.009670757282324456,0.0073201898485422134,DOWN,0.31383854150772095,False,False,DOWN,FLAT,FLAT,1
2012-06-05,UP,0.007543693044012312,0.6216047406196594,True,0.009263948806818087,0.0011584388557821512,DOWN,0.6136385202407837,True,False,DOWN,DOWN,ABSTAIN,1
2012-06-06,UP,0.022219683685399394,0.5764840841293335,True,0.00954329978933198,0.3033505380153656,DOWN,0.3160626292228699,False,False,DOWN,FLAT,FLAT,1
2012-06-07,FLAT,0.0006060285751731634,0.47168686985969543,True,0.011078469506840922,0.0026391376741230488,DOWN,0.9045824408531189,True,False,DOWN,DOWN,ABSTAIN,1
2012-06-08,UP,0.007920109403916804,0.6401681900024414,True,0.01104322574613102,0.9968187808990479,UP,0.9173672795295715,True,False,UP,UP,ABSTAIN,1
2012-06-11,DOWN,-0.01277853673432137,0.6111282110214233,True,0.011215633405459129,0.9836810827255249,UP,0.7486226558685303,True,False,UP,UP,ABSTAIN,1
2012-06-12,UP,0.011425195187419059,0.6563745141029358,True,0.01151258700523162,0.025549912825226784,DOWN,0.4020664393901825,False,False,DOWN,FLAT,FLAT,1
2012-06-13,DOWN,-0.006415289197970859,0.4821690618991852,True,0.011631604354053022,0.990526556968689,UP,0.5634820461273193,True,False,UP,UP,ABSTAIN,1
2012-06-14,UP,0.010544602119150941,0.7139509916305542,True,0.011648317473995085,0.31486043334007263,DOWN,0.39739328622817993,False,False,DOWN,FLAT,FLAT,1
2012-06-15,FLAT,0.005007283489523609,0.4838852286338806,True,0.011871927282186372,0.7061787247657776,UP,0.4375707805156708,False,False,UP,FLAT,FLAT,1
2012-06-18,FLAT,0.0019363565545029568,0.5694239735603333,True,0.011356032590258124,0.004608977120369673,DOWN,0.028501620516180992,False,False,DOWN,FLAT,FLAT,1
2012-06-19,UP,0.009626161675834072,0.4701779782772064,True,0.011117735815660288,0.7871307134628296,UP,0.4025040566921234,False,False,UP,FLAT,FLAT,1
2012-06-20,FLAT,-0.0016225479379806827,0.3353435695171356,False,0.010697084909580712,0.002116856398060918,DOWN,0.9463348388671875,False,False,FLAT,FLAT,FLAT,1
2012-06-21,DOWN,-0.022694265300738328,0.38943085074424744,False,0.01071775547272718,0.17523126304149628,DOWN,0.17061536014080048,False,False,FLAT,FLAT,FLAT,1
2012-06-22,UP,0.007672126668571888,0.41827651858329773,False,0.011980762221256,0.36519119143486023,UP,0.7018114328384399,False,False,FLAT,FLAT,FLAT,1
2012-06-25,DOWN,-0.016164709374456528,0.5437775254249573,True,0.012095839854876304,0.6100192070007324,UP,0.05276089906692505,False,False,UP,FLAT,FLAT,1
2012-06-26,FLAT,0.005013215176026021,0.6834154725074768,True,0.012631009768424609,0.08392229676246643,DOWN,0.06105058267712593,False,False,DOWN,FLAT,FLAT,1
2012-06-27,UP,0.008976130181058067,0.5832399129867554,True,0.012364777136655286,0.8682654500007629,UP,0.2189950793981552,False,False,UP,FLAT,FLAT,1
2012-06-28,FLAT,-0.0028576113221010406,0.5231878161430359,True,0.012084168132360499,0.17986109852790833,DOWN,0.724416971206665,True,False,DOWN,DOWN,ABSTAIN,1
2012-06-29,UP,0.02462107206103697,0.4956768751144409,True,0.0120928458705129,0.9750185012817383,UP,0.7662362456321716,True,False,UP,UP,ABSTAIN,1
2012-07-02,FLAT,0.0030078772716375956,0.30233195424079895,False,0.011604937980675394,2.2306412006400933e-07,DOWN,0.072137750685215,False,False,FLAT,FLAT,FLAT,1
2012-07-03,UP,0.006571352219776147,0.325865238904953,False,0.011576168409524492,0.9627042412757874,UP,0.24496494233608246,False,False,FLAT,FLAT,FLAT,1
2012-07-05,FLAT,-0.004522329974862246,0.33851751685142517,False,0.011558903383344732,0.026974378153681755,DOWN,0.12608197331428528,False,False,FLAT,FLAT,FLAT,1
2012-07-06,DOWN,-0.009548976618500212,0.2801593244075775,False,0.010753163874305189,0.7435890436172485,UP,0.3584027886390686,False,False,FLAT,FLAT,FLAT,1
2012-07-09,FLAT,-0.001255479363605407,0.4259425401687622,False,0.011047904942952299,0.9852219223976135,UP,0.6695799827575684,False,False,FLAT,FLAT,FLAT,1
2012-07-10,DOWN,-0.008758371916199225,0.5183743238449097,True,0.010947971339004367,0.3418485224246979,UP,0.49643343687057495,True,False,UP,UP,ABSTAIN,1
2012-07-11,FLAT,0.00014911869005202993,0.516522228717804,True,0.010719542991647586,0.9678244590759277,UP,0.9901368618011475,True,False,UP,UP,ABSTAIN,1
2012-07-12,FLAT,-0.004856804553746215,0.5246434211730957,True,0.010436723439245288,0.02269241027534008,DOWN,0.731985867023468,True,False,DOWN,DOWN,ABSTAIN,1
2012-07-13,UP,0.016638618556256375,0.6801106333732605,True,0.010388360727831298,0.42313602566719055,UP,0.45039594173431396,False,False,UP,FLAT,FLAT,1
2012-07-16,FLAT,-0.0023601112279798006,0.46601319313049316,True,0.010779201225807868,0.303951621055603,DOWN,0.9208122491836548,True,False,DOWN,DOWN,ABSTAIN,1
2012-07-17,UP,0.006843604159668158,0.5197908878326416,True,0.01075540198794342,0.9823976159095764,UP,0.7788023948669434,True,False,UP,UP,ABSTAIN,1
2012-07-18,UP,0.007379528046410284,0.36317968368530273,False,0.010846002209611067,0.9503071308135986,UP,0.5909312963485718,False,False,FLAT,FLAT,FLAT,1
2012-07-19,FLAT,0.002617236116542275,0.3663696050643921,False,0.010760244283614747,0.3360193967819214,UP,0.7342437505722046,False,False,FLAT,FLAT,FLAT,1
2012-07-20,DOWN,-0.009190396713817285,0.2538277804851532,False,0.010755676332354563,0.6451482176780701,UP,0.07334691286087036,False,False,FLAT,FLAT,FLAT,1
2012-07-23,DOWN,-0.01016362332194233,0.45236334204673767,False,0.009558904271287147,0.9993153810501099,UP,0.9663144946098328,False,False,FLAT,FLAT,FLAT,1
2012-07-24,DOWN,-0.008623975160813382,0.6034994125366211,True,0.009782032930212623,0.9725468158721924,UP,0.5498570203781128,True,False,UP,UP,ABSTAIN,1
2012-07-25,FLAT,0.00022407733233724853,0.7169358730316162,True,0.009231391607728581,0.9991216063499451,UP,0.7617136836051941,True,False,UP,UP,ABSTAIN,1
2012-07-26,UP,0.01636279364520529,0.6077642440795898,True,0.009183364190865144,0.494839608669281,UP,0.18198074400424957,False,False,UP,FLAT,FLAT,1
2012-07-27,UP,0.01826497631335944,0.3986594080924988,False,0.009667612534474115,0.12207501381635666,DOWN,0.3493548035621643,False,False,FLAT,FLAT,FLAT,1
2012-07-30,FLAT,0.0,0.3357836604118347,False,0.010341208039498572,0.0008040437824092805,DOWN,0.6239824295043945,False,False,FLAT,FLAT,FLAT,1
2012-07-31,DOWN,-0.0070189945103160956,0.47152087092399597,True,0.008891805663870104,0.3661234676837921,UP,0.5267077088356018,True,False,UP,UP,ABSTAIN,1
2012-08-01,FLAT,-0.0008718516690747392,0.37448492646217346,False,0.009050273557972962,0.9997524619102478,UP,0.2660151422023773,False,False,FLAT,FLAT,FLAT,1
2012-08-02,DOWN,-0.006928496250222446,0.2195175439119339,False,0.008937100204080494,0.6923931837081909,UP,0.3652532994747162,False,False,FLAT,FLAT,FLAT,1
2012-08-03,UP,0.019639072154451945,0.5364763736724854,True,0.009017939802783865,0.9834781289100647,UP,0.47343161702156067,False,False,UP,FLAT,FLAT,1
2012-08-06,FLAT,0.001935613842245032,0.29895496368408203,False,0.009733979881606443,0.0007099693757481873,DOWN,0.24014277756214142,False,False,FLAT,FLAT,FLAT,1
2012-08-07,FLAT,0.005001169250315094,0.34291329979896545,False,0.009714216566716378,0.005989461671561003,DOWN,0.12029813230037689,False,False,FLAT,FLAT,FLAT,1
2012-08-08,FLAT,0.0012107701431819514,0.29894745349884033,False,0.009427696648680746,0.0001440609630662948,DOWN,0.2604956030845642,False,False,FLAT,FLAT,FLAT,1
2012-08-09,FLAT,0.0008537539798698818,0.4385199546813965,False,0.009418216803668424,0.9789095520973206,UP,0.07308702915906906,False,False,FLAT,FLAT,FLAT,1
2012-08-10,FLAT,0.0016343633414736432,0.4200524389743805,False,0.009275138424763131,0.5532893538475037,UP,0.09153008460998535,False,False,FLAT,FLAT,FLAT,1
2012-08-13,FLAT,-0.0004970850944157594,0.43224069476127625,False,0.008665872235426341,0.9988600015640259,UP,0.25579559803009033,False,False,FLAT,FLAT,FLAT,1
2012-08-14,FLAT,0.000141987596809055,0.4544726610183716,False,0.008628274230895195,0.7510716319084167,UP,0.17379550635814667,False,False,FLAT,FLAT,FLAT,1
2012-08-15,FLAT,0.0011358251214389945,0.4089280962944031,False,0.008557396670459304,0.12925206124782562,DOWN,0.21482616662979126,False,False,FLAT,FLAT,FLAT,1
2012-08-16,UP,0.0073514753644729515,0.4871536195278168,True,0.0084485965294073,0.9072192311286926,UP,0.13252697885036469,False,False,UP,FLAT,FLAT,1
2012-08-17,FLAT,0.0013371377143855268,0.34812331199645996,False,0.008553517643487238,0.6494156122207642,UP,0.26838305592536926,False,False,FLAT,FLAT,FLAT,1
2012-08-20,FLAT,7.039959068116194e-05,0.39608484506607056,False,0.008175075444416676,0.8742863535881042,UP,0.0852677971124649,False,False,FLAT,FLAT,FLAT,1
2012-08-21,FLAT,-0.0030287604712871475,0.4593779444694519,False,0.007675408583909144,0.999744713306427,UP,0.5467844009399414,False,False,FLAT,FLAT,FLAT,1
2012-08-22,FLAT,0.0004232514132957488,0.4028404951095581,False,0.007340947835699965,0.9983882904052734,UP,0.22316668927669525,False,False,FLAT,FLAT,FLAT,1
2012-08-23,DOWN,-0.008213042605260772,0.416760116815567,False,0.007337345221797467,0.9971936941146851,UP,0.6638624668121338,False,False,FLAT,FLAT,FLAT,1
2012-08-24,FLAT,0.006024690231016378,0.6353073120117188,True,0.007005770410966969,0.9952746629714966,UP,0.32291266322135925,False,False,UP,FLAT,FLAT,1
2012-08-27,FLAT,0.00021196806714667913,0.4629092514514923,True,0.005926929037019627,0.9999629259109497,UP,0.6230233311653137,True,False,UP,UP,ABSTAIN,1
2012-08-28,FLAT,-0.0009896049156417712,0.5372568964958191,True,0.00592521707226829,0.6725839376449585,UP,0.9006827473640442,True,False,UP,UP,ABSTAIN,1
2012-08-29,FLAT,0.0007776368484949471,0.48041224479675293,True,0.00564121657601777,0.842079222202301,UP,0.7115866541862488,True,False,UP,UP,ABSTAIN,1
2012-08-30,DOWN,-0.007233996182479838,0.5020751357078552,True,0.005619468204992976,0.6936749219894409,UP,0.8942955732345581,True,False,UP,UP,ABSTAIN,1
2012-08-31,FLAT,0.004757673786441624,0.606231153011322,True,0.005643674724103763,0.9434789419174194,UP,0.717190682888031,True,False,UP,UP,ABSTAIN,1
2012-09-04,FLAT,-0.0009213997015155756,0.45319628715515137,False,0.0037863335376806043,0.4474684000015259,UP,0.9188967943191528,False,False,FLAT,FLAT,FLAT,1
2012-09-05,FLAT,-0.0008512103525127161,0.5114305019378662,True,0.0037889826609575536,0.0004972509341314435,DOWN,0.9143423438072205,True,False,DOWN,DOWN,ABSTAIN,1
2012-09-06,UP,0.020093415455824763,0.5174777507781982,True,0.00364657262515054,0.002198009053245187,DOWN,0.9525594115257263,True,False,DOWN,DOWN,ABSTAIN,1
2012-09-07,FLAT,0.003887526914222616,0.28792887926101685,False,0.005754545881089362,0.0038269003853201866,DOWN,0.2204175740480423,False,False,FLAT,FLAT,FLAT,1
2012-09-10,FLAT,-0.005697676160437924,0.1890225112438202,False,0.00578611524000052,0.15994621813297272,DOWN,0.09228212386369705,False,False,FLAT,FLAT,FLAT,1
2012-09-11,FLAT,0.002783448723683429,0.40985843539237976,False,0.005992774149712655,0.7469934821128845,UP,0.36069542169570923,False,False,FLAT,FLAT,FLAT,1
2012-09-12,FLAT,0.003329838126721963,0.219844251871109,False,0.005996292644179565,0.724185049533844,UP,0.2209646850824356,False,False,FLAT,FLAT,FLAT,1
2012-09-13,UP,0.01512158156392947,0.19963517785072327,False,0.006011751166709178,0.9096249938011169,UP,0.2519949972629547,False,False,FLAT,FLAT,FLAT,1
2012-09-14,FLAT,0.004424396498419365,0.26433780789375305,False,0.0067627535581258336,0.8603261113166809,UP,0.2628639042377472,False,False,FLAT,FLAT,FLAT,1
2012-09-17,FLAT,-0.003401595097850954,0.2919338345527649,False,0.006671024491456401,1.2827854334318545e-05,DOWN,0.23158031702041626,False,False,FLAT,FLAT,FLAT,1
2012-09-18,FLAT,-0.0008181782275811471,0.379380464553833,False,0.0067722886101990445,0.00043293862836435437,DOWN,0.4182027280330658,False,False,FLAT,FLAT,FLAT,1
2012-09-19,FLAT,0.0005454918532837904,0.4029458165168762,False,0.006785604184996663,0.6044016480445862,UP,0.5789929032325745,False,False,FLAT,FLAT,FLAT,1
2012-09-20,FLAT,6.823056817389438e-05,0.3733455240726471,False,0.006705707204373949,0.9509916305541992,UP,0.1920611560344696,False,False,FLAT,FLAT,FLAT,1
2012-09-21,FLAT,-0.005742114290003215,0.4326837956905365,False,0.006709768922393507,0.7439600229263306,UP,0.24790725111961365,False,False,FLAT,FLAT,FLAT,1
2012-09-24,FLAT,-0.0015093391243115365,0.5001245737075806,True,0.006538289113154677,0.6937679648399353,UP,0.31517258286476135,False,False,UP,FLAT,FLAT,1
2012-09-25,DOWN,-0.010698896138496448,0.5339630842208862,True,0.006500120469657601,0.9965183734893799,UP,0.9492321014404297,True,False,UP,UP,ABSTAIN,1
2012-09-26,FLAT,-0.005637043488175715,0.60751873254776,True,0.007043890699292797,0.9770046472549438,UP,0.8395220041275024,True,False,UP,UP,ABSTAIN,1
2012-09-27,UP,0.009377390550657554,0.6834481358528137,True,0.007184629702297748,0.9680452942848206,UP,0.8827645778656006,True,False,UP,UP,ABSTAIN,1
2012-09-28,FLAT,-0.004642939406933167,0.4516991972923279,False,0.007444438219878238,0.0019860428292304277,DOWN,0.9528480172157288,False,False,FLAT,FLAT,FLAT,1
2012-10-01,FLAT,0.002635995374562496,0.6381477117538452,True,0.007313273651012286,0.9907724857330322,UP,0.6164063215255737,True,False,UP,UP,ABSTAIN,1
2012-10-02,FLAT,0.001038559160788957,0.5689881443977356,True,0.007274594742426175,0.9491857886314392,UP,0.9714438319206238,True,False,UP,UP,ABSTAIN,1
2012-10-03,FLAT,0.004074706734846275,0.4395742416381836,False,0.007258869331064453,0.9875890612602234,UP,0.9713095426559448,False,False,FLAT,FLAT,FLAT,1
2012-10-04,UP,0.007142455613396262,0.4513123035430908,False,0.007268622433411707,0.8991326093673706,UP,0.8237431645393372,False,False,FLAT,FLAT,FLAT,1
2012-10-05,FLAT,6.83922858572033e-05,0.36263030767440796,False,0.005984923208126583,0.9664721488952637,UP,0.7829788327217102,False,False,FLAT,FLAT,FLAT,1
2012-10-08,FLAT,-0.003427243070177479,0.29211705923080444,False,0.005942476830176928,0.5799531936645508,UP,0.8903618454933167,False,False,FLAT,FLAT,FLAT,1
2012-10-09,DOWN,-0.009936615428929485,0.45261576771736145,False,0.005836106989065712,0.33448776602745056,UP,0.9778798222541809,False,False,FLAT,FLAT,FLAT,1
2012-10-10,DOWN,-0.006400454454726661,0.5643105506896973,True,0.006277705477038749,0.7740046381950378,UP,0.9185892939567566,True,False,UP,UP,ABSTAIN,1
2012-10-11,FLAT,0.000558204251342108,0.6039759516716003,True,0.006390309195306072,0.06430978327989578,DOWN,0.8712722063064575,True,False,DOWN,DOWN,ABSTAIN,1
2012-10-12,FLAT,-0.0032838542746947688,0.587286651134491,True,0.005260032365114813,0.696757972240448,UP,0.8706892132759094,True,False,UP,UP,ABSTAIN,1
2012-10-15,UP,0.0082936143668975,0.6588109135627747,True,0.00511321294179407,0.7477307915687561,UP,0.9488820433616638,True,False,UP,UP,ABSTAIN,1
2012-10-16,UP,0.010082203211906414,0.5158105492591858,True,0.005535535267610144,0.9826012253761292,UP,0.7976077198982239,True,False,UP,UP,ABSTAIN,1
2012-10-17,FLAT,0.004524609653617291,0.449111670255661,False,0.006057540389233431,0.08924631029367447,DOWN,0.8532080054283142,False,False,FLAT,FLAT,FLAT,1
2012-10-18,FLAT,-0.0026024918357319808,0.41336169838905334,False,0.006153761543481337,0.15152762830257416,DOWN,0.7614507079124451,False,False,FLAT,FLAT,FLAT,1
2012-10-19,DOWN,-0.016804848135725563,0.40240785479545593,False,0.006177236183738677,0.9494242072105408,UP,0.8075704574584961,False,False,FLAT,FLAT,FLAT,1
2012-10-22,FLAT,0.00013949980669822847,0.6552681922912598,True,0.007114059511220207,0.9837559461593628,UP,0.8187283277511597,True,False,UP,UP,ABSTAIN,1
2012-10-23,DOWN,-0.013973513048603455,0.570024847984314,True,0.007115660253600667,0.9880979657173157,UP,0.944215714931488,True,False,UP,UP,ABSTAIN,1
2012-10-24,FLAT,-0.0028324186407206386,0.6072174906730652,True,0.007388472814197736,0.7944943904876709,UP,0.40443384647369385,False,False,UP,FLAT,FLAT,1
2012-10-25,FLAT,0.002903088657786816,0.6452867984771729,True,0.007320912175815682,0.05822962895035744,DOWN,0.7509925961494446,True,False,DOWN,DOWN,ABSTAIN,1
2012-10-26,FLAT,-0.0005657159257664017,0.6611525416374207,True,0.006982599947545126,0.5078482031822205,UP,0.9731417894363403,True,False,UP,UP,ABSTAIN,1
2012-10-31,FLAT,0.0,0.6663752198219299,True,0.006933745975635182,0.9737656116485596,UP,0.912399172782898,True,False,UP,UP,ABSTAIN,1
2012-11-01,UP,0.010415997374597061,0.650922954082489,True,0.00688752768065437,0.805767834186554,UP,0.9440590739250183,True,False,UP,UP,ABSTAIN,1
2012-11-02,DOWN,-0.008931486463534484,0.5661945939064026,True,0.007341427583229458,0.12271085381507874,DOWN,0.8144188523292542,True,False,DOWN,DOWN,ABSTAIN,1
2012-11-05,FLAT,0.0020465660519948573,0.608487606048584,True,0.007481999049323165,0.00032219558488577604,DOWN,0.9649456143379211,True,False,DOWN,DOWN,ABSTAIN,1
2012-11-06,UP,0.007794713531612405,0.6627766489982605,True,0.007265454569979761,0.9842961430549622,UP,0.8764691948890686,True,False,UP,UP,ABSTAIN,1
2012-11-07,DOWN,-0.02292448913901554,0.5669275522232056,True,0.007552223352944174,0.999991774559021,UP,0.6405214667320251,True,False,UP,UP,ABSTAIN,1
2012-11-08,DOWN,-0.012096979082725046,0.5646055340766907,True,0.0089899661262001,0.7788708209991455,UP,0.7025502324104309,True,False,UP,UP,ABSTAIN,1
2012-11-09,FLAT,0.0008690107520277212,0.6357956528663635,True,0.009101684635391424,0.03410062938928604,DOWN,0.6489359140396118,True,False,DOWN,DOWN,ABSTAIN,1
2012-11-12,FLAT,0.0007958659552173828,0.6589912176132202,True,0.009069487769208118,0.9833112955093384,UP,0.6950717568397522,True,False,UP,UP,ABSTAIN,1
2012-11-13,FLAT,-0.0034775880194807783,0.6053714752197266,True,0.00907292199283266,0.9803933501243591,UP,0.30021393299102783,False,False,UP,FLAT,FLAT,1
2012-11-14,DOWN,-0.013590744815579842,0.6489742994308472,True,0.00907468439216901,0.9809908866882324,UP,0.9628108739852905,True,False,UP,UP,ABSTAIN,1
2012-11-15,FLAT,-0.0016934491130524733,0.6676780581474304,True,0.009110690022927056,0.17444847524166107,DOWN,0.5449336171150208,True,False,DOWN,DOWN,ABSTAIN,1
2012-11-16,FLAT,0.004925199712301825,0.6672563552856445,True,0.008592543627305587,0.3255119025707245,UP,0.15603244304656982,False,False,UP,FLAT,FLAT,1
2012-11-19,UP,0.020037038884988225,0.6431525349617004,True,0.008612677606115513,0.8799622654914856,UP,0.26370182633399963,False,False,UP,FLAT,FLAT,1
2012-11-20,FLAT,0.0004311408302978512,0.49247193336486816,True,0.010094418307302755,0.9758716225624084,UP,0.4443759322166443,False,False,UP,FLAT,FLAT,1
2012-11-21,FLAT,0.0018661684098468076,0.5757019519805908,True,0.009514324011161729,0.9990717172622681,UP,0.9591232538223267,True,False,UP,UP,ABSTAIN,1
2012-11-23,UP,0.013533035130504684,0.589389979839325,True,0.009537659448330002,0.9786968231201172,UP,0.9015577435493469,True,False,UP,UP,ABSTAIN,1
2012-11-26,FLAT,-0.002124668235753366,0.5126111507415771,True,0.009612076259275334,0.9910036325454712,UP,0.41811850666999817,False,False,UP,FLAT,FLAT,1
2012-11-27,FLAT,-0.005117654272755331,0.5625432133674622,True,0.009602493649229962,0.9455671906471252,UP,0.4616328775882721,False,False,UP,FLAT,FLAT,1
2012-11-28,UP,0.008020234257834215,0.5572764277458191,True,0.009642739979240434,0.7019482851028442,UP,0.29356926679611206,False,False,UP,FLAT,FLAT,1
2012-11-29,FLAT,0.004654697726772232,0.5229101181030273,True,0.009823946014859317,0.9989401698112488,UP,0.24162127077579498,False,False,UP,FLAT,FLAT,1
2012-11-30,FLAT,0.00021105836400327273,0.4069255590438843,False,0.009877963770382112,0.9967093467712402,UP,0.575141429901123,False,False,FLAT,FLAT,FLAT,1
2012-12-03,FLAT,-0.004936518987100227,0.46724870800971985,True,0.0095856187425768,0.047784317284822464,DOWN,0.7451010346412659,True,False,DOWN,DOWN,ABSTAIN,1
2012-12-04,FLAT,-0.0014149061462090321,0.43075549602508545,False,0.00943538680214369,0.07544417679309845,DOWN,0.9097177386283875,False,False,FLAT,FLAT,FLAT,1
2012-12-05,FLAT,0.0017683470567419492,0.4920068383216858,True,0.00942686338862604,0.7902222275733948,UP,0.4339769184589386,False,False,UP,FLAT,FLAT,1
2012-12-06,FLAT,0.0033864554359557186,0.5002058148384094,True,0.009252164680912611,0.7319568991661072,UP,0.79642254114151,True,False,UP,UP,ABSTAIN,1
2012-12-07,FLAT,0.003024074427342408,0.5329551100730896,True,0.0076253723810161215,0.16038106381893158,DOWN,0.3534279465675354,False,False,DOWN,FLAT,FLAT,1
2012-12-10,FLAT,0.0004212128506911867,0.4124086797237396,False,0.007003355324258061,0.9942439198493958,UP,0.5073310732841492,False,False,FLAT,FLAT,FLAT,1
2012-12-11,UP,0.006785386519996082,0.5025104880332947,True,0.007006390268265003,0.9891913533210754,UP,0.6997999548912048,True,False,UP,UP,ABSTAIN,1
2012-12-12,FLAT,0.0004878345883405068,0.3937588930130005,False,0.007100465993290974,0.2716406285762787,DOWN,0.3314053416252136,False,False,FLAT,FLAT,FLAT,1
2012-12-13,DOWN,-0.006150782136168171,0.4378323256969452,False,0.006998937456678767,0.9434985518455505,UP,0.11154817044734955,False,False,FLAT,FLAT,FLAT,1
2012-12-14,FLAT,-0.0037228207141397356,0.5488376021385193,True,0.006286209833825424,0.6458275318145752,UP,0.330527126789093,False,False,UP,FLAT,FLAT,1
2012-12-17,UP,0.011683752096523075,0.5658788084983826,True,0.0063716562064200085,0.7155235409736633,UP,0.6469867825508118,True,False,UP,UP,ABSTAIN,1
2012-12-18,UP,0.011067352697539948,0.3866935074329376,False,0.0066892850269355255,0.9937911629676819,UP,0.5780804753303528,False,False,FLAT,FLAT,FLAT,1
2012-12-19,DOWN,-0.007457066070580858,0.3736618161201477,False,0.005687305088095913,0.9953946471214294,UP,0.814310610294342,False,False,FLAT,FLAT,FLAT,1
2012-12-20,UP,0.005735835941309844,0.4812372624874115,True,0.006076193195718776,0.9999192953109741,UP,0.16106145083904266,False,False,UP,FLAT,FLAT,1
2012-12-21,DOWN,-0.01618598029706901,0.4081513285636902,False,0.006139714510152977,0.6962836980819702,UP,0.05250630900263786,False,False,FLAT,FLAT,FLAT,1
2012-12-24,FLAT,-0.0030861158221656805,0.5872324109077454,True,0.0067642731627663485,0.9999886751174927,UP,0.07443086802959442,False,False,UP,FLAT,FLAT,1
2012-12-26,FLAT,-0.004223913993006298,0.7076353430747986,True,0.006787335815805129,0.9958316683769226,UP,0.9387795925140381,True,False,UP,UP,ABSTAIN,1
2012-12-27,FLAT,-0.001341304377040368,0.4934941828250885,True,0.0067515370365953935,0.9999371767044067,UP,0.943895697593689,True,False,UP,UP,ABSTAIN,1
2012-12-28,DOWN,-0.010866961580575455,0.5922534465789795,True,0.006523641784314416,0.9821402430534363,UP,0.9772503972053528,True,False,UP,UP,ABSTAIN,1
2012-12-31,UP,0.016853570296344864,0.5843847393989563,True,0.006859781519077075,0.9999349117279053,UP,0.21837781369686127,False,False,UP,FLAT,FLAT,1
2013-01-02,UP,0.025307232530281845,0.5041238069534302,True,0.007910289949955724,0.21092009544372559,DOWN,0.8736959099769592,True,False,DOWN,DOWN,ABSTAIN,1
2013-01-03,FLAT,-0.002261914248915973,0.3238495886325836,False,0.009607307329428575,0.00010409921378595755,DOWN,0.13990764319896698,False,False,FLAT,FLAT,FLAT,1
2013-01-04,FLAT,0.004382063908518389,0.42622095346450806,False,0.009623167250679694,0.00045444630086421967,DOWN,0.28775107860565186,False,False,FLAT,FLAT,FLAT,1
2013-01-07,FLAT,-0.0027364996312892855,0.3730359375476837,False,0.009643853639098218,0.9851609468460083,UP,0.44831106066703796,False,False,FLAT,FLAT,FLAT,1
2013-01-08,FLAT,-0.0028814383464779896,0.4393235146999359,False,0.009684330723325751,0.0700988620519638,DOWN,0.49163323640823364,False,False,FLAT,FLAT,FLAT,1
2013-01-09,FLAT,0.002538822618967544,0.47676798701286316,True,0.009721706530973989,0.11647246778011322,DOWN,0.3314329981803894,False,False,DOWN,FLAT,FLAT,1
2013-01-10,UP,0.007918155104775441,0.4961909055709839,True,0.009725564729567926,0.09326787292957306,DOWN,0.36920493841171265,False,False,DOWN,FLAT,FLAT,1
2013-01-11,FLAT,-6.795516932659728e-05,0.37713316082954407,False,0.009763052658844305,0.815466582775116,UP,0.07771184295415878,False,False,FLAT,FLAT,FLAT,1
2013-01-14,FLAT,-0.0006802210887327481,0.49919652938842773,True,0.009766135734868833,0.39223983883857727,UP,0.23057109117507935,False,False,UP,FLAT,FLAT,1
2013-01-15,FLAT,0.0006802210887327338,0.5512644648551941,True,0.009624256318068758,0.16331787407398224,DOWN,0.1315315216779709,False,False,DOWN,FLAT,FLAT,1
2013-01-16,FLAT,-0.0001360279599216413,0.54621422290802,True,0.009548590176094433,0.9931913018226624,UP,0.4206617474555969,False,False,UP,FLAT,FLAT,1
2013-01-17,UP,0.0064395880109128344,0.5360551476478577,True,0.009260818999892041,0.20418933033943176,DOWN,0.45413246750831604,False,False,DOWN,FLAT,FLAT,1
2013-01-18,FLAT,0.0022272599158720922,0.4490639567375183,False,0.009054928971505198,0.0952189564704895,DOWN,0.33081141114234924,False,False,FLAT,FLAT,FLAT,1
2013-01-22,FLAT,0.005378907836690007,0.46094009280204773,False,0.008841119523727327,0.9738537669181824,UP,0.4008116126060486,False,False,FLAT,FLAT,FLAT,1
2013-01-23,FLAT,0.0016079751161445402,0.511565625667572,True,0.008832221500543755,0.32653188705444336,UP,0.18427774310112,False,False,UP,FLAT,FLAT,1
2013-01-24,FLAT,0.00026781274064164483,0.5008527636528015,True,0.007808298976969449,0.1818207949399948,DOWN,0.4500948190689087,False,False,DOWN,FLAT,FLAT,1
2013-01-25,UP,0.005606344041853558,0.49382302165031433,True,0.0077231584886114655,0.9323020577430725,UP,0.4087681472301483,False,False,UP,FLAT,FLAT,1
2013-01-28,FLAT,-0.0011986727020707087,0.4648541808128357,True,0.00758971110588439,0.10319764167070389,DOWN,0.6532434821128845,True,False,DOWN,DOWN,ABSTAIN,1
2013-01-29,FLAT,0.003923765991413277,0.524117648601532,True,0.007585570289817581,0.9363768696784973,UP,0.43336865305900574,False,False,UP,FLAT,FLAT,1
2013-01-30,FLAT,-0.003923765991413354,0.4901430904865265,True,0.006856797482557648,0.992379903793335,UP,0.24688400328159332,False,False,UP,FLAT,FLAT,1
2013-01-31,FLAT,-0.0024686296734874246,0.5027787089347839,True,0.006304099153056531,0.951043426990509,UP,0.4001002609729767,False,False,UP,FLAT,FLAT,1
2013-02-01,UP,0.010234744303814203,0.564831554889679,True,0.003461648376209346,0.5907906293869019,UP,0.9172360301017761,True,False,UP,UP,ABSTAIN,1
2013-02-04,DOWN,-0.011304144668602559,0.40428510308265686,False,0.003898319996174589,0.9907082319259644,UP,0.12675152719020844,False,False,FLAT,FLAT,FLAT,1
2013-02-05,UP,0.010047057361337028,0.5867007374763489,True,0.00482992201094922,0.9983565211296082,UP,0.7929609417915344,True,False,UP,UP,ABSTAIN,1
2013-02-06,FLAT,0.0007279746716896792,0.4684508144855499,True,0.005135677031888291,0.9877105355262756,UP,0.07683482021093369,False,False,UP,FLAT,FLAT,1
2013-02-07,FLAT,-0.001323957173225456,0.508203387260437,True,0.005028113231913888,0.9994719624519348,UP,0.21008890867233276,False,False,UP,FLAT,FLAT,1
2013-02-08,UP,0.005548939530563959,0.5341384410858154,True,0.005075879225465513,0.8893116116523743,UP,0.8705406188964844,True,False,UP,UP,ABSTAIN,1
2013-02-11,FLAT,-0.00019763994248934072,0.497965931892395,True,0.004949132563781737,0.535157322883606,UP,0.3803255558013916,False,False,UP,FLAT,FLAT,1
2013-02-12,FLAT,0.0016458741196453063,0.5315067768096924,True,0.004951488826473638,0.599078893661499,UP,0.6197168231010437,True,False,UP,UP,ABSTAIN,1
2013-02-13,FLAT,0.0008547169853668696,0.5018957853317261,True,0.004923017549224396,0.9937043786048889,UP,0.4247434437274933,False,False,UP,FLAT,FLAT,1
2013-02-14,FLAT,0.0009197175496727924,0.49575623869895935,True,0.004921289633837697,0.776912271976471,UP,0.3891940414905548,False,False,UP,FLAT,FLAT,1
2013-02-15,FLAT,-0.001182606441312753,0.5263590812683105,True,0.004906222015502219,0.9949946403503418,UP,0.39653274416923523,False,False,UP,FLAT,FLAT,1
2013-02-19,UP,0.007466627480102244,0.49009981751441956,True,0.004818073964030701,0.9997972846031189,UP,0.5928739309310913,True,False,UP,UP,ABSTAIN,1
2013-02-20,DOWN,-0.012541637747840189,0.5209208726882935,True,0.005005936915830862,0.9628132581710815,UP,0.2801354229450226,False,False,UP,FLAT,FLAT,1
2013-02-21,DOWN,-0.006097567843170686,0.5504759550094604,True,0.005835048459167397,0.21803493797779083,DOWN,0.9749403595924377,True,False,DOWN,DOWN,ABSTAIN,1
2013-02-22,UP,0.00972520140623874,0.6530924439430237,True,0.006025687274413576,0.9799687266349792,UP,0.8453705906867981,True,False,UP,UP,ABSTAIN,1
2013-02-25,DOWN,-0.019210264686089513,0.4960034489631653,True,0.006379573027437239,0.619658350944519,UP,0.38974854350090027,False,False,UP,FLAT,FLAT,1
2013-02-26,UP,0.006822341075306378,0.4661538600921631,True,0.0076809539181655374,0.996986448764801,UP,0.749251127243042,True,False,UP,UP,ABSTAIN,1
2013-02-27,UP,0.012519617305904326,0.5974879860877991,True,0.00784566815313933,0.9995394945144653,UP,0.3226889371871948,False,False,UP,FLAT,FLAT,1
2013-02-28,FLAT,-0.001976826207379364,0.5131774544715881,True,0.008295441270181099,0.42344820499420166,UP,0.5749481916427612,True,False,UP,UP,ABSTAIN,1
2013-03-01,FLAT,0.003292509216928123,0.5724590420722961,True,0.008253185244890712,0.9591112732887268,UP,0.2850645184516907,False,False,UP,FLAT,FLAT,1
2013-03-04,FLAT,0.0053109495180547524,0.5118229985237122,True,0.00824426869233167,0.9953302145004272,UP,0.1801908314228058,False,False,UP,FLAT,FLAT,1
2013-03-05,UP,0.00891900808606313,0.36152881383895874,False,0.008018068406606663,0.9985559582710266,UP,0.4294866621494293,False,False,FLAT,FLAT,FLAT,1
2013-03-06,FLAT,0.0013601913974636344,0.30355918407440186,False,0.007713538830304639,0.3615134060382843,UP,0.2301744967699051,False,False,FLAT,FLAT,FLAT,1
2013-03-07,FLAT,0.0018106496178148855,0.2691997289657593,False,0.00745079466296134,0.00865129940211773,DOWN,0.21561923623085022,False,False,FLAT,FLAT,FLAT,1
2013-03-08,FLAT,0.004255074819991709,0.2966815233230591,False,0.007451659489120379,0.8400719165802002,UP,0.16707225143909454,False,False,FLAT,FLAT,FLAT,1
2013-03-11,FLAT,0.003788467853968727,0.3249071538448334,False,0.0074572840521684464,0.9387703537940979,UP,0.1346103698015213,False,False,FLAT,FLAT,FLAT,1
2013-03-12,FLAT,-0.002245717238507568,0.40740668773651123,False,0.007416787134087639,0.967542290687561,UP,0.08987372368574142,False,False,FLAT,FLAT,FLAT,1
2013-03-13,FLAT,0.0014121655224659311,0.48815783858299255,True,0.0074536793037023805,0.12253610789775848,DOWN,0.21373330056667328,False,False,DOWN,FLAT,FLAT,1
2013-03-14,FLAT,0.005309815492435571,0.473269522190094,True,0.0074532451983896205,0.9908972382545471,UP,0.14428837597370148,False,False,UP,FLAT,FLAT,1
2013-03-15,DOWN,-0.005758871198111227,0.3947027623653412,False,0.007506872660317562,0.5847532749176025,UP,0.19853784143924713,False,False,FLAT,FLAT,FLAT,1
2013-03-18,DOWN,-0.0055341235315858415,0.5422810316085815,True,0.0076797934261678595,0.9944140911102295,UP,0.24590833485126495,False,False,UP,FLAT,FLAT,1
2013-03-19,FLAT,-0.0023257366140840134,0.636003315448761,True,0.007809865222556136,0.9993089437484741,UP,0.5824889540672302,True,False,UP,UP,ABSTAIN,1
2013-03-20,UP,0.006961045320596425,0.5414995551109314,True,0.007684539298948539,0.8933866620063782,UP,0.9188523888587952,True,False,UP,UP,ABSTAIN,1
2013-03-21,DOWN,-0.00857932575928796,0.4287584125995636,False,0.007170500173342103,0.7256545424461365,UP,0.1773778349161148,False,False,FLAT,FLAT,FLAT,1
2013-03-22,UP,0.008001110346472698,0.6472683548927307,True,0.007327147469608808,0.9976071119308472,UP,0.39962658286094666,False,False,UP,FLAT,FLAT,1
2013-03-25,FLAT,-0.004186186431325619,0.45466744899749756,False,0.007232245593126463,0.9728403687477112,UP,0.6794909238815308,False,False,FLAT,FLAT,FLAT,1
2013-03-26,UP,0.007970765961989446,0.5077653527259827,True,0.005594873898579468,0.9499731659889221,UP,0.7742713093757629,True,False,UP,UP,ABSTAIN,1
2013-03-27,FLAT,0.0,0.40155020356178284,False,0.0056530183016944595,0.9951935410499573,UP,0.5323622226715088,False,False,FLAT,FLAT,FLAT,1
2013-03-28,FLAT,0.003068440217427903,0.41113656759262085,False,0.005094153719242262,0.9943901896476746,UP,0.8326366543769836,False,False,FLAT,FLAT,FLAT,1
2013-04-01,FLAT,-0.0039651824449908925,0.35483893752098083,False,0.005043360055525942,0.963811993598938,UP,0.8472882509231567,False,False,FLAT,FLAT,FLAT,1
2013-04-02,FLAT,0.0049222092343260155,0.40168440341949463,False,0.005177632324916817,0.962346076965332,UP,0.905205488204956,False,False,FLAT,FLAT,FLAT,1
2013-04-03,DOWN,-0.010190836992467653,0.3281463384628296,False,0.005162405416710423,0.16241712868213654,DOWN,0.7777348160743713,False,False,FLAT,FLAT,FLAT,1
2013-04-04,FLAT,0.004050311816510627,0.505295991897583,True,0.005431531534337908,0.9867295026779175,UP,0.9560847282409668,True,False,UP,UP,ABSTAIN,1
2013-04-05,FLAT,-0.004501306157524532,0.41886940598487854,False,0.005492043344933116,0.9964308738708496,UP,0.7348217964172363,False,False,FLAT,FLAT,FLAT,1
2013-04-08,UP,0.006744432648754667,0.5688347816467285,True,0.005589517321021547,0.9058830142021179,UP,0.8329720497131348,True,False,UP,UP,ABSTAIN,1
2013-04-09,FLAT,0.0034508806903607403,0.37171265482902527,False,0.005712741153272762,0.9857089519500732,UP,0.827295184135437,False,False,FLAT,FLAT,FLAT,1
2013-04-10,UP,0.012174382692949959,0.3470746576786041,False,0.005702215759368043,0.6311827301979065,UP,0.1292308270931244,False,False,FLAT,FLAT,FLAT,1
2013-04-11,FLAT,0.003271910497494264,0.24658340215682983,False,0.006257318048482508,0.022522833198308945,DOWN,0.1448892205953598,False,False,FLAT,FLAT,FLAT,1
2013-04-12,FLAT,-0.0024529046728204904,0.27294182777404785,False,0.006278312005699491,0.9103991389274597,UP,0.19932669401168823,False,False,FLAT,FLAT,FLAT,1
2013-04-15,DOWN,-0.0234465885739041,0.3138203024864197,False,0.0062405629824626285,0.013986130245029926,DOWN,0.5065136551856995,False,False,FLAT,FLAT,FLAT,1
2013-04-16,UP,0.014654910174762463,0.48079755902290344,True,0.008156660607355296,0.9835679531097412,UP,0.9469519853591919,True,False,UP,UP,ABSTAIN,1
2013-04-17,DOWN,-0.014719343059893182,0.38665512204170227,False,0.008696856290558006,0.0009559018071740866,DOWN,0.44634974002838135,False,False,FLAT,FLAT,FLAT,1
2013-04-18,DOWN,-0.006273270181493821,0.5168126821517944,True,0.00934711471416576,0.9945429563522339,UP,0.9133825898170471,True,False,UP,UP,ABSTAIN,1
2013-04-19,UP,0.008655802114729601,0.7325895428657532,True,0.00930878454612131,0.7763267755508423,UP,0.7285025715827942,True,False,UP,UP,ABSTAIN,1
2013-04-22,FLAT,0.004428067270146573,0.5487836003303528,True,0.009319267774538736,0.02985476888716221,DOWN,0.2040386199951172,False,False,DOWN,FLAT,FLAT,1
2013-04-23,UP,0.010256504155200347,0.5364997386932373,True,0.009198572862352119,0.9980756044387817,UP,0.43199488520622253,False,False,UP,FLAT,FLAT,1
2013-04-24,FLAT,0.0006336317918098495,0.4708772301673889,True,0.009402189846113693,0.9781067967414856,UP,0.5561750531196594,True,False,UP,UP,ABSTAIN,1
2013-04-25,FLAT,0.0040455135524108034,0.3694276511669159,False,0.00925395682550815,0.007392058148980141,DOWN,0.381157249212265,False,False,FLAT,FLAT,FLAT,1
2013-04-26,FLAT,-0.0017678926858903429,0.33896738290786743,False,0.00928573521205575,0.9956670999526978,UP,0.09748699516057968,False,False,FLAT,FLAT,FLAT,1
2013-04-29,UP,0.006676333484770011,0.3513748049736023,False,0.00928489076770622,0.6394259929656982,UP,0.5322932600975037,False,False,FLAT,FLAT,FLAT,1
2013-04-30,FLAT,0.0023825306217472595,0.33329033851623535,False,0.009320471233939616,0.6032918691635132,UP,0.3012368083000183,False,False,FLAT,FLAT,FLAT,1
2013-05-01,DOWN,-0.008806157890127678,0.3571675717830658,False,0.009281881847389326,0.9872334003448486,UP,0.12062328308820724,False,False,FLAT,FLAT,FLAT,1
2013-05-02,UP,0.009244484452722372,0.46602514386177063,True,0.009199571309220061,0.9704889059066772,UP,0.6977280378341675,True,False,UP,UP,ABSTAIN,1
2013-05-03,UP,0.010089741437126454,0.36700132489204407,False,0.009362888494754666,0.644960880279541,UP,0.2918832004070282,False,False,FLAT,FLAT,FLAT,1
2013-05-06,FLAT,0.0025375453495845883,0.32670333981513977,False,0.00946054520192157,0.07690577208995819,DOWN,0.30434879660606384,False,False,FLAT,FLAT,FLAT,1
2013-05-07,FLAT,0.005055854606350943,0.4765228033065796,True,0.009395162078179135,0.38458189368247986,UP,0.06595365703105927,False,False,UP,FLAT,FLAT,1
2013-05-08,FLAT,0.0045406608592606645,0.39077165722846985,False,0.009417266981398482,0.0787447988986969,DOWN,0.17517974972724915,False,False,FLAT,FLAT,FLAT,1
2013-05-09,FLAT,-0.0028201321698346125,0.425740510225296,False,0.009126227428547632,0.9827515482902527,UP,0.07948318868875504,False,False,FLAT,FLAT,FLAT,1
2013-05-10,FLAT,0.0032486391341189657,0.4720572233200073,True,0.009163819025895591,0.7477754950523376,UP,0.3253684937953949,False,False,UP,FLAT,FLAT,1
2013-05-13,FLAT,0.0007951652062149737,0.4362586736679077,False,0.00913461399843374,0.9047735333442688,UP,0.2258336991071701,False,False,FLAT,FLAT,FLAT,1
2013-05-14,UP,0.010280849124774243,0.4896109402179718,True,0.007024456151591077,0.21323761343955994,DOWN,0.559919536113739,True,False,DOWN,DOWN,ABSTAIN,1
2013-05-15,UP,0.00537197256402703,0.4003559648990631,False,0.006690960970514919,0.30621039867401123,DOWN,0.4662860929965973,False,False,FLAT,FLAT,FLAT,1
2013-05-16,FLAT,-0.004706451693700021,0.44147196412086487,False,0.005356817606793325,0.3267887234687805,UP,0.842526912689209,False,False,FLAT,FLAT,FLAT,1
2013-05-17,UP,0.009630543371476553,0.4964577853679657,True,0.005217096568579805,0.7171016931533813,UP,0.2058224380016327,False,False,UP,FLAT,FLAT,1
2013-05-20,FLAT,-5.996205573657439e-05,0.37544819712638855,False,0.005271989988236314,0.7040213942527771,UP,0.25484901666641235,False,False,FLAT,FLAT,FLAT,1
2013-05-21,FLAT,0.0014367287699826572,0.49482330679893494,True,0.005328128359258202,0.0011664340272545815,DOWN,0.2927783131599426,False,False,DOWN,FLAT,FLAT,1
2013-05-22,DOWN,-0.00744527922700781,0.42094317078590393,False,0.005084209741444757,0.9468259215354919,UP,0.5703734755516052,False,False,FLAT,FLAT,FLAT,1
2013-05-23,FLAT,-0.0028969526118580733,0.4125054180622101,False,0.005570626432950061,0.5839553475379944,UP,0.2510719895362854,False,False,FLAT,FLAT,FLAT,1
2013-05-24,FLAT,-0.0008465316261579002,0.57118821144104,True,0.005683528009296373,0.9994558691978455,UP,0.23109589517116547,False,False,UP,FLAT,FLAT,1
2013-05-28,UP,0.0059709202535344254,0.5644387006759644,True,0.005653846887505617,0.9344340562820435,UP,0.46838751435279846,False,False,UP,FLAT,FLAT,1
2013-05-29,DOWN,-0.00651547802709189,0.3825109004974365,False,0.0056264910029978025,0.7500393986701965,UP,0.35103610157966614,False,False,FLAT,FLAT,FLAT,1
2013-05-30,FLAT,0.0036852517450562663,0.5768416523933411,True,0.005949666241394086,0.9987217783927917,UP,0.4061840772628784,False,False,UP,FLAT,FLAT,1
2013-05-31,DOWN,-0.014456063768440826,0.5296873450279236,True,0.005420232738504448,0.9259846806526184,UP,0.908026933670044,True,False,UP,UP,ABSTAIN,1
2013-06-03,UP,0.005491222748205635,0.5748212337493896,True,0.0063414667805073354,0.9398121237754822,UP,0.5041278600692749,True,False,UP,UP,ABSTAIN,1
2013-06-04,FLAT,-0.004818456677759147,0.6031241416931152,True,0.006077968765368291,0.999692440032959,UP,0.849711537361145,True,False,UP,UP,ABSTAIN,1
2013-06-05,DOWN,-0.014099875084750964,0.6337437033653259,True,0.006196032746819502,0.973178505897522,UP,0.892398476600647,True,False,UP,UP,ABSTAIN,1
2013-06-06,UP,0.009012353932596352,0.6014999747276306,True,0.006902648176108653,0.9368086457252502,UP,0.7253903746604919,True,False,UP,UP,ABSTAIN,1
2013-06-07,UP,0.012640276575702901,0.615816056728363,True,0.007139815379586561,0.9567192196846008,UP,0.83594810962677,True,False,UP,UP,ABSTAIN,1
2013-06-10,FLAT,0.0,0.46447238326072693,True,0.0076578790237155836,0.985541045665741,UP,0.15060575306415558,False,False,UP,FLAT,FLAT,1
2013-06-11,DOWN,-0.010369088944428652,0.4086403548717499,False,0.0076328404435300565,0.059640418738126755,DOWN,0.5706515312194824,False,False,FLAT,FLAT,FLAT,1
2013-06-12,DOWN,-0.008311613667880477,0.5806668996810913,True,0.008003469263417422,0.9050375819206238,UP,0.6688016653060913,True,False,UP,UP,ABSTAIN,1
2013-06-13,UP,0.01509420400859605,0.6299164891242981,True,0.007807382189232908,0.6262603998184204,UP,0.23517638444900513,False,False,UP,FLAT,FLAT,1
2013-06-14,DOWN,-0.006292296273244697,0.5753685832023621,True,0.008501068491315721,0.3684772253036499,UP,0.0684899166226387,False,False,UP,FLAT,FLAT,1
2013-06-17,UP,0.007691935760106994,0.6472378969192505,True,0.008548862015522941,0.11270076036453247,DOWN,0.8093980550765991,True,False,DOWN,DOWN,ABSTAIN,1
2013-06-18,UP,0.007874551687688627,0.5160762071609497,True,0.008436322177767535,0.9765253067016602,UP,0.11925876140594482,False,False,UP,FLAT,FLAT,1
2013-06-19,DOWN,-0.01391321406483253,0.41166576743125916,False,0.008654443344112675,0.961970865726471,UP,0.22526656091213226,False,False,FLAT,FLAT,FLAT,1
2013-06-20,DOWN,-0.025090386433772593,0.60260409116745,True,0.00915319633480943,0.14638221263885498,DOWN,0.41515791416168213,False,False,DOWN,FLAT,FLAT,1
2013-06-21,FLAT,-0.002072325111285639,0.5874943733215332,True,0.010539794498991732,0.9400167465209961,UP,0.5686480402946472,True,False,UP,UP,ABSTAIN,1
2013-06-24,DOWN,-0.012716520551955237,0.6532062888145447,True,0.010537744457365704,0.39111974835395813,UP,0.3658669888973236,False,False,UP,FLAT,FLAT,1
2013-06-25,UP,0.00956829998834733,0.6727492809295654,True,0.01080230794535922,0.8674261569976807,UP,0.9136041402816772,True,False,UP,UP,ABSTAIN,1
2013-06-26,UP,0.009852246442467346,0.6168206334114075,True,0.010980310951556781,0.9862157106399536,UP,0.3952164351940155,False,False,UP,FLAT,FLAT,1
2013-06-27,FLAT,0.005852718517490001,0.5766476988792419,True,0.011262194211918465,0.9959014058113098,UP,0.7061805129051208,True,False,UP,UP,ABSTAIN,1
2013-06-28,FLAT,-0.004105782825966687,0.5840280055999756,True,0.011325589513502207,0.948895275592804,UP,0.6660712361335754,True,False,UP,UP,ABSTAIN,1
2013-07-01,UP,0.0058425329038531955,0.6509132385253906,True,0.010929712892581968,0.49428117275238037,UP,0.8717024326324463,True,False,UP,UP,ABSTAIN,1
2013-07-02,FLAT,-0.0009299928938790574,0.5203468799591064,True,0.010940861867502665,0.8222745060920715,UP,0.49203070998191833,False,False,UP,FLAT,FLAT,1
2013-07-03,FLAT,0.0004340727795370589,0.620583176612854,True,0.010902383743929921,0.9953349232673645,UP,0.7995981574058533,True,False,UP,UP,ABSTAIN,1
2013-07-05,UP,0.01073094156035213,0.5445259809494019,True,0.010438368265715694,0.9968216419219971,UP,0.8182950615882874,True,False,UP,UP,ABSTAIN,1
2013-07-08,UP,0.00568856580219072,0.5113075971603394,True,0.01052316583531936,0.9993793964385986,UP,0.7483727931976318,True,False,UP,UP,ABSTAIN,1
2013-07-09,UP,0.007171587367699543,0.4306633472442627,False,0.010196511356528864,0.9999583959579468,UP,0.7738634943962097,False,False,FLAT,FLAT,FLAT,1
2013-07-10,FLAT,0.0003632693020297336,0.33190205693244934,False,0.010331292912114938,0.9951445460319519,UP,0.18808692693710327,False,False,FLAT,FLAT,FLAT,1
2013-07-11,UP,0.013528751372094909,0.3830147981643677,False,0.01003332472371652,0.48776301741600037,UP,0.33484596014022827,False,False,FLAT,FLAT,FLAT,1
2013-07-12,FLAT,0.0004179254640164185,0.28464752435684204,False,0.010195380074341858,0.10952745378017426,DOWN,0.3079169988632202,False,False,FLAT,FLAT,FLAT,1
2013-07-15,FLAT,0.003813383705693657,0.41841402649879456,False,0.009698834068425737,0.01822834275662899,DOWN,0.42424318194389343,False,False,FLAT,FLAT,FLAT,1
2013-07-16,FLAT,-0.0037536292618262097,0.44260138273239136,False,0.009561479121888082,0.03289692476391792,DOWN,0.4653897285461426,False,False,FLAT,FLAT,FLAT,1
2013-07-17,FLAT,0.0025635252612579034,0.4624873995780945,True,0.00951378283263894,0.03544149920344353,DOWN,0.46966391801834106,False,False,DOWN,FLAT,FLAT,1
2013-07-18,FLAT,0.005462861341752235,0.4424722194671631,False,0.009382900541398979,0.9895793795585632,UP,0.6329818367958069,False,False,FLAT,FLAT,FLAT,1
2013-07-19,FLAT,0.0017749564340242825,0.4600147306919098,False,0.008779659063931529,0.5932754874229431,UP,0.7046154737472534,False,False,FLAT,FLAT,FLAT,1
2013-07-22,FLAT,0.0019488111570598785,0.501071572303772,True,0.006132146774442434,0.9921337366104126,UP,0.5219866633415222,True,False,UP,UP,ABSTAIN,1
2013-07-23,FLAT,-0.0021261560749871247,0.5159288048744202,True,0.006022918617290013,0.6734582781791687,UP,0.5302712321281433,True,False,UP,UP,ABSTAIN,1
2013-07-24,FLAT,-0.003672308281860282,0.518851101398468,True,0.004916034114827762,0.1209680512547493,DOWN,0.8203220367431641,True,False,DOWN,DOWN,ABSTAIN,1
2013-07-25,FLAT,0.002429922114447677,0.5175616145133972,True,0.004976046149767171,0.1087527796626091,DOWN,0.8062396049499512,True,False,DOWN,DOWN,ABSTAIN,1
2013-07-26,FLAT,0.001065009792686694,0.5384148359298706,True,0.004711206551684269,0.9605885148048401,UP,0.4197050631046295,False,False,UP,FLAT,FLAT,1
2013-07-29,FLAT,-0.003079684265066841,0.5546815991401672,True,0.004662455189601164,0.9927849769592285,UP,0.7519704699516296,True,False,UP,UP,ABSTAIN,1
2013-07-30,FLAT,0.0,0.6177138090133667,True,0.004591833990475464,0.8802496790885925,UP,0.8542882204055786,True,False,UP,UP,ABSTAIN,1
2013-07-31,FLAT,0.0007115943074703315,0.543572723865509,True,0.004552583408351065,0.6083309054374695,UP,0.8687379360198975,True,False,UP,UP,ABSTAIN,1
2013-08-01,UP,0.011491990153753543,0.5184265971183777,True,0.0045079208831634646,0.35154861211776733,UP,0.903769314289093,True,False,UP,UP,ABSTAIN,1
2013-08-02,FLAT,0.0016978036666044569,0.43467313051223755,False,0.004928889567018705,0.9935670495033264,UP,0.5532140135765076,False,False,FLAT,FLAT,FLAT,1
2013-08-05,FLAT,-0.0014634863110602509,0.4944280683994293,True,0.00456704537003777,0.9952762126922607,UP,0.3001372516155243,False,False,UP,FLAT,FLAT,1
2013-08-06,DOWN,-0.005698697921155843,0.5499675869941711,True,0.004573927996688923,0.03288465365767479,DOWN,0.5566210150718689,True,False,DOWN,DOWN,ABSTAIN,1
2013-08-07,FLAT,-0.0032457204179320064,0.552867591381073,True,0.004713828627769413,0.9952514171600342,UP,0.866921067237854,True,False,UP,UP,ABSTAIN,1
2013-08-08,FLAT,0.003658098266502237,0.6300138235092163,True,0.004822376164300302,0.9292954802513123,UP,0.9174639582633972,True,False,UP,UP,ABSTAIN,1
2013-08-09,FLAT,-0.0028899521295076844,0.5126529335975647,True,0.003912813949391236,0.9317302703857422,UP,0.6123325824737549,True,False,UP,UP,ABSTAIN,1
2013-08-12,FLAT,-0.0011819453496080385,0.6384473443031311,True,0.003994417007111087,0.9943318367004395,UP,0.9103169441223145,True,False,UP,UP,ABSTAIN,1
2013-08-13,FLAT,0.002952293111514549,0.6332541108131409,True,0.003934319840397662,0.6054004430770874,UP,0.9341574907302856,True,False,UP,UP,ABSTAIN,1
2013-08-14,FLAT,-0.005142586190813852,0.5470144152641296,True,0.0038570423301552475,0.9998717308044434,UP,0.5788854360580444,True,False,UP,UP,ABSTAIN,1
2013-08-15,DOWN,-0.014084743088398959,0.6825107336044312,True,0.0040335357380425416,0.9528551697731018,UP,0.734905481338501,True,False,UP,UP,ABSTAIN,1
2013-08-16,FLAT,-0.003311179935328551,0.6284746527671814,True,0.00496155641322682,0.9462679624557495,UP,0.40967217087745667,False,False,UP,FLAT,FLAT,1
2013-08-19,DOWN,-0.006412590268578053,0.6785621643066406,True,0.004956061931339166,0.999679446220398,UP,0.5224062204360962,True,False,UP,UP,ABSTAIN,1
2013-08-20,FLAT,0.004903884769901881,0.6539014577865601,True,0.005046326577338917,0.9991304278373718,UP,0.9361928105354309,True,False,UP,UP,ABSTAIN,1
2013-08-21,DOWN,-0.006179242260351285,0.6099420189857483,True,0.005235485996830672,0.994074285030365,UP,0.3700999915599823,False,False,UP,FLAT,FLAT,1
2013-08-22,UP,0.009073923623194202,0.6688788533210754,True,0.005330380084571275,0.9946268200874329,UP,0.7662361264228821,True,False,UP,UP,ABSTAIN,1
2013-08-23,FLAT,0.0033665871097505054,0.5445273518562317,True,0.00575769252486705,0.995161235332489,UP,0.10146033018827438,False,False,UP,FLAT,FLAT,1
2013-08-26,FLAT,-0.003727952885139062,0.5597259998321533,True,0.0058207796854334685,0.9964663982391357,UP,0.2424023300409317,False,False,UP,FLAT,FLAT,1
2013-08-27,DOWN,-0.016215083080727662,0.6374343633651733,True,0.005836268601225707,0.8252767324447632,UP,0.4793730676174164,False,False,UP,FLAT,FLAT,1
2013-08-28,FLAT,0.003544813767649206,0.6171481013298035,True,0.006774009934010295,0.027786454185843468,DOWN,0.8000538945198059,True,False,DOWN,DOWN,ABSTAIN,1
2013-08-29,FLAT,0.001584946109555965,0.6116072535514832,True,0.006853717545936564,0.9379797577857971,UP,0.6165865659713745,True,False,UP,UP,ABSTAIN,1
2013-08-30,FLAT,-0.0031725015019858902,0.6593822240829468,True,0.006196088328375631,0.12394019961357117,DOWN,0.7448475360870361,True,False,DOWN,DOWN,ABSTAIN,1
2013-09-03,FLAT,0.0045116861575577125,0.6635472774505615,True,0.006141114071169096,0.9382600784301758,UP,0.6580935716629028,True,False,UP,UP,ABSTAIN,1
2013-09-04,UP,0.008238979257379415,0.6184043288230896,True,0.006320630692851584,0.9795728325843811,UP,0.5969812273979187,True,False,UP,UP,ABSTAIN,1
2013-09-05,FLAT,0.0012662068534256092,0.5619627833366394,True,0.006638196313994487,0.9976255297660828,UP,0.4351668953895569,False,False,UP,FLAT,FLAT,1
2013-09-06,FLAT,0.0004818468302001357,0.5485150218009949,True,0.006641195555529425,0.9999744892120361,UP,0.6829715967178345,True,False,UP,UP,ABSTAIN,1
2013-09-09,UP,0.009530516022100581,0.6002684831619263,True,0.006562439197299754,0.24928921461105347,DOWN,0.9142275452613831,True,False,DOWN,DOWN,ABSTAIN,1
2013-09-10,UP,0.0073699604577225734,0.38088077306747437,False,0.006961642031969726,0.9251284003257751,UP,0.45202159881591797,False,False,FLAT,FLAT,FLAT,1
2013-09-11,FLAT,0.0031335869583339654,0.3683527708053589,False,0.007176773151690174,0.961974024772644,UP,0.32596325874328613,False,False,FLAT,FLAT,FLAT,1
2013-09-12,FLAT,-0.0026599510905387694,0.34862247109413147,False,0.00718090604813617,0.9819766283035278,UP,0.4050217866897583,False,False,FLAT,FLAT,FLAT,1
2013-09-13,FLAT,0.002246689393560989,0.3496015965938568,False,0.007109561311907146,0.02275686524808407,DOWN,0.4044121205806732,False,False,FLAT,FLAT,FLAT,1
2013-09-16,UP,0.005770807024894481,0.3506655693054199,False,0.006289808338579525,0.45546743273735046,UP,0.229157492518425,False,False,FLAT,FLAT,FLAT,1
2013-09-17,FLAT,0.0044525807626902185,0.27789485454559326,False,0.006299225348387106,0.4305257499217987,UP,0.3305506110191345,False,False,FLAT,FLAT,FLAT,1
2013-09-18,UP,0.011507715438112824,0.42522338032722473,False,0.0060600621620936,0.14317671954631805,DOWN,0.34719592332839966,False,False,FLAT,FLAT,FLAT,1
2013-09-19,FLAT,-0.0016772714204791152,0.39195287227630615,False,0.006403874375749757,0.09687337279319763,DOWN,0.7623921036720276,False,False,FLAT,FLAT,FLAT,1
2013-09-20,DOWN,-0.011878521592229619,0.47390618920326233,True,0.006168399530305531,0.023885849863290787,DOWN,0.24921077489852905,False,False,DOWN,FLAT,FLAT,1
2013-09-23,FLAT,-0.00463825025914021,0.5791224837303162,True,0.00673418056654994,0.9539044499397278,UP,0.6581307053565979,True,False,UP,UP,ABSTAIN,1
2013-09-24,FLAT,-0.0023566493352781682,0.6344641447067261,True,0.006847066432823913,0.9962384700775146,UP,0.8286484479904175,True,False,UP,UP,ABSTAIN,1
2013-09-25,FLAT,-0.0028945615191714137,0.5912483334541321,True,0.006804134700594508,0.9832746386528015,UP,0.6206729412078857,True,False,UP,UP,ABSTAIN,1
2013-09-26,FLAT,0.0038379237820074645,0.6169397830963135,True,0.005563874549848075,0.5379257798194885,UP,0.8667252659797668,True,False,UP,UP,ABSTAIN,1
2013-09-27,FLAT,-0.00460720699909815,0.6272349953651428,True,0.005569322720373926,0.9586475491523743,UP,0.4645766615867615,False,False,UP,FLAT,FLAT,1
2013-09-30,DOWN,-0.005342581627234101,0.5962721705436707,True,0.005747247779079593,0.9997922778129578,UP,0.28938809037208557,False,False,UP,FLAT,FLAT,1
2013-10-01,UP,0.007885037842500666,0.5930868983268738,True,0.00585799525606969,0.999990701675415,UP,0.6857191324234009,True,False,UP,UP,ABSTAIN,1
2013-10-02,FLAT,-0.0009453130049468067,0.5783120393753052,True,0.006001692176838452,0.999214768409729,UP,0.7728659510612488,True,False,UP,UP,ABSTAIN,1
2013-10-03,DOWN,-0.009263710042895584,0.6092871427536011,True,0.005805750576154031,0.9994087219238281,UP,0.8379335403442383,True,False,UP,UP,ABSTAIN,1
2013-10-04,UP,0.007548128275420309,0.5828812122344971,True,0.006243586654732688,0.36556103825569153,UP,0.14680558443069458,False,False,UP,FLAT,FLAT,1
2013-10-07,DOWN,-0.008682302092439639,0.5097118616104126,True,0.006439506921658435,0.9926407933235168,UP,0.1520814448595047,False,False,UP,FLAT,FLAT,1
2013-10-08,DOWN,-0.011714993948873946,0.5748550891876221,True,0.0064352659178679664,0.9967566132545471,UP,0.8713521957397461,True,False,UP,UP,ABSTAIN,1
2013-10-09,FLAT,0.000724963033520689,0.607351541519165,True,0.006685706518084898,0.016656016930937767,DOWN,0.9760227203369141,True,False,DOWN,DOWN,ABSTAIN,1
2013-10-10,UP,0.02132883685530792,0.672627866268158,True,0.006628512896792669,0.9953464865684509,UP,0.4869404137134552,False,False,UP,FLAT,FLAT,1
2013-10-11,UP,0.006422532529079709,0.564766526222229,True,0.008298071462938107,0.28058260679244995,DOWN,0.22102577984333038,False,False,DOWN,FLAT,FLAT,1
2013-10-14,FLAT,0.0039859838275880565,0.4644099175930023,True,0.008407665132367364,0.9950582981109619,UP,0.3007082939147949,False,False,UP,FLAT,FLAT,1
2013-10-15,DOWN,-0.007280477763183888,0.4858477711677551,True,0.008355559060726436,0.7625577449798584,UP,0.7421366572380066,True,False,UP,UP,ABSTAIN,1
2013-10-16,UP,0.01386925907348073,0.4773344099521637,True,0.008451474084272388,0.9975919723510742,UP,0.37218645215034485,False,False,UP,FLAT,FLAT,1
2013-10-17,UP,0.0066610566196149456,0.4770910143852234,True,0.008640996862015334,0.6424834728240967,UP,0.308040976524353,False,False,UP,FLAT,FLAT,1
2013-10-18,UP,0.006731696931421397,0.459289014339447,False,0.008770420504433484,0.3610616624355316,UP,0.4091995060443878,False,False,FLAT,FLAT,FLAT,1
2013-10-21,FLAT,5.730959621005006e-05,0.2753451466560364,False,0.008408754693121469,0.19281785190105438,DOWN,0.23666232824325562,False,False,FLAT,FLAT,FLAT,1
2013-10-22,UP,0.005774635255459071,0.36966952681541443,False,0.00830610523107392,0.0014322188217192888,DOWN,0.15354368090629578,False,False,FLAT,FLAT,FLAT,1
2013-10-23,FLAT,-0.004800262440657756,0.3999873697757721,False,0.008316787713949643,0.3592846095561981,UP,0.2309790402650833,False,False,FLAT,FLAT,FLAT,1
2013-10-24,FLAT,0.003316865503675075,0.5372128486633301,True,0.008382909830042674,0.6163737773895264,UP,0.633849561214447,True,False,UP,UP,ABSTAIN,1
2013-10-25,FLAT,0.004557131627001405,0.5104056596755981,True,0.00837642695887328,0.9998329877853394,UP,0.17011120915412903,False,False,UP,FLAT,FLAT,1
2013-10-28,FLAT,0.0015900894094799476,0.45432689785957336,False,0.008269935777024983,0.6066899299621582,UP,0.16343292593955994,False,False,FLAT,FLAT,FLAT,1
2013-10-29,UP,0.005319777444716878,0.5134134292602539,True,0.008087411593425624,0.3579522371292114,UP,0.26380637288093567,False,False,UP,FLAT,FLAT,1
2013-10-30,DOWN,-0.004979385063899464,0.4963127374649048,True,0.008015671571898288,0.001083933049812913,DOWN,0.4071715772151947,False,False,DOWN,FLAT,FLAT,1
2013-10-31,FLAT,-0.00284026559417544,0.5250899195671082,True,0.008150202738143993,0.3424760103225708,UP,0.2425452470779419,False,False,UP,FLAT,FLAT,1
2013-11-01,FLAT,0.0023864410628936217,0.5842162370681763,True,0.007799576781705171,0.4009436070919037,UP,0.4627934992313385,False,False,UP,FLAT,FLAT,1
2013-11-04,FLAT,0.003512325739623857,0.5561630129814148,True,0.0077043666346730075,0.5604721903800964,UP,0.38139522075653076,False,False,UP,FLAT,FLAT,1
2013-11-05,FLAT,-0.003171894751748496,0.5710576176643372,True,0.00727492521250387,0.29283416271209717,DOWN,0.13887816667556763,False,False,DOWN,FLAT,FLAT,1
2013-11-06,UP,0.0050927786073059,0.5984356999397278,True,0.006601719836824535,0.9543782472610474,UP,0.5933786630630493,True,False,UP,UP,ABSTAIN,1
2013-11-07,DOWN,-0.012723861244583412,0.5351095199584961,True,0.006589218901867327,0.8590764403343201,UP,0.29444992542266846,False,False,UP,FLAT,FLAT,1
2013-11-08,UP,0.01340092000813424,0.5977368354797363,True,0.006086695286949862,0.9941555261611938,UP,0.8360509872436523,True,False,UP,UP,ABSTAIN,1
2013-11-11,FLAT,0.00016927914106175856,0.5636496543884277,True,0.0065552121335808065,0.9691475629806519,UP,0.9379676580429077,True,False,UP,UP,ABSTAIN,1
2013-11-12,FLAT,-0.0020322949079467256,0.5932209491729736,True,0.006550612575855623,0.7269258499145508,UP,0.9234538674354553,True,False,UP,UP,ABSTAIN,1
2013-11-13,UP,0.007992377337158595,0.5795814990997314,True,0.006265261517658978,0.9480006098747253,UP,0.8623870611190796,True,False,UP,UP,ABSTAIN,1
2013-11-14,UP,0.004976939488140353,0.5278840661048889,True,0.005804855482101134,0.9879502058029175,UP,0.2557573616504669,False,False,UP,FLAT,FLAT,1
2013-11-15,FLAT,0.004341533945090801,0.49219807982444763,True,0.005742520699904434,0.9651382565498352,UP,0.2993827164173126,False,False,UP,FLAT,FLAT,1
2013-11-18,FLAT,-0.0035051911186586623,0.4707525968551636,True,0.005656888855504889,0.9309009313583374,UP,0.22840677201747894,False,False,UP,FLAT,FLAT,1
2013-11-19,FLAT,-0.002176033180973402,0.5350075960159302,True,0.0057630160819701105,0.8783931732177734,UP,0.2245950698852539,False,False,UP,FLAT,FLAT,1
2013-11-20,FLAT,-0.0031328560370073636,0.5643401145935059,True,0.0057208075582301275,0.3269803822040558,UP,0.3392888307571411,False,False,UP,FLAT,FLAT,1
2013-11-21,UP,0.008036219496011009,0.5500556826591492,True,0.0056431250312218165,0.09581471979618073,DOWN,0.9493997693061829,True,False,DOWN,DOWN,ABSTAIN,1
2013-11-22,UP,0.004989996456698458,0.5124264359474182,True,0.005835872251354544,0.3245575428009033,UP,0.28888946771621704,False,False,UP,FLAT,FLAT,1
2013-11-25,FLAT,-0.0009959754838664901,0.5226280689239502,True,0.005849216123858869,0.8365704417228699,UP,0.180277019739151,False,False,UP,FLAT,FLAT,1
2013-11-26,FLAT,0.0002767030728486098,0.5438818335533142,True,0.005872454326153827,0.5553614497184753,UP,0.5646470785140991,True,False,UP,UP,ABSTAIN,1
2013-11-27,FLAT,0.0024322978063884737,0.5512421131134033,True,0.005795507423720849,0.00043450933299027383,DOWN,0.5678887367248535,True,False,DOWN,DOWN,ABSTAIN,1
2013-11-29,FLAT,-0.0006627367900007738,0.5593396425247192,True,0.005628897738200208,0.0756683275103569,DOWN,0.25037094950675964,False,False,DOWN,FLAT,FLAT,1
2013-12-02,FLAT,-0.002600069079033429,0.5591723322868347,True,0.0055642401317707426,0.9789531230926514,UP,0.6121577620506287,True,False,UP,UP,ABSTAIN,1
2013-12-03,FLAT,-0.004329965585636263,0.5529090762138367,True,0.0056318673881318795,0.4212041199207306,UP,0.7899154424667358,True,False,UP,UP,ABSTAIN,1
2013-12-04,FLAT,-0.000111295608764601,0.6292347311973572,True,0.005735265595855637,0.9997093081474304,UP,0.9587752223014832,True,False,UP,UP,ABSTAIN,1
2013-12-05,FLAT,-0.0044051332292273275,0.623348593711853,True,0.0056635611088620185,0.9999439716339111,UP,0.9938520193099976,True,False,UP,UP,ABSTAIN,1
2013-12-06,UP,0.011114930327336266,0.6594634056091309,True,0.005697938784646681,0.9929986000061035,UP,0.8740814924240112,True,False,UP,UP,ABSTAIN,1
2013-12-09,FLAT,0.0025390059438117393,0.4625992178916931,True,0.005263561220385797,0.9230868220329285,UP,0.7303958535194397,True,False,UP,UP,ABSTAIN,1
2013-12-10,FLAT,-0.0035896429954381825,0.5217909812927246,True,0.004495907227782742,0.9873883128166199,UP,0.39350929856300354,False,False,UP,FLAT,FLAT,1
2013-12-11,DOWN,-0.011294518887728793,0.5920306444168091,True,0.004615850596484655,0.9990695118904114,UP,0.7704776525497437,True,False,UP,UP,ABSTAIN,1
2013-12-12,FLAT,-0.003306693935240864,0.5887037515640259,True,0.005339560751302718,0.9418314099311829,UP,0.9745633006095886,True,False,UP,UP,ABSTAIN,1
2013-12-13,FLAT,-0.00011230783838704457,0.6828534007072449,True,0.005096759408729721,0.9479530453681946,UP,0.672892153263092,True,False,UP,UP,ABSTAIN,1
2013-12-16,UP,0.006212767889755312,0.6678604483604431,True,0.004956633396393483,0.9543272256851196,UP,0.7094259858131409,True,False,UP,UP,ABSTAIN,1
2013-12-17,FLAT,-0.0031855579625094804,0.5915488004684448,True,0.005065805516002701,0.6804597973823547,UP,0.7511062026023865,True,False,UP,UP,ABSTAIN,1
2013-12-18,UP,0.016928408301777012,0.6305202841758728,True,0.0050554260476425575,0.9911921620368958,UP,0.8954765200614929,True,False,UP,UP,ABSTAIN,1
2013-12-19,FLAT,-0.0011563725711971535,0.5502110719680786,True,0.006313697659213265,0.9799523949623108,UP,0.40691161155700684,False,False,UP,FLAT,FLAT,1
2013-12-20,FLAT,0.00038557810609273727,0.5159552097320557,True,0.006265166727923233,0.05272151902318001,DOWN,0.642005205154419,True,False,DOWN,DOWN,ABSTAIN,1
2013-12-23,UP,0.005328372245571922,0.5093412399291992,True,0.006031814866498454,0.9800772070884705,UP,0.5283528566360474,True,False,UP,UP,ABSTAIN,1
2013-12-24,FLAT,0.0021889895778297104,0.3962022066116333,False,0.006045659012145801,0.09114930778741837,DOWN,0.5885969996452332,False,False,FLAT,FLAT,FLAT,1
2013-12-26,UP,0.0050710757904248675,0.43545839190483093,False,0.006046864841403294,0.057842761278152466,DOWN,0.2035968154668808,False,False,FLAT,FLAT,FLAT,1
2013-12-27,FLAT,-5.436080963754459e-05,0.47070762515068054,True,0.006126519808152864,0.839934229850769,UP,0.14888837933540344,False,False,UP,FLAT,FLAT,1
2013-12-30,FLAT,-0.00016318317114723317,0.4868188500404358,True,0.006118422866734952,0.049282412976026535,DOWN,0.0990607738494873,False,False,DOWN,FLAT,FLAT,1
2013-12-31,UP,0.00472169933228343,0.5316845774650574,True,0.006113378101017264,0.5243025422096252,UP,0.3702709376811981,False,False,UP,FLAT,FLAT,1
2014-01-02,DOWN,-0.009629868327046057,0.5007145404815674,True,0.006119978679341633,0.8587124943733215,UP,0.28064388036727905,False,False,UP,FLAT,FLAT,1
2014-01-03,FLAT,-0.00016401290049113769,0.6031637191772461,True,0.006473769279425424,0.9576290249824524,UP,0.4472922384738922,False,False,UP,FLAT,FLAT,1
2014-01-06,FLAT,-0.002902117187023616,0.6033598780632019,True,0.006474202325772654,0.1524268388748169,DOWN,0.674062967300415,True,False,DOWN,DOWN,ABSTAIN,1
2014-01-07,UP,0.006122887751066847,0.6027724742889404,True,0.006418210600515625,0.06071924790740013,DOWN,0.8723637461662292,True,False,DOWN,DOWN,ABSTAIN,1
2014-01-08,FLAT,0.00021803021842171992,0.5663877725601196,True,0.0060906667297003355,0.8302261233329773,UP,0.6458130478858948,True,False,UP,UP,ABSTAIN,1
2014-01-09,FLAT,0.0006536393957016858,0.5932619571685791,True,0.006075816242345962,0.0002513542422093451,DOWN,0.8652828931808472,True,False,DOWN,DOWN,ABSTAIN,1
2014-01-10,FLAT,0.002719018487703163,0.5859240293502808,True,0.005996079462518014,0.05459372326731682,DOWN,0.923821210861206,True,False,DOWN,DOWN,ABSTAIN,1
2014-01-13,DOWN,-0.013394382993537016,0.5608914494514465,True,0.0052859567774660434,0.8339899778366089,UP,0.6107454299926758,True,False,UP,UP,ABSTAIN,1
2014-01-14,UP,0.010838707619623187,0.6289825439453125,True,0.006174696291865245,0.9995427131652832,UP,0.9277889132499695,True,False,UP,UP,ABSTAIN,1
2014-01-15,UP,0.005375657004934926,0.5713302493095398,True,0.0065462288979473435,0.0018094530096277595,DOWN,0.8141413331031799,True,False,DOWN,DOWN,ABSTAIN,1
2014-01-16,FLAT,-0.0013005609938404182,0.5366643071174622,True,0.006517371646480325,0.015511758625507355,DOWN,0.8613417148590088,True,False,DOWN,DOWN,ABSTAIN,1
2014-01-17,FLAT,-0.004238439124883918,0.5773169994354248,True,0.006459493185063267,0.2847992181777954,DOWN,0.7798948287963867,True,False,DOWN,DOWN,ABSTAIN,1
2014-01-21,FLAT,0.0029361844691950666,0.6047239303588867,True,0.00547266446513186,0.9602670669555664,UP,0.6403913497924805,True,False,UP,UP,ABSTAIN,1
2014-01-22,FLAT,0.0006513807078344103,0.5593447685241699,True,0.005482753626754049,0.8355838656425476,UP,0.8655387759208679,True,False,UP,UP,ABSTAIN,1
2014-01-23,DOWN,-0.008226965035855842,0.5481330752372742,True,0.005482182527378544,0.12514567375183105,DOWN,0.8628501296043396,True,False,DOWN,DOWN,ABSTAIN,1
2014-01-24,DOWN,-0.021566827807321755,0.6146084666252136,True,0.005719037371627632,0.9991940855979919,UP,0.7353975176811218,True,False,UP,UP,ABSTAIN,1
2014-01-27,DOWN,-0.004931390760639816,0.5369218587875366,True,0.007458450449720164,0.8022006154060364,UP,0.8871775269508362,True,False,UP,UP,ABSTAIN,1
2014-01-28,UP,0.005937134119493119,0.6625587940216064,True,0.0073563562613385295,0.9923800230026245,UP,0.4164147973060608,False,False,UP,FLAT,FLAT,1
2014-01-29,DOWN,-0.00965161611537867,0.639174222946167,True,0.007542960185084307,0.11113237589597702,DOWN,0.20156821608543396,False,False,DOWN,FLAT,FLAT,1
2014-01-30,UP,0.010544657770921622,0.6079616546630859,True,0.00776177712443479,0.9550662040710449,UP,0.8732410669326782,True,False,UP,UP,ABSTAIN,1
2014-01-31,DOWN,-0.005875639218870396,0.5621781349182129,True,0.008119901645395448,0.8346491456031799,UP,0.43163159489631653,False,False,UP,FLAT,FLAT,1
2014-02-03,DOWN,-0.022762410956105997,0.6977953910827637,True,0.007963975913881236,0.4453357458114624,UP,0.8060723543167114,True,False,UP,UP,ABSTAIN,1
2014-02-04,UP,0.006980239059416479,0.6637593507766724,True,0.009285835545602283,0.8290135264396667,UP,0.9518213272094727,True,False,UP,UP,ABSTAIN,1
2014-02-05,FLAT,-0.0012551417795379596,0.6192694902420044,True,0.009520075258796048,0.8992480039596558,UP,0.5816839337348938,True,False,UP,UP,ABSTAIN,1
2014-02-06,UP,0.013100981927253019,0.6835477352142334,True,0.009331937214489246,0.9939042925834656,UP,0.6159178614616394,True,False,UP,UP,ABSTAIN,1
2014-02-07,UP,0.012319547789767769,0.5849809646606445,True,0.00994092153720748,0.8749844431877136,UP,0.172452911734581,False,False,UP,FLAT,FLAT,1
2014-02-10,FLAT,0.0018349241591687877,0.5551435947418213,True,0.010415567061815801,0.7497431635856628,UP,0.2992176115512848,False,False,UP,FLAT,FLAT,1
2014-02-11,UP,0.010884393064174505,0.5582910180091858,True,0.010400415470912963,0.9991662502288818,UP,0.9789247512817383,True,False,UP,UP,ABSTAIN,1
2014-02-12,FLAT,0.0004945012924563468,0.5480368137359619,True,0.010310611918432884,0.9997534155845642,UP,0.24028657376766205,False,False,UP,FLAT,FLAT,1
2014-02-13,FLAT,0.005149497398179926,0.44599243998527527,False,0.009997189535136359,0.6861541867256165,UP,0.9164709448814392,False,False,FLAT,FLAT,FLAT,1
2014-02-14,UP,0.005503704430046969,0.49193665385246277,True,0.009990393742222886,0.9758412837982178,UP,0.4340972304344177,False,False,UP,FLAT,FLAT,1
2014-02-18,FLAT,0.0011948147561046214,0.41225481033325195,False,0.010075355498497635,0.9910678267478943,UP,0.4117826819419861,False,False,FLAT,FLAT,FLAT,1
2014-02-19,DOWN,-0.006643825496230725,0.4323701560497284,False,0.010031292873996832,0.06321236491203308,DOWN,0.26285067200660706,False,False,FLAT,FLAT,FLAT,1
2014-02-20,UP,0.0058836615608325316,0.4348848760128021,False,0.010120238389136458,0.8244701027870178,UP,0.3810439109802246,False,False,FLAT,FLAT,FLAT,1
2014-02-21,FLAT,-0.0011413719586445905,0.47461646795272827,True,0.010213755922210927,0.3284669518470764,UP,0.4035464823246002,False,False,UP,FLAT,FLAT,1
2014-02-24,UP,0.005531490590065675,0.46347832679748535,True,0.010036706869123639,0.21903377771377563,DOWN,0.08598461747169495,False,False,DOWN,FLAT,FLAT,1
2014-02-25,FLAT,-0.0003786738339705235,0.4583417475223541,False,0.008664716884563054,0.99959796667099,UP,0.24796539545059204,False,False,FLAT,FLAT,FLAT,1
2014-02-26,FLAT,5.415221164403405e-05,0.4864944815635681,True,0.008541504924262583,0.018180761486291885,DOWN,0.24805350601673126,False,False,DOWN,FLAT,FLAT,1
2014-02-27,UP,0.005233784227441233,0.5371397733688354,True,0.008495700634068215,0.9660991430282593,UP,0.3325780928134918,False,False,UP,FLAT,FLAT,1
2014-02-28,FLAT,0.0025260606329176537,0.4956880807876587,True,0.008102091774928526,0.9999550580978394,UP,0.18492764234542847,False,False,UP,FLAT,FLAT,1
2014-03-03,DOWN,-0.007056875232514314,0.4496239423751831,False,0.00786939308375748,0.9928324222564697,UP,0.45100364089012146,False,False,FLAT,FLAT,FLAT,1
2014-03-04,UP,0.013957742813019232,0.5401809811592102,True,0.007935230760487192,0.6784040927886963,UP,0.3426116108894348,False,False,UP,FLAT,FLAT,2
2014-03-05,FLAT,0.0009058598019917311,0.47738879919052124,False,0.005929999316817965,0.40841391682624817,DOWN,0.40693172812461853,False,False,FLAT,FLAT,FLAT,2
2014-03-06,FLAT,0.002287622013029504,0.48838499188423157,False,0.005909139882598908,0.367127388715744,DOWN,0.32016292214393616,False,False,FLAT,FLAT,FLAT,2
2014-03-07,FLAT,0.0004250442831957784,0.47891759872436523,False,0.0058144333826402545,0.5071088671684265,DOWN,0.31229427456855774,False,False,FLAT,FLAT,FLAT,2
2014-03-10,FLAT,-0.000531272767466321,0.48095613718032837,False,0.005398191625094344,0.4556218981742859,DOWN,0.3371679484844208,False,False,FLAT,FLAT,FLAT,2
2014-03-11,DOWN,-0.004954899378260192,0.5093395113945007,False,0.004972021804696128,0.6165858507156372,UP,0.34021860361099243,False,False,FLAT,FLAT,FLAT,2
2014-03-12,FLAT,0.0002670318698479846,0.5328250527381897,True,0.005230927470264024,0.6466265916824341,UP,0.543674886226654,True,False,UP,UP,ABSTAIN,2
2014-03-13,DOWN,-0.01127653119657927,0.5561744570732117,True,0.004799163995910988,0.5943781137466431,UP,0.4378180503845215,False,False,UP,FLAT,FLAT,2
2014-03-14,FLAT,-0.0028119692918967985,0.5898295044898987,True,0.0055790379671481,0.5086488723754883,DOWN,0.5872350335121155,True,False,DOWN,DOWN,ABSTAIN,2
2014-03-17,UP,0.00900298889015155,0.6199934482574463,True,0.005539772833262099,0.6177075505256653,UP,0.6597782373428345,True,False,UP,UP,ABSTAIN,2
2014-03-18,UP,0.007112529310234612,0.5885083675384521,True,0.005758757973178885,0.6287034153938293,UP,0.6679466366767883,True,False,UP,UP,ABSTAIN,2
2014-03-19,DOWN,-0.005343034619756702,0.5536694526672363,True,0.005938854431111658,0.5183890461921692,DOWN,0.6023622751235962,True,False,DOWN,DOWN,ABSTAIN,2
2014-03-20,UP,0.005822490887499918,0.6008917093276978,True,0.005858239182208588,0.5969683527946472,UP,0.5429286956787109,True,False,UP,UP,ABSTAIN,2
2014-03-21,DOWN,-0.008289942190954327,0.5686808824539185,True,0.005855562201287055,0.691256582736969,UP,0.6427647471427917,True,False,UP,UP,ABSTAIN,2
2014-03-24,FLAT,-0.004143935612563078,0.6280390024185181,True,0.00620001726654548,0.6261197328567505,UP,0.6412386298179626,True,False,UP,UP,ABSTAIN,2
2014-03-25,FLAT,0.004734527087535646,0.626036524772644,True,0.0061743808669478895,0.5844807624816895,UP,0.6486796736717224,True,False,UP,UP,ABSTAIN,2
2014-03-26,DOWN,-0.007218283562339287,0.5932510495185852,True,0.006257062700895568,0.728782057762146,UP,0.5494987368583679,True,False,UP,UP,ABSTAIN,2
2014-03-27,FLAT,-0.002110672608378221,0.630713701248169,True,0.006485136351329282,0.5455232858657837,UP,0.6301531791687012,True,False,UP,UP,ABSTAIN,2
2014-03-28,UP,0.004918018095382473,0.6405504941940308,True,0.00638223222502155,0.5488258600234985,UP,0.41597938537597656,False,False,UP,FLAT,FLAT,2
2014-03-31,UP,0.0081610601340628,0.6129578948020935,True,0.006460594161942205,0.667655348777771,UP,0.5646060705184937,True,False,UP,UP,ABSTAIN,2
2014-04-01,UP,0.006608804693012863,0.5635783672332764,True,0.006508373271333318,0.5438879132270813,UP,0.5287792682647705,True,False,UP,UP,ABSTAIN,2
2014-04-02,FLAT,0.003341051948654623,0.5368147492408752,True,0.005889320425839268,0.41253265738487244,DOWN,0.6401668190956116,True,False,DOWN,DOWN,ABSTAIN,2
2014-04-03,FLAT,-0.0013244683853621871,0.5094502568244934,False,0.005930186348602947,0.6919172406196594,UP,0.3864651620388031,False,False,FLAT,FLAT,FLAT,2
2014-04-04,DOWN,-0.01189258073598757,0.5184388160705566,True,0.0059214650378880485,0.6628133654594421,UP,0.5834049582481384,True,False,UP,UP,ABSTAIN,2
2014-04-07,DOWN,-0.011113010807849042,0.5963117480278015,True,0.006500283177435664,0.46268486976623535,DOWN,0.5896998047828674,True,False,DOWN,DOWN,ABSTAIN,2
2014-04-08,FLAT,0.004114393854145101,0.6291345953941345,True,0.006920341281493756,0.5410916209220886,UP,0.6544995307922363,True,False,UP,UP,ABSTAIN,2
2014-04-09,UP,0.010693512369671362,0.6384279131889343,True,0.006946403157151447,0.5004926323890686,DOWN,0.5248456597328186,True,False,DOWN,DOWN,ABSTAIN,2
2014-04-10,DOWN,-0.021229657140335145,0.5748579502105713,True,0.007389792522164616,0.47965776920318604,DOWN,0.5861077308654785,True,False,DOWN,DOWN,ABSTAIN,2
2014-04-11,DOWN,-0.009049389440753466,0.5548506379127502,True,0.008445323507487293,0.5222690105438232,DOWN,0.5649404525756836,True,False,DOWN,DOWN,ABSTAIN,2
2014-04-14,UP,0.00784752523142513,0.6402031183242798,True,0.008646094305259892,0.504795253276825,DOWN,0.5532072186470032,True,False,DOWN,DOWN,ABSTAIN,2
2014-04-15,UP,0.006863863679962793,0.6392830014228821,True,0.00858032949974428,0.636323094367981,UP,0.5917815566062927,True,False,UP,UP,ABSTAIN,2
2014-04-16,UP,0.010423273290011996,0.6442503333091736,True,0.008568252033754994,0.6434951424598694,UP,0.5536245703697205,True,False,UP,UP,ABSTAIN,2
2014-04-17,FLAT,0.001395868925531808,0.5692861080169678,True,0.008861187897180857,0.4533691704273224,DOWN,0.6406211853027344,True,False,DOWN,DOWN,ABSTAIN,2
2014-04-21,FLAT,0.0034812123592844494,0.5794911980628967,True,0.00875905845295293,0.4894445538520813,DOWN,0.6598940491676331,True,False,DOWN,DOWN,ABSTAIN,2
2014-04-22,FLAT,0.0045342201285770226,0.5588499307632446,True,0.008592304900247013,0.7177181839942932,UP,0.5003275871276855,True,False,UP,UP,ABSTAIN,2
2014-04-23,FLAT,-0.002344555055441828,0.5414568781852722,True,0.008579172026819683,0.6946338415145874,UP,0.4138523042201996,False,False,UP,FLAT,FLAT,2
2014-04-24,FLAT,0.0020251812722585937,0.5465327501296997,True,0.008548151215879853,0.7200457453727722,UP,0.7064880728721619,True,False,UP,UP,ABSTAIN,2
2014-04-25,DOWN,-0.008232744912048813,0.522925078868866,True,0.008367964816067625,0.7044209241867065,UP,0.5129309296607971,True,False,UP,UP,ABSTAIN,2
2014-04-28,FLAT,0.0031621625061776805,0.6032554507255554,True,0.008587863296951851,0.432890385389328,DOWN,0.6310421824455261,True,False,DOWN,DOWN,ABSTAIN,2
2014-04-29,FLAT,0.004644564876318868,0.5779059529304504,True,0.008548788521783462,0.3852393925189972,DOWN,0.6268172860145569,True,False,DOWN,DOWN,ABSTAIN,2
2014-04-30,FLAT,0.002978237388480504,0.5456767678260803,True,0.00841530569955185,0.5346719026565552,DOWN,0.6734105348587036,True,False,DOWN,DOWN,ABSTAIN,2
2014-05-01,FLAT,0.00010622489651740348,0.5474355816841125,True,0.008308202579345812,0.5289933085441589,DOWN,0.45165371894836426,False,False,DOWN,FLAT,FLAT,2
2014-05-02,FLAT,-0.0014347050623716305,0.5341637134552002,True,0.00827146936487776,0.5876442193984985,UP,0.46992990374565125,False,False,UP,FLAT,FLAT,2
2014-05-05,FLAT,0.0019124560357089329,0.5450332164764404,True,0.0082723328068944,0.42572301626205444,DOWN,0.4842919111251831,False,False,DOWN,FLAT,FLAT,2
2014-05-06,DOWN,-0.008742056756520605,0.5576531291007996,True,0.007803748527115865,0.6884753704071045,UP,0.4290495216846466,False,False,UP,FLAT,FLAT,2
2014-05-07,UP,0.005872040001730826,0.5975694060325623,True,0.0076335797000016015,0.6589899063110352,UP,0.5613688230514526,True,False,UP,UP,ABSTAIN,2
2014-05-08,FLAT,-0.001065141267661032,0.5613459348678589,True,0.007685413937205293,0.5232665538787842,DOWN,0.5933899879455566,True,False,DOWN,DOWN,ABSTAIN,2
2014-05-09,FLAT,0.0014908640741451138,0.5729135274887085,True,0.0073256761265736445,0.3254314959049225,DOWN,0.604519248008728,True,False,DOWN,DOWN,ABSTAIN,2
2014-05-12,UP,0.00968895241931179,0.5641130208969116,True,0.005322269859322048,0.4462537169456482,DOWN,0.5928375124931335,True,False,DOWN,DOWN,ABSTAIN,2
2014-05-13,FLAT,0.0008953966509186361,0.5028232336044312,False,0.005047971148437043,0.43617770075798035,DOWN,0.4818330705165863,False,False,FLAT,FLAT,FLAT,2
2014-05-14,FLAT,-0.004749146940660102,0.5031771063804626,False,0.004877291032852011,0.688467800617218,UP,0.41465505957603455,False,False,FLAT,FLAT,FLAT,2
2014-05-15,DOWN,-0.008819074848976698,0.5302667617797852,True,0.004943891593366187,0.6077316999435425,UP,0.5633033514022827,True,False,UP,UP,ABSTAIN,2
2014-05-16,FLAT,0.0034625639099159088,0.6124780178070068,True,0.004947773471919762,0.625352680683136,UP,0.5993005037307739,True,False,UP,UP,ABSTAIN,2
2014-05-19,FLAT,0.0036625345528009737,0.5900185108184814,True,0.004992366688969422,0.4429401159286499,DOWN,0.5621073842048645,True,False,DOWN,DOWN,ABSTAIN,2
2014-05-20,DOWN,-0.006324942897985657,0.5765218734741211,True,0.004998334890559656,0.34064123034477234,DOWN,0.5290946960449219,True,False,DOWN,DOWN,ABSTAIN,2
2014-05-21,UP,0.008389142317992792,0.6169471144676208,True,0.0051199234349877535,0.5086154341697693,DOWN,0.5937454700469971,True,False,DOWN,DOWN,ABSTAIN,2
2014-05-22,FLAT,0.002429191380413593,0.5444270372390747,True,0.005424714092446921,0.680582582950592,UP,0.5233839154243469,True,False,UP,UP,ABSTAIN,2
2014-05-23,FLAT,0.004000688395200657,0.5309712290763855,True,0.005431651434096401,0.5971804261207581,UP,0.47787362337112427,False,False,UP,FLAT,FLAT,2
2014-05-27,UP,0.0061277492246281,0.5164327621459961,True,0.005077758255178244,0.4986400604248047,DOWN,0.3901735544204712,False,False,DOWN,FLAT,FLAT,2
2014-05-28,FLAT,-0.0007312582530142972,0.4800269901752472,False,0.005184011158090546,0.6338135004043579,UP,0.3205448091030121,False,False,FLAT,FLAT,FLAT,2
2014-05-29,UP,0.005159569670869052,0.4948265254497528,False,0.005136595942816348,0.6355493664741516,UP,0.42752429842948914,False,False,FLAT,FLAT,FLAT,2
2014-05-30,FLAT,0.0016101682139850486,0.4828087389469147,False,0.005204471262060054,0.6474440097808838,UP,0.37201908230781555,False,False,FLAT,FLAT,FLAT,2
2014-06-02,FLAT,0.0011411445211815911,0.4958207309246063,False,0.005200729191147817,0.566220760345459,UP,0.33620935678482056,False,False,FLAT,FLAT,FLAT,2
2014-06-03,FLAT,-0.0005184902657909735,0.48661360144615173,False,0.005165341127280497,0.6296604871749878,UP,0.34680965542793274,False,False,FLAT,FLAT,FLAT,2
2014-06-04,FLAT,0.002020775236730499,0.5115761160850525,True,0.00517802715013567,0.6261626482009888,UP,0.38392889499664307,False,False,UP,FLAT,FLAT,2
2014-06-05,UP,0.006500871665655083,0.5094939470291138,False,0.00462580014606824,0.6066575646400452,UP,0.31451478600502014,False,False,FLAT,FLAT,FLAT,2
2014-06-06,FLAT,0.004771360308708942,0.49709510803222656,False,0.004657768669227078,0.4290545582771301,DOWN,0.336871474981308,False,False,FLAT,FLAT,FLAT,2
2014-06-09,FLAT,0.0010231070301474096,0.47014155983924866,False,0.0046570180270600284,0.5859414339065552,UP,0.35132843255996704,False,False,FLAT,FLAT,FLAT,2
2014-06-10,FLAT,0.00010227655847740272,0.47961241006851196,False,0.004660937413935325,0.569118082523346,UP,0.2991577088832855,False,False,FLAT,FLAT,FLAT,2
2014-06-11,FLAT,-0.0034825802233566547,0.49499014019966125,False,0.004306663120475673,0.5830236077308655,UP,0.2650849521160126,False,False,FLAT,FLAT,FLAT,2
2014-06-12,DOWN,-0.0071050338184486484,0.5175883173942566,True,0.004448353220576341,0.5731648206710815,UP,0.28998425602912903,False,False,UP,FLAT,FLAT,2
2014-06-13,FLAT,0.003043888126587143,0.5559918880462646,True,0.0046435644845950665,0.6089146733283997,UP,0.4246900677680969,False,False,UP,FLAT,FLAT,2
2014-06-16,FLAT,0.0008237908095477173,0.5477162003517151,True,0.004015503067262517,0.5898793935775757,UP,0.32382142543792725,False,False,UP,FLAT,FLAT,2
2014-06-17,FLAT,0.002775539156899192,0.5500540733337402,True,0.0040000820373897175,0.5856122374534607,UP,0.48985350131988525,False,False,UP,FLAT,FLAT,2
2014-06-18,UP,0.007312889933115217,0.5488353967666626,True,0.003981259345804015,0.5282211899757385,DOWN,0.3878977596759796,False,False,DOWN,FLAT,FLAT,2
2014-06-19,FLAT,0.0011203404246319865,0.5247943997383118,True,0.003713576929337187,0.5075322389602661,DOWN,0.44619444012641907,False,False,DOWN,FLAT,FLAT,2
2014-06-20,FLAT,-0.0027521208372956207,0.49834904074668884,False,0.0034278631668457995,0.5505096912384033,UP,0.3758161664009094,False,False,FLAT,FLAT,FLAT,2
2014-06-23,FLAT,-0.0003062506147779578,0.5331773161888123,True,0.0035787371724553996,0.4560379385948181,DOWN,0.5393734574317932,True,False,DOWN,DOWN,ABSTAIN,2
2014-06-24,DOWN,-0.006042355057687075,0.5321112275123596,True,0.003559196404229663,0.5165619254112244,DOWN,0.49582022428512573,True,False,DOWN,DOWN,ABSTAIN,2
2014-06-25,UP,0.0045096155423069,0.5804039835929871,True,0.003749366952986104,0.5459014177322388,UP,0.5111452341079712,True,False,UP,UP,ABSTAIN,2
2014-06-26,FLAT,-0.0007160728049762725,0.5635415315628052,True,0.003817517626922741,0.5351552367210388,DOWN,0.5194478034973145,True,False,DOWN,DOWN,ABSTAIN,2
2014-06-27,FLAT,0.0019424678874069455,0.5603739619255066,True,0.0037121136011708158,0.5458927750587463,UP,0.49178680777549744,False,False,UP,FLAT,FLAT,2
2014-06-30,FLAT,-0.0005108346708272296,0.5558976531028748,True,0.0037167108654098963,0.4977332353591919,DOWN,0.474075049161911,False,False,DOWN,FLAT,FLAT,2
2014-07-01,UP,0.006670922554447326,0.5591154098510742,True,0.003727265078558707,0.5569977760314941,UP,0.48371362686157227,False,False,UP,FLAT,FLAT,2
2014-07-02,FLAT,0.0010145435407266552,0.5141600966453552,True,0.003941489564126662,0.4095971882343292,DOWN,0.4880150556564331,False,False,DOWN,FLAT,FLAT,2
2014-07-03,UP,0.004906067745438288,0.5170387029647827,True,0.003935335100726369,0.5920132994651794,UP,0.4854910671710968,False,False,UP,FLAT,FLAT,2
2014-07-07,FLAT,-0.003487418339836897,0.4878670573234558,False,0.003833591469618148,0.5765435695648193,UP,0.32417988777160645,False,False,FLAT,FLAT,FLAT,2
2014-07-08,DOWN,-0.006450760216380564,0.52197265625,True,0.003845663591413185,0.5524517297744751,UP,0.5217358469963074,True,False,UP,UP,ABSTAIN,2
2014-07-09,UP,0.0044742276320883885,0.5814018845558167,True,0.004147731260205289,0.5864428281784058,UP,0.5810242891311646,True,False,UP,UP,ABSTAIN,2
2014-07-10,FLAT,-0.003964823961894276,0.5343841910362244,True,0.004257807062643394,0.628696084022522,UP,0.4493555426597595,False,False,UP,FLAT,FLAT,2
2014-07-11,FLAT,0.0013742426112776122,0.5869491696357727,True,0.00428217009181708,0.5238216519355774,DOWN,0.565796971321106,True,False,DOWN,DOWN,ABSTAIN,2
2014-07-14,UP,0.005022741978227536,0.5815859436988831,True,0.003907213146332553,0.44808632135391235,DOWN,0.45462456345558167,False,False,DOWN,FLAT,FLAT,2
2014-07-15,FLAT,-0.001874277448919999,0.5325967669487,True,0.003991521049441093,0.4432874321937561,DOWN,0.4677620530128479,False,False,DOWN,FLAT,FLAT,2
2014-07-16,FLAT,0.0036944852458726377,0.5612262487411499,True,0.004039039571165022,0.6392767429351807,UP,0.5332790017127991,True,False,UP,UP,ABSTAIN,2
2014-07-17,DOWN,-0.011431017976897126,0.5261966586112976,True,0.004068403390616924,0.476599782705307,DOWN,0.4480830729007721,False,False,DOWN,FLAT,FLAT,2
2014-07-18,UP,0.010167338522886066,0.6037279367446899,True,0.004611100305378242,0.5658455491065979,UP,0.5694987177848816,True,False,UP,UP,ABSTAIN,2
2014-07-21,FLAT,-0.001873233673284749,0.5626534223556519,True,0.005153173339127624,0.6353292465209961,UP,0.5607383251190186,True,False,UP,UP,ABSTAIN,2
2014-07-22,UP,0.004348495626861532,0.5829818844795227,True,0.005129360470913874,0.49432748556137085,DOWN,0.5614545941352844,True,False,DOWN,DOWN,ABSTAIN,2
2014-07-23,FLAT,0.00221753162873713,0.5504601001739502,True,0.005202806593467179,0.491835355758667,DOWN,0.48675963282585144,False,False,DOWN,FLAT,FLAT,2
2014-07-24,FLAT,5.0313408376554216e-05,0.5177041888237,True,0.004971420184763194,0.4412204325199127,DOWN,0.4789183735847473,False,False,DOWN,FLAT,FLAT,2
2014-07-25,DOWN,-0.004692556922979242,0.5273231267929077,True,0.004905372233810558,0.5074151158332825,DOWN,0.4998083710670471,True,False,DOWN,DOWN,ABSTAIN,2
2014-07-28,FLAT,0.0004045400044576213,0.5783292651176453,True,0.005047672298778066,0.5464141368865967,UP,0.490202397108078,False,False,UP,FLAT,FLAT,2
2014-07-29,DOWN,-0.004306560695288627,0.5789291858673096,True,0.00503752699276995,0.5242219567298889,DOWN,0.5002520084381104,True,False,DOWN,DOWN,ABSTAIN,2
2014-07-30,FLAT,0.00015230512990941898,0.6159002780914307,True,0.005148023241156735,0.5568177103996277,UP,0.6021065711975098,True,False,UP,UP,ABSTAIN,2
2014-07-31,DOWN,-0.019945796563103725,0.6145855784416199,True,0.004925881578993697,0.3887312710285187,DOWN,0.5824069976806641,True,False,DOWN,DOWN,ABSTAIN,2
2014-08-01,FLAT,-0.003060228760792488,0.5874084234237671,True,0.006630585347850041,0.5876412391662598,UP,0.5713517665863037,True,False,UP,UP,ABSTAIN,2
2014-08-04,UP,0.007194831067147849,0.6645528674125671,True,0.006491091703243549,0.5373978018760681,DOWN,0.49578073620796204,True,False,DOWN,DOWN,ABSTAIN,2
2014-08-05,DOWN,-0.009743559398901468,0.631912887096405,True,0.006749738516249348,0.3847128748893738,DOWN,0.603895366191864,True,False,DOWN,DOWN,ABSTAIN,2
2014-08-06,FLAT,0.00031250165374449124,0.6080348491668701,True,0.006929387684247858,0.6062339544296265,UP,0.4768684506416321,False,False,UP,FLAT,FLAT,2
2014-08-07,DOWN,-0.005429449664381589,0.6505496501922607,True,0.0068150606746279424,0.5224853754043579,DOWN,0.46740877628326416,False,False,DOWN,FLAT,FLAT,2
2014-08-08,UP,0.01150249072739809,0.6402847766876221,True,0.006852992902991145,0.5353469848632812,DOWN,0.5142039060592651,True,False,DOWN,DOWN,ABSTAIN,2
2014-08-11,FLAT,0.0028937470907637024,0.6018787622451782,True,0.007417494892604805,0.6236599683761597,UP,0.5358983874320984,True,False,UP,UP,ABSTAIN,2
2014-08-12,FLAT,-0.001394182298915415,0.5746821761131287,True,0.007343467349630024,0.45291510224342346,DOWN,0.5523393154144287,True,False,DOWN,DOWN,ABSTAIN,2
2014-08-13,UP,0.006746157238177152,0.6090149879455566,True,0.007341143245819382,0.5214377045631409,DOWN,0.4349301755428314,False,False,DOWN,FLAT,FLAT,2
2014-08-14,UP,0.004710700930836769,0.5717708468437195,True,0.00747321652131172,0.4974525570869446,DOWN,0.4857710897922516,False,False,DOWN,FLAT,FLAT,2
2014-08-15,FLAT,-0.00020431841579859373,0.5743500590324402,True,0.007127664372298309,0.5686029195785522,UP,0.42620623111724854,False,False,UP,FLAT,FLAT,2
2014-08-18,UP,0.00834440265577117,0.602500319480896,True,0.006715346427894853,0.6614275574684143,UP,0.5551624298095703,True,False,UP,UP,ABSTAIN,2
2014-08-19,UP,0.005205311964475726,0.5246388912200928,True,0.006988931703171025,0.48133599758148193,DOWN,0.40556925535202026,False,False,DOWN,FLAT,FLAT,2
2014-08-20,FLAT,0.0026679373634005605,0.511711597442627,True,0.0070195165050475124,0.6257081031799316,UP,0.22526192665100098,False,False,UP,FLAT,FLAT,2
2014-08-21,FLAT,0.002911511688360783,0.5166193246841431,True,0.007027561418408401,0.5390238165855408,UP,0.2658817768096924,False,False,UP,FLAT,FLAT,2
2014-08-22,FLAT,-0.0015550809860649785,0.4924117624759674,False,0.007056194709771286,0.5510674118995667,UP,0.23883496224880219,False,False,FLAT,FLAT,FLAT,2
2014-08-25,UP,0.005057696293721403,0.5104078650474548,False,0.006975800862501209,0.6245113611221313,UP,0.26297110319137573,False,False,FLAT,FLAT,FLAT,2
2014-08-26,FLAT,0.0006491642961786279,0.4775776267051697,False,0.007054156996216457,0.5769201517105103,UP,0.25447022914886475,False,False,FLAT,FLAT,FLAT,2
2014-08-27,FLAT,-0.0003994299852845429,0.4926200807094574,False,0.006959021654492505,0.6466780304908752,UP,0.31154850125312805,False,False,FLAT,FLAT,FLAT,2
2014-08-28,FLAT,-0.0005494673357816639,0.5013732314109802,False,0.006963028804645772,0.4708763360977173,DOWN,0.24160203337669373,False,False,FLAT,FLAT,FLAT,2
2014-08-29,FLAT,0.002843995009300593,0.5149367451667786,True,0.004989003493598809,0.4251396954059601,DOWN,0.31394848227500916,False,False,DOWN,FLAT,FLAT,2
2014-09-02,FLAT,-0.000498385845512326,0.49636560678482056,False,0.004859717854535824,0.4493543803691864,DOWN,0.3116675317287445,False,False,FLAT,FLAT,FLAT,2
2014-09-03,FLAT,-0.0005484810298512821,0.5064967274665833,False,0.004737168260917088,0.4906185567378998,DOWN,0.33373475074768066,False,False,FLAT,FLAT,FLAT,2
2014-09-04,FLAT,-0.0014473975288912405,0.5172518491744995,True,0.003948228604761014,0.5526013374328613,UP,0.3864181637763977,False,False,UP,FLAT,FLAT,2
2014-09-05,UP,0.004485175863692967,0.5377205610275269,True,0.0040107660222076374,0.5985573530197144,UP,0.37040701508522034,False,False,UP,FLAT,FLAT,2
2014-09-08,FLAT,-0.0025890195015090887,0.5202889442443848,True,0.0036288969434928537,0.6120927333831787,UP,0.2660398781299591,False,False,UP,FLAT,FLAT,2
2014-09-09,DOWN,-0.006351395420682992,0.545681893825531,True,0.003138361037703229,0.494691401720047,DOWN,0.41338229179382324,False,False,DOWN,FLAT,FLAT,2
2014-09-10,UP,0.0037557317613714147,0.5893054008483887,True,0.0036226034564594916,0.6689493656158447,UP,0.4649789035320282,False,False,UP,FLAT,FLAT,2
2014-09-11,FLAT,0.0011489159871027328,0.5634587407112122,True,0.0035961534768363134,0.49563509225845337,DOWN,0.5791283249855042,True,False,DOWN,DOWN,ABSTAIN,2
2014-09-12,DOWN,-0.005858355616396487,0.5719148516654968,True,0.003391625259617962,0.5116914510726929,DOWN,0.4914289712905884,False,False,DOWN,FLAT,FLAT,2
2014-09-15,FLAT,-0.0007536066019086681,0.6025742292404175,True,0.0036585444131641324,0.42752915620803833,DOWN,0.42922478914260864,False,False,DOWN,FLAT,FLAT,2
2014-09-16,UP,0.007510174147197439,0.6151024699211121,True,0.003668949666244398,0.5365610718727112,DOWN,0.5617112517356873,True,False,DOWN,DOWN,ABSTAIN,2
2014-09-17,FLAT,0.0013458829902710334,0.5819280743598938,True,0.0035827039573474214,0.5290020704269409,DOWN,0.5797537565231323,True,False,DOWN,DOWN,ABSTAIN,2
2014-09-18,UP,0.005315894500358037,0.5611044764518738,True,0.0034328480295192096,0.5702909827232361,UP,0.45720863342285156,False,False,UP,FLAT,FLAT,2
2014-09-19,DOWN,-0.005565006730506278,0.5179616808891296,True,0.0035656502169739905,0.5195982456207275,DOWN,0.5349587798118591,True,False,DOWN,DOWN,ABSTAIN,2
2014-09-22,DOWN,-0.007752961616901403,0.5794099569320679,True,0.0037887069552558334,0.4623331129550934,DOWN,0.5774485468864441,True,False,DOWN,DOWN,ABSTAIN,2
2014-09-23,DOWN,-0.005740772251970257,0.6202453970909119,True,0.004181525973451386,0.531056821346283,DOWN,0.4898175895214081,False,False,DOWN,FLAT,FLAT,2
2014-09-24,UP,0.007797424031039491,0.6388891339302063,True,0.0041898809319806125,0.5893521308898926,UP,0.5925942063331604,True,False,UP,UP,ABSTAIN,2
2014-09-25,DOWN,-0.016267099146391652,0.6126003265380859,True,0.004583914013997147,0.46886709332466125,DOWN,0.5467911958694458,True,False,DOWN,DOWN,ABSTAIN,2
2014-09-26,UP,0.007913990154607694,0.6015822291374207,True,0.005826401505737516,0.6554843187332153,UP,0.4668934941291809,False,False,UP,FLAT,FLAT,2
2014-09-29,FLAT,-0.001820760274506641,0.6359575986862183,True,0.006157703090666594,0.4167807698249817,DOWN,0.5778942108154297,True,False,DOWN,DOWN,ABSTAIN,2
2014-09-30,FLAT,-0.0026357933796497157,0.6585255265235901,True,0.006110032226771649,0.53742915391922,DOWN,0.5970317125320435,True,False,DOWN,DOWN,ABSTAIN,2
2014-10-01,DOWN,-0.013644579409955858,0.6580109000205994,True,0.00612323104954403,0.5462427139282227,UP,0.5425103306770325,True,False,UP,UP,ABSTAIN,2
2014-10-02,FLAT,0.00015434249226246204,0.6327642202377319,True,0.006751355850597281,0.5070288777351379,DOWN,0.45801201462745667,False,False,DOWN,FLAT,FLAT,2
2014-10-03,UP,0.010949197845781487,0.6426451206207275,True,0.0067622243464471885,0.5532277822494507,UP,0.6012169122695923,True,False,UP,UP,ABSTAIN,2
2014-10-06,FLAT,-0.0011711056950984994,0.5833212733268738,True,0.007202365094669437,0.5571423172950745,UP,0.6038342714309692,True,False,UP,UP,ABSTAIN,2
2014-10-07,DOWN,-0.015556719198476667,0.6210955381393433,True,0.007194474448636712,0.731764018535614,UP,0.6417396664619446,True,False,UP,UP,ABSTAIN,2
2014-10-08,UP,0.017338238566358213,0.5794017314910889,True,0.00781676790848831,0.4895589351654053,DOWN,0.49693214893341064,True,False,DOWN,DOWN,ABSTAIN,2
2014-10-09,DOWN,-0.020032483790296044,0.591778576374054,True,0.008826265797724386,0.48999086022377014,DOWN,0.487742155790329,False,False,DOWN,FLAT,FLAT,2
2014-10-10,DOWN,-0.011480047880891237,0.5398082733154297,True,0.009790102002675813,0.5798488259315491,UP,0.5920270085334778,True,False,UP,UP,ABSTAIN,2
2014-10-13,DOWN,-0.01656336132841643,0.6237328052520752,True,0.009987723755197048,0.4504978060722351,DOWN,0.6661170721054077,True,False,DOWN,DOWN,ABSTAIN,2
2014-10-14,FLAT,0.001546177619546366,0.6224636435508728,True,0.010480315192982053,0.654830813407898,UP,0.5075594782829285,True,False,UP,UP,ABSTAIN,2
2014-10-15,DOWN,-0.006789133113090686,0.6453465819358826,True,0.010247939367459288,0.5125887393951416,DOWN,0.6468486189842224,True,False,DOWN,DOWN,ABSTAIN,2
2014-10-16,FLAT,-0.0008585372388379305,0.6368862390518188,True,0.010215499030649503,0.5309239625930786,DOWN,0.6506551504135132,True,False,DOWN,DOWN,ABSTAIN,2
2014-10-17,UP,0.011741592523610402,0.6228089928627014,True,0.010020112801116624,0.46176064014434814,DOWN,0.5712906718254089,True,False,DOWN,DOWN,ABSTAIN,2
2014-10-20,UP,0.00966294083322011,0.5997482538223267,True,0.010608667985335236,0.641351580619812,UP,0.5506395697593689,True,False,UP,UP,ABSTAIN,2
2014-10-21,UP,0.019617166125424336,0.5499459505081177,True,0.010920596580602742,0.6009489297866821,UP,0.5154498219490051,True,False,UP,UP,ABSTAIN,2
2014-10-22,DOWN,-0.007136263856155378,0.4963701665401459,False,0.011922828471458499,0.3617888391017914,DOWN,0.3882165551185608,False,False,FLAT,FLAT,FLAT,2
2014-10-23,UP,0.011557789576533795,0.6512212157249451,True,0.0118096394110989,0.5786107778549194,UP,0.6162660717964172,True,False,UP,UP,ABSTAIN,2
2014-10-24,UP,0.007665614275054814,0.562267005443573,True,0.011647483698985895,0.5716767907142639,UP,0.4143153131008148,False,False,UP,FLAT,FLAT,2
2014-10-27,FLAT,-0.001375425042685637,0.49226114153862,False,0.011638325883831938,0.6310228705406189,UP,0.300219863653183,False,False,FLAT,FLAT,FLAT,2
2014-10-28,UP,0.011404943846823197,0.5763156414031982,True,0.011635835522440312,0.4960518479347229,DOWN,0.33931317925453186,False,False,DOWN,FLAT,FLAT,2
2014-10-29,FLAT,-0.0015131801965537893,0.4458104968070984,False,0.011911012208096644,0.36194130778312683,DOWN,0.30570560693740845,False,False,FLAT,FLAT,FLAT,2
2014-10-30,UP,0.00639014101743165,0.505821704864502,False,0.011461146848343562,0.44864413142204285,DOWN,0.32049527764320374,False,False,FLAT,FLAT,FLAT,2
2014-10-31,UP,0.011370553040350334,0.46878549456596375,False,0.01152278474426426,0.45311418175697327,DOWN,0.3573756217956543,False,False,FLAT,FLAT,FLAT,2
2014-11-03,FLAT,0.0005453268766036159,0.4294404089450836,False,0.011541782960437015,0.3509960472583771,DOWN,0.3297356069087982,False,False,FLAT,FLAT,FLAT,2
2014-11-04,FLAT,-0.003475313437724476,0.4571281373500824,False,0.01152888653481127,0.3553527593612671,DOWN,0.2517138421535492,False,False,FLAT,FLAT,FLAT,2
2014-11-05,UP,0.0062962901151845125,0.47613269090652466,False,0.010893964988575764,0.302704393863678,DOWN,0.30822259187698364,False,False,FLAT,FLAT,FLAT,2
2014-11-06,FLAT,0.003995159710403093,0.43195849657058716,False,0.01034043700075308,0.4075465798377991,DOWN,0.3085552155971527,False,False,FLAT,FLAT,FLAT,2
2014-11-07,FLAT,0.0009348444478750926,0.44527825713157654,False,0.009028330075288128,0.41609373688697815,DOWN,0.2552729845046997,False,False,FLAT,FLAT,FLAT,2
2014-11-10,FLAT,0.0031424920396511623,0.4540793299674988,False,0.008412943465953225,0.4177836775779724,DOWN,0.2544078528881073,False,False,FLAT,FLAT,FLAT,2
2014-11-11,FLAT,0.0009799929926043276,0.4513513743877411,False,0.007006639082783353,0.5363428592681885,DOWN,0.28287360072135925,False,False,FLAT,FLAT,FLAT,2
2014-11-12,FLAT,-0.001077992764964315,0.46298661828041077,False,0.007019212065665467,0.5964157581329346,UP,0.2666395902633667,False,False,FLAT,FLAT,FLAT,2
2014-11-13,FLAT,0.0011270157869625015,0.4878484010696411,False,0.006655006289277503,0.41366857290267944,DOWN,0.3613876402378082,False,False,FLAT,FLAT,FLAT,2
2014-11-14,FLAT,0.00024485493737586646,0.47318825125694275,False,0.006585411421166807,0.4559888541698456,DOWN,0.2885938882827759,False,False,FLAT,FLAT,FLAT,2
2014-11-17,FLAT,0.0006362527995617031,0.4873483180999756,False,0.006428445064303856,0.44565486907958984,DOWN,0.40398740768432617,False,False,FLAT,FLAT,FLAT,2
2014-11-18,UP,0.005757275562255267,0.4927493631839752,False,0.006327331117657382,0.6483418941497803,UP,0.29642653465270996,False,False,FLAT,FLAT,FLAT,2
2014-11-19,FLAT,-0.0016067478083489474,0.4790254235267639,False,0.0051208470315026716,0.5375210046768188,DOWN,0.23058782517910004,False,False,FLAT,FLAT,FLAT,2
2014-11-20,FLAT,0.0017526811092214323,0.5016867518424988,False,0.004682479533864877,0.5652031302452087,UP,0.32521888613700867,False,False,FLAT,FLAT,FLAT,2
2014-11-21,UP,0.005336406489951131,0.5136014819145203,True,0.004249093612291112,0.5577419996261597,UP,0.28130635619163513,False,False,UP,FLAT,FLAT,2
2014-11-24,FLAT,0.0028023492708348792,0.4650847911834717,False,0.004135059567889537,0.5490908622741699,UP,0.33113548159599304,False,False,FLAT,FLAT,FLAT,2
2014-11-25,FLAT,-0.0007239612172844485,0.4805276095867157,False,0.004030892709223561,0.3869199752807617,DOWN,0.3635762929916382,False,False,FLAT,FLAT,FLAT,2
2014-11-26,FLAT,0.0025557519845063425,0.49406322836875916,False,0.0035434983830980914,0.49972662329673767,DOWN,0.34943249821662903,False,False,FLAT,FLAT,FLAT,2
2014-11-28,FLAT,-0.0021213123627911875,0.4844888746738434,False,0.003437593892038503,0.5975444912910461,UP,0.31609222292900085,False,False,FLAT,FLAT,FLAT,2
2014-12-01,DOWN,-0.006974081304460973,0.5030389428138733,False,0.003437850341218844,0.36578190326690674,DOWN,0.3451017737388611,False,False,FLAT,FLAT,FLAT,2
2014-12-02,UP,0.0064430493475267124,0.5624680519104004,True,0.0032253507948656873,0.45163875818252563,DOWN,0.5199620723724365,True,False,DOWN,DOWN,ABSTAIN,2
2014-12-03,FLAT,0.0038556270232549296,0.5362087488174438,True,0.0034432290535388647,0.4314787685871124,DOWN,0.36144813895225525,False,False,DOWN,FLAT,FLAT,2
2014-12-04,FLAT,-0.001106946212658195,0.49904608726501465,False,0.0032949949576205075,0.4353557229042053,DOWN,0.32951268553733826,False,False,FLAT,FLAT,FLAT,2
2014-12-05,FLAT,0.0016359351908886233,0.5293756723403931,True,0.003160768607868658,0.5406736731529236,UP,0.41756534576416016,False,False,UP,FLAT,FLAT,2
2014-12-08,DOWN,-0.006705118522477449,0.5087034106254578,False,0.0030982016760816565,0.42591798305511475,DOWN,0.3870534598827362,False,False,FLAT,FLAT,FLAT,2
2014-12-09,FLAT,-0.0006778318697984036,0.5653356313705444,True,0.003565697572393206,0.49032062292099,DOWN,0.5336017608642578,True,False,DOWN,DOWN,ABSTAIN,2
2014-12-10,DOWN,-0.016161265350257942,0.5869566202163696,True,0.0035356753505976822,0.5882948040962219,UP,0.5728596448898315,True,False,UP,UP,ABSTAIN,2
2014-12-11,UP,0.00505708093270082,0.6283848881721497,True,0.005149613222073102,0.5931386351585388,UP,0.5381760597229004,True,False,UP,UP,ABSTAIN,2
2014-12-12,DOWN,-0.01629345335566466,0.6697590947151184,True,0.005278827289690626,0.5031328201293945,DOWN,0.5308642983436584,True,False,DOWN,DOWN,ABSTAIN,2
2014-12-15,DOWN,-0.006893158682127761,0.6454476118087769,True,0.006409082651818464,0.5701009035110474,UP,0.46746769547462463,False,False,UP,FLAT,FLAT,2
2014-12-16,DOWN,-0.008051932446890809,0.6682934165000916,True,0.006544295627241228,0.5998270511627197,UP,0.46443745493888855,False,False,UP,FLAT,FLAT,2
2014-12-17,UP,0.019415118999434836,0.6624056100845337,True,0.00670437868572596,0.6648199558258057,UP,0.5712985396385193,True,False,UP,UP,ABSTAIN,2
2014-12-18,UP,0.024427900848919635,0.6280407905578613,True,0.008053660446933163,0.4599097669124603,DOWN,0.501309871673584,True,False,DOWN,DOWN,ABSTAIN,2
2014-12-19,FLAT,-0.0012581395558283978,0.5078259110450745,False,0.009842664141521634,0.3958231210708618,DOWN,0.38260358572006226,False,False,FLAT,FLAT,FLAT,2
2014-12-22,FLAT,0.004589476089477543,0.5965730547904968,True,0.009843567306271395,0.4634245038032532,DOWN,0.5222467184066772,True,False,DOWN,DOWN,ABSTAIN,2
2014-12-23,FLAT,0.0013486769467520566,0.5386272668838501,True,0.00982456491960445,0.40720489621162415,DOWN,0.3137863278388977,False,False,DOWN,FLAT,FLAT,2
2014-12-24,FLAT,9.628548455284291e-05,0.5491282939910889,True,0.009809592888547781,0.45021048188209534,DOWN,0.414773166179657,False,False,DOWN,FLAT,FLAT,2
2014-12-26,FLAT,0.003219522533656475,0.5550020933151245,True,0.009807601661202193,0.469381719827652,DOWN,0.3602215051651001,False,False,DOWN,FLAT,FLAT,2
2014-12-29,FLAT,0.0013424049232263024,0.5173246264457703,True,0.00981725707938206,0.6431313753128052,UP,0.28188446164131165,False,False,UP,FLAT,FLAT,2
2014-12-30,FLAT,-0.005380465984895672,0.5118069052696228,True,0.009804838931892181,0.5897552371025085,UP,0.25172924995422363,False,False,UP,FLAT,FLAT,2
2014-12-31,DOWN,-0.00997255115969937,0.5585112571716309,True,0.00974836636599284,0.5565404891967773,UP,0.49446484446525574,False,False,UP,FLAT,FLAT,2
2015-01-02,FLAT,-0.0005353218810906789,0.5419381856918335,True,0.009906568819166146,0.6012762188911438,UP,0.6671172380447388,True,False,UP,UP,ABSTAIN,2
2015-01-05,DOWN,-0.018224704391309896,0.6138678193092346,True,0.009856389460310058,0.5600535273551941,UP,0.5905721783638,True,False,UP,UP,ABSTAIN,2
2015-01-06,DOWN,-0.009463605301043171,0.539142370223999,True,0.010617034179610413,0.533648669719696,DOWN,0.45561328530311584,False,False,DOWN,FLAT,FLAT,2
2015-01-07,UP,0.01238416446271821,0.6332484483718872,True,0.010736602066647134,0.5079184770584106,DOWN,0.603534996509552,True,False,DOWN,DOWN,ABSTAIN,2
2015-01-08,UP,0.01758942196896442,0.6350981593132019,True,0.01113787989348689,0.5940262675285339,UP,0.6006662845611572,True,False,UP,UP,ABSTAIN,2
2015-01-09,DOWN,-0.008045850650524594,0.5370495319366455,True,0.011893514383875094,0.49698007106781006,DOWN,0.47786787152290344,False,False,DOWN,FLAT,FLAT,2
2015-01-12,DOWN,-0.007864410784303022,0.6225004196166992,True,0.011448184787435192,0.604528546333313,UP,0.5428425073623657,True,False,UP,UP,ABSTAIN,2
2015-01-13,FLAT,-0.0028166552925896677,0.6421421766281128,True,0.01152799459345666,0.5163863897323608,DOWN,0.6764920949935913,True,False,DOWN,DOWN,ABSTAIN,2
2015-01-14,FLAT,-0.006055516659335229,0.6470146179199219,True,0.010926975366097814,0.5788690447807312,UP,0.5293376445770264,True,False,UP,UP,ABSTAIN,2
2015-01-15,DOWN,-0.00920280734937316,0.6571798920631409,True,0.010899543349752643,0.5072231292724609,DOWN,0.5131860375404358,True,False,DOWN,DOWN,ABSTAIN,2
2015-01-16,UP,0.013029015212169084,0.6627088785171509,True,0.0109490898681208,0.46046146750450134,DOWN,0.5247386693954468,True,False,DOWN,DOWN,ABSTAIN,2
2015-01-20,FLAT,0.0021303120503250923,0.608539342880249,True,0.010443103483631203,0.40001341700553894,DOWN,0.6169993281364441,True,False,DOWN,DOWN,ABSTAIN,2
2015-01-21,FLAT,0.005035328178608657,0.603339433670044,True,0.008745820073811184,0.42590561509132385,DOWN,0.5503892302513123,True,False,DOWN,DOWN,ABSTAIN,2
2015-01-22,UP,0.01476151841513954,0.5811150074005127,True,0.00885444082164599,0.4224443733692169,DOWN,0.556219756603241,True,False,DOWN,DOWN,ABSTAIN,2
2015-01-23,FLAT,-0.005497884589195941,0.5128281116485596,True,0.009454526072484115,0.3956400156021118,DOWN,0.4399010241031647,False,False,DOWN,FLAT,FLAT,2
2015-01-26,FLAT,0.002339047553843913,0.6193143129348755,True,0.009514258624257045,0.5311147570610046,DOWN,0.44746512174606323,False,False,DOWN,FLAT,FLAT,2
2015-01-27,DOWN,-0.01327828342652442,0.5781565308570862,True,0.00953699998091214,0.7018327713012695,UP,0.6035548448562622,True,False,UP,UP,ABSTAIN,2
2015-01-28,DOWN,-0.012907278436190254,0.60780268907547,True,0.009899351810744432,0.6230216026306152,UP,0.6766313314437866,True,False,UP,UP,ABSTAIN,2
2015-01-29,UP,0.009201099807839798,0.5667908787727356,True,0.010200823999957608,0.43992796540260315,DOWN,0.7644417881965637,True,False,DOWN,DOWN,ABSTAIN,2
2015-01-30,DOWN,-0.012654655369977563,0.6231889128684998,True,0.010471433487216934,0.6406009793281555,UP,0.6733377575874329,True,False,UP,UP,ABSTAIN,2
2015-02-02,UP,0.012308007234080716,0.5695415735244751,True,0.010603744854016132,0.4153209328651428,DOWN,0.7275263071060181,True,False,DOWN,DOWN,ABSTAIN,2
2015-02-03,UP,0.014357598431818042,0.618648886680603,True,0.011045195615328827,0.6587662100791931,UP,0.6553214192390442,True,False,UP,UP,ABSTAIN,2
2015-02-04,FLAT,-0.003815112433447579,0.5344473719596863,True,0.010748323056762342,0.46670615673065186,DOWN,0.468491792678833,False,False,DOWN,FLAT,FLAT,2
2015-02-05,UP,0.010044443487849221,0.6021604537963867,True,0.010537484169606244,0.38181766867637634,DOWN,0.6853634119033813,True,False,DOWN,DOWN,ABSTAIN,2
2015-02-06,FLAT,-0.002769171580171533,0.5206905007362366,True,0.010417331728461508,0.530897855758667,DOWN,0.5603195428848267,True,False,DOWN,DOWN,ABSTAIN,2
2015-02-09,FLAT,-0.004485833994275648,0.5574840307235718,True,0.009672086398575575,0.36937257647514343,DOWN,0.6026750206947327,True,False,DOWN,DOWN,ABSTAIN,2
2015-02-10,UP,0.01059699136311393,0.6054837703704834,True,0.009549854804003858,0.44499877095222473,DOWN,0.6434173583984375,True,False,DOWN,DOWN,ABSTAIN,2
2015-02-11,FLAT,0.0005800508695519904,0.48599639534950256,False,0.009632099232442706,0.6353527307510376,UP,0.49233174324035645,False,False,FLAT,FLAT,FLAT,2
2015-02-12,UP,0.009570858374647587,0.5078364014625549,False,0.009590821396226676,0.40875422954559326,DOWN,0.5459896326065063,False,False,FLAT,FLAT,FLAT,2
2015-02-13,FLAT,0.004107961910773728,0.4417768120765686,False,0.00960634451976598,0.3847328722476959,DOWN,0.35305100679397583,False,False,FLAT,FLAT,FLAT,2
2015-02-17,FLAT,0.0015718492913825036,0.4400840103626251,False,0.009246083724690204,0.3979339301586151,DOWN,0.2643645405769348,False,False,FLAT,FLAT,FLAT,2
2015-02-18,FLAT,9.520403681022817e-05,0.46324509382247925,False,0.008917132939303591,0.4978921115398407,DOWN,0.22382906079292297,False,False,FLAT,FLAT,FLAT,2
2015-02-19,FLAT,-0.0007141423028772691,0.47714340686798096,False,0.008927891516881923,0.4662347733974457,DOWN,0.23614375293254852,False,False,FLAT,FLAT,FLAT,2
2015-02-20,FLAT,0.00598268610330135,0.48535069823265076,False,0.008916148173957358,0.39703628420829773,DOWN,0.28060513734817505,False,False,FLAT,FLAT,FLAT,2
2015-02-23,FLAT,-0.00014202285941751803,0.46476978063583374,False,0.008441205481228148,0.4714014232158661,DOWN,0.26289185881614685,False,False,FLAT,FLAT,FLAT,2
2015-02-24,FLAT,0.002836703895820476,0.4819948375225067,False,0.008300256478125182,0.537129282951355,DOWN,0.3026634156703949,False,False,FLAT,FLAT,FLAT,2
2015-02-25,FLAT,-0.0008501449347451169,0.476837694644928,False,0.0083036511324363,0.4576450288295746,DOWN,0.2568248510360718,False,False,FLAT,FLAT,FLAT,2
2015-02-26,FLAT,-0.001182005263873215,0.4799909293651581,False,0.007570229836039319,0.4271300137042999,DOWN,0.26336804032325745,False,False,FLAT,FLAT,FLAT,2
2015-02-27,FLAT,-0.003412007888514674,0.4999062120914459,False,0.006753031659005118,0.46941617131233215,DOWN,0.40126854181289673,False,False,FLAT,FLAT,FLAT,2
2015-03-02,UP,0.006293652868157811,0.5320377349853516,True,0.006705892197836551,0.55774986743927,UP,0.2860111892223358,False,False,UP,FLAT,FLAT,2
2015-03-03,FLAT,-0.004112460593604039,0.503553569316864,False,0.005786982275332966,0.442004531621933,DOWN,0.2922021448612213,False,False,FLAT,FLAT,FLAT,2
2015-03-04,FLAT,-0.004224519912689943,0.539048433303833,True,0.005564750659286272,0.6307153105735779,UP,0.3451693654060364,False,False,UP,FLAT,FLAT,2
2015-03-05,FLAT,0.0010934940593430274,0.5765365362167358,True,0.004950260703383594,0.5600478053092957,UP,0.436400443315506,False,False,UP,FLAT,FLAT,2
2015-03-06,DOWN,-0.014164303542830515,0.5726261734962463,True,0.0048028683921246184,0.6080794334411621,UP,0.5150288939476013,True,False,UP,UP,ABSTAIN,2
2015-03-09,FLAT,0.0041360161355503125,0.601943850517273,True,0.005541600005856374,0.435396671295166,DOWN,0.43770739436149597,False,False,DOWN,FLAT,FLAT,2
2015-03-10,DOWN,-0.01635496324619298,0.6273375749588013,True,0.0055532057978219165,0.6427398920059204,UP,0.5437330007553101,True,False,UP,UP,ABSTAIN,2
2015-03-11,FLAT,-0.0023444170772539082,0.5756680369377136,True,0.006658425763062523,0.5020150542259216,DOWN,0.5243716835975647,True,False,DOWN,DOWN,ABSTAIN,2
2015-03-12,UP,0.012633822390026958,0.6600847840309143,True,0.006195905512318724,0.6350194215774536,UP,0.5114524364471436,True,False,UP,UP,ABSTAIN,2
2015-03-13,DOWN,-0.006151203606017958,0.6190330982208252,True,0.006863125753346404,0.5575137138366699,UP,0.5965921878814697,True,False,UP,UP,ABSTAIN,2
2015-03-16,UP,0.01327207520486987,0.6543673872947693,True,0.006609862700540033,0.6193345785140991,UP,0.5140449404716492,True,False,UP,UP,ABSTAIN,2
2015-03-17,FLAT,-0.0029768836718046376,0.6050956845283508,True,0.007250568966672682,0.5187758803367615,DOWN,0.5587984323501587,True,False,DOWN,DOWN,ABSTAIN,2
2015-03-18,UP,0.011949857413652766,0.6189829707145691,True,0.007260532705753901,0.5107594132423401,DOWN,0.6119295358657837,True,False,DOWN,DOWN,ABSTAIN,2
2015-03-19,FLAT,-0.004571903851391089,0.5940271019935608,True,0.007778336195575277,0.43314051628112793,DOWN,0.5474721193313599,True,False,DOWN,DOWN,ABSTAIN,2
2015-03-20,FLAT,0.004334286293663943,0.591658890247345,True,0.007846559177467918,0.4185437560081482,DOWN,0.5106231570243835,True,False,DOWN,DOWN,ABSTAIN,2
2015-03-23,FLAT,-0.0019504949383876927,0.5784002542495728,True,0.007787580295027803,0.4549476206302643,DOWN,0.562860906124115,True,False,DOWN,DOWN,ABSTAIN,2
2015-03-24,FLAT,-0.005634858781188561,0.5823405385017395,True,0.007797403343614848,0.5070611834526062,DOWN,0.5215886235237122,True,False,DOWN,DOWN,ABSTAIN,2
2015-03-25,DOWN,-0.014762257583974083,0.6178362369537354,True,0.007848699533892542,0.5250105857849121,DOWN,0.5967927575111389,True,False,DOWN,DOWN,ABSTAIN,2
2015-03-26,FLAT,-0.0023842078093592196,0.5306941270828247,True,0.008454786756129548,0.531008243560791,DOWN,0.5358871817588806,True,False,DOWN,DOWN,ABSTAIN,2
2015-03-27,FLAT,0.0022870558594804166,0.6571929454803467,True,0.008457380221468589,0.6402511596679688,UP,0.49731123447418213,True,False,UP,UP,ABSTAIN,2
2015-03-30,UP,0.012126018644524963,0.6310091614723206,True,0.008484348645048585,0.684404194355011,UP,0.5606379508972168,True,False,UP,UP,ABSTAIN,2
2015-03-31,DOWN,-0.008777944644853434,0.5807055234909058,True,0.008847276939802966,0.4995259940624237,DOWN,0.6544457077980042,True,False,DOWN,DOWN,ABSTAIN,2
2015-04-01,FLAT,-0.0035425545791513123,0.6408929228782654,True,0.008996955706595037,0.5862556099891663,UP,0.566961944103241,True,False,UP,UP,ABSTAIN,2
2015-04-02,FLAT,0.0035910432838057197,0.6303918361663818,True,0.008985868895011458,0.6014520525932312,UP,0.5960249900817871,True,False,UP,UP,ABSTAIN,2
2015-04-06,UP,0.006710621534576819,0.6029713153839111,True,0.009035017940123503,0.6139708161354065,UP,0.5474468469619751,True,False,UP,UP,ABSTAIN,2
2015-04-07,FLAT,-0.002649916276626036,0.6108633279800415,True,0.008626383205241844,0.5406765937805176,UP,0.552659809589386,True,False,UP,UP,ABSTAIN,2
2015-04-08,FLAT,0.0033713703247297945,0.6000643372535706,True,0.008591815557733636,0.5334790349006653,DOWN,0.554739236831665,True,False,DOWN,DOWN,ABSTAIN,2
2015-04-09,FLAT,0.004413738655682361,0.5800507664680481,True,0.0077365942849749215,0.5481780171394348,UP,0.5727697610855103,True,False,UP,UP,ABSTAIN,2
2015-04-10,FLAT,0.0054423174598343445,0.573698878288269,True,0.007742992851444006,0.728882372379303,UP,0.6044713258743286,True,False,UP,UP,ABSTAIN,2
2015-04-13,FLAT,-0.004533193036131167,0.5274190306663513,True,0.007333604432973853,0.5340009927749634,DOWN,0.42008715867996216,False,False,DOWN,FLAT,FLAT,2
2015-04-14,FLAT,0.001911267978839088,0.562867283821106,True,0.007262572357036338,0.6665561199188232,UP,0.5249966979026794,True,False,UP,UP,ABSTAIN,2
2015-04-15,FLAT,0.004476989696910224,0.5671514868736267,True,0.006653286962204345,0.5727635622024536,UP,0.47766849398612976,False,False,UP,FLAT,FLAT,2
2015-04-16,FLAT,-0.00028515950922429695,0.5222728252410889,True,0.006673659804173508,0.48609891533851624,DOWN,0.41865840554237366,False,False,DOWN,FLAT,FLAT,2
2015-04-17,DOWN,-0.011570210421864109,0.5329311490058899,True,0.006114953987137432,0.6094914078712463,UP,0.4371104836463928,False,False,UP,FLAT,FLAT,2
2015-04-20,UP,0.00909536735125444,0.591113269329071,True,0.006572189646395039,0.6194540858268738,UP,0.5034656524658203,True,False,UP,UP,ABSTAIN,2
2015-04-21,FLAT,-0.0011920372980215694,0.5507493615150452,True,0.006832668253445842,0.5364804267883301,DOWN,0.6129670739173889,True,False,DOWN,DOWN,ABSTAIN,2
2015-04-22,FLAT,0.004902081312495939,0.5486250519752502,True,0.006824150777176402,0.6101180911064148,UP,0.6483842730522156,True,False,UP,UP,ABSTAIN,2
2015-04-23,FLAT,0.0025130944190238187,0.5214158892631531,True,0.006780575874337531,0.5768033266067505,UP,0.4041173458099365,False,False,UP,FLAT,FLAT,2
2015-04-24,FLAT,0.002317780830921687,0.5250766277313232,True,0.005767915685113604,0.6137579083442688,UP,0.34699222445487976,False,False,UP,FLAT,FLAT,2
2015-04-27,FLAT,-0.004166426309473084,0.5033664107322693,False,0.005705535405474529,0.503906786441803,DOWN,0.4299486577510834,False,False,FLAT,FLAT,FLAT,2
2015-04-28,FLAT,0.003173770022919549,0.5305892825126648,True,0.005841360278152374,0.4894760847091675,DOWN,0.6212813258171082,True,False,DOWN,DOWN,ABSTAIN,2
2015-04-29,FLAT,-0.004123107649340438,0.5391300916671753,True,0.005276348133597147,0.6372601389884949,UP,0.46905946731567383,False,False,UP,FLAT,FLAT,2
2015-04-30,DOWN,-0.010070965675104416,0.5674368739128113,True,0.00492440318835227,0.5209286212921143,DOWN,0.6112205386161804,True,False,DOWN,DOWN,ABSTAIN,2
2015-05-01,UP,0.010783035269824706,0.6093226075172424,True,0.00543115863181697,0.5525760054588318,UP,0.4237845242023468,False,False,UP,FLAT,FLAT,2
2015-05-04,FLAT,0.0028433631675065375,0.5602108240127563,True,0.005856433368191143,0.6880808472633362,UP,0.6290077567100525,True,False,UP,UP,ABSTAIN,2
2015-05-05,DOWN,-0.011517967610371698,0.5454857349395752,True,0.00572114585765819,0.500061571598053,DOWN,0.4932403564453125,False,False,DOWN,FLAT,FLAT,2
2015-05-06,FLAT,-0.00412530271224632,0.6064344048500061,True,0.006317795257917953,0.532011091709137,DOWN,0.45704421401023865,False,False,DOWN,FLAT,FLAT,2
2015-05-07,FLAT,0.0039816888570755144,0.6382266283035278,True,0.006353840208164253,0.5971324443817139,UP,0.5619780421257019,True,False,UP,UP,ABSTAIN,2
2015-05-08,UP,0.013080164912577465,0.6394219994544983,True,0.006338812391584539,0.5052431225776672,DOWN,0.5202580094337463,True,False,DOWN,DOWN,ABSTAIN,2
2015-05-11,FLAT,-0.004784105551113027,0.5332589149475098,True,0.006890478011724946,0.579001784324646,UP,0.5924862623214722,True,False,UP,UP,ABSTAIN,2
2015-05-12,FLAT,-0.0029958171116046452,0.5871250629425049,True,0.006900105933733232,0.5430659055709839,UP,0.44694432616233826,False,False,UP,FLAT,FLAT,2
2015-05-13,FLAT,0.0001905168811565613,0.6278727650642395,True,0.006929305182765224,0.5576707124710083,UP,0.5565142631530762,True,False,UP,UP,ABSTAIN,2
2015-05-14,UP,0.010373597439841523,0.6060071587562561,True,0.006853219468883337,0.5316504836082458,DOWN,0.5417284965515137,True,False,DOWN,DOWN,ABSTAIN,2
2015-05-15,FLAT,0.0010832249856105275,0.5105040073394775,False,0.007241307629906021,0.5723018050193787,UP,0.4130394756793976,False,False,FLAT,FLAT,FLAT,2
2015-05-18,FLAT,0.0031019606997134404,0.5222419500350952,True,0.006667174315532508,0.5168685913085938,DOWN,0.45459672808647156,False,False,DOWN,FLAT,FLAT,2
2015-05-19,FLAT,-0.00032857261420882785,0.5104829668998718,False,0.006417396377783127,0.4518817961215973,DOWN,0.42273497581481934,False,False,FLAT,FLAT,FLAT,2
2015-05-20,FLAT,-0.0007043455255603524,0.5298764705657959,True,0.006406408213171225,0.3080313801765442,DOWN,0.47781533002853394,False,False,DOWN,FLAT,FLAT,2
2015-05-21,FLAT,0.0029081830623212813,0.5276867747306824,True,0.006340320918580764,0.5455365180969238,UP,0.4664515256881714,False,False,UP,FLAT,FLAT,2
2015-05-22,FLAT,-0.002391590627457102,0.52773517370224,True,0.006347432109087718,0.5109359622001648,DOWN,0.4520730674266815,False,False,DOWN,FLAT,FLAT,2
2015-05-26,DOWN,-0.01080993571497929,0.5349288582801819,True,0.00636576669788753,0.6740328669548035,UP,0.5212991833686829,True,False,UP,UP,ABSTAIN,2
2015-05-27,UP,0.009447401532239053,0.5948860049247742,True,0.006772305986751018,0.6385815739631653,UP,0.4715801775455475,False,False,UP,FLAT,FLAT,2
2015-05-28,FLAT,-0.0011289409059975048,0.560545802116394,True,0.007066747594070952,0.5764515995979309,UP,0.5955089330673218,True,False,UP,UP,ABSTAIN,2
2015-05-29,DOWN,-0.00623234928167894,0.5739256739616394,True,0.006999574373324062,0.4813136160373688,DOWN,0.5053399205207825,True,False,DOWN,DOWN,ABSTAIN,2
2015-06-01,FLAT,0.0020345299428383883,0.6119297742843628,True,0.00674395571335458,0.5605698823928833,UP,0.557151734828949,True,False,UP,UP,ABSTAIN,2
2015-06-02,FLAT,-0.0009931039518940384,0.5982128381729126,True,0.0063218585020432564,0.5574642419815063,UP,0.5602037310600281,True,False,UP,UP,ABSTAIN,2
2015-06-03,FLAT,0.002645992661753648,0.6171063184738159,True,0.006295621155225182,0.5284055471420288,DOWN,0.5833388566970825,True,False,DOWN,DOWN,ABSTAIN,2
2015-06-04,DOWN,-0.008482426280820986,0.5861890316009521,True,0.005699034292691826,0.3469446003437042,DOWN,0.5352745056152344,True,False,DOWN,DOWN,ABSTAIN,2
2015-06-05,FLAT,-0.0017146972646251792,0.6330946683883667,True,0.005970713250404088,0.576774537563324,UP,0.42513054609298706,False,False,UP,FLAT,FLAT,2
2015-06-08,DOWN,-0.006168619894907657,0.6235189437866211,True,0.005931614526146994,0.4696446657180786,DOWN,0.6633606553077698,True,False,DOWN,DOWN,ABSTAIN,2
2015-06-09,FLAT,-0.00014390319658276506,0.6286519169807434,True,0.005257619602580731,0.48684629797935486,DOWN,0.4944847822189331,False,False,DOWN,FLAT,FLAT,2
2015-06-10,UP,0.011921934417045426,0.6344324350357056,True,0.00517179530004294,0.5553316473960876,UP,0.42692238092422485,False,False,UP,FLAT,FLAT,2
2015-06-11,FLAT,0.003218365841152159,0.5912665128707886,True,0.005829196270726591,0.5455018281936646,UP,0.5508571267127991,True,False,UP,UP,ABSTAIN,2
2015-06-12,DOWN,-0.007684367470106338,0.5803779363632202,True,0.005867298986464918,0.6456985473632812,UP,0.49195072054862976,False,False,UP,FLAT,FLAT,2
2015-06-15,FLAT,-0.004294690257143493,0.6401194334030151,True,0.005633558102303945,0.5582512617111206,UP,0.4841902256011963,False,False,UP,FLAT,FLAT,2
2015-06-16,UP,0.005436866635543014,0.6410095691680908,True,0.005681099714187995,0.5427212119102478,UP,0.49650105834007263,True,False,UP,UP,ABSTAIN,2
2015-06-17,FLAT,0.0016157989488703656,0.6177896857261658,True,0.005788267231586795,0.39275094866752625,DOWN,0.5294069647789001,True,False,DOWN,DOWN,ABSTAIN,2
2015-06-18,UP,0.010345664549366142,0.6264175772666931,True,0.005810645786820031,0.4786132276058197,DOWN,0.5742430686950684,True,False,DOWN,DOWN,ABSTAIN,2
2015-06-19,DOWN,-0.009301520060152167,0.5438249111175537,True,0.006302336739193541,0.4438417851924896,DOWN,0.513458788394928,True,False,DOWN,DOWN,ABSTAIN,2
2015-06-22,UP,0.0051100269172874,0.6111371517181396,True,0.006588277887396287,0.475681871175766,DOWN,0.618847668170929,True,False,DOWN,DOWN,ABSTAIN,2
2015-06-23,FLAT,0.0007076352479650247,0.5707847476005554,True,0.006695612879262036,0.4411049783229828,DOWN,0.5880520939826965,True,False,DOWN,DOWN,ABSTAIN,2
2015-06-24,DOWN,-0.0072892513339581156,0.5749428868293762,True,0.00621869205719548,0.6268952488899231,UP,0.6762344837188721,True,False,UP,UP,ABSTAIN,2
2015-06-25,FLAT,-0.0030450084842962195,0.6138352155685425,True,0.006049162031153915,0.6124303340911865,UP,0.5628944039344788,True,False,UP,UP,ABSTAIN,2
2015-06-26,FLAT,-0.00019058942764842233,0.6193203926086426,True,0.006074436173562236,0.525704026222229,DOWN,0.45615994930267334,False,False,DOWN,FLAT,FLAT,2
2015-06-29,DOWN,-0.021193400386544974,0.6186378598213196,True,0.0059288989754866335,0.5924098491668701,UP,0.5653994083404541,True,False,UP,UP,ABSTAIN,2
2015-06-30,FLAT,0.002091123042273471,0.5899006724357605,True,0.007509159360148181,0.6090602278709412,UP,0.6444109678268433,True,False,UP,UP,ABSTAIN,2
2015-07-01,UP,0.007983561804533027,0.6470754146575928,True,0.007551128115266113,0.6449517607688904,UP,0.6549410223960876,True,False,UP,UP,ABSTAIN,2
2015-07-02,FLAT,-0.0009160939023287139,0.6040446758270264,True,0.007789270299458846,0.615911066532135,UP,0.6696568727493286,True,False,UP,UP,ABSTAIN,2
2015-07-06,FLAT,-0.002850019269083222,0.6424232125282288,True,0.007590697360120822,0.6098152995109558,UP,0.619853675365448,True,False,UP,UP,ABSTAIN,2
2015-07-07,UP,0.006269022964348443,0.647925078868866,True,0.0076031124684754845,0.48116534948349,DOWN,0.5213164687156677,True,False,DOWN,DOWN,ABSTAIN,2
2015-07-08,DOWN,-0.0169195914419475,0.6275529265403748,True,0.007643607136308106,0.4393234848976135,DOWN,0.6259518265724182,True,False,DOWN,DOWN,ABSTAIN,2
2015-07-09,FLAT,0.0018073674353340466,0.5737848877906799,True,0.008517922482063978,0.5562088489532471,UP,0.6507325172424316,True,False,UP,UP,ABSTAIN,2
2015-07-10,UP,0.012512903433965095,0.6713871955871582,True,0.007997900601589267,0.5058557391166687,DOWN,0.5943521857261658,True,False,DOWN,DOWN,ABSTAIN,2
2015-07-13,UP,0.010976783887015968,0.5808293223381042,True,0.008535694666827642,0.43477100133895874,DOWN,0.7159937024116516,True,False,DOWN,DOWN,ABSTAIN,2
2015-07-14,FLAT,0.004328647072469884,0.5553741455078125,True,0.008781827915427132,0.4210178554058075,DOWN,0.7291101217269897,True,False,DOWN,DOWN,ABSTAIN,2
2015-07-15,FLAT,-0.0003322749991173715,0.5447381138801575,True,0.008774515292288492,0.6807892322540283,UP,0.5104339718818665,True,False,UP,UP,ABSTAIN,2
2015-07-16,UP,0.007992298232542884,0.5669350624084473,True,0.008693773537099297,0.3807017505168915,DOWN,0.704329252243042,True,False,DOWN,DOWN,ABSTAIN,2
2015-07-17,FLAT,0.0008474630965250066,0.5105130076408386,False,0.008868021861671812,0.5426508784294128,UP,0.3270832896232605,False,False,FLAT,FLAT,FLAT,2
2015-07-20,FLAT,0.0005175647063325456,0.5235376954078674,True,0.008556470364012454,0.375844806432724,DOWN,0.3667594790458679,False,False,DOWN,FLAT,FLAT,2
2015-07-21,FLAT,-0.003959077354646671,0.5201478004455566,True,0.008276042735305536,0.49970489740371704,DOWN,0.40762341022491455,False,False,DOWN,FLAT,FLAT,2
2015-07-22,FLAT,-0.0017962043362016416,0.5520498752593994,True,0.008253993372711025,0.579734206199646,UP,0.3328205943107605,False,False,UP,FLAT,FLAT,2
2015-07-23,DOWN,-0.0056458576058752,0.5578144788742065,True,0.008261153160831392,0.5217785239219666,DOWN,0.48310142755508423,False,False,DOWN,FLAT,FLAT,2
2015-07-24,DOWN,-0.010426191888768848,0.567481279373169,True,0.008194394626231711,0.6080668568611145,UP,0.5220317244529724,True,False,UP,UP,ABSTAIN,2
2015-07-27,DOWN,-0.005834326602727022,0.5738123655319214,True,0.008495820365938192,0.5548936128616333,UP,0.5144580006599426,True,False,UP,UP,ABSTAIN,2
2015-07-28,UP,0.012208209755053484,0.625744104385376,True,0.008580229387680337,0.4337207078933716,DOWN,0.41742026805877686,False,False,DOWN,FLAT,FLAT,2
2015-07-29,UP,0.006855548966037117,0.5835074186325073,True,0.007579300652538449,0.5741184949874878,UP,0.6920458674430847,True,False,UP,UP,ABSTAIN,2
2015-07-30,FLAT,0.000237211748935537,0.5575568675994873,True,0.007691339852275262,0.5573657751083374,UP,0.6031598448753357,True,False,UP,UP,ABSTAIN,2
2015-07-31,FLAT,-0.0015190704461810003,0.5732388496398926,True,0.007523971697010746,0.5479132533073425,UP,0.6095960140228271,True,False,UP,UP,ABSTAIN,2
2015-08-03,FLAT,-0.0033786547413504576,0.5703068971633911,True,0.007532386731602858,0.44670796394348145,DOWN,0.6397747993469238,True,False,DOWN,DOWN,ABSTAIN,2
2015-08-04,FLAT,-0.0019561921695385102,0.6059213876724243,True,0.007546648335060707,0.49122005701065063,DOWN,0.5410204529762268,True,False,DOWN,DOWN,ABSTAIN,2
2015-08-05,FLAT,0.0032900371616514136,0.6086016893386841,True,0.007452851365199338,0.33880168199539185,DOWN,0.5284978151321411,True,False,DOWN,DOWN,ABSTAIN,2
2015-08-06,DOWN,-0.008221456210205291,0.5842254757881165,True,0.006267356835416201,0.3993079960346222,DOWN,0.570967435836792,True,False,DOWN,DOWN,ABSTAIN,2
2015-08-07,FLAT,-0.0019217356495132233,0.6196128726005554,True,0.006619014047628844,0.5612569451332092,UP,0.5354947447776794,True,False,UP,UP,ABSTAIN,2
2015-08-10,UP,0.012520522679780615,0.6196535229682922,True,0.00604030326253284,0.36631566286087036,DOWN,0.5283927917480469,True,False,DOWN,DOWN,ABSTAIN,2
2015-08-11,DOWN,-0.009064126222849762,0.5541966557502747,True,0.006194332080278641,0.38346126675605774,DOWN,0.5731175541877747,True,False,DOWN,DOWN,ABSTAIN,2
2015-08-12,FLAT,0.0011973468333049738,0.6254959106445312,True,0.0064423599625427095,0.4540678858757019,DOWN,0.48753902316093445,False,False,DOWN,FLAT,FLAT,2
2015-08-13,FLAT,-0.001245244213287163,0.6264283061027527,True,0.006453267734720026,0.5022683143615723,DOWN,0.520764946937561,True,False,DOWN,DOWN,ABSTAIN,2
2015-08-14,FLAT,0.003635645525430537,0.6071242690086365,True,0.006143946167294474,0.4786635935306549,DOWN,0.5240041613578796,True,False,DOWN,DOWN,ABSTAIN,2
2015-08-17,UP,0.005571301686068404,0.5994177460670471,True,0.0062160504882009,0.5202249884605408,DOWN,0.5101369023323059,True,False,DOWN,DOWN,ABSTAIN,2
2015-08-18,FLAT,-0.0029008300621226205,0.5886020064353943,True,0.0063700445437939665,0.4694472849369049,DOWN,0.46306970715522766,False,False,DOWN,FLAT,FLAT,2
2015-08-19,DOWN,-0.007936873561101215,0.5992096662521362,True,0.006343901746286141,0.5344534516334534,DOWN,0.4801461696624756,False,False,DOWN,FLAT,FLAT,2
2015-08-20,DOWN,-0.021102463987507057,0.6193109154701233,True,0.006558980989520196,0.5337141156196594,DOWN,0.617948055267334,True,False,DOWN,DOWN,ABSTAIN,2
2015-08-21,DOWN,-0.030564844895498506,0.579062819480896,True,0.007935302790597848,0.464539498090744,DOWN,0.7165032625198364,True,False,DOWN,DOWN,ABSTAIN,2
2015-08-24,DOWN,-0.043019060773217356,0.5828679800033569,True,0.010107941261480468,0.5487369298934937,UP,0.5265247821807861,True,False,UP,UP,ABSTAIN,2
2015-08-25,DOWN,-0.011837575935620176,0.6543815732002258,True,0.013576870817888692,0.647738516330719,UP,0.6377182006835938,True,True,UP,UP,UP,2
2015-08-26,UP,0.03767507232034739,0.6506851315498352,True,0.013087800076373187,0.5623248219490051,UP,0.5147532820701599,True,True,UP,UP,UP,2
2015-08-27,UP,0.024434189577847116,0.615205705165863,True,0.016096171291548955,0.4261592924594879,DOWN,0.45479488372802734,False,True,DOWN,FLAT,FLAT,2
2015-08-28,FLAT,5.015434330204552e-05,0.5814425945281982,True,0.017298054949896714,0.38625895977020264,DOWN,0.5096007585525513,True,True,DOWN,DOWN,DOWN,2
2015-08-31,DOWN,-0.00811190049770867,0.6103792786598206,True,0.01730780909128341,0.571692943572998,UP,0.5225934386253357,True,True,UP,UP,UP,2
2015-09-01,DOWN,-0.03030220476613541,0.6259247660636902,True,0.01734933040251209,0.520855724811554,DOWN,0.5146574378013611,True,True,DOWN,DOWN,DOWN,2
2015-09-02,UP,0.01880317454798349,0.6087839603424072,True,0.018388392504360702,0.5749183893203735,UP,0.5800816416740417,True,True,UP,UP,UP,2
2015-09-03,FLAT,0.0007161826950495659,0.5553577542304993,True,0.01904498545070086,0.4666779041290283,DOWN,0.5439231395721436,True,True,DOWN,DOWN,DOWN,2
2015-09-04,DOWN,-0.015252558886480107,0.6113641262054443,True,0.01903611545957076,0.6622265577316284,UP,0.6488562226295471,True,True,UP,UP,UP,2
2015-09-08,UP,0.024820496117270316,0.600440502166748,True,0.01922257486902044,0.6126753687858582,UP,0.43835991621017456,False,True,UP,FLAT,FLAT,2
2015-09-09,DOWN,-0.013462033317038494,0.48085981607437134,False,0.019956204826681517,0.6819378137588501,UP,0.5246027708053589,False,True,FLAT,FLAT,FLAT,2
2015-09-10,FLAT,0.005427070554778015,0.6226494312286377,True,0.020047989085003534,0.6172812581062317,UP,0.6403268575668335,True,True,UP,UP,UP,2
2015-09-11,FLAT,0.004533996729467052,0.541149914264679,True,0.02012167518631872,0.4987061321735382,DOWN,0.5272776484489441,True,True,DOWN,DOWN,DOWN,2
2015-09-14,FLAT,-0.0037174376932770856,0.5521905422210693,True,0.02019305009862143,0.6935843229293823,UP,0.6132331490516663,True,True,UP,UP,UP,2
2015-09-15,UP,0.012421952003654629,0.6299493908882141,True,0.02013385616706142,0.7123828530311584,UP,0.6176314949989319,True,True,UP,UP,UP,2
2015-09-16,UP,0.008629322886787182,0.4715633988380432,False,0.020349996768400425,0.6754047274589539,UP,0.5999952554702759,False,True,FLAT,FLAT,FLAT,2
2015-09-17,FLAT,-0.002250492116810325,0.5068814754486084,False,0.020514605043545325,0.5834541320800781,UP,0.34266963601112366,False,True,FLAT,FLAT,FLAT,2
2015-09-18,DOWN,-0.021661856460941403,0.5130622982978821,True,0.020473042150207798,0.492911696434021,DOWN,0.4483329951763153,False,True,DOWN,FLAT,FLAT,2
2015-09-21,FLAT,0.00515430579598654,0.6433078646659851,True,0.020500724624167493,0.583267092704773,UP,0.5103875398635864,True,True,UP,UP,UP,2
2015-09-22,DOWN,-0.013064729640802282,0.6162635684013367,True,0.01942094158068691,0.5527358055114746,UP,0.6475229263305664,True,True,UP,UP,UP,2
2015-09-23,FLAT,-0.0015999464112404114,0.5575927495956421,True,0.01695549408122128,0.46225348114967346,DOWN,0.641962468624115,True,True,DOWN,DOWN,DOWN,2
2015-09-24,FLAT,-0.003622318098044462,0.6449332237243652,True,0.016695297454476177,0.4775710999965668,DOWN,0.6606682538986206,True,True,DOWN,DOWN,DOWN,2
2015-09-25,FLAT,-0.0002591719675881542,0.583371639251709,True,0.014403300957068262,0.536828875541687,DOWN,0.7400735020637512,True,True,DOWN,DOWN,DOWN,2
2015-09-28,DOWN,-0.025417592615977622,0.671485960483551,True,0.01316755650057169,0.4494752585887909,DOWN,0.6767240166664124,True,True,DOWN,DOWN,DOWN,2
2015-09-29,FLAT,0.0005849074337178979,0.6259496808052063,True,0.014187699952626103,0.5969274640083313,UP,0.5248991250991821,True,True,UP,UP,UP,2
2015-09-30,UP,0.01848642383981401,0.6154351830482483,True,0.014153133081647413,0.6628783941268921,UP,0.5434396862983704,True,True,UP,UP,UP,2
2015-10-01,FLAT,0.0026057966968957543,0.561199963092804,True,0.013282390731373,0.588860273361206,UP,0.5686612725257874,True,True,UP,UP,UP,2
2015-10-02,UP,0.014827306906029528,0.5707505941390991,True,0.012546642067430757,0.5777981281280518,UP,0.605856716632843,True,False,UP,UP,ABSTAIN,2
2015-10-05,UP,0.017638402790987828,0.4599810838699341,False,0.013026719707215138,0.4870385527610779,DOWN,0.45393675565719604,False,True,FLAT,FLAT,FLAT,2
2015-10-06,FLAT,-0.0034321335058390325,0.41312655806541443,False,0.013094512638648265,0.3916313052177429,DOWN,0.193370059132576,False,True,FLAT,FLAT,FLAT,2
2015-10-07,FLAT,0.008157197237427178,0.5358710289001465,True,0.011917786399523872,0.3560250401496887,DOWN,0.3574180006980896,False,False,DOWN,FLAT,FLAT,2
2015-10-08,UP,0.008986147060895028,0.43468284606933594,False,0.011600010106798838,0.49897998571395874,DOWN,0.272659569978714,False,False,FLAT,FLAT,FLAT,2
2015-10-09,FLAT,0.0005961897858329525,0.4069543182849884,False,0.01169562674723471,0.45333024859428406,DOWN,0.2485383301973343,False,False,FLAT,FLAT,FLAT,2
2015-10-12,FLAT,0.0009432913124797186,0.451698362827301,False,0.011672326980235102,0.5334311127662659,DOWN,0.27694401144981384,False,False,FLAT,FLAT,FLAT,2
2015-10-13,FLAT,-0.006322067297061622,0.45473989844322205,False,0.011616360423732793,0.5226789116859436,DOWN,0.26438215374946594,False,False,FLAT,FLAT,FLAT,2
2015-10-14,FLAT,-0.004805569292141318,0.4679095149040222,False,0.011433831473084218,0.39667919278144836,DOWN,0.29345256090164185,False,False,FLAT,FLAT,FLAT,2
2015-10-15,UP,0.015237884828707922,0.47302570939064026,False,0.011322042253440313,0.43858855962753296,DOWN,0.3357579708099365,False,False,FLAT,FLAT,FLAT,2
2015-10-16,FLAT,0.004536264104484977,0.382966011762619,False,0.01182150824977433,0.39087042212486267,DOWN,0.3691107928752899,False,False,FLAT,FLAT,FLAT,2
2015-10-19,FLAT,0.0004917905119611764,0.4000664949417114,False,0.010608078008080184,0.5757809281349182,UP,0.3230448365211487,False,False,FLAT,FLAT,FLAT,2
2015-10-20,FLAT,-0.001279248893057329,0.44471314549446106,False,0.010585427969818399,0.3592442572116852,DOWN,0.25197741389274597,False,False,FLAT,FLAT,FLAT,2
2015-10-21,FLAT,-0.0062228296715968155,0.4418427050113678,False,0.010032155468176358,0.4076594412326813,DOWN,0.28998249769210815,False,False,FLAT,FLAT,FLAT,2
2015-10-22,UP,0.01675256391876057,0.4504660367965698,False,0.010179346113367651,0.4796984791755676,DOWN,0.4367621839046478,False,False,FLAT,FLAT,FLAT,2
2015-10-23,UP,0.010902063353210822,0.3898775279521942,False,0.010589238149264336,0.3853488862514496,DOWN,0.31831541657447815,False,False,FLAT,FLAT,FLAT,2
2015-10-26,FLAT,-0.0024607115434295357,0.37323030829429626,False,0.010696160192052382,0.39878368377685547,DOWN,0.2993006706237793,False,False,FLAT,FLAT,FLAT,2
2015-10-27,FLAT,-0.001934207037161375,0.43867984414100647,False,0.008395492169758921,0.44464194774627686,DOWN,0.33106738328933716,False,False,FLAT,FLAT,FLAT,2
2015-10-28,UP,0.011310388060510447,0.44407033920288086,False,0.008480699678792102,0.28915074467658997,DOWN,0.34052833914756775,False,False,FLAT,FLAT,FLAT,2
2015-10-29,FLAT,-0.0005744416718742212,0.39953896403312683,False,0.008004498850243779,0.4213689863681793,DOWN,0.32052743434906006,False,False,FLAT,FLAT,FLAT,2
2015-10-30,FLAT,-0.004319083243286122,0.4275800287723541,False,0.008071784116838867,0.5323143601417542,DOWN,0.2586234509944916,False,False,FLAT,FLAT,FLAT,2
2015-11-02,UP,0.011761498942322644,0.4508676528930664,False,0.00787393563563846,0.5663079619407654,UP,0.29968205094337463,False,False,FLAT,FLAT,FLAT,2
2015-11-03,FLAT,0.0028951851601861857,0.41810864210128784,False,0.00740270904829104,0.44889843463897705,DOWN,0.2809489965438843,False,False,FLAT,FLAT,FLAT,2
2015-11-04,FLAT,-0.003037781853460959,0.42990225553512573,False,0.007250766400815284,0.47407975792884827,DOWN,0.23358944058418274,False,False,FLAT,FLAT,FLAT,2
2015-11-05,FLAT,-0.0009988192150948924,0.4427621364593506,False,0.007282634895958042,0.3982824683189392,DOWN,0.2985166609287262,False,False,FLAT,FLAT,FLAT,2
2015-11-06,FLAT,-0.0005235756025601468,0.4651584029197693,False,0.007168415493433328,0.6250182390213013,UP,0.2719908654689789,False,False,FLAT,FLAT,FLAT,2
2015-11-09,DOWN,-0.009375326864791323,0.4936531186103821,False,0.00718573628394306,0.43059414625167847,DOWN,0.25711703300476074,False,False,FLAT,FLAT,FLAT,2
2015-11-10,FLAT,0.0023041279790732326,0.5327621102333069,True,0.007631122562459126,0.6505574584007263,UP,0.43273091316223145,False,False,UP,FLAT,FLAT,2
2015-11-11,FLAT,-0.00393943367707168,0.5558135509490967,True,0.0073999764382503665,0.5734630227088928,UP,0.4969600439071655,True,False,UP,UP,ABSTAIN,2
2015-11-12,DOWN,-0.014058155525712998,0.552475094795227,True,0.0073602766826925585,0.44374242424964905,DOWN,0.4860494136810303,False,False,DOWN,FLAT,FLAT,2
2015-11-13,DOWN,-0.01129180396066122,0.5337364077568054,True,0.007516582111222356,0.5693756341934204,UP,0.3304278552532196,False,False,UP,FLAT,FLAT,2
2015-11-16,UP,0.015092416612007657,0.5985363721847534,True,0.007904828750787326,0.5368776917457581,DOWN,0.38975492119789124,False,False,DOWN,FLAT,FLAT,2
2015-11-17,FLAT,-0.0007297375488420926,0.642086923122406,True,0.008612638557861419,0.6278414130210876,UP,0.5528799295425415,True,False,UP,UP,ABSTAIN,2
2015-11-18,UP,0.015741486470022985,0.6562498807907104,True,0.008607370277948667,0.5972050428390503,UP,0.5915961861610413,True,False,UP,UP,ABSTAIN,2
2015-11-19,FLAT,-0.0008626950128019091,0.548079252243042,True,0.009082154131127364,0.5307205319404602,DOWN,0.5553296804428101,True,False,DOWN,DOWN,ABSTAIN,2
2015-11-20,FLAT,0.003637559679012878,0.5670163035392761,True,0.00836926198945948,0.45445510745048523,DOWN,0.6411032676696777,True,False,DOWN,DOWN,ABSTAIN,2
2015-11-23,FLAT,-0.0011472358042738835,0.5315314531326294,True,0.008059437607644583,0.5616203546524048,UP,0.5831879377365112,True,False,UP,UP,ABSTAIN,2
2015-11-24,FLAT,0.001338362468840361,0.553901731967926,True,0.00803995453534105,0.5262377262115479,DOWN,0.5526738166809082,True,False,DOWN,DOWN,ABSTAIN,2
2015-11-25,FLAT,-0.00014330512521115962,0.5612720847129822,True,0.00802113902843581,0.6351532936096191,UP,0.5625367164611816,True,False,UP,UP,ABSTAIN,2
2015-11-27,FLAT,0.0011458663953237897,0.5561793446540833,True,0.007619629094976748,0.6507033109664917,UP,0.6448560953140259,True,False,UP,UP,ABSTAIN,2
2015-11-30,FLAT,-0.004160173924404083,0.5300644636154175,True,0.007621461707989313,0.4648062288761139,DOWN,0.5493414998054504,True,False,DOWN,DOWN,ABSTAIN,2
2015-12-01,UP,0.009490450885066217,0.5689306855201721,True,0.007616611848505754,0.44866207242012024,DOWN,0.6522882580757141,True,False,DOWN,DOWN,ABSTAIN,2
2015-12-02,DOWN,-0.010257449923871885,0.4882163405418396,False,0.0074500061650969295,0.4846023917198181,DOWN,0.3441818654537201,False,False,FLAT,FLAT,FLAT,2
2015-12-03,DOWN,-0.014101736427653467,0.5697197318077087,True,0.007761390596419184,0.4924231767654419,DOWN,0.4884398281574249,False,False,DOWN,FLAT,FLAT,2
2015-12-04,UP,0.01931517094939084,0.5550954341888428,True,0.008319370988093601,0.5980793833732605,UP,0.5285013318061829,True,False,UP,UP,ABSTAIN,2
2015-12-07,FLAT,-0.006076957285399038,0.5561286807060242,True,0.00949478389280281,0.4948236048221588,DOWN,0.5226619243621826,True,False,DOWN,DOWN,ABSTAIN,2
2015-12-08,FLAT,-0.006742183714605439,0.6079195737838745,True,0.009587762059891878,0.5421006083488464,UP,0.5450514554977417,True,False,UP,UP,ABSTAIN,2
2015-12-09,FLAT,-0.00781007941193869,0.6324499845504761,True,0.009475506550364157,0.5855662822723389,UP,0.6372930407524109,True,False,UP,UP,ABSTAIN,2
2015-12-10,FLAT,0.002577753866826495,0.6293367743492126,True,0.009599849563421841,0.49958038330078125,DOWN,0.5941886305809021,True,False,DOWN,DOWN,ABSTAIN,2
2015-12-11,DOWN,-0.01957139224450698,0.6865576505661011,True,0.009597498624249374,0.5893326997756958,UP,0.6209613680839539,True,False,UP,UP,ABSTAIN,2
2015-12-14,FLAT,0.005039731091601978,0.5937159657478333,True,0.010076105583680103,0.38617315888404846,DOWN,0.5911498069763184,True,False,DOWN,DOWN,ABSTAIN,2
2015-12-15,UP,0.010443087190806444,0.6959992051124573,True,0.009833776210682776,0.537051260471344,DOWN,0.7095080614089966,True,False,DOWN,DOWN,ABSTAIN,2
2015-12-16,UP,0.014525990261195328,0.6216526031494141,True,0.009510055084371073,0.5554994940757751,UP,0.7034440040588379,True,False,UP,UP,ABSTAIN,2
2015-12-17,DOWN,-0.015355472214624757,0.5565291047096252,True,0.010056682826605764,0.48192065954208374,DOWN,0.6082121729850769,True,False,DOWN,DOWN,ABSTAIN,2
2015-12-18,DOWN,-0.023909439079209505,0.622896671295166,True,0.009999343772047404,0.5595082640647888,UP,0.6604346036911011,True,False,UP,UP,ABSTAIN,2
2015-12-21,FLAT,0.008215306163752094,0.6142727136611938,True,0.011241321204669965,0.59867924451828,UP,0.5149926543235779,True,False,UP,UP,ABSTAIN,2
2015-12-22,FLAT,0.009033315810359144,0.6074500679969788,True,0.01140938604161162,0.5710527300834656,UP,0.6168191432952881,True,False,UP,UP,ABSTAIN,2
2015-12-23,UP,0.012307267310985573,0.5644287467002869,True,0.01166701430656104,0.6096531748771667,UP,0.5865124464035034,True,False,UP,UP,ABSTAIN,2
2015-12-24,FLAT,-0.0016517448457780042,0.5285965204238892,True,0.0120515264541258,0.5120834112167358,DOWN,0.5807660222053528,True,False,DOWN,DOWN,ABSTAIN,2
2015-12-28,FLAT,-0.0022876495781282502,0.5990062952041626,True,0.012051909202105512,0.4516737759113312,DOWN,0.5493943095207214,True,False,DOWN,DOWN,ABSTAIN,2
2015-12-29,UP,0.010615388596981797,0.6048548817634583,True,0.012046028744513474,0.5345982909202576,DOWN,0.5372987389564514,True,False,DOWN,DOWN,ABSTAIN,2
2015-12-30,FLAT,-0.007112996716000444,0.5106507539749146,False,0.012295669863332333,0.5593449473381042,UP,0.4578830897808075,False,False,FLAT,FLAT,FLAT,2
2015-12-31,DOWN,-0.010053757792281173,0.6149459481239319,True,0.01215889015579461,0.5902372598648071,UP,0.5524764657020569,True,False,UP,UP,ABSTAIN,2
2016-01-04,DOWN,-0.014078085007925907,0.5800412893295288,True,0.012150934077692119,0.5687580704689026,UP,0.5554001331329346,True,False,UP,UP,ABSTAIN,2
2016-01-05,FLAT,0.001689927007703208,0.5488244295120239,True,0.012149606258822462,0.5149246454238892,DOWN,0.4799770712852478,False,False,DOWN,FLAT,FLAT,2
2016-01-06,DOWN,-0.012694424235767466,0.6008192896842957,True,0.01118998896858016,0.6464758515357971,UP,0.664990246295929,True,False,UP,UP,ABSTAIN,2
2016-01-07,DOWN,-0.02428405608086669,0.560695230960846,True,0.011412198294166422,0.45754513144493103,DOWN,0.5438947081565857,True,False,DOWN,DOWN,ABSTAIN,2
2016-01-08,DOWN,-0.011037264550851656,0.5922870635986328,True,0.01239963816863898,0.5011175870895386,DOWN,0.6679465174674988,True,False,DOWN,DOWN,ABSTAIN,2
2016-01-11,FLAT,0.00098951882672483,0.6350309252738953,True,0.012483256253160335,0.6063855886459351,UP,0.5167133808135986,True,False,UP,UP,ABSTAIN,2
2016-01-12,UP,0.008035935275933019,0.6158926486968994,True,0.012448368335590756,0.646541953086853,UP,0.6301453113555908,True,False,UP,UP,ABSTAIN,2
2016-01-13,DOWN,-0.025256914003050034,0.601144552230835,True,0.01209324031394081,0.47741931676864624,DOWN,0.6335245370864868,True,False,DOWN,DOWN,ABSTAIN,2
2016-01-14,UP,0.016283534966571953,0.6156713962554932,True,0.013016911753926438,0.6364750266075134,UP,0.512527346611023,True,True,UP,UP,UP,2
2016-01-15,DOWN,-0.02169988356339567,0.5864096283912659,True,0.013408015555323578,0.5286595225334167,DOWN,0.5399611592292786,True,True,DOWN,DOWN,DOWN,2
2016-01-19,FLAT,0.0013302473733657163,0.6012665629386902,True,0.013319562227813227,0.5146714448928833,DOWN,0.47042879462242126,False,True,DOWN,FLAT,FLAT,2
2016-01-20,DOWN,-0.012897900120246417,0.611749529838562,True,0.013165897665142126,0.5237037539482117,DOWN,0.6219897270202637,True,True,DOWN,DOWN,DOWN,2
2016-01-21,FLAT,0.00558635257993934,0.6033434271812439,True,0.0125159462533048,0.5832931995391846,UP,0.4509061872959137,False,False,UP,FLAT,FLAT,2
2016-01-22,UP,0.02030769803135791,0.5958552956581116,True,0.012397155550793564,0.6261425614356995,UP,0.6113613843917847,True,False,UP,UP,ABSTAIN,2
2016-01-25,DOWN,-0.015231968150443788,0.5111762285232544,True,0.013241810470976943,0.38614171743392944,DOWN,0.5660427808761597,True,True,DOWN,DOWN,DOWN,2
2016-01-26,UP,0.013550903858818436,0.6147679090499878,True,0.012962864130462241,0.580568790435791,UP,0.5145717263221741,True,True,UP,UP,UP,2
2016-01-27,DOWN,-0.010942894888797574,0.5220232605934143,True,0.013580344864720519,0.5910163521766663,UP,0.5671986937522888,True,True,UP,UP,UP,2
2016-01-28,FLAT,0.0051956203891779336,0.6162613034248352,True,0.01366350152260716,0.4900287389755249,DOWN,0.5489469170570374,True,True,DOWN,DOWN,DOWN,2
2016-01-29,UP,0.024084964269730853,0.583017885684967,True,0.013402425886602665,0.4194583296775818,DOWN,0.5078102350234985,True,True,DOWN,DOWN,DOWN,2
2016-02-01,FLAT,-0.00036144939393017284,0.3887915015220642,False,0.014835450716609641,0.5875021815299988,UP,0.5370312929153442,False,True,FLAT,FLAT,FLAT,2
2016-02-02,DOWN,-0.01818653213249616,0.5611037015914917,True,0.014752909933543298,0.6035479307174683,UP,0.45592713356018066,False,True,UP,FLAT,FLAT,2
2016-02-03,FLAT,0.005977050088959229,0.5693688988685608,True,0.014948864391381647,0.5605705976486206,UP,0.5471425652503967,True,True,UP,UP,UP,2
2016-02-04,FLAT,0.0015670049933292577,0.6394377946853638,True,0.015046704068672161,0.45760494470596313,DOWN,0.5395352244377136,True,True,DOWN,DOWN,DOWN,2
2016-02-05,DOWN,-0.019233943619154967,0.6499598026275635,True,0.014878264528306973,0.3418629765510559,DOWN,0.5207741856575012,True,True,DOWN,DOWN,DOWN,2
2016-02-08,DOWN,-0.013552441469451462,0.6373629570007324,True,0.01451592004444213,0.5209360122680664,DOWN,0.5268888473510742,True,True,DOWN,DOWN,DOWN,2
2016-02-09,FLAT,5.390053706405582e-05,0.5842342972755432,True,0.014612583726955796,0.5931758284568787,UP,0.48076197504997253,False,True,UP,FLAT,FLAT,2
2016-02-10,FLAT,-0.0008631692180783777,0.5853553414344788,True,0.014604939263978624,0.3754864037036896,DOWN,0.6744545102119446,True,True,DOWN,DOWN,DOWN,2
2016-02-11,DOWN,-0.013093407548559899,0.631040096282959,True,0.01442493327981708,0.6224306225776672,UP,0.5316715836524963,True,True,UP,UP,UP,2
2016-02-12,UP,0.02040723728401265,0.5993001461029053,True,0.013637207857314015,0.4503082036972046,DOWN,0.4533950388431549,False,True,DOWN,FLAT,FLAT,2
2016-02-16,UP,0.016737426755310383,0.5605177283287048,True,0.013949523357995588,0.5421786904335022,UP,0.5031890869140625,True,True,UP,UP,UP,2
2016-02-17,UP,0.016202759074790542,0.4611626863479614,False,0.013650167738711059,0.5383663773536682,DOWN,0.44090205430984497,False,True,FLAT,FLAT,FLAT,2
2016-02-18,FLAT,-0.004104266053931545,0.3663848340511322,False,0.014094410520953506,0.44200947880744934,DOWN,0.26829299330711365,False,True,FLAT,FLAT,FLAT,2
2016-02-19,FLAT,-0.00046862110648894636,0.5399940609931946,True,0.013762581397044543,0.4326985776424408,DOWN,0.4770612120628357,False,True,DOWN,FLAT,FLAT,2
2016-02-22,UP,0.014375338238185034,0.5110990405082703,True,0.013739285576544162,0.5096482634544373,DOWN,0.34100595116615295,False,True,DOWN,FLAT,FLAT,2
2016-02-23,DOWN,-0.012710020835624369,0.3977031111717224,False,0.013368693438070267,0.6262638568878174,UP,0.264180064201355,False,True,FLAT,FLAT,FLAT,2
2016-02-24,FLAT,0.0045652165522275185,0.5581699013710022,True,0.013217520617837285,0.6235612630844116,UP,0.5465409755706787,True,True,UP,UP,UP,2
2016-02-25,UP,0.01203902175994836,0.5225245952606201,True,0.012926244021692365,0.5871380567550659,UP,0.41352277994155884,False,True,UP,FLAT,FLAT,2
2016-02-26,FLAT,-0.0023039559647323607,0.4072956442832947,False,0.012850321319001259,0.5491241812705994,UP,0.24115340411663055,False,True,FLAT,FLAT,FLAT,2
2016-02-29,FLAT,-0.007873442465843388,0.4804385304450989,False,0.012859479590481001,0.4101565480232239,DOWN,0.32537126541137695,False,True,FLAT,FLAT,FLAT,2
2016-03-01,UP,0.023234905755165118,0.48792746663093567,False,0.011859462058925739,0.6364122033119202,UP,0.35314881801605225,False,False,FLAT,FLAT,FLAT,2
2016-03-02,FLAT,0.004482389657385098,0.3745211362838745,False,0.01294955906807053,0.49017247557640076,DOWN,0.33152154088020325,False,True,FLAT,FLAT,FLAT,2
2016-03-03,FLAT,0.003911930269274466,0.42102116346359253,False,0.01213555262772412,0.37310516834259033,DOWN,0.25666528940200806,False,False,FLAT,FLAT,FLAT,2
2016-03-04,FLAT,0.003248267069200911,0.4293908476829529,False,0.012111129381502309,0.49408048391342163,DOWN,0.26000651717185974,False,False,FLAT,FLAT,FLAT,2
2016-03-07,FLAT,0.0007979835169487722,0.43903133273124695,False,0.012112567988366364,0.43613100051879883,DOWN,0.26642560958862305,False,False,FLAT,FLAT,FLAT,2
2016-03-08,DOWN,-0.010977841492832026,0.46028634905815125,False,0.011021381014911506,0.39127233624458313,DOWN,0.37034371495246887,False,False,FLAT,FLAT,FLAT,2
2016-03-09,FLAT,0.004927411997454838,0.48698288202285767,False,0.010828086149702099,0.4988647401332855,DOWN,0.4473476707935333,False,False,FLAT,FLAT,FLAT,2
2016-03-10,FLAT,0.0008021077540981509,0.4402022361755371,False,0.010804033087425533,0.5415894985198975,UP,0.3248470425605774,False,False,FLAT,FLAT,FLAT,2
2016-03-11,UP,0.016008302673559786,0.46409058570861816,False,0.01077398434047613,0.44510361552238464,DOWN,0.3992467224597931,False,False,FLAT,FLAT,FLAT,2
2016-03-14,FLAT,-0.001283099965603017,0.38364744186401367,False,0.010341645543037533,0.3991972506046295,DOWN,0.2608182430267334,False,False,FLAT,FLAT,FLAT,2
2016-03-15,FLAT,-0.00163096797736353,0.45836159586906433,False,0.009781228912768732,0.4352036118507385,DOWN,0.3167274296283722,False,False,FLAT,FLAT,FLAT,2
2016-03-16,FLAT,0.005770518268001061,0.47803938388824463,False,0.009384569775872759,0.32305648922920227,DOWN,0.3024764358997345,False,False,FLAT,FLAT,FLAT,2
2016-03-17,FLAT,0.006324057359171008,0.4721222221851349,False,0.008898958548755538,0.41132548451423645,DOWN,0.30857378244400024,False,False,FLAT,FLAT,FLAT,2
2016-03-18,FLAT,-0.0012224641214868177,0.4324774146080017,False,0.008787778004712428,0.45629820227622986,DOWN,0.31402358412742615,False,False,FLAT,FLAT,FLAT,2
2016-03-21,FLAT,0.001417886970066765,0.4570537209510803,False,0.008805768047972335,0.3763613998889923,DOWN,0.42468851804733276,False,False,FLAT,FLAT,FLAT,2
2016-03-22,FLAT,-0.0005375979969664496,0.46044784784317017,False,0.008401817570022077,0.49739909172058105,DOWN,0.2979738116264343,False,False,FLAT,FLAT,FLAT,2
2016-03-23,FLAT,-0.006621358917105653,0.48931893706321716,False,0.00765117256806335,0.3327142894268036,DOWN,0.29423457384109497,False,False,FLAT,FLAT,FLAT,2
2016-03-24,FLAT,-0.00044304677354087214,0.5144277811050415,True,0.007940683004017696,0.5277000665664673,DOWN,0.34137341380119324,False,False,DOWN,FLAT,FLAT,2
2016-03-28,FLAT,0.0005906603961285388,0.5474339723587036,True,0.007638388563789973,0.6079714894294739,UP,0.3284197151660919,False,False,UP,FLAT,FLAT,2
2016-03-29,UP,0.00920757617414379,0.524836540222168,True,0.007581721589037727,0.6137874126434326,UP,0.5729299187660217,True,False,UP,UP,ABSTAIN,2
2016-03-30,FLAT,0.004378122265993535,0.5153712034225464,True,0.007364427446029504,0.51470547914505,DOWN,0.37784552574157715,False,False,DOWN,FLAT,FLAT,2
2016-03-31,FLAT,-0.0024298986034664554,0.45132875442504883,False,0.005625940621998269,0.5236592888832092,DOWN,0.37486016750335693,False,False,FLAT,FLAT,FLAT,2
2016-04-01,FLAT,0.006788862696050751,0.49488747119903564,False,0.005674776789871478,0.5568116307258606,UP,0.3692469894886017,False,False,FLAT,FLAT,FLAT,2
2016-04-04,FLAT,-0.0032432110714291375,0.5031008124351501,False,0.0057717804845954495,0.5379328727722168,DOWN,0.3126504421234131,False,False,FLAT,FLAT,FLAT,2
2016-04-05,DOWN,-0.010038080323305401,0.499921590089798,False,0.005865200233868355,0.49010708928108215,DOWN,0.3619441092014313,False,False,FLAT,FLAT,FLAT,2
2016-04-06,UP,0.010861974375772835,0.5818002820014954,True,0.006402644681124906,0.6207858920097351,UP,0.45938676595687866,False,False,UP,FLAT,FLAT,2
2016-04-07,DOWN,-0.012038068466954956,0.5209537744522095,True,0.006128687474564613,0.43595626950263977,DOWN,0.34223470091819763,False,False,DOWN,FLAT,FLAT,2
2016-04-08,FLAT,0.0026931246825536883,0.594822108745575,True,0.006833085573903998,0.6096630692481995,UP,0.46206989884376526,False,False,UP,FLAT,FLAT,2
2016-04-11,FLAT,-0.0023499262871009264,0.5907868146896362,True,0.006841342522482172,0.6028410196304321,UP,0.5386644005775452,True,False,UP,UP,ABSTAIN,2
2016-04-12,UP,0.009269685759992688,0.6104074716567993,True,0.0059238858521674445,0.6960051655769348,UP,0.6262575387954712,True,False,UP,UP,ABSTAIN,2
2016-04-13,UP,0.010050344745569607,0.5490077137947083,True,0.006236274172485665,0.4152544438838959,DOWN,0.5393651723861694,True,False,DOWN,DOWN,ABSTAIN,2
2016-04-14,FLAT,4.804935924526134e-05,0.44620364904403687,False,0.0065328893812225935,0.48377376794815063,DOWN,0.3870091140270233,False,False,FLAT,FLAT,FLAT,2
2016-04-15,FLAT,-0.001106307293156729,0.4762933552265167,False,0.006457263653337557,0.5953192114830017,UP,0.33818039298057556,False,False,FLAT,FLAT,FLAT,2
2016-04-18,FLAT,0.007002122987938071,0.4868352711200714,False,0.006355976974113683,0.5269452929496765,DOWN,0.3837618827819824,False,False,FLAT,FLAT,FLAT,2
2016-04-19,FLAT,0.0031492529930353965,0.46636632084846497,False,0.006485446825842101,0.6579127311706543,UP,0.29338160157203674,False,False,FLAT,FLAT,FLAT,2
2016-04-20,FLAT,0.0009524391531007965,0.4432196617126465,False,0.006500396874952802,0.6036324501037598,UP,0.37777313590049744,False,False,FLAT,FLAT,FLAT,2
2016-04-21,FLAT,-0.0053929300679508956,0.4563988447189331,False,0.006487215953589905,0.4479670524597168,DOWN,0.41069331765174866,False,False,FLAT,FLAT,FLAT,2
2016-04-22,FLAT,0.0,0.5067737102508545,False,0.006413302983732005,0.4581010937690735,DOWN,0.3887273967266083,False,False,FLAT,FLAT,FLAT,2
2016-04-25,FLAT,-0.0017242238515329578,0.5248457193374634,True,0.006407373196402568,0.5517125129699707,UP,0.5435090661048889,True,False,UP,UP,ABSTAIN,2
2016-04-26,FLAT,0.0014849118217189086,0.5377684831619263,True,0.0064439411058563245,0.5647040009498596,UP,0.5313482880592346,True,False,UP,UP,ABSTAIN,2
2016-04-27,FLAT,0.0020561268160365796,0.5178312659263611,True,0.006171012693846452,0.5151243209838867,DOWN,0.539336085319519,True,False,DOWN,DOWN,ABSTAIN,2
2016-04-28,DOWN,-0.009117189551687043,0.5213262438774109,True,0.006124149724685208,0.517531156539917,DOWN,0.43458959460258484,False,False,DOWN,FLAT,FLAT,2
2016-04-29,FLAT,-0.005413494396528191,0.5891410112380981,True,0.006481976231093295,0.47263917326927185,DOWN,0.4686048626899719,False,False,DOWN,FLAT,FLAT,2
2016-05-02,UP,0.007917006727903951,0.6181285977363586,True,0.00642970975362383,0.43996694684028625,DOWN,0.5411232113838196,True,False,DOWN,DOWN,ABSTAIN,2
2016-05-03,DOWN,-0.008741260291898584,0.5924435257911682,True,0.006627700737514076,0.5974040627479553,UP,0.5191529393196106,True,False,UP,UP,ABSTAIN,2
2016-05-04,FLAT,-0.005593852465674445,0.6196685433387756,True,0.006525607156551795,0.4333091974258423,DOWN,0.42283371090888977,False,False,DOWN,FLAT,FLAT,2
2016-05-05,FLAT,-0.00019509872031052427,0.6476975083351135,True,0.006175745017577407,0.3821491301059723,DOWN,0.40051236748695374,False,False,DOWN,FLAT,FLAT,2
2016-05-06,FLAT,0.003652393918966363,0.6394439339637756,True,0.005529272684937948,0.5717760920524597,UP,0.6393150091171265,True,False,UP,UP,ABSTAIN,2
2016-05-09,FLAT,0.0008260157836741845,0.6344011425971985,True,0.005555683502656655,0.3858509063720703,DOWN,0.517935037612915,True,False,DOWN,DOWN,ABSTAIN,2
2016-05-10,UP,0.012357147062368385,0.6158043146133423,True,0.005521315231926486,0.4762241244316101,DOWN,0.4993480145931244,True,False,DOWN,DOWN,ABSTAIN,2
2016-05-11,DOWN,-0.009398777285479427,0.535731315612793,True,0.005816002908580526,0.45281538367271423,DOWN,0.5411983728408813,True,False,DOWN,DOWN,ABSTAIN,2
2016-05-12,FLAT,0.0002905028778884563,0.6264920234680176,True,0.005780440165864583,0.4857363700866699,DOWN,0.46792951226234436,False,False,DOWN,FLAT,FLAT,2
2016-05-13,DOWN,-0.008752380516923645,0.6108872890472412,True,0.005781599239227774,0.580360472202301,UP,0.524501621723175,True,False,UP,UP,ABSTAIN,2
2016-05-16,UP,0.00981688549310407,0.6183562278747559,True,0.006079384668125397,0.5638455152511597,UP,0.47762325406074524,False,False,UP,FLAT,FLAT,2
2016-05-17,DOWN,-0.009377386467228545,0.5896188616752625,True,0.0062965570606199305,0.35161077976226807,DOWN,0.5318186283111572,True,False,DOWN,DOWN,ABSTAIN,2
2016-05-18,FLAT,0.0002928424326074842,0.6218987107276917,True,0.006523814965672326,0.4800370931625366,DOWN,0.4507794976234436,False,False,DOWN,FLAT,FLAT,2
2016-05-19,FLAT,-0.0034709854349154676,0.635262668132782,True,0.006513926815800011,0.4245893359184265,DOWN,0.6320352554321289,True,False,DOWN,DOWN,ABSTAIN,2
2016-05-20,FLAT,0.006297506898184872,0.6296793818473816,True,0.006463583307953101,0.4884730875492096,DOWN,0.5625458359718323,True,False,DOWN,DOWN,ABSTAIN,2
2016-05-23,FLAT,-0.0013635199140756289,0.5867136716842651,True,0.0066727939197312475,0.4514431357383728,DOWN,0.6257640719413757,True,False,DOWN,DOWN,ABSTAIN,2
2016-05-24,UP,0.012878983047929088,0.5987863540649414,True,0.006670764454659913,0.5892301201820374,UP,0.5641161799430847,True,False,UP,UP,ABSTAIN,2
2016-05-25,UP,0.006760201618305196,0.537675678730011,True,0.007331899644268165,0.45761069655418396,DOWN,0.638966977596283,True,False,DOWN,DOWN,ABSTAIN,2
2016-05-26,FLAT,0.00028664449717812366,0.4662601053714752,False,0.007483718158370058,0.629377543926239,UP,0.4410140812397003,False,False,FLAT,FLAT,FLAT,2
2016-05-27,FLAT,0.004290054491167181,0.4931107461452484,False,0.0071707250124374506,0.5327062010765076,DOWN,0.48364555835723877,False,False,FLAT,FLAT,FLAT,2
2016-05-31,FLAT,-0.001904443317603481,0.4793437719345093,False,0.007080576981926136,0.6339892745018005,UP,0.362201064825058,False,False,FLAT,FLAT,FLAT,2
2016-06-01,FLAT,0.0020471213925653863,0.504228413105011,False,0.006909640235884503,0.5855748653411865,UP,0.5501417517662048,False,False,FLAT,FLAT,FLAT,2
2016-06-02,FLAT,0.003039080061627184,0.5147548317909241,True,0.006567158560575968,0.5905689597129822,UP,0.3594440817832947,False,False,UP,FLAT,FLAT,2
2016-06-03,FLAT,-0.0029915494147823756,0.49481406807899475,False,0.006393257227974152,0.6165140867233276,UP,0.30326083302497864,False,False,FLAT,FLAT,FLAT,2
2016-06-06,FLAT,0.0050755857453942625,0.5314581394195557,True,0.006460632319925063,0.4139961898326874,DOWN,0.4145280122756958,False,False,DOWN,FLAT,FLAT,2
2016-06-07,FLAT,0.001560109874706457,0.48380035161972046,False,0.006495893203255654,0.397981196641922,DOWN,0.3989531695842743,False,False,FLAT,FLAT,FLAT,2
2016-06-08,FLAT,0.003254347695984139,0.4862028658390045,False,0.006494850665678448,0.3929001986980438,DOWN,0.39990702271461487,False,False,FLAT,FLAT,FLAT,2
2016-06-09,FLAT,-0.0013664428476379365,0.4761410653591156,False,0.005984509066293387,0.48439157009124756,DOWN,0.3093273341655731,False,False,FLAT,FLAT,FLAT,2
2016-06-10,DOWN,-0.009522727241363724,0.5051679015159607,False,0.0055050787916935085,0.5470453500747681,UP,0.3342280089855194,False,False,FLAT,FLAT,FLAT,2
2016-06-13,DOWN,-0.007741653686631843,0.5566422939300537,True,0.00601646904754155,0.4873396158218384,DOWN,0.4521940350532532,False,False,DOWN,FLAT,FLAT,2
2016-06-14,FLAT,-0.001968853053697048,0.5698708295822144,True,0.005935331265590362,0.6739264130592346,UP,0.6037474870681763,True,False,UP,UP,ABSTAIN,2
2016-06-15,FLAT,-0.0013949028973121098,0.6144812107086182,True,0.005576949969306223,0.48522621393203735,DOWN,0.6171134114265442,True,False,DOWN,DOWN,ABSTAIN,2
2016-06-16,FLAT,0.002979888413175233,0.6402125954627991,True,0.005114067961414438,0.6727985739707947,UP,0.5713388323783875,True,False,UP,UP,ABSTAIN,2
2016-06-17,DOWN,-0.00891804144940485,0.6504528522491455,True,0.005137969139149765,0.5595383048057556,UP,0.504932165145874,True,False,UP,UP,ABSTAIN,2
2016-06-20,UP,0.006419414364319795,0.647572934627533,True,0.0055093069893502105,0.5701310038566589,UP,0.41717150807380676,False,False,UP,FLAT,FLAT,2
2016-06-21,FLAT,0.0028345466901189614,0.6457895040512085,True,0.0055160465796760495,0.5730257630348206,UP,0.6107364296913147,True,False,UP,UP,ABSTAIN,2
2016-06-22,FLAT,-0.0016324790244543145,0.6406896114349365,True,0.005518433276127303,0.5346808433532715,DOWN,0.5681220293045044,True,False,DOWN,DOWN,ABSTAIN,2
2016-06-23,UP,0.01293847956182914,0.6423459649085999,True,0.0047436369901570465,0.5941747426986694,UP,0.596434473991394,True,False,UP,UP,ABSTAIN,2
2016-06-24,DOWN,-0.0365696685376438,0.5589411854743958,True,0.005363874584412656,0.5713080167770386,UP,0.614538311958313,True,False,UP,UP,ABSTAIN,2
2016-06-27,DOWN,-0.018072179297399276,0.5230711698532104,True,0.009848424301546725,0.3981856107711792,DOWN,0.7271531224250793,True,False,DOWN,DOWN,ABSTAIN,2
2016-06-28,UP,0.01787530622973483,0.6393918991088867,True,0.010412299128492942,0.4170691668987274,DOWN,0.47092410922050476,False,False,DOWN,FLAT,FLAT,2
2016-06-29,UP,0.01688424782083095,0.5801164507865906,True,0.011376259006520227,0.3513788878917694,DOWN,0.5889825820922852,True,False,DOWN,DOWN,ABSTAIN,2
2016-06-30,UP,0.013553300509066859,0.550377607345581,True,0.01208860800293691,0.4499155879020691,DOWN,0.532643735408783,True,False,DOWN,DOWN,ABSTAIN,2
2016-07-01,FLAT,0.002098248017361924,0.5320799946784973,True,0.012489344769803287,0.4863951504230499,DOWN,0.54635089635849,True,False,DOWN,DOWN,ABSTAIN,2
2016-07-05,DOWN,-0.007219186088535558,0.5583167672157288,True,0.012484330441002315,0.5340482592582703,DOWN,0.40700462460517883,False,False,DOWN,FLAT,FLAT,2
2016-07-06,UP,0.005979877546764581,0.6254920959472656,True,0.01251946264809826,0.4397352635860443,DOWN,0.48476454615592957,False,False,DOWN,FLAT,FLAT,2
2016-07-07,FLAT,-0.0006202671162166356,0.57355797290802,True,0.012600212089068596,0.6200272440910339,UP,0.4129962623119354,False,False,UP,FLAT,FLAT,2
2016-07-08,UP,0.014780671622370336,0.5742085576057434,True,0.012569532302702767,0.35280659794807434,DOWN,0.5514247417449951,True,False,DOWN,DOWN,ABSTAIN,2
2016-07-11,FLAT,0.0035207172688849625,0.4720301032066345,False,0.013032698422040419,0.4582785964012146,DOWN,0.32001805305480957,False,True,FLAT,FLAT,FLAT,2
2016-07-12,UP,0.007237118478405407,0.4845750331878662,False,0.012849081452066768,0.5392723679542542,UP,0.29486069083213806,False,True,FLAT,FLAT,FLAT,2
2016-07-13,FLAT,-0.00013957140384917246,0.460338294506073,False,0.012762085450828303,0.3717087209224701,DOWN,0.2541376054286957,False,False,FLAT,FLAT,FLAT,2
2016-07-14,FLAT,0.005567929041885831,0.47068673372268677,False,0.012742189401908592,0.5840201377868652,UP,0.28678128123283386,False,False,FLAT,FLAT,FLAT,2
2016-07-15,FLAT,-0.0013427171281419333,0.446416974067688,False,0.01275040250416381,0.41240841150283813,DOWN,0.2583766281604767,False,False,FLAT,FLAT,FLAT,2
2016-07-18,FLAT,0.0026837042929593294,0.4729498028755188,False,0.012769093040673344,0.42408061027526855,DOWN,0.3038366436958313,False,False,FLAT,FLAT,FLAT,2
2016-07-19,FLAT,-0.001017111588374389,0.48206573724746704,False,0.01251961782111585,0.6042447090148926,UP,0.26851996779441833,False,False,FLAT,FLAT,FLAT,2
2016-07-20,FLAT,0.004154335272333999,0.4864673316478729,False,0.012502468220728457,0.5673660635948181,UP,0.2431507706642151,False,False,FLAT,FLAT,FLAT,2
2016-07-21,FLAT,-0.003784350391765712,0.4767882823944092,False,0.012510768202307228,0.39701125025749207,DOWN,0.2152319997549057,False,False,FLAT,FLAT,FLAT,2
2016-07-22,FLAT,0.004475111612983524,0.4927785098552704,False,0.012553132474191174,0.5105322599411011,DOWN,0.29268646240234375,False,False,FLAT,FLAT,FLAT,2
2016-07-25,FLAT,-0.002719638439119201,0.49092891812324524,False,0.01230249009808229,0.4820183515548706,DOWN,0.24869300425052643,False,False,FLAT,FLAT,FLAT,2
2016-07-26,FLAT,0.00046149564697253075,0.5104211568832397,False,0.008543185577492111,0.5076526999473572,DOWN,0.2943141460418701,False,False,FLAT,FLAT,FLAT,2
2016-07-27,FLAT,-0.0010616739994665047,0.5182085037231445,True,0.006976452522848537,0.4121953845024109,DOWN,0.3573412597179413,False,False,DOWN,FLAT,FLAT,2
2016-07-28,FLAT,0.0011539616552978648,0.5205464363098145,True,0.0062597842461467375,0.46732765436172485,DOWN,0.36573171615600586,False,False,DOWN,FLAT,FLAT,2
2016-07-29,FLAT,0.0016132702810723982,0.5336784720420837,True,0.005371806993952888,0.6602762937545776,UP,0.35698625445365906,False,False,UP,FLAT,FLAT,2
2016-08-01,FLAT,-0.0008293447316518964,0.5191570520401001,True,0.004685252820575618,0.644277811050415,UP,0.3143896460533142,False,False,UP,FLAT,FLAT,2
2016-08-02,DOWN,-0.006427913514755386,0.5345333218574524,True,0.00472074990978531,0.4864678680896759,DOWN,0.4366706907749176,False,False,DOWN,FLAT,FLAT,2
2016-08-03,FLAT,0.0029184447567219564,0.5786091089248657,True,0.004645265813032143,0.5536410808563232,UP,0.43952542543411255,False,False,UP,FLAT,FLAT,2
2016-08-04,FLAT,0.0010634134397508202,0.5771275758743286,True,0.004545638639494216,0.4732185900211334,DOWN,0.6396992802619934,True,False,DOWN,DOWN,ABSTAIN,2
2016-08-05,UP,0.008145603052374027,0.5721471905708313,True,0.004519210619151083,0.49731770157814026,DOWN,0.5061141848564148,True,False,DOWN,DOWN,ABSTAIN,2
2016-08-08,FLAT,-0.000595968315540014,0.5120587944984436,True,0.0036646238980439227,0.43798136711120605,DOWN,0.49186766147613525,False,False,DOWN,FLAT,FLAT,2
2016-08-09,FLAT,0.0005959683155400788,0.5179997682571411,True,0.003647933437474784,0.45418864488601685,DOWN,0.5041967630386353,True,False,DOWN,DOWN,ABSTAIN,2
2016-08-10,FLAT,-0.002478057786678795,0.510269820690155,False,0.003347667906998527,0.4433978199958801,DOWN,0.47701314091682434,False,False,FLAT,FLAT,FLAT,2
2016-08-11,FLAT,0.004629931131066985,0.5370867252349854,True,0.0034202680137414105,0.5720193982124329,UP,0.5015018582344055,True,False,UP,UP,ABSTAIN,2
2016-08-12,FLAT,-0.000869287796278908,0.4862830340862274,False,0.003354780864662459,0.5653775334358215,UP,0.522759735584259,False,False,FLAT,FLAT,FLAT,2
2016-08-15,FLAT,0.002879625436932779,0.534540593624115,True,0.0033421321949771727,0.5875418782234192,UP,0.39914315938949585,False,False,UP,FLAT,FLAT,2
2016-08-16,FLAT,-0.0051709970669315255,0.5100421905517578,False,0.0033488243156482955,0.4467701017856598,DOWN,0.440838485956192,False,False,FLAT,FLAT,FLAT,2
2016-08-17,FLAT,0.0018792589198994053,0.5642796754837036,True,0.0035764753532766345,0.4981185793876648,DOWN,0.46285775303840637,False,False,DOWN,FLAT,FLAT,2
2016-08-18,FLAT,0.0022414093410686566,0.5591432452201843,True,0.003486075594918735,0.6138179302215576,UP,0.4791414439678192,False,False,UP,FLAT,FLAT,2
2016-08-19,FLAT,-0.0014632253579312236,0.5322026014328003,True,0.0033736315108958315,0.42624160647392273,DOWN,0.4721580743789673,False,False,DOWN,FLAT,FLAT,2
2016-08-22,FLAT,-4.573412505607312e-05,0.5521186590194702,True,0.0032740364092727816,0.5896896123886108,UP,0.5134852528572083,True,False,UP,UP,ABSTAIN,2
2016-08-23,FLAT,0.002011440410315236,0.5508112907409668,True,0.0031980242181251107,0.5534273386001587,UP,0.4879138469696045,False,False,UP,FLAT,FLAT,2
2016-08-24,FLAT,-0.005127959125894508,0.5290060043334961,True,0.0032174968767405827,0.4969530999660492,DOWN,0.457851767539978,False,False,DOWN,FLAT,FLAT,2
2016-08-25,FLAT,-0.0006888263581850463,0.5911816954612732,True,0.0034426054335302864,0.5070897340774536,DOWN,0.45920202136039734,False,False,DOWN,FLAT,FLAT,2
2016-08-26,FLAT,-0.0018851182451652374,0.5995438098907471,True,0.0034433816442475352,0.5724950432777405,UP,0.4981535077095032,True,False,UP,UP,ABSTAIN,2
2016-08-29,FLAT,0.004912243731562431,0.621810257434845,True,0.003457390538909191,0.3740598261356354,DOWN,0.5323353409767151,True,False,DOWN,DOWN,ABSTAIN,2
2016-08-30,FLAT,-0.0016500169196297673,0.579317569732666,True,0.00361620693103769,0.6378614902496338,UP,0.504607617855072,True,False,UP,UP,ABSTAIN,2
2016-08-31,FLAT,-0.0028480661919428932,0.5976211428642273,True,0.0032896004244081225,0.4830562472343445,DOWN,0.4573175013065338,False,False,DOWN,FLAT,FLAT,2
2016-09-01,FLAT,4.597606430745329e-05,0.6227424740791321,True,0.0033249999809820655,0.3188510537147522,DOWN,0.4620029628276825,False,False,DOWN,FLAT,FLAT,2
2016-09-02,FLAT,0.004497876776550799,0.6201393008232117,True,0.003320110933920169,0.5466736555099487,UP,0.5853486657142639,True,False,UP,UP,ABSTAIN,2
2016-09-06,FLAT,0.0030178517248761133,0.5592542290687561,True,0.0029406628511711736,0.6260848641395569,UP,0.5331949591636658,True,False,UP,UP,ABSTAIN,2
2016-09-07,FLAT,-9.133537020113622e-05,0.5346317887306213,True,0.0030095213371654295,0.35896676778793335,DOWN,0.4867458939552307,False,False,DOWN,FLAT,FLAT,2
2016-09-08,FLAT,-0.0022856108530928034,0.5436166524887085,True,0.003008976977745574,0.4952758550643921,DOWN,0.45833516120910645,False,False,DOWN,FLAT,FLAT,2
2016-09-09,DOWN,-0.024225904232664935,0.5753573179244995,True,0.0030002914726239486,0.33493131399154663,DOWN,0.4898719787597656,False,False,DOWN,FLAT,FLAT,2
2016-09-12,UP,0.014245376567656747,0.589149534702301,True,0.006097325956531096,0.4026084542274475,DOWN,0.5735403299331665,True,False,DOWN,DOWN,ABSTAIN,2
2016-09-13,DOWN,-0.014479851973302187,0.638790488243103,True,0.0070139239665592745,0.6500372886657715,UP,0.5988043546676636,True,False,UP,UP,ABSTAIN,2
2016-09-14,FLAT,-0.00037526072489496744,0.6023313403129578,True,0.007622975156010631,0.5406419634819031,UP,0.4762153625488281,False,False,UP,FLAT,FLAT,2
2016-09-15,UP,0.009943386171964634,0.6692374348640442,True,0.00757189655915686,0.5981886982917786,UP,0.6682592034339905,True,False,UP,UP,ABSTAIN,2
2016-09-16,DOWN,-0.008911775715804298,0.633148193359375,True,0.00794528004003577,0.45508068799972534,DOWN,0.594920814037323,True,False,DOWN,DOWN,ABSTAIN,2
2016-09-19,FLAT,0.00018749025330848054,0.6405421495437622,True,0.008116595683119907,0.4285021424293518,DOWN,0.565328061580658,True,False,DOWN,DOWN,ABSTAIN,2
2016-09-20,FLAT,4.683132298528012e-05,0.6319884657859802,True,0.008122920239966443,0.572261393070221,UP,0.6961607336997986,True,False,UP,UP,ABSTAIN,2
2016-09-21,UP,0.011182714263452255,0.6356746554374695,True,0.008123631488631506,0.615693986415863,UP,0.6037409901618958,True,False,UP,UP,ABSTAIN,2
2016-09-22,UP,0.006281708192279977,0.5885476469993591,True,0.00856054707449494,0.4196859896183014,DOWN,0.6511874198913574,True,False,DOWN,DOWN,ABSTAIN,2
2016-09-23,DOWN,-0.005494333315913308,0.5568927526473999,True,0.008631532795125572,0.5484817624092102,UP,0.5582684278488159,True,False,UP,UP,ABSTAIN,2
2016-09-26,DOWN,-0.008135228165556755,0.6148536801338196,True,0.00871369803545768,0.525784969329834,DOWN,0.5786223411560059,True,False,DOWN,DOWN,ABSTAIN,2
2016-09-27,UP,0.00618880917830181,0.6189883351325989,True,0.008880458988816366,0.5872265100479126,UP,0.5767653584480286,True,False,UP,UP,ABSTAIN,2
2016-09-28,FLAT,0.004951270145156846,0.5853796601295471,True,0.00892743485455354,0.5053299069404602,DOWN,0.5974826216697693,True,False,DOWN,DOWN,ABSTAIN,2
2016-09-29,DOWN,-0.009088473714841045,0.5772223472595215,True,0.009009893024255046,0.6955122351646423,UP,0.6100878715515137,True,False,UP,UP,ABSTAIN,2
2016-09-30,UP,0.00751783387621049,0.6063077449798584,True,0.009208182055591214,0.4896549582481384,DOWN,0.5141982436180115,True,False,DOWN,DOWN,ABSTAIN,2
2016-10-03,FLAT,-0.002406982601896969,0.5779619812965393,True,0.009386677813543296,0.6423213481903076,UP,0.6133804321289062,True,False,UP,UP,ABSTAIN,2
2016-10-04,FLAT,-0.005110851274313622,0.6014025807380676,True,0.009329615235592812,0.5871239304542542,UP,0.5603816509246826,True,False,UP,UP,ABSTAIN,2
2016-10-05,FLAT,0.00441548537526153,0.6236599683761597,True,0.009340921626355551,0.43444445729255676,DOWN,0.5191743969917297,True,False,DOWN,DOWN,ABSTAIN,2
2016-10-06,FLAT,0.0006953658990521912,0.5782372355461121,True,0.009418114919728294,0.5987341403961182,UP,0.6498650908470154,True,False,UP,UP,ABSTAIN,2
2016-10-07,FLAT,-0.0034353383527250857,0.5907616019248962,True,0.009416582552622267,0.6730684041976929,UP,0.6447516083717346,True,False,UP,UP,ABSTAIN,2
2016-10-10,FLAT,0.005194865040245661,0.6216263771057129,True,0.007657820068760051,0.5301244854927063,DOWN,0.6095471978187561,True,False,DOWN,DOWN,ABSTAIN,2
2016-10-13,FLAT,-0.0032809000419824937,0.6177706718444824,True,0.006862357587362913,0.4925943613052368,DOWN,0.6174390316009521,True,False,DOWN,DOWN,ABSTAIN,2
2016-10-14,FLAT,0.0005162772650287091,0.6242865920066833,True,0.0064943953771782505,0.36188754439353943,DOWN,0.5396777391433716,True,False,DOWN,DOWN,ABSTAIN,2
2016-10-17,FLAT,-0.003478218474305837,0.6202467083930969,True,0.006188966275899742,0.5485648512840271,UP,0.5935370922088623,True,False,UP,UP,ABSTAIN,2
2016-10-18,UP,0.006242841251259704,0.6045615077018738,True,0.006235399766068839,0.5851455330848694,UP,0.4628998041152954,False,False,UP,FLAT,FLAT,2
2016-10-19,FLAT,0.0026635780981098226,0.6105021238327026,True,0.006402191293976698,0.6074748039245605,UP,0.5231362581253052,True,False,UP,UP,ABSTAIN,2
2016-10-20,FLAT,-0.0018684324057799974,0.5933972001075745,True,0.005886392103651001,0.42177534103393555,DOWN,0.5763350129127502,True,False,DOWN,DOWN,ABSTAIN,2
2016-10-21,FLAT,0.00046739983361037736,0.6068823337554932,True,0.0056810677978462,0.5089560747146606,DOWN,0.5652288198471069,True,False,DOWN,DOWN,ABSTAIN,2
2016-10-24,FLAT,0.004243733710348447,0.6080527305603027,True,0.005575311915244437,0.6221068501472473,UP,0.4055800139904022,False,False,UP,FLAT,FLAT,2
2016-10-25,FLAT,-0.0033561828212316756,0.5784062147140503,True,0.005362330589401815,0.4639722406864166,DOWN,0.5428672432899475,True,False,DOWN,DOWN,ABSTAIN,2
2016-10-26,FLAT,-0.002009734835974423,0.6162846684455872,True,0.005219578419858539,0.5655078291893005,UP,0.48883944749832153,False,False,UP,FLAT,FLAT,2
2016-10-27,FLAT,-0.0026703879415080705,0.6112623810768127,True,0.005079378442170826,0.47529736161231995,DOWN,0.5284810066223145,True,False,DOWN,DOWN,ABSTAIN,2
2016-10-28,FLAT,-0.0029597864996322065,0.6013851165771484,True,0.004709017496097296,0.47596001625061035,DOWN,0.6095541715621948,True,False,DOWN,DOWN,ABSTAIN,2
2016-10-31,FLAT,4.709480680828749e-05,0.6095269322395325,True,0.004356965808729499,0.5287737846374512,DOWN,0.5771884918212891,True,False,DOWN,DOWN,ABSTAIN,2
2016-11-01,DOWN,-0.007271769477388027,0.6039321422576904,True,0.0043461471777202585,0.6592062711715698,UP,0.6925840973854065,True,False,UP,UP,ABSTAIN,2
2016-11-02,DOWN,-0.006036805088636923,0.5809672474861145,True,0.004484805606886486,0.5936678051948547,UP,0.5512871742248535,True,False,UP,UP,ABSTAIN,2
2016-11-03,DOWN,-0.004587634463296051,0.627604603767395,True,0.00444627124984848,0.6057264804840088,UP,0.47962403297424316,False,False,UP,FLAT,FLAT,2
2016-11-04,FLAT,-0.0011022248571398241,0.6396846175193787,True,0.004473037082106537,0.6376955509185791,UP,0.6143240928649902,True,False,UP,UP,ABSTAIN,2
2016-11-07,UP,0.021817279300208343,0.6588752269744873,True,0.004454380137743485,0.5930771827697754,UP,0.5970355272293091,True,False,UP,UP,ABSTAIN,2
2016-11-08,UP,0.004493789925349073,0.5688697695732117,True,0.006739983101733585,0.5234494209289551,DOWN,0.5465171337127686,True,False,DOWN,DOWN,ABSTAIN,2
2016-11-09,UP,0.010546239323610773,0.5976869463920593,True,0.006203121854175692,0.6212926506996155,UP,0.4717794358730316,False,False,UP,FLAT,FLAT,2
2016-11-10,FLAT,0.002492469706366672,0.5573013424873352,True,0.006622917724529879,0.4087980389595032,DOWN,0.4038374423980713,False,False,DOWN,FLAT,FLAT,2
2016-11-11,FLAT,-0.0023076578488590255,0.5128535628318787,True,0.006569510710276196,0.5697482824325562,UP,0.3859386444091797,False,False,UP,FLAT,FLAT,2
2016-11-16,FLAT,-0.0018801044990033242,0.5112379193305969,True,0.006606158377917518,0.45773303508758545,DOWN,0.3906104564666748,False,False,DOWN,FLAT,FLAT,2
2016-11-17,UP,0.0051275595309297475,0.5321046113967896,True,0.00662613228690778,0.42415866255760193,DOWN,0.2768990397453308,False,False,DOWN,FLAT,FLAT,2
2016-11-18,FLAT,-0.002240077221939921,0.5015063285827637,False,0.006660712649812994,0.41701164841651917,DOWN,0.28919264674186707,False,False,FLAT,FLAT,FLAT,2
2016-11-21,UP,0.007523089941767798,0.516863226890564,True,0.006703346932114766,0.5608046650886536,UP,0.285520076751709,False,False,UP,FLAT,FLAT,2
2016-11-22,FLAT,0.001951344701679288,0.48118045926094055,False,0.006824712228478255,0.5370810031890869,DOWN,0.2936527729034424,False,False,FLAT,FLAT,FLAT,2
2016-11-23,FLAT,0.0005438502559692207,0.4718444347381592,False,0.006740519368499205,0.3986504375934601,DOWN,0.31904304027557373,False,False,FLAT,FLAT,FLAT,2
2016-11-25,FLAT,0.0037085987146661397,0.49545884132385254,False,0.006695078747041237,0.4977263808250427,DOWN,0.25190141797065735,False,False,FLAT,FLAT,FLAT,2
2016-11-28,DOWN,-0.004705929702431552,0.47170794010162354,False,0.006632475424715792,0.6313347816467285,UP,0.3182809054851532,False,False,FLAT,FLAT,FLAT,2
2016-11-29,FLAT,0.0019484268841791865,0.5159069895744324,True,0.006711133943895047,0.4008747637271881,DOWN,0.2821737229824066,False,False,DOWN,FLAT,FLAT,2
2016-11-30,FLAT,-0.0024020441155120547,0.5039733052253723,False,0.006697945392564417,0.5815348625183105,UP,0.2600558400154114,False,False,FLAT,FLAT,FLAT,2
2016-12-01,FLAT,-0.003682229577616673,0.5182958245277405,True,0.006428988471461475,0.35229241847991943,DOWN,0.4063430726528168,False,False,DOWN,FLAT,FLAT,2
2016-12-02,FLAT,0.0005007870409156275,0.5453737378120422,True,0.006290822201838197,0.4396931231021881,DOWN,0.47281041741371155,False,False,DOWN,FLAT,FLAT,2
2016-12-05,UP,0.005990792838490881,0.5631675124168396,True,0.006097963534434401,0.5770273804664612,UP,0.5178818702697754,True,False,UP,UP,ABSTAIN,2
2016-12-06,FLAT,0.0031624013392542805,0.530160665512085,True,0.006080946132006036,0.5331209301948547,DOWN,0.46900466084480286,False,False,DOWN,FLAT,FLAT,2
2016-12-07,UP,0.01299596662238256,0.5109360218048096,True,0.004150810249192531,0.5652574300765991,UP,0.3662227988243103,False,False,UP,FLAT,FLAT,2
2016-12-08,FLAT,0.002445750159526804,0.46423283219337463,False,0.004806813903370173,0.4872720241546631,DOWN,0.3404681980609894,False,False,FLAT,FLAT,FLAT,2
2016-12-09,UP,0.006022250168650405,0.46491140127182007,False,0.0044082873821498295,0.516002893447876,DOWN,0.39572063088417053,False,False,FLAT,FLAT,FLAT,2
2016-12-12,FLAT,-0.0011484872275314443,0.4566657543182373,False,0.0044993275711392115,0.5402066707611084,UP,0.3573356568813324,False,False,FLAT,FLAT,FLAT,2
2016-12-13,UP,0.006651836271533833,0.47415605187416077,False,0.004445855270247551,0.3443683087825775,DOWN,0.3369498550891876,False,False,FLAT,FLAT,FLAT,2
2016-12-14,DOWN,-0.008288512430090727,0.45224905014038086,False,0.00453870526491028,0.34605613350868225,DOWN,0.2694947123527527,False,False,FLAT,FLAT,FLAT,2
2016-12-15,FLAT,0.004108745406762527,0.5164227485656738,True,0.004960644719768932,0.44100210070610046,DOWN,0.3145536184310913,False,False,DOWN,FLAT,FLAT,2
2016-12-16,DOWN,-0.007834517480746128,0.5033622980117798,False,0.004912972109850046,0.5467344522476196,UP,0.2670471668243408,False,False,FLAT,FLAT,FLAT,2
2016-12-19,FLAT,0.0021750480279245188,0.5466874837875366,True,0.005318396478779709,0.42009034752845764,DOWN,0.3246361315250397,False,False,DOWN,FLAT,FLAT,2
2016-12-20,FLAT,0.0038501369946166023,0.5457695722579956,True,0.005252205473014205,0.5213927626609802,DOWN,0.3400149345397949,False,False,DOWN,FLAT,FLAT,2
2016-12-21,FLAT,-0.0027865184962017906,0.521681010723114,True,0.005095462013382923,0.6585156917572021,UP,0.3055990934371948,False,False,UP,FLAT,FLAT,2
2016-12-22,FLAT,-0.0017289126848319208,0.544151782989502,True,0.005177932819169824,0.5390956997871399,UP,0.33457937836647034,False,False,UP,FLAT,FLAT,2
2016-12-23,FLAT,0.0014631310002082348,0.5560230016708374,True,0.00521702419788729,0.6990634799003601,UP,0.4466022253036499,False,False,UP,FLAT,FLAT,2
2016-12-27,FLAT,0.0024779761561614494,0.5578573346138,True,0.0051808159634114835,0.6290059685707092,UP,0.4535454511642456,False,False,UP,FLAT,FLAT,2
2016-12-28,DOWN,-0.008298848896098833,0.5437026619911194,True,0.005015392640522877,0.6189562678337097,UP,0.42426422238349915,False,False,UP,FLAT,FLAT,2
2016-12-29,FLAT,-0.0002227868219520829,0.586004912853241,True,0.005449849403548892,0.5843634009361267,UP,0.4882243871688843,False,False,UP,FLAT,FLAT,2
2016-12-30,FLAT,-0.0036617318546013607,0.6023066639900208,True,0.005404397528395668,0.6371300220489502,UP,0.5109675526618958,True,False,UP,UP,ABSTAIN,2
2017-01-03,UP,0.007620897001746236,0.6141100525856018,True,0.005403486146177137,0.6643531918525696,UP,0.5131517052650452,True,False,UP,UP,ABSTAIN,2
2017-01-04,UP,0.005931566752148794,0.5744304060935974,True,0.005606956338934175,0.562750518321991,UP,0.5877688527107239,True,False,UP,UP,ABSTAIN,2
2017-01-05,FLAT,-0.0007947721565786297,0.5478405356407166,True,0.005604335594180074,0.41998276114463806,DOWN,0.5415648818016052,True,False,DOWN,DOWN,ABSTAIN,2
2017-01-06,FLAT,0.003571410142046549,0.5600047707557678,True,0.005602998527496178,0.41835469007492065,DOWN,0.6051671504974365,True,False,DOWN,DOWN,ABSTAIN,2
2017-01-09,FLAT,-0.0033063709791562737,0.5303328037261963,True,0.004897195786375677,0.6715668439865112,UP,0.45734643936157227,False,False,UP,FLAT,FLAT,2
2017-01-10,FLAT,0.0,0.5630436539649963,True,0.004950331516657384,0.49230122566223145,DOWN,0.456731379032135,False,False,DOWN,FLAT,FLAT,2
2017-01-11,FLAT,0.0028221174544804995,0.5638520121574402,True,0.0047629204899670135,0.6475417613983154,UP,0.49337565898895264,False,False,UP,FLAT,FLAT,2
2017-01-12,FLAT,-0.0025130948926670037,0.5426919460296631,True,0.004795653157541352,0.604699432849884,UP,0.4140208065509796,False,False,UP,FLAT,FLAT,2
2017-01-13,FLAT,0.00229288989012677,0.5670427680015564,True,0.004578399906830727,0.5847907662391663,UP,0.451713502407074,False,False,UP,FLAT,FLAT,2
2017-01-17,FLAT,-0.003529688404831017,0.5430067181587219,True,0.004198763224734436,0.6417203545570374,UP,0.4885534942150116,False,False,UP,FLAT,FLAT,2
2017-01-18,FLAT,0.00220750641521052,0.5856040120124817,True,0.00417743664142678,0.3158476650714874,DOWN,0.6139051914215088,True,False,DOWN,DOWN,ABSTAIN,2
2017-01-19,FLAT,-0.00371138291563596,0.5717515349388123,True,0.0037871133781242827,0.4603930413722992,DOWN,0.5792617797851562,True,False,DOWN,DOWN,ABSTAIN,2
2017-01-20,FLAT,0.0036673047365514515,0.6047741174697876,True,0.0038680156365316163,0.518290102481842,DOWN,0.4760647714138031,False,False,DOWN,FLAT,FLAT,2
2017-01-23,FLAT,-0.0026055418811031677,0.5658032298088074,True,0.0038588519723135196,0.495629221200943,DOWN,0.5262355208396912,True,False,DOWN,DOWN,ABSTAIN,2
2017-01-24,UP,0.006391260133969621,0.5925915241241455,True,0.0038519946908763727,0.5209952592849731,DOWN,0.4848809838294983,False,False,DOWN,FLAT,FLAT,2
2017-01-25,UP,0.008618296722527514,0.5542974472045898,True,0.004072475401638689,0.42037928104400635,DOWN,0.5825868248939514,True,False,DOWN,DOWN,ABSTAIN,2
2017-01-26,FLAT,-0.0010460035313087782,0.4764864444732666,False,0.004458446441142087,0.5484074950218201,UP,0.346811443567276,False,False,FLAT,FLAT,FLAT,2
2017-01-27,FLAT,-0.0015710263233611212,0.5095847845077515,False,0.0044602666860315545,0.6233199834823608,UP,0.4015997648239136,False,False,FLAT,FLAT,FLAT,2
2017-01-30,DOWN,-0.006220988062862284,0.5178478956222534,True,0.003975465202900801,0.5638386607170105,UP,0.363182008266449,False,False,UP,FLAT,FLAT,2
2017-01-31,FLAT,-8.79154100085011e-05,0.5736796259880066,True,0.00428723422595245,0.486370325088501,DOWN,0.5061269402503967,True,False,DOWN,DOWN,ABSTAIN,2
2017-02-01,FLAT,0.00039545793813170556,0.5888996124267578,True,0.004168342716743933,0.44492307305336,DOWN,0.5639827847480774,True,False,DOWN,DOWN,ABSTAIN,2
2017-02-02,FLAT,0.0006588162274107837,0.5870252251625061,True,0.0038553440760504486,0.41600072383880615,DOWN,0.5290642976760864,True,False,DOWN,DOWN,ABSTAIN,2
2017-02-03,UP,0.006869236012564833,0.5790690183639526,True,0.003640507066481217,0.4955556094646454,DOWN,0.4740436375141144,False,False,DOWN,FLAT,FLAT,2
2017-02-06,FLAT,-0.0017893546657388251,0.5139150023460388,True,0.003916334306179336,0.42072176933288574,DOWN,0.5253464579582214,True,False,DOWN,DOWN,ABSTAIN,2
2017-02-07,FLAT,4.372317790355026e-05,0.5523900985717773,True,0.0038888663881905304,0.41592398285865784,DOWN,0.48436370491981506,False,False,DOWN,FLAT,FLAT,2
2017-02-08,FLAT,0.0013095424917520316,0.5495132803916931,True,0.003792822448186787,0.4002695679664612,DOWN,0.5505658984184265,True,False,DOWN,DOWN,ABSTAIN,2
2017-02-09,UP,0.005915120656897009,0.5383822321891785,True,0.003794229648278277,0.534537136554718,DOWN,0.4655904173851013,False,False,DOWN,FLAT,FLAT,2
2017-02-10,UP,0.003938411107139749,0.5204237699508667,True,0.003949014165373285,0.5338760614395142,DOWN,0.44864681363105774,False,False,DOWN,FLAT,FLAT,2
2017-02-13,UP,0.005427814518752642,0.4964959919452667,False,0.003930627704662925,0.6953417658805847,UP,0.3301231265068054,False,False,FLAT,FLAT,FLAT,2
2017-02-14,UP,0.003987368557542392,0.4848977327346802,False,0.0040421606117871855,0.63808274269104,UP,0.3485904037952423,False,False,FLAT,FLAT,FLAT,2
2017-02-15,UP,0.0052067943735727325,0.48188069462776184,False,0.0039226361027206134,0.46211493015289307,DOWN,0.25702735781669617,False,False,FLAT,FLAT,FLAT,2
2017-02-16,FLAT,-0.000851703264593723,0.47124502062797546,False,0.004002796756683315,0.40711015462875366,DOWN,0.2821759283542633,False,False,FLAT,FLAT,FLAT,2
2017-02-17,FLAT,0.0015750843771027802,0.48385196924209595,False,0.0038446477725320297,0.3172893226146698,DOWN,0.2905738353729248,False,False,FLAT,FLAT,FLAT,2
2017-02-21,UP,0.0059375429953654295,0.48481786251068115,False,0.003822798901828685,0.5577511191368103,UP,0.2611020505428314,False,False,FLAT,FLAT,FLAT,2
2017-02-22,FLAT,-0.000888409695124651,0.4657617509365082,False,0.0037807186923006207,0.3869880437850952,DOWN,0.27092206478118896,False,False,FLAT,FLAT,FLAT,2
2017-02-23,FLAT,0.0006769490091659686,0.4914049804210663,False,0.003709304068067099,0.5172730088233948,DOWN,0.3570190370082855,False,False,FLAT,FLAT,FLAT,2
2017-02-24,FLAT,0.0012680294472507694,0.4810659885406494,False,0.003357415139938614,0.3110787272453308,DOWN,0.33821332454681396,False,False,FLAT,FLAT,FLAT,2
2017-02-27,FLAT,0.0015616553239042482,0.4919966459274292,False,0.003305460121459543,0.4301251471042633,DOWN,0.2883261740207672,False,False,FLAT,FLAT,FLAT,2
2017-02-28,FLAT,-0.002702815899256432,0.4869271516799927,False,0.003220927803379409,0.5008177757263184,DOWN,0.2904490828514099,False,False,FLAT,FLAT,FLAT,2
2017-03-01,UP,0.013900476034819913,0.5132251977920532,True,0.002835941266627306,0.4675239324569702,DOWN,0.34152689576148987,False,False,DOWN,FLAT,FLAT,2
2017-03-02,DOWN,-0.0063173288108460054,0.45413318276405334,False,0.0038556397166600105,0.45862337946891785,DOWN,0.3544631004333496,False,False,FLAT,FLAT,FLAT,2
2017-03-03,FLAT,0.0006293142321694911,0.515095055103302,True,0.0043234614191743756,0.474152535200119,DOWN,0.36785125732421875,False,False,DOWN,FLAT,FLAT,2
2017-03-06,FLAT,-0.0029823450487956103,0.5148643851280212,True,0.004324050926677925,0.6127045154571533,UP,0.25514522194862366,False,False,UP,FLAT,FLAT,2
2017-03-07,FLAT,-0.002991330425974492,0.5384294390678406,True,0.004335444014866497,0.48363006114959717,DOWN,0.35568636655807495,False,False,DOWN,FLAT,FLAT,2
2017-03-08,FLAT,-0.0018582759113619427,0.5565456748008728,True,0.004395620057933644,0.5961654186248779,UP,0.4047926962375641,False,False,UP,FLAT,FLAT,2
2017-03-09,FLAT,0.0012673866464249699,0.5640769004821777,True,0.004454256988803559,0.521990954875946,DOWN,0.5747740864753723,True,False,DOWN,DOWN,ABSTAIN,2
2017-03-10,FLAT,0.0034980620464540755,0.5637050271034241,True,0.004454430118102297,0.5648049712181091,UP,0.5141898989677429,True,False,UP,UP,ABSTAIN,2
2017-03-13,FLAT,0.000504711334320593,0.543951153755188,True,0.004364066194962949,0.5942507982254028,UP,0.528014600276947,True,False,UP,UP,ABSTAIN,2
2017-03-14,DOWN,-0.003833939850330953,0.5454188585281372,True,0.00433109139711436,0.510308027267456,DOWN,0.5931233763694763,True,False,DOWN,DOWN,ABSTAIN,2
2017-03-15,UP,0.008616226851996199,0.5792293548583984,True,0.0043662852233063085,0.5728214383125305,UP,0.46712738275527954,False,False,UP,FLAT,FLAT,2
2017-03-16,FLAT,-0.001968880798203005,0.5317879915237427,True,0.00465297046955073,0.41554495692253113,DOWN,0.5995216965675354,True,False,DOWN,DOWN,ABSTAIN,2
2017-03-17,DOWN,-0.006098721201673768,0.5538438558578491,True,0.004596825895341722,0.5373791456222534,DOWN,0.5445624589920044,True,False,DOWN,DOWN,ABSTAIN,2
2017-03-20,FLAT,-0.00109748641307614,0.5926531553268433,True,0.004836644820536634,0.5469582080841064,UP,0.4725981652736664,False,False,UP,FLAT,FLAT,2
2017-03-21,DOWN,-0.012922639108276665,0.6007063984870911,True,0.004841994674673155,0.5122379064559937,DOWN,0.5497746467590332,True,False,DOWN,DOWN,ABSTAIN,2
2017-03-22,FLAT,0.0023503912797317797,0.5746947526931763,True,0.005490844980299091,0.5336061120033264,DOWN,0.4701694846153259,False,False,DOWN,FLAT,FLAT,2
2017-03-23,FLAT,-0.0010676689588160469,0.6502768397331238,True,0.005529113924134484,0.627883791923523,UP,0.4951005280017853,False,False,UP,FLAT,FLAT,2
2017-03-24,FLAT,-0.0007266587302462943,0.6511669158935547,True,0.0055245736401126,0.6562630534172058,UP,0.46664488315582275,False,False,UP,FLAT,FLAT,2
2017-03-27,FLAT,-0.0010268054951853855,0.646115779876709,True,0.005508724972316468,0.6633596420288086,UP,0.5240963697433472,True,False,UP,UP,ABSTAIN,2
2017-03-28,UP,0.00725047829387214,0.6338734030723572,True,0.00548532626086279,0.6254148483276367,UP,0.5825424194335938,True,False,UP,UP,ABSTAIN,2
2017-03-29,FLAT,0.0009344007884925202,0.611741304397583,True,0.005743450133741306,0.44773977994918823,DOWN,0.594386637210846,True,False,DOWN,DOWN,ABSTAIN,2
2017-03-30,FLAT,0.003179113888548334,0.6057410836219788,True,0.004699832466224192,0.6912598013877869,UP,0.5856508016586304,True,False,UP,UP,ABSTAIN,2
2017-03-31,FLAT,-0.002330309697588091,0.5946326851844788,True,0.004601554581776341,0.6434964537620544,UP,0.5345792174339294,True,False,UP,UP,ABSTAIN,2
2017-04-03,FLAT,-0.0017407339005489856,0.6151157021522522,True,0.004613700521366378,0.6235690712928772,UP,0.5267910361289978,True,False,UP,UP,ABSTAIN,2
2017-04-04,FLAT,0.0006371738167705391,0.6131609678268433,True,0.004587744907780937,0.5383649468421936,DOWN,0.48169368505477905,False,False,DOWN,FLAT,FLAT,2
2017-04-05,FLAT,-0.002977065765407665,0.5975716710090637,True,0.0045558033638865595,0.705003559589386,UP,0.50185626745224,True,False,UP,UP,ABSTAIN,2
2017-04-06,FLAT,0.0028072140437375797,0.6213124394416809,True,0.004582454175871871,0.6006342768669128,UP,0.6160600185394287,True,False,UP,UP,ABSTAIN,2
2017-04-07,FLAT,-0.0010199112454537345,0.6000149846076965,True,0.004624292229201918,0.41981175541877747,DOWN,0.49127769470214844,False,False,DOWN,FLAT,FLAT,2
2017-04-10,FLAT,0.0005950584255413305,0.6185325980186462,True,0.004538513268263617,0.5402119755744934,UP,0.5096798539161682,True,False,UP,UP,ABSTAIN,2
2017-04-11,FLAT,-0.001190471156455239,0.6118082404136658,True,0.0045396385749382675,0.5609451532363892,UP,0.5264682769775391,True,False,UP,UP,ABSTAIN,2
2017-04-12,DOWN,-0.004391483266076876,0.6244916319847107,True,0.0044761753123452675,0.5393391251564026,UP,0.6013042330741882,True,False,UP,UP,ABSTAIN,2
2017-04-13,DOWN,-0.006516095822653078,0.6340480446815491,True,0.004020539383047162,0.4644570052623749,DOWN,0.5666641592979431,True,False,DOWN,DOWN,ABSTAIN,2
2017-04-17,UP,0.008820870798886493,0.6362099051475525,True,0.00420036761177866,0.5580665469169617,UP,0.4774152636528015,False,False,UP,FLAT,FLAT,2
2017-04-18,FLAT,-0.002988697482894407,0.603958010673523,True,0.004602784064222955,0.4866473972797394,DOWN,0.7098926901817322,True,False,DOWN,DOWN,ABSTAIN,2
2017-04-19,FLAT,-0.0018402893127950092,0.6303769946098328,True,0.004634554277942924,0.6003454923629761,UP,0.4973817467689514,True,False,UP,UP,ABSTAIN,2
2017-04-20,UP,0.008106166241988226,0.625980794429779,True,0.0036419458572762584,0.5809468626976013,UP,0.5502621531486511,True,False,UP,UP,ABSTAIN,2
2017-04-21,DOWN,-0.0031919675206105603,0.595252275466919,True,0.0040474510565004515,0.45983701944351196,DOWN,0.5438931584358215,True,False,DOWN,DOWN,ABSTAIN,2
2017-04-24,UP,0.010937881902130022,0.6249352097511292,True,0.004110560324722085,0.6101462841033936,UP,0.6054852604866028,True,False,UP,UP,ABSTAIN,2
2017-04-25,UP,0.005801768898692426,0.535979151725769,True,0.0047603392168717625,0.6439788937568665,UP,0.508516788482666,True,False,UP,UP,ABSTAIN,2
2017-04-26,FLAT,-0.0006290351658648944,0.498773455619812,False,0.004873306682792429,0.5571982860565186,UP,0.3526485562324524,False,False,FLAT,FLAT,FLAT,2
2017-04-27,FLAT,0.0008386256551509145,0.5145995020866394,True,0.004658947384338886,0.5381028652191162,DOWN,0.3878944218158722,False,False,DOWN,FLAT,FLAT,2
2017-04-28,FLAT,-0.002181775908701382,0.5087014436721802,False,0.00465868908274921,0.6549370884895325,UP,0.4110608398914337,False,False,FLAT,FLAT,FLAT,2
2017-05-01,FLAT,0.0025169526318786625,0.5348586440086365,True,0.004659458156518652,0.5714099407196045,UP,0.4367220997810364,False,False,UP,FLAT,FLAT,2
2017-05-02,FLAT,0.00037705141196537673,0.509606659412384,False,0.004637218845372575,0.462775319814682,DOWN,0.4553396701812744,False,False,FLAT,FLAT,FLAT,2
2017-05-03,FLAT,-0.0012153319250617428,0.5230852961540222,True,0.00460454645930408,0.6392759084701538,UP,0.42642539739608765,False,False,UP,FLAT,FLAT,2
2017-05-04,FLAT,0.0011734088389643792,0.5408741235733032,True,0.004625005929752211,0.5538070201873779,UP,0.41636785864830017,False,False,UP,FLAT,FLAT,2
2017-05-05,UP,0.003929288415371179,0.5288206934928894,True,0.004546955510841157,0.5429282784461975,UP,0.4520585834980011,False,False,UP,FLAT,FLAT,2
2017-05-08,FLAT,-0.00016686117395984122,0.5062870979309082,False,0.004579306933666648,0.4864613711833954,DOWN,0.48623907566070557,False,False,FLAT,FLAT,FLAT,2
2017-05-09,FLAT,-0.0009183937940459313,0.5143967270851135,True,0.0045644653588205325,0.6162629127502441,UP,0.40897634625434875,False,False,UP,FLAT,FLAT,2
2017-05-10,FLAT,0.001794215824099324,0.5261192321777344,True,0.004582979906990719,0.674831211566925,UP,0.45298537611961365,False,False,UP,FLAT,FLAT,2
2017-05-11,FLAT,-0.0020448217218897295,0.5219148397445679,True,0.0045611167096037825,0.6465699672698975,UP,0.43644979596138,False,False,UP,FLAT,FLAT,2
2017-05-12,FLAT,-0.001672419299264369,0.55393385887146,True,0.004443441582619669,0.5283202528953552,DOWN,0.49566590785980225,True,False,DOWN,DOWN,ABSTAIN,2
2017-05-15,UP,0.005508306898499835,0.5680354833602905,True,0.004125374415162292,0.4546114206314087,DOWN,0.49548110365867615,True,False,DOWN,DOWN,ABSTAIN,2
2017-05-16,FLAT,-0.000915946683242044,0.5323278307914734,True,0.003869125227485238,0.47963714599609375,DOWN,0.45584234595298767,False,False,DOWN,FLAT,FLAT,2
2017-05-17,DOWN,-0.017903375551923166,0.5464115738868713,True,0.0037775089911418944,0.5270619988441467,DOWN,0.5067289471626282,True,False,DOWN,DOWN,ABSTAIN,2
2017-05-18,UP,0.004020390632640581,0.6002326607704163,True,0.005700698071503023,0.6672861576080322,UP,0.5544328093528748,True,False,UP,UP,ABSTAIN,2
2017-05-19,UP,0.006483113050925737,0.6242735385894775,True,0.005483106336482689,0.5909021496772766,UP,0.6616994142532349,True,False,UP,UP,ABSTAIN,2
2017-05-22,UP,0.005064601618306679,0.5977001190185547,True,0.005584401482435907,0.507194995880127,DOWN,0.6421775221824646,True,False,DOWN,DOWN,ABSTAIN,2
2017-05-23,FLAT,0.002210309181044507,0.566851019859314,True,0.005160854037312647,0.4280489981174469,DOWN,0.5503876805305481,True,False,DOWN,DOWN,ABSTAIN,2
2017-05-24,FLAT,0.0023301202833640117,0.5511451959609985,True,0.005027162968422525,0.44014835357666016,DOWN,0.5267601013183594,True,False,DOWN,DOWN,ABSTAIN,2
2017-05-25,UP,0.004768107829548058,0.5412138104438782,True,0.005041491214638103,0.6891001462936401,UP,0.4324631989002228,False,False,UP,FLAT,FLAT,2
2017-05-26,FLAT,-0.00020678756911771007,0.5087027549743652,False,0.005132710600859965,0.5623802542686462,UP,0.3613252639770508,False,False,FLAT,FLAT,FLAT,2
2017-05-30,FLAT,-0.0008692151411252482,0.5247783660888672,True,0.005094056132543284,0.5412958264350891,UP,0.40752583742141724,False,False,UP,FLAT,FLAT,2
2017-05-31,FLAT,-0.0002484679612337303,0.5371878147125244,True,0.005088738094776923,0.49528631567955017,DOWN,0.47722622752189636,False,False,DOWN,FLAT,FLAT,2
2017-06-01,UP,0.007920825887608271,0.5520727634429932,True,0.005092019439627267,0.5582495331764221,UP,0.5258880257606506,True,False,UP,UP,ABSTAIN,2
2017-06-02,UP,0.003322865488960124,0.4917195737361908,False,0.00532903630675767,0.4488024115562439,DOWN,0.33383652567863464,False,False,FLAT,FLAT,FLAT,2
2017-06-05,FLAT,-0.0007374331472786077,0.4950501322746277,False,0.005354061146756954,0.3856423497200012,DOWN,0.29134827852249146,False,False,FLAT,FLAT,FLAT,2
2017-06-06,DOWN,-0.003201968087731701,0.5093616247177124,False,0.0053268200221640105,0.4771891236305237,DOWN,0.34525591135025024,False,False,FLAT,FLAT,FLAT,2
2017-06-07,FLAT,0.0018485306828973202,0.536194920539856,True,0.005401137305815821,0.5275964736938477,DOWN,0.48203209042549133,False,False,DOWN,FLAT,FLAT,2
2017-06-08,FLAT,0.0004923482644446555,0.5238230228424072,True,0.005391981040470216,0.3812561333179474,DOWN,0.3359072208404541,False,False,DOWN,FLAT,FLAT,2
2017-06-09,FLAT,-0.0015188948314465666,0.5347187519073486,True,0.005388138392023891,0.36871862411499023,DOWN,0.40930333733558655,False,False,DOWN,FLAT,FLAT,2
2017-06-12,FLAT,-0.00020544836984530822,0.5359677672386169,True,0.005374747050787347,0.5861550569534302,UP,0.5226549506187439,True,False,UP,UP,ABSTAIN,2
2017-06-13,UP,0.004877968445439268,0.47479167580604553,False,0.005348677771745476,0.7841431498527527,UP,0.46379637718200684,False,False,FLAT,FLAT,FLAT,3
2017-06-14,FLAT,-0.0012684285469737472,0.48624515533447266,False,0.005321934792345078,0.8538906574249268,UP,0.3705108165740967,False,False,FLAT,FLAT,FLAT,3
2017-06-15,FLAT,-0.0019261955968753132,0.4314345121383667,False,0.005328762608812247,0.6766502857208252,UP,0.3312721848487854,False,False,FLAT,FLAT,FLAT,3
2017-06-16,DOWN,-0.004646314455727953,0.48746997117996216,False,0.0030991247551400963,0.6507123112678528,UP,0.49585235118865967,False,False,FLAT,FLAT,FLAT,3
2017-06-19,UP,0.00829064572206334,0.45083433389663696,False,0.003347360648640612,0.7996789813041687,UP,0.35450679063796997,False,False,FLAT,FLAT,FLAT,3
2017-06-20,DOWN,-0.0067669344344192285,0.42963552474975586,False,0.0035169196597259907,0.27873659133911133,DOWN,0.300611674785614,False,False,FLAT,FLAT,FLAT,3
2017-06-21,FLAT,-0.0002469238618551728,0.48066601157188416,False,0.0038337922336168016,0.8799935579299927,UP,0.3213507831096649,False,False,FLAT,FLAT,FLAT,3
2017-06-22,FLAT,-0.0004528731087584111,0.49173662066459656,False,0.0038229875560751923,0.3056178390979767,DOWN,0.3489423394203186,False,False,FLAT,FLAT,FLAT,3
2017-06-23,FLAT,0.0011935246151813209,0.47174450755119324,False,0.0038073319438533836,0.900388777256012,UP,0.3733541965484619,False,False,FLAT,FLAT,FLAT,3
2017-06-26,FLAT,0.0006578200308041038,0.43442922830581665,False,0.0036761551649101224,0.8214334845542908,UP,0.29438725113868713,False,False,FLAT,FLAT,FLAT,3
2017-06-27,DOWN,-0.008088820773010475,0.4473722577095032,False,0.003675181580729858,0.9822852611541748,UP,0.3355391025543213,False,False,FLAT,FLAT,FLAT,3
2017-06-28,UP,0.00891059742278559,0.4777545630931854,False,0.004125679971393704,0.9836424589157104,UP,0.41875025629997253,False,False,FLAT,FLAT,FLAT,3
2017-06-29,DOWN,-0.008827709082089772,0.4749588668346405,False,0.004583672470812113,0.2728596031665802,DOWN,0.3150230050086975,False,False,FLAT,FLAT,FLAT,3
2017-06-30,FLAT,0.0018627634061266214,0.48891305923461914,False,0.004670822147434718,0.817162036895752,UP,0.44340336322784424,False,False,FLAT,FLAT,FLAT,3
2017-07-03,FLAT,0.0016941953757414919,0.5235477685928345,False,0.004620468830383411,0.9907461404800415,UP,0.38326016068458557,False,False,FLAT,FLAT,FLAT,3
2017-07-05,FLAT,0.0023093644883827986,0.5151991844177246,False,0.004645476068321987,0.22929610311985016,DOWN,0.4350115656852722,False,False,FLAT,FLAT,FLAT,3
2017-07-06,DOWN,-0.009186529833769774,0.5013689398765564,False,0.004631845135288592,0.38372358679771423,DOWN,0.3941728174686432,False,False,FLAT,FLAT,FLAT,3
2017-07-07,UP,0.006464190025662,0.5448020696640015,True,0.005028938481100636,0.8735668063163757,UP,0.506091296672821,False,False,UP,FLAT,FLAT,3
2017-07-10,FLAT,0.0010732931559087027,0.5303551554679871,True,0.0052713014437032,0.8487380743026733,UP,0.34745892882347107,False,False,UP,FLAT,FLAT,3
2017-07-11,FLAT,-0.0007429118580426037,0.5287132859230042,True,0.005272753075720853,0.7098678946495056,UP,0.28151872754096985,False,False,UP,FLAT,FLAT,3
2017-07-12,UP,0.007486633392334205,0.480442076921463,False,0.005274076165828789,0.9005192518234253,UP,0.2886069715023041,False,False,FLAT,FLAT,FLAT,3
2017-07-13,FLAT,0.0016788639705180453,0.43722769618034363,False,0.005437074212229795,0.5788544416427612,UP,0.28675004839897156,False,False,FLAT,FLAT,FLAT,3
2017-07-14,UP,0.004653257098670055,0.4694727063179016,False,0.005443976018817105,0.9512410759925842,UP,0.3278557360172272,False,False,FLAT,FLAT,FLAT,3
2017-07-17,FLAT,-0.00012217222732245696,0.4377329349517822,False,0.005517408053917455,0.9886190891265869,UP,0.27484849095344543,False,False,FLAT,FLAT,FLAT,3
2017-07-18,FLAT,0.0005293466284006042,0.4685159921646118,False,0.005392428483614309,0.41797906160354614,DOWN,0.3665491044521332,False,False,FLAT,FLAT,FLAT,3
2017-07-19,UP,0.005399391200699996,0.45301246643066406,False,0.005079424530541829,0.5988143086433411,UP,0.28980666399002075,False,False,FLAT,FLAT,FLAT,3
2017-07-20,FLAT,0.000445265476278358,0.4575800895690918,False,0.004926880908661994,0.9528160691261292,UP,0.2766864001750946,False,False,FLAT,FLAT,FLAT,3
2017-07-21,FLAT,-0.0008907293022224442,0.46754226088523865,False,0.004921477129413012,0.7409724593162537,UP,0.46864548325538635,False,False,FLAT,FLAT,FLAT,3
2017-07-24,FLAT,-0.00024305269356146515,0.4688442647457123,False,0.004928532090475099,0.8396432399749756,UP,0.37467700242996216,False,False,FLAT,FLAT,FLAT,3
2017-07-25,FLAT,0.0024279343347230285,0.4678565561771393,False,0.004933344272579006,0.356398344039917,DOWN,0.39333003759384155,False,False,FLAT,FLAT,FLAT,3
2017-07-26,FLAT,4.039408718685109e-05,0.4520140290260315,False,0.0049474021261614425,0.19346769154071808,DOWN,0.3369291424751282,False,False,FLAT,FLAT,FLAT,3
2017-07-27,FLAT,-0.0009299708830424845,0.4452655017375946,False,0.004487663358086678,0.7147560119628906,UP,0.41462841629981995,False,False,FLAT,FLAT,FLAT,3
2017-07-28,FLAT,-0.0011738006479158243,0.43454301357269287,False,0.0041284124106149515,0.4994925558567047,DOWN,0.37903866171836853,False,False,FLAT,FLAT,FLAT,3
2017-07-31,FLAT,-0.0005671665497943276,0.49544644355773926,False,0.003500211543479139,0.9679183959960938,UP,0.304246723651886,False,False,FLAT,FLAT,FLAT,3
2017-08-01,FLAT,0.002226328264181252,0.4792654514312744,False,0.0035158965333655866,0.838214635848999,UP,0.44380703568458557,False,False,FLAT,FLAT,FLAT,3
2017-08-02,FLAT,0.00048506393876542676,0.48000839352607727,False,0.0035232943230707344,0.44814616441726685,DOWN,0.43017464876174927,False,False,FLAT,FLAT,FLAT,3
2017-08-03,FLAT,-0.0019417308635190523,0.4537869095802307,False,0.0035124060990492805,0.3577731251716614,DOWN,0.4071527123451233,False,False,FLAT,FLAT,FLAT,3
2017-08-04,FLAT,0.0018204869352030433,0.473947674036026,False,0.0026886956150398017,0.37456512451171875,DOWN,0.3978000581264496,False,False,FLAT,FLAT,FLAT,3
2017-08-07,FLAT,0.0018575011648817466,0.4264211058616638,False,0.002406296867033218,0.7902909517288208,UP,0.3258456885814667,False,False,FLAT,FLAT,FLAT,3
2017-08-08,FLAT,-0.0024640031174037115,0.44519051909446716,False,0.0024125161591582152,0.590135395526886,UP,0.43092259764671326,False,False,FLAT,FLAT,FLAT,3
2017-08-09,FLAT,-4.0421859814094676e-05,0.4496498703956604,False,0.0025112135942714324,0.5238369107246399,DOWN,0.3579520881175995,False,False,FLAT,FLAT,FLAT,3
2017-08-10,DOWN,-0.014215858360501283,0.4558722972869873,False,0.00200697782402566,0.5447288155555725,DOWN,0.4110318720340729,False,False,FLAT,FLAT,FLAT,3
2017-08-11,FLAT,0.001475775532283997,0.527648389339447,False,0.0038671188850456506,0.971286952495575,UP,0.6190645098686218,False,False,FLAT,FLAT,FLAT,3
2017-08-14,UP,0.00986433721640411,0.5949893593788147,True,0.0037226100222238117,0.8661763668060303,UP,0.7036613821983337,True,False,UP,UP,ABSTAIN,3
2017-08-15,FLAT,-0.00012168656353959788,0.5048785209655762,False,0.004361770951762586,0.5954839587211609,UP,0.5761204957962036,False,False,FLAT,FLAT,FLAT,3
2017-08-16,FLAT,0.00174286369876638,0.5038281083106995,False,0.00436165428207353,0.3183479309082031,DOWN,0.45532262325286865,False,False,FLAT,FLAT,FLAT,3
2017-08-17,DOWN,-0.015713671950320925,0.4750540256500244,False,0.0042048540738833,0.47422677278518677,DOWN,0.4586452543735504,False,False,FLAT,FLAT,FLAT,3
2017-08-18,FLAT,-0.001564387398651075,0.5373222231864929,True,0.005473734650382413,0.7769313454627991,UP,0.6992064118385315,True,False,UP,UP,ABSTAIN,3
2017-08-21,FLAT,0.0007824682031745127,0.6116512417793274,True,0.00547627739697446,0.7507067918777466,UP,0.7151036858558655,True,False,UP,UP,ABSTAIN,3
2017-08-22,UP,0.010402717245512966,0.6037994623184204,True,0.005487067317804141,0.935877799987793,UP,0.4812987446784973,False,False,UP,FLAT,FLAT,3
2017-08-23,DOWN,-0.0035918605262235397,0.5217679142951965,False,0.005999821552293654,0.43064600229263306,DOWN,0.4990025460720062,False,False,FLAT,FLAT,FLAT,3
2017-08-24,FLAT,-0.002333404239043672,0.5789375305175781,True,0.006040569209436537,0.9226498603820801,UP,0.48755159974098206,False,False,UP,FLAT,FLAT,3
2017-08-25,FLAT,0.0023334042390438093,0.5402954816818237,True,0.006052946700100831,0.24847736954689026,DOWN,0.47217652201652527,False,False,DOWN,FLAT,FLAT,3
2017-08-28,FLAT,4.0928855422689685e-05,0.5022301077842712,False,0.00608778383743467,0.8691855669021606,UP,0.4112952947616577,False,False,FLAT,FLAT,FLAT,3
2017-08-29,FLAT,0.0011442066207465451,0.5479719042778015,True,0.006088834361630042,0.6290441751480103,UP,0.5171614289283752,False,False,UP,FLAT,FLAT,3
2017-08-30,UP,0.0047263601077370794,0.5355322957038879,True,0.006068595777719844,0.9450346827507019,UP,0.4567328691482544,False,False,UP,FLAT,FLAT,3
2017-08-31,UP,0.005998036163940785,0.4887264370918274,False,0.0061780175100638835,0.9391590356826782,UP,0.3909323811531067,False,False,FLAT,FLAT,FLAT,3
2017-09-01,FLAT,0.0014131625448807665,0.44989195466041565,False,0.006319752243481314,0.9415583610534668,UP,0.4149753451347351,False,False,FLAT,FLAT,FLAT,3
2017-09-05,DOWN,-0.007207963182428161,0.4715348780155182,False,0.006314594548285221,0.8502236008644104,UP,0.29463815689086914,False,False,FLAT,FLAT,FLAT,3
2017-09-06,UP,0.003407972920508354,0.5348575711250305,True,0.006503349181026269,0.8631346225738525,UP,0.35790014266967773,False,False,UP,FLAT,FLAT,3
2017-09-07,FLAT,-0.00012150912368609306,0.5172877311706543,False,0.006536134352131448,0.8406901359558105,UP,0.3410915434360504,False,False,FLAT,FLAT,FLAT,3
2017-09-08,FLAT,-0.001175370640639,0.4858846664428711,False,0.006536138326798557,0.13448838889598846,DOWN,0.38959336280822754,False,False,FLAT,FLAT,FLAT,3
2017-09-11,UP,0.010609449593480138,0.5014933347702026,False,0.005640524888675715,0.17454978823661804,DOWN,0.35995545983314514,False,False,FLAT,FLAT,FLAT,3
2017-09-12,FLAT,0.0033649686098124413,0.433145672082901,False,0.006070638169024479,0.9687981605529785,UP,0.30743908882141113,False,False,FLAT,FLAT,FLAT,3
2017-09-13,FLAT,0.0004797693782589755,0.43799886107444763,False,0.005737770588644961,0.9484430551528931,UP,0.3469654619693756,False,False,FLAT,FLAT,FLAT,3
2017-09-14,FLAT,-0.00031984101313377365,0.44295641779899597,False,0.005734774989734224,0.9769670963287354,UP,0.37251386046409607,False,False,FLAT,FLAT,FLAT,3
2017-09-15,DOWN,-0.0036051709400428365,0.4344148635864258,False,0.005734279515394883,0.8965592980384827,UP,0.46257147192955017,False,False,FLAT,FLAT,FLAT,3
2017-09-18,FLAT,0.0021246275872453704,0.45955732464790344,False,0.0044018907283720436,0.5106722712516785,DOWN,0.34725722670555115,False,False,FLAT,FLAT,FLAT,3
2017-09-19,FLAT,0.0010006204632380786,0.461221307516098,False,0.004355273022588433,0.6049908995628357,UP,0.32061219215393066,False,False,FLAT,FLAT,FLAT,3
2017-09-20,FLAT,0.0003599637585029596,0.4418405592441559,False,0.004353855643562951,0.30273008346557617,DOWN,0.34328609704971313,False,False,FLAT,FLAT,FLAT,3
2017-09-21,FLAT,-0.002682945539843174,0.4330703616142273,False,0.0038102983196767904,0.9762905836105347,UP,0.23259733617305756,False,False,FLAT,FLAT,FLAT,3
2017-09-22,FLAT,0.00020048133328691878,0.44871339201927185,False,0.0037585659655844073,0.8878121972084045,UP,0.33443689346313477,False,False,FLAT,FLAT,FLAT,3
2017-09-25,FLAT,-0.002046712076003897,0.4441360533237457,False,0.0036830218242215077,0.8990344405174255,UP,0.3043615221977234,False,False,FLAT,FLAT,FLAT,3
2017-09-26,FLAT,0.0006024343345111111,0.45793044567108154,False,0.003735952713288328,0.5625103116035461,DOWN,0.3553515076637268,False,False,FLAT,FLAT,FLAT,3
2017-09-27,UP,0.0038867727139802652,0.454529732465744,False,0.0037313784248247375,0.7556713819503784,UP,0.4360286593437195,False,False,FLAT,FLAT,FLAT,3
2017-09-28,FLAT,0.0011990530863811022,0.42716366052627563,False,0.0037902288420360577,0.5202230215072632,DOWN,0.3373326063156128,False,False,FLAT,FLAT,FLAT,3
2017-09-29,UP,0.003508874052771569,0.45558083057403564,False,0.0036909611211940426,0.7949631214141846,UP,0.4093324542045593,False,False,FLAT,FLAT,FLAT,3
2017-10-02,UP,0.004329315033571895,0.42319533228874207,False,0.0035483105377103873,0.9887497425079346,UP,0.3032059371471405,False,False,FLAT,FLAT,FLAT,3
2017-10-03,FLAT,0.0021378260553165727,0.4257696270942688,False,0.003635834496774258,0.8757498264312744,UP,0.3713911473751068,False,False,FLAT,FLAT,FLAT,3
2017-10-04,FLAT,0.0011857360751527833,0.4227488040924072,False,0.003100697289708765,0.9451345801353455,UP,0.3211957812309265,False,False,FLAT,FLAT,FLAT,3
2017-10-05,UP,0.005907622152979601,0.42511576414108276,False,0.003063149997078248,0.9270670413970947,UP,0.3702743351459503,False,False,FLAT,FLAT,FLAT,3
2017-10-06,FLAT,-0.0011394557373643071,0.40215763449668884,False,0.003213840451373581,0.8280211687088013,UP,0.2363695502281189,False,False,FLAT,FLAT,FLAT,3
2017-10-09,FLAT,-0.0016524955582182808,0.41920068860054016,False,0.0032122451461383847,0.9088417887687683,UP,0.2677113711833954,False,False,FLAT,FLAT,FLAT,3
2017-10-10,FLAT,0.0026348332265438115,0.43578189611434937,False,0.0024798474013594035,0.6504103541374207,UP,0.339023232460022,False,False,FLAT,FLAT,FLAT,3
2017-10-11,FLAT,0.0015697717521929854,0.43554985523223877,False,0.0024474646121434543,0.5799470543861389,UP,0.2170950025320053,False,False,FLAT,FLAT,FLAT,3
2017-10-12,FLAT,-0.0014912096319125536,0.4169277846813202,False,0.0024496190901680784,0.8733217120170593,UP,0.2621241509914398,False,False,FLAT,FLAT,FLAT,3
2017-10-13,FLAT,0.0012166549542219028,0.4390670657157898,False,0.0024954065590966465,0.8847984671592712,UP,0.319681853055954,False,False,FLAT,FLAT,FLAT,3
2017-10-16,FLAT,0.0013326920457795463,0.41978105902671814,False,0.0022587932425833395,0.7390528917312622,UP,0.2695220708847046,False,False,FLAT,FLAT,FLAT,3
2017-10-17,FLAT,0.0007048631214624703,0.43487846851348877,False,0.0022475855077782234,0.5721151232719421,UP,0.33724355697631836,False,False,FLAT,FLAT,FLAT,3
2017-10-18,FLAT,0.0009781099737367755,0.43510890007019043,False,0.002249266833891971,0.8313940763473511,UP,0.30339476466178894,False,False,FLAT,FLAT,FLAT,3
2017-10-19,FLAT,0.0002736684194568484,0.4295668601989746,False,0.0022429715536431,0.9552878141403198,UP,0.2554653584957123,False,False,FLAT,FLAT,FLAT,3
2017-10-20,UP,0.005147182821886276,0.42354488372802734,False,0.002069955083844993,0.9340274333953857,UP,0.2933996319770813,False,False,FLAT,FLAT,FLAT,3
2017-10-23,DOWN,-0.003896969419021379,0.4049226939678192,False,0.002225510076909329,0.8461170196533203,UP,0.20388542115688324,False,False,FLAT,FLAT,FLAT,3
2017-10-24,FLAT,0.0017555633745319232,0.4453637897968292,False,0.0024119742770865684,0.9203462600708008,UP,0.49483340978622437,False,False,FLAT,FLAT,FLAT,3
2017-10-25,DOWN,-0.004962418292052873,0.4308930039405823,False,0.0024051306344483815,0.7875198721885681,UP,0.3305111229419708,False,False,FLAT,FLAT,FLAT,3
2017-10-26,FLAT,0.0012918200248079085,0.44188377261161804,False,0.0027308659312866657,0.6868822574615479,UP,0.45597317814826965,False,False,FLAT,FLAT,FLAT,3
2017-10-27,UP,0.008142940958378798,0.4599038362503052,False,0.0027312344902560466,0.2379029393196106,DOWN,0.3231385052204132,False,False,FLAT,FLAT,FLAT,3
2017-10-30,DOWN,-0.0037320397514387566,0.41879916191101074,False,0.0031204004089708734,0.28664544224739075,DOWN,0.3888625502586365,False,False,FLAT,FLAT,FLAT,3
2017-10-31,FLAT,0.001556699677022446,0.46580860018730164,False,0.003223809800967414,0.5073840618133545,DOWN,0.5018708109855652,False,False,FLAT,FLAT,FLAT,3
2017-11-01,FLAT,0.0013212979863173313,0.4370690882205963,False,0.003214388737010899,0.8353337645530701,UP,0.37033209204673767,False,False,FLAT,FLAT,FLAT,3
2017-11-02,FLAT,0.0003883129120887515,0.42887625098228455,False,0.0032152963360542667,0.34298282861709595,DOWN,0.4453160762786865,False,False,FLAT,FLAT,FLAT,3
2017-11-03,UP,0.00333313948964476,0.43252405524253845,False,0.0029869223571573995,0.40680867433547974,DOWN,0.3596339225769043,False,False,FLAT,FLAT,FLAT,3
2017-11-06,FLAT,0.0015464680535225,0.418857604265213,False,0.0030192983025111846,0.3715624511241913,DOWN,0.349424809217453,False,False,FLAT,FLAT,FLAT,3
2017-11-07,FLAT,-0.000695596986573822,0.42213916778564453,False,0.0029670640403352006,0.38903120160102844,DOWN,0.3001067042350769,False,False,FLAT,FLAT,FLAT,3
2017-11-08,FLAT,0.0016994554859494032,0.4243599772453308,False,0.0029613096714765576,0.18376889824867249,DOWN,0.3673118054866791,False,False,FLAT,FLAT,FLAT,3
2017-11-09,DOWN,-0.0036342907541265517,0.4174879789352417,False,0.002963250490036803,0.6392861008644104,UP,0.42341315746307373,False,False,FLAT,FLAT,FLAT,3
2017-11-10,FLAT,-0.0003099875604187004,0.44092467427253723,False,0.0030864791502150917,0.572917640209198,UP,0.4611959457397461,False,False,FLAT,FLAT,FLAT,3
2017-11-13,FLAT,0.0009294382850910487,0.46205469965934753,False,0.003091600180383837,0.535804808139801,DOWN,0.5170230865478516,False,False,FLAT,FLAT,FLAT,3
2017-11-14,FLAT,-0.002325217451833892,0.4593755006790161,False,0.003087965758193189,0.9510002732276917,UP,0.5711754560470581,False,False,FLAT,FLAT,FLAT,3
2017-11-15,DOWN,-0.005017839305914511,0.4608553647994995,False,0.003155719606110653,0.8328754305839539,UP,0.49323397874832153,False,False,FLAT,FLAT,FLAT,3
2017-11-16,UP,0.008465055348010226,0.5107315182685852,False,0.003378867599557313,0.9789559841156006,UP,0.47538286447525024,False,False,FLAT,FLAT,FLAT,3
2017-11-17,DOWN,-0.0029430388124721918,0.47806739807128906,False,0.003858295180134181,0.28678202629089355,DOWN,0.4331437349319458,False,False,FLAT,FLAT,FLAT,3
2017-11-20,FLAT,0.001704907667696995,0.462267130613327,False,0.003774146660640168,0.6072793006896973,UP,0.3934391140937805,False,False,FLAT,FLAT,FLAT,3
2017-11-21,UP,0.006521478333189071,0.4643053412437439,False,0.003664617840916114,0.6182382702827454,UP,0.44823065400123596,False,False,FLAT,FLAT,FLAT,3
2017-11-22,FLAT,-0.0008849657864718609,0.4232942461967468,False,0.003902853305897765,0.7889264225959778,UP,0.2720359265804291,False,False,FLAT,FLAT,FLAT,3
2017-11-24,FLAT,0.002307067052553484,0.46029141545295715,False,0.003694406919338241,0.6210753321647644,UP,0.3068200349807739,False,False,FLAT,FLAT,FLAT,3
2017-11-27,FLAT,-0.0004993348656304272,0.4351795017719269,False,0.0037074900055221534,0.6773795485496521,UP,0.2604838013648987,False,False,FLAT,FLAT,FLAT,3
2017-11-28,UP,0.010093697243671753,0.43001383543014526,False,0.0033027122944920286,0.9116080403327942,UP,0.3045228123664856,False,False,FLAT,FLAT,FLAT,3
2017-11-29,FLAT,-0.000608865143803894,0.4072584807872772,False,0.003784966644751631,0.7732157111167908,UP,0.3403564691543579,False,False,FLAT,FLAT,FLAT,3
2017-11-30,UP,0.008716868297143729,0.43858322501182556,False,0.003804483248059405,0.7698052525520325,UP,0.36792829632759094,False,False,FLAT,FLAT,FLAT,3
2017-12-01,FLAT,-0.0020776191554762393,0.4058348834514618,False,0.00417190481540963,0.5675843358039856,DOWN,0.3252369165420532,False,False,FLAT,FLAT,FLAT,3
2017-12-04,FLAT,-0.0012106577450937816,0.416854590177536,False,0.004240477236933981,0.8072837591171265,UP,0.35377272963523865,False,False,FLAT,FLAT,FLAT,3
2017-12-05,DOWN,-0.0036031069881391526,0.43743762373924255,False,0.004248433222351805,0.12529350817203522,DOWN,0.36649444699287415,False,False,FLAT,FLAT,FLAT,3
2017-12-06,FLAT,0.00018991240550295883,0.49910297989845276,False,0.0043734465718672415,0.7352848052978516,UP,0.4498184323310852,False,False,FLAT,FLAT,FLAT,3
2017-12-07,UP,0.0031481207607982854,0.46247121691703796,False,0.004361640761830831,0.3104187250137329,DOWN,0.4773158133029938,False,False,FLAT,FLAT,FLAT,3
2017-12-08,UP,0.005438294285834409,0.44074347615242004,False,0.0043879909993108585,0.8848833441734314,UP,0.3266626298427582,False,False,FLAT,FLAT,FLAT,3
2017-12-11,UP,0.0030084930440527815,0.4346466064453125,False,0.0043581933004003745,0.8668459057807922,UP,0.2049793154001236,False,False,FLAT,FLAT,FLAT,3
2017-12-12,FLAT,0.0017633095564034158,0.41721439361572266,False,0.0043527629053144905,0.5402080416679382,DOWN,0.30753856897354126,False,False,FLAT,FLAT,FLAT,3
2017-12-13,FLAT,-0.00011245395534321217,0.42666754126548767,False,0.004350321105831097,0.31975653767585754,DOWN,0.31712818145751953,False,False,FLAT,FLAT,FLAT,3
2017-12-14,DOWN,-0.004094580692557239,0.42758941650390625,False,0.004272430899976355,0.5125990509986877,DOWN,0.3000057637691498,False,False,FLAT,FLAT,FLAT,3
2017-12-15,UP,0.0031944935073848556,0.44833487272262573,False,0.004200175199829898,0.8848956227302551,UP,0.3348305821418762,False,False,FLAT,FLAT,FLAT,3
2017-12-18,UP,0.0063212133655446145,0.42891642451286316,False,0.003913294699974244,0.8622127771377563,UP,0.23405912518501282,False,False,FLAT,FLAT,FLAT,3
2017-12-19,DOWN,-0.003847806193067688,0.4058379530906677,False,0.003907668756178051,0.1061680018901825,DOWN,0.33172303438186646,False,False,FLAT,FLAT,FLAT,3
2017-12-20,FLAT,-0.0005242031016257336,0.43186354637145996,False,0.004118738298331832,0.5285685062408447,DOWN,0.25662681460380554,False,False,FLAT,FLAT,FLAT,3
2017-12-21,FLAT,0.00205752979580027,0.4256913959980011,False,0.003982645596724534,0.8969083428382874,UP,0.2709680497646332,False,False,FLAT,FLAT,FLAT,3
2017-12-22,FLAT,-0.000261551542800174,0.42421284317970276,False,0.003950506165170657,0.5740201473236084,UP,0.2661081552505493,False,False,FLAT,FLAT,FLAT,3
2017-12-26,FLAT,-0.001196960370748745,0.4243896007537842,False,0.003964036082350976,0.7753778696060181,UP,0.2971763014793396,False,False,FLAT,FLAT,FLAT,3
2017-12-27,FLAT,0.0004864450917694262,0.4556380808353424,False,0.0039842260934703855,0.7266730666160583,UP,0.5004429221153259,False,False,FLAT,FLAT,FLAT,3
2017-12-28,FLAT,0.0020552999273804086,0.43595460057258606,False,0.0034082217735742775,0.6354814171791077,UP,0.37601056694984436,False,False,FLAT,FLAT,FLAT,3
2017-12-29,DOWN,-0.0037776485465138097,0.4321347177028656,False,0.0034006956648163123,0.49688708782196045,DOWN,0.276154100894928,False,False,FLAT,FLAT,FLAT,3
2018-01-02,UP,0.007131832978848311,0.4432406425476074,False,0.0030306696517191194,0.786629855632782,UP,0.41264235973358154,False,False,FLAT,FLAT,FLAT,3
2018-01-03,UP,0.006305236517900342,0.42133504152297974,False,0.00332782112293548,0.38076043128967285,DOWN,0.28764545917510986,False,False,FLAT,FLAT,FLAT,3
2018-01-04,UP,0.004205969006937856,0.40573740005493164,False,0.0035073545348296943,0.7172658443450928,UP,0.2723515033721924,False,False,FLAT,FLAT,FLAT,3
2018-01-05,UP,0.0066419636880151334,0.3977610468864441,False,0.0033786834918016983,0.5088927745819092,DOWN,0.26568958163261414,False,False,FLAT,FLAT,FLAT,3
2018-01-08,FLAT,0.001827018359887614,0.3820432424545288,False,0.0035435232800644393,0.26538151502609253,DOWN,0.25929316878318787,False,False,FLAT,FLAT,FLAT,3
2018-01-09,FLAT,0.00226085897400062,0.4059962034225464,False,0.0035312686861043,0.5283913016319275,DOWN,0.27614888548851013,False,False,FLAT,FLAT,FLAT,3
2018-01-10,FLAT,-0.0015310520430786246,0.3931219279766083,False,0.003430477303652589,0.47174280881881714,DOWN,0.31370991468429565,False,False,FLAT,FLAT,FLAT,3
2018-01-11,UP,0.007269587246673126,0.4478549361228943,False,0.0034871213864314985,0.1884632706642151,DOWN,0.3443235754966736,False,False,FLAT,FLAT,FLAT,3
2018-01-12,UP,0.006497814656286375,0.38773560523986816,False,0.0037229454289185566,0.569959819316864,UP,0.28947892785072327,False,False,FLAT,FLAT,FLAT,3
2018-01-16,DOWN,-0.0034241493275315635,0.3815157115459442,False,0.003843131777194282,0.19156941771507263,DOWN,0.2220468819141388,False,False,FLAT,FLAT,FLAT,3
2018-01-17,UP,0.00948652123001412,0.40627726912498474,False,0.003789251429719921,0.8056087493896484,UP,0.39946603775024414,False,False,FLAT,FLAT,FLAT,3
2018-01-18,FLAT,-0.0016822221528580157,0.4472624957561493,False,0.0041319503688939845,0.07193920761346817,DOWN,0.2544427812099457,False,False,FLAT,FLAT,FLAT,3
2018-01-19,UP,0.004539330364915846,0.4305873215198517,False,0.004119659336055904,0.7148607969284058,UP,0.32814499735832214,False,False,FLAT,FLAT,FLAT,3
2018-01-22,UP,0.008098068600671672,0.43919500708580017,False,0.003914956439081465,0.43943411111831665,DOWN,0.28391796350479126,False,False,FLAT,FLAT,FLAT,3
2018-01-23,FLAT,0.0021202385831359228,0.39720186591148376,False,0.004046399734457792,0.07620317488908768,DOWN,0.42563676834106445,False,False,FLAT,FLAT,FLAT,3
2018-01-24,FLAT,-0.0003884261136045274,0.43049946427345276,False,0.004045778012967187,0.5279806852340698,DOWN,0.2825998067855835,False,False,FLAT,FLAT,FLAT,3
2018-01-25,FLAT,0.0004236517551174197,0.403682678937912,False,0.004051014090595843,0.7036248445510864,UP,0.3369458019733429,False,False,FLAT,FLAT,FLAT,3
2018-01-26,UP,0.011511318685595344,0.41486600041389465,False,0.0039814939227922844,0.17004209756851196,DOWN,0.5219805836677551,False,False,FLAT,FLAT,FLAT,3
2018-01-29,DOWN,-0.006651965730186924,0.41547244787216187,False,0.004370013982818492,0.05239555612206459,DOWN,0.4571065902709961,False,False,FLAT,FLAT,FLAT,3
2018-01-30,DOWN,-0.01031003729590082,0.4605344235897064,False,0.004918571098422533,0.8633666038513184,UP,0.6411904096603394,False,False,FLAT,FLAT,FLAT,3
2018-01-31,FLAT,0.000496697061447709,0.534721851348877,True,0.005569209633080512,0.7724621891975403,UP,0.615017294883728,True,False,UP,UP,ABSTAIN,3
2018-02-01,FLAT,-0.0011358251214389856,0.5189076066017151,False,0.0054894058967712685,0.21584422886371613,DOWN,0.47446903586387634,False,False,FLAT,FLAT,FLAT,3
2018-02-02,DOWN,-0.022010383111866608,0.5241187810897827,False,0.005461804154366353,0.2806512415409088,DOWN,0.43648582696914673,False,False,FLAT,FLAT,FLAT,3
2018-02-05,DOWN,-0.042722279513735646,0.5491195917129517,True,0.007625206094473173,0.9238073825836182,UP,0.7029446363449097,True,False,UP,UP,ABSTAIN,3
2018-02-06,UP,0.019510663660577923,0.5910969972610474,True,0.012211448798916304,0.7650765180587769,UP,0.6977951526641846,True,True,UP,UP,UP,3
2018-02-07,DOWN,-0.005439623715762403,0.6430166959762573,True,0.013093651496723835,0.298225998878479,DOWN,0.5983548164367676,False,True,DOWN,FLAT,FLAT,3
2018-02-08,DOWN,-0.03823046263704881,0.6414262056350708,True,0.013109576163397299,0.4625229835510254,DOWN,0.6428840160369873,True,True,DOWN,DOWN,DOWN,3
2018-02-09,UP,0.014909817475535768,0.6070764660835266,True,0.015499128432346597,0.6680157780647278,UP,0.7097055912017822,True,True,UP,UP,UP,3
2018-02-12,UP,0.01457772518222007,0.6286762952804565,True,0.01585821202654007,0.7895590662956238,UP,0.5104303359985352,False,True,UP,FLAT,FLAT,3
2018-02-13,FLAT,0.0024843000945013955,0.6318826079368591,True,0.016204539387986293,0.8745224475860596,UP,0.5861738324165344,False,True,UP,FLAT,FLAT,3
2018-02-14,UP,0.013405963996401723,0.6375425457954407,True,0.016237100190095746,0.8248693943023682,UP,0.6480848789215088,True,True,UP,UP,UP,3
2018-02-15,UP,0.012679402008324459,0.6434953808784485,True,0.01640606806084094,0.19731393456459045,DOWN,0.6312799453735352,True,True,DOWN,DOWN,DOWN,3
2018-02-16,FLAT,0.00029291601113895456,0.46761271357536316,False,0.01672385215609411,0.3079394996166229,DOWN,0.5371783375740051,False,True,FLAT,FLAT,FLAT,3
2018-02-20,DOWN,-0.006280865885799406,0.6298001408576965,True,0.01667528580274373,0.8247671723365784,UP,0.46388015151023865,False,True,UP,FLAT,FLAT,3
2018-02-21,FLAT,-0.004986643075721539,0.6223017573356628,True,0.016557462541044985,0.23550951480865479,DOWN,0.6079610586166382,True,True,DOWN,DOWN,DOWN,3
2018-02-22,FLAT,0.0012952397605923607,0.6385408639907837,True,0.01653977966769557,0.5718884468078613,UP,0.6639743447303772,True,True,UP,UP,UP,3
2018-02-23,UP,0.015813643085869314,0.6434041261672974,True,0.016554798414149755,0.7518138289451599,UP,0.5154123306274414,False,True,UP,FLAT,FLAT,3
2018-02-26,UP,0.011545350102960344,0.576384425163269,True,0.017039098191008444,0.8792401552200317,UP,0.57502681016922,False,True,UP,FLAT,FLAT,3
2018-02-27,DOWN,-0.01256512215254109,0.45610934495925903,False,0.017040471721598834,0.30884382128715515,DOWN,0.5131461024284363,False,True,FLAT,FLAT,FLAT,3
2018-02-28,DOWN,-0.01018174210369951,0.6257468461990356,True,0.01718456239247733,0.8179348111152649,UP,0.6272362470626831,True,True,UP,UP,UP,3
2018-03-01,DOWN,-0.014647454403250413,0.6335515975952148,True,0.017181255300628914,0.9876493811607361,UP,0.6965445280075073,True,True,UP,UP,UP,3
2018-03-02,FLAT,0.005141687129042214,0.6045329570770264,True,0.017405701570801187,0.9502896666526794,UP,0.6069422960281372,True,True,UP,UP,UP,3
2018-03-05,UP,0.011491677564123457,0.6616306304931641,True,0.017489594721486288,0.8285703063011169,UP,0.6705693602561951,True,True,UP,UP,UP,3
2018-03-06,FLAT,0.0025317951848754217,0.6326444149017334,True,0.017099462206292607,0.7517430782318115,UP,0.6798004508018494,True,True,UP,UP,UP,3
2018-03-07,FLAT,-0.00036655098033279134,0.6268508434295654,True,0.013932429857837176,0.28737038373947144,DOWN,0.5162438750267029,False,True,DOWN,FLAT,FLAT,3
2018-03-08,FLAT,0.004827420552534636,0.5963064432144165,True,0.013286597282988049,0.5868531465530396,UP,0.6073812246322632,True,True,UP,UP,UP,3
2018-03-09,UP,0.017252680326730694,0.5598348379135132,True,0.013236219772766221,0.9291906952857971,UP,0.3715350329875946,False,True,UP,FLAT,FLAT,3
2018-03-12,FLAT,-0.0012558752739862213,0.4081805646419525,False,0.009945149805677442,0.25675031542778015,DOWN,0.39062267541885376,False,False,FLAT,FLAT,FLAT,3
2018-03-13,DOWN,-0.006483661588719202,0.5444447994232178,True,0.009661341290883025,0.6676623821258545,UP,0.36223387718200684,False,False,UP,FLAT,FLAT,3
2018-03-14,FLAT,-0.00514480123251495,0.5957103967666626,True,0.009496928083154577,0.6105219125747681,UP,0.3222275376319885,False,False,UP,FLAT,FLAT,3
2018-03-15,FLAT,-0.0010902701411566486,0.6008028984069824,True,0.00963290976746104,0.21922215819358826,DOWN,0.5715158581733704,False,False,DOWN,FLAT,FLAT,3
2018-03-16,FLAT,-0.002913286019644701,0.6129997968673706,True,0.009244754511133798,0.323207825422287,DOWN,0.5553416609764099,False,False,DOWN,FLAT,FLAT,3
2018-03-19,DOWN,-0.013622718723915883,0.5706872344017029,True,0.008856720541917808,0.4954991936683655,DOWN,0.5959652066230774,False,False,DOWN,FLAT,FLAT,3
2018-03-20,FLAT,0.001699254141819521,0.596826434135437,True,0.00938125065558427,0.8616836071014404,UP,0.7303116321563721,True,False,UP,UP,ABSTAIN,3
2018-03-21,FLAT,-0.0019210893881974704,0.6459936499595642,True,0.009290900814577242,0.9833327531814575,UP,0.593870997428894,False,False,UP,FLAT,FLAT,3
2018-03-22,DOWN,-0.025314885505682536,0.6090236902236938,True,0.009230837067790891,0.631955623626709,UP,0.5801970958709717,False,False,UP,FLAT,FLAT,3
2018-03-23,DOWN,-0.021545054881122266,0.5689948797225952,True,0.010825071779974603,0.05411021411418915,DOWN,0.7000648975372314,True,False,DOWN,DOWN,ABSTAIN,3
2018-03-26,UP,0.026991461654006305,0.6161197423934937,True,0.010946369729557684,0.20348133146762848,DOWN,0.6223607063293457,True,False,DOWN,DOWN,ABSTAIN,3
2018-03-27,DOWN,-0.017158090832078213,0.651518702507019,True,0.012474367261752065,0.9610181450843811,UP,0.661119818687439,True,True,UP,UP,UP,3
2018-03-28,FLAT,-0.0029591687796165682,0.6157732605934143,True,0.012712218477819467,0.8840623497962952,UP,0.6315814256668091,True,True,UP,UP,UP,3
2018-03-29,UP,0.01269666927359303,0.633233368396759,True,0.012587039223893875,0.39275383949279785,DOWN,0.5920782685279846,False,True,DOWN,FLAT,FLAT,3
2018-04-02,DOWN,-0.021820975402381346,0.6437245607376099,True,0.012651514621377457,0.510755181312561,DOWN,0.6627413034439087,True,True,DOWN,DOWN,DOWN,3
2018-04-03,UP,0.012735537427426051,0.6047667860984802,True,0.013393444608467945,0.8121393322944641,UP,0.655925452709198,True,True,UP,UP,UP,3
2018-04-04,UP,0.010642286151652277,0.6427582502365112,True,0.013463101258579304,0.9448871612548828,UP,0.6574547290802002,True,True,UP,UP,UP,3
2018-04-05,UP,0.007861027034026642,0.6496451497077942,True,0.013730812352230674,0.6020656824111938,UP,0.665420651435852,True,True,UP,UP,UP,3
2018-04-06,DOWN,-0.022537931476096573,0.5793138146400452,True,0.013896302874560455,0.8055687546730042,UP,0.5146718621253967,False,True,UP,FLAT,FLAT,3
2018-04-09,FLAT,0.004916274982333761,0.6015797257423401,True,0.0145885067871186,0.2831263840198517,DOWN,0.5352771282196045,False,True,DOWN,FLAT,FLAT,3
2018-04-10,UP,0.015775273241340624,0.6381605267524719,True,0.013947442679443641,0.7064236998558044,UP,0.6783148050308228,True,True,UP,UP,UP,3
2018-04-11,FLAT,-0.00525604477589649,0.5088295340538025,False,0.014584888178373936,0.5773206949234009,UP,0.5064337253570557,False,True,FLAT,FLAT,FLAT,3
2018-04-12,UP,0.008193452924804723,0.6378539800643921,True,0.014569637216605142,0.9058529734611511,UP,0.6022891998291016,False,True,UP,FLAT,FLAT,3
2018-04-13,FLAT,-0.0029374081489083083,0.6198917627334595,True,0.014741562198357972,0.8219475746154785,UP,0.6177084445953369,True,True,UP,UP,UP,3
2018-04-16,UP,0.008188119499643706,0.5951551795005798,True,0.014743120118208872,0.6339769959449768,UP,0.5239176750183105,False,True,UP,FLAT,FLAT,3
2018-04-17,UP,0.010641624190932739,0.5488697290420532,True,0.014908000449309827,0.9485967755317688,UP,0.3745307922363281,False,True,UP,FLAT,FLAT,3
2018-04-18,FLAT,0.0007399911570353793,0.4165734052658081,False,0.01483686238906609,0.5976287126541138,UP,0.3846464455127716,False,True,FLAT,FLAT,FLAT,3
2018-04-19,FLAT,-0.005562986896832211,0.4997542202472687,False,0.01483244113791047,0.8251014947891235,UP,0.32966348528862,False,True,FLAT,FLAT,FLAT,3
2018-04-20,DOWN,-0.008515567039637552,0.6117614507675171,True,0.014878215223116937,0.4554990828037262,DOWN,0.4150487184524536,False,True,DOWN,FLAT,FLAT,3
2018-04-23,FLAT,-0.00014996071858595708,0.6193405389785767,True,0.013827925366439132,0.5650294423103333,DOWN,0.5565511584281921,False,True,DOWN,FLAT,FLAT,3
2018-04-24,DOWN,-0.013558875321530377,0.6334357261657715,True,0.012819065872965909,0.8295853137969971,UP,0.5300017595291138,False,True,UP,FLAT,FLAT,3
2018-04-25,FLAT,0.00246859804023608,0.5527649521827698,True,0.011758647834795322,0.499856561422348,DOWN,0.5278925895690918,False,True,DOWN,FLAT,FLAT,3
2018-04-26,UP,0.010114411105506966,0.6401340365409851,True,0.011086540191085468,0.9864365458488464,UP,0.5579363703727722,False,False,UP,FLAT,FLAT,3
2018-04-27,FLAT,0.0009383152387381556,0.5695589184761047,True,0.011251203043306816,0.7399327754974365,UP,0.5648051500320435,False,False,UP,FLAT,FLAT,3
2018-04-30,FLAT,-0.007720255132814476,0.5556951761245728,True,0.010923005341740382,0.5848779082298279,UP,0.4337761700153351,False,False,UP,FLAT,FLAT,3
2018-05-01,FLAT,0.0017752982142209552,0.5404872894287109,True,0.009793337745486734,0.6917241811752319,UP,0.5912145376205444,False,False,UP,FLAT,FLAT,3
2018-05-02,FLAT,-0.00674014707048817,0.5966962575912476,True,0.009422250985815514,0.7192040681838989,UP,0.402434766292572,False,False,UP,FLAT,FLAT,3
2018-05-03,FLAT,-0.0022061439922913396,0.5706576108932495,True,0.009267090672582573,0.1616530418395996,DOWN,0.49212077260017395,False,False,DOWN,FLAT,FLAT,3
2018-05-04,UP,0.012863350788101215,0.6109967231750488,True,0.009085350782492398,0.6772793531417847,UP,0.6436432003974915,True,False,UP,UP,ABSTAIN,3
2018-05-07,FLAT,0.003377585715348559,0.5461825728416443,True,0.0079592745255753,0.24980643391609192,DOWN,0.5555136203765869,False,False,DOWN,FLAT,FLAT,3
2018-05-08,FLAT,0.0,0.5513370037078857,True,0.00792882397091639,0.20990696549415588,DOWN,0.5214092135429382,False,False,DOWN,FLAT,FLAT,3
2018-05-09,UP,0.009619352007434372,0.511017382144928,False,0.0071397269290924764,0.09257632493972778,DOWN,0.3674994111061096,False,False,FLAT,FLAT,FLAT,3
2018-05-10,UP,0.009307162267612242,0.3953462243080139,False,0.007299903506981163,0.40446746349334717,DOWN,0.34816089272499084,False,False,FLAT,FLAT,FLAT,3
2018-05-11,FLAT,0.003046663385067629,0.3951984643936157,False,0.007361043035087497,0.23746828734874725,DOWN,0.27866747975349426,False,False,FLAT,FLAT,FLAT,3
2018-05-14,FLAT,0.00047635667222540955,0.4413073658943176,False,0.007308351602954378,0.627007246017456,UP,0.3374694585800171,False,False,FLAT,FLAT,FLAT,3
2018-05-15,FLAT,-0.006910793655447388,0.40197521448135376,False,0.0071344686503206035,0.6935669183731079,UP,0.32144665718078613,False,False,FLAT,FLAT,FLAT,3
2018-05-16,FLAT,0.004196215302757945,0.534245491027832,True,0.0069696078317594825,0.7449162602424622,UP,0.5298339128494263,False,False,UP,FLAT,FLAT,3
2018-05-17,FLAT,-0.0008451280934807857,0.5128510594367981,False,0.00702714469886569,0.46465298533439636,DOWN,0.3954642415046692,False,False,FLAT,FLAT,FLAT,3
2018-05-18,FLAT,-0.0025031234696764274,0.48588424921035767,False,0.006896498307490862,0.29144173860549927,DOWN,0.3493078351020813,False,False,FLAT,FLAT,FLAT,3
2018-05-21,FLAT,0.007490428315173807,0.47616222500801086,False,0.006604142011042387,0.2654656171798706,DOWN,0.3493908643722534,False,False,FLAT,FLAT,FLAT,3
2018-05-22,FLAT,-0.0027840224319636165,0.4214581251144409,False,0.0067607083295421625,0.8090230822563171,UP,0.24391716718673706,False,False,FLAT,FLAT,FLAT,3
2018-05-23,FLAT,0.002747405579097633,0.4673972427845001,False,0.005891108845661374,0.5313771963119507,DOWN,0.34784501791000366,False,False,FLAT,FLAT,FLAT,3
2018-05-24,FLAT,-0.0020506729982943967,0.4914501905441284,False,0.005893108253129387,0.3559415936470032,DOWN,0.46861007809638977,False,False,FLAT,FLAT,FLAT,3
2018-05-25,FLAT,-0.002385518768943073,0.45653077960014343,False,0.00561220515352267,0.16672521829605103,DOWN,0.3634757697582245,False,False,FLAT,FLAT,FLAT,3
2018-05-29,DOWN,-0.01156767701107844,0.5027706027030945,False,0.005669405585909608,0.2882421910762787,DOWN,0.3559992015361786,False,False,FLAT,FLAT,FLAT,3
2018-05-30,UP,0.013256463199218327,0.536906898021698,True,0.006035660073097046,0.6907086968421936,UP,0.5926035642623901,False,False,UP,FLAT,FLAT,3
2018-05-31,FLAT,-0.006144745477856272,0.544211208820343,True,0.00664409194379379,0.29144343733787537,DOWN,0.6757503151893616,True,False,DOWN,DOWN,ABSTAIN,3
2018-06-01,UP,0.009769804893101726,0.5175719857215881,False,0.0066068368703592045,0.4016740322113037,DOWN,0.5944789052009583,False,False,FLAT,FLAT,FLAT,3
2018-06-04,FLAT,0.004740164911957537,0.4722508490085602,False,0.006798050583082253,0.09360919892787933,DOWN,0.2609790861606598,False,False,FLAT,FLAT,FLAT,3
2018-06-05,FLAT,0.0007273171485391942,0.40660446882247925,False,0.006345459415336297,0.18603533506393433,DOWN,0.25325602293014526,False,False,FLAT,FLAT,FLAT,3
2018-06-06,FLAT,0.008325795761088207,0.41745877265930176,False,0.0063349671132477345,0.3597829341888428,DOWN,0.21190814673900604,False,False,FLAT,FLAT,FLAT,3
2018-06-07,FLAT,-0.00010814852973372621,0.3662776052951813,False,0.00650192413761817,0.046926453709602356,DOWN,0.21455006301403046,False,False,FLAT,FLAT,FLAT,3
2018-06-08,FLAT,0.002952004907865754,0.38976168632507324,False,0.006255254190307751,0.09388871490955353,DOWN,0.2547878623008728,False,False,FLAT,FLAT,FLAT,3
2018-06-11,FLAT,0.001329124999213643,0.42055171728134155,False,0.005990344020656513,0.8136137127876282,UP,0.32511258125305176,False,False,FLAT,FLAT,FLAT,3
2018-06-12,FLAT,0.0012915832391962585,0.396687388420105,False,0.0059735793621500605,0.9729306697845459,UP,0.33669039607048035,False,False,FLAT,FLAT,FLAT,3
2018-06-13,FLAT,-0.003196033347797097,0.38615065813064575,False,0.005972343995289295,0.7935041785240173,UP,0.4032081961631775,False,False,FLAT,FLAT,FLAT,3
2018-06-14,FLAT,0.0025145935900984335,0.4358641505241394,False,0.005765039738900743,0.2493809312582016,DOWN,0.3332163989543915,False,False,FLAT,FLAT,FLAT,3
2018-06-15,FLAT,-0.0057568829444289435,0.4476240575313568,False,0.005732163032156178,0.13522109389305115,DOWN,0.36737561225891113,False,False,FLAT,FLAT,FLAT,3
2018-06-18,FLAT,-0.0020589410069597174,0.4768909215927124,False,0.005925365929159581,0.17565858364105225,DOWN,0.4516673982143402,False,False,FLAT,FLAT,FLAT,3
2018-06-19,FLAT,-0.0038401581926364673,0.5311643481254578,True,0.005912630135430959,0.08704762905836105,DOWN,0.4958253800868988,False,False,DOWN,FLAT,FLAT,3
2018-06-20,FLAT,0.0017045399875246503,0.5221196413040161,False,0.0057950900359262075,0.06318377703428268,DOWN,0.344525009393692,False,False,FLAT,FLAT,FLAT,3
2018-06-21,FLAT,-0.006288568780855549,0.5129472017288208,False,0.005752536462743669,0.5692875981330872,UP,0.45518505573272705,False,False,FLAT,FLAT,FLAT,3
2018-06-22,FLAT,0.0018215605524504461,0.5203230381011963,False,0.0059281946493916935,0.9141265153884888,UP,0.5644922852516174,False,False,FLAT,FLAT,FLAT,3
2018-06-25,DOWN,-0.013706339472387726,0.5513220429420471,True,0.005915389848676329,0.3125024139881134,DOWN,0.49726900458335876,False,False,DOWN,FLAT,FLAT,3
2018-06-26,FLAT,0.0022115972772832767,0.5429698824882507,True,0.006683176626458972,0.7037504315376282,UP,0.5383321642875671,False,False,UP,FLAT,FLAT,3
2018-06-27,DOWN,-0.008318746370276053,0.6296622157096863,True,0.006138976550480786,0.7291415929794312,UP,0.5410345196723938,False,False,UP,FLAT,FLAT,3
2018-06-28,FLAT,0.005701216707823484,0.570447564125061,True,0.005651454543757165,0.34596842527389526,DOWN,0.5360784530639648,False,False,DOWN,FLAT,FLAT,3
2018-06-29,FLAT,0.0014386048230611169,0.634814441204071,True,0.005660670976079568,0.7931126356124878,UP,0.4841249883174896,False,False,UP,FLAT,FLAT,3
2018-07-02,FLAT,0.0021356807072243403,0.5982186198234558,True,0.005190157946507466,0.8558188676834106,UP,0.5127166509628296,False,False,UP,FLAT,FLAT,3
2018-07-03,FLAT,-0.003537447464279723,0.6251489520072937,True,0.005085334683511898,0.4456509053707123,DOWN,0.5075110197067261,False,False,DOWN,FLAT,FLAT,3
2018-07-05,UP,0.00812486423702682,0.5955854654312134,True,0.005118000115160278,0.24101383984088898,DOWN,0.5826426148414612,False,False,DOWN,FLAT,FLAT,3
2018-07-06,UP,0.008422663255079442,0.6128624677658081,True,0.005099370297142593,0.162814661860466,DOWN,0.7031086087226868,True,False,DOWN,DOWN,ABSTAIN,3
2018-07-09,UP,0.008964060732821678,0.4809737503528595,False,0.00549954461072552,0.6575580835342407,UP,0.33689525723457336,False,False,FLAT,FLAT,FLAT,3
2018-07-10,FLAT,0.003591957963733901,0.42647412419319153,False,0.005843256095380227,0.307453989982605,DOWN,0.23923374712467194,False,False,FLAT,FLAT,FLAT,3
2018-07-11,DOWN,-0.007341362398798512,0.44594287872314453,False,0.0058931038284305015,0.41649362444877625,DOWN,0.2657804787158966,False,False,FLAT,FLAT,FLAT,3
2018-07-12,UP,0.009025140287613701,0.5318954586982727,True,0.006110383140969667,0.34423473477363586,DOWN,0.4470157325267792,False,False,DOWN,FLAT,FLAT,3
2018-07-13,FLAT,0.0007871806047899389,0.45827385783195496,False,0.006416382246569351,0.33586376905441284,DOWN,0.2785032391548157,False,False,FLAT,FLAT,FLAT,3
2018-07-16,FLAT,-0.0008945664750428539,0.4704367220401764,False,0.006395751394465972,0.924126148223877,UP,0.2505415380001068,False,False,FLAT,FLAT,FLAT,3
2018-07-17,FLAT,0.004037106955921009,0.49397480487823486,False,0.00624999212119214,0.15278840065002441,DOWN,0.38799116015434265,False,False,FLAT,FLAT,FLAT,3
2018-07-18,FLAT,0.0021013892624929227,0.4559253454208374,False,0.0062725151539442196,0.21856804192066193,DOWN,0.31425485014915466,False,False,FLAT,FLAT,FLAT,3
2018-07-19,FLAT,-0.0037785578169255564,0.4495116174221039,False,0.006186177604906825,0.31128835678100586,DOWN,0.3488401472568512,False,False,FLAT,FLAT,FLAT,3
2018-07-20,FLAT,-0.0011435368899324159,0.481661319732666,False,0.006274138312358029,0.7526007890701294,UP,0.2935522794723511,False,False,FLAT,FLAT,FLAT,3
2018-07-23,FLAT,0.0018576111890104257,0.469142347574234,False,0.0060737158270567785,0.5588946342468262,DOWN,0.37755706906318665,False,False,FLAT,FLAT,FLAT,3
2018-07-24,FLAT,0.005019405531929277,0.4863934814929962,False,0.006073983407113071,0.47051358222961426,DOWN,0.38643190264701843,False,False,FLAT,FLAT,FLAT,3
2018-07-25,UP,0.008486400193444807,0.4412379860877991,False,0.005046732860151512,0.2027466744184494,DOWN,0.36659523844718933,False,False,FLAT,FLAT,FLAT,3
2018-07-26,FLAT,-0.0023619061672846917,0.43394917249679565,False,0.005256484662940262,0.18765248358249664,DOWN,0.3280212879180908,False,False,FLAT,FLAT,FLAT,3
2018-07-27,DOWN,-0.006799313952093535,0.46160009503364563,False,0.004773668160629765,0.1329212784767151,DOWN,0.3684196174144745,False,False,FLAT,FLAT,FLAT,3
2018-07-30,FLAT,-0.005237203675095492,0.4772936701774597,False,0.005141070183353456,0.759490966796875,UP,0.41987812519073486,False,False,FLAT,FLAT,FLAT,3
2018-07-31,FLAT,0.00491725038771483,0.5257502794265747,False,0.005384042177854776,0.4017210900783539,DOWN,0.5403303503990173,False,False,FLAT,FLAT,FLAT,3
2018-08-01,FLAT,-0.0016720374025657521,0.4937266707420349,False,0.005435027519254199,0.2446918934583664,DOWN,0.3258439302444458,False,False,FLAT,FLAT,FLAT,3
2018-08-02,FLAT,0.00543287371593472,0.5109601020812988,False,0.005355625519643919,0.4290403127670288,DOWN,0.4628397822380066,False,False,FLAT,FLAT,FLAT,3
2018-08-03,FLAT,0.004275670079224741,0.4767739772796631,False,0.005220566487875131,0.12249745428562164,DOWN,0.5090298056602478,False,False,FLAT,FLAT,FLAT,3
2018-08-06,FLAT,0.003660459201019565,0.44723325967788696,False,0.005016652210449385,0.6380678415298462,UP,0.3290383815765381,False,False,FLAT,FLAT,FLAT,3
2018-08-07,FLAT,0.00329687760242284,0.4376738667488098,False,0.0047313606845820425,0.5007376074790955,DOWN,0.2549048364162445,False,False,FLAT,FLAT,FLAT,3
2018-08-08,FLAT,-0.0004202687152244611,0.4406328797340393,False,0.004723957530953499,0.6907766461372375,UP,0.25466692447662354,False,False,FLAT,FLAT,FLAT,3
2018-08-09,FLAT,-0.0013670944295027395,0.4613106846809387,False,0.004301188413598025,0.8319784998893738,UP,0.360517293214798,False,False,FLAT,FLAT,FLAT,3
2018-08-10,DOWN,-0.006722667999259242,0.4482822120189667,False,0.0039623882707633526,0.4149409830570221,DOWN,0.2860052287578583,False,False,FLAT,FLAT,FLAT,3
2018-08-13,FLAT,-0.0037504821950417855,0.5011380314826965,False,0.004323940771613943,0.8792522549629211,UP,0.399424284696579,False,False,FLAT,FLAT,FLAT,3
2018-08-14,UP,0.006360402336152668,0.527715265750885,False,0.004423111678801644,0.9144553542137146,UP,0.5335464477539062,False,False,FLAT,FLAT,FLAT,3
2018-08-15,DOWN,-0.007495421687086555,0.5350223779678345,True,0.004549822226671916,0.9287264943122864,UP,0.3461475074291229,False,False,UP,FLAT,FLAT,3
2018-08-16,UP,0.008058854565280422,0.5247508883476257,False,0.004878214282187688,0.864967942237854,UP,0.5040805339813232,False,False,FLAT,FLAT,FLAT,3
2018-08-17,FLAT,0.0035142010040534032,0.5187363028526306,False,0.00509269541092778,0.5276244878768921,DOWN,0.5221754908561707,False,False,FLAT,FLAT,FLAT,3
2018-08-20,FLAT,0.0021376696150321346,0.46652674674987793,False,0.005109471960959056,0.5643733143806458,DOWN,0.3876943588256836,False,False,FLAT,FLAT,FLAT,3
2018-08-21,FLAT,0.0023425576654248943,0.4798367917537689,False,0.005112465409498831,0.5095513463020325,DOWN,0.40892496705055237,False,False,FLAT,FLAT,FLAT,3
2018-08-22,FLAT,-0.0005938163953526431,0.44919273257255554,False,0.005035238698654616,0.15573002398014069,DOWN,0.4173802137374878,False,False,FLAT,FLAT,FLAT,3
2018-08-23,FLAT,-0.0013287814676808238,0.4739367663860321,False,0.00470752372471741,0.3659239113330841,DOWN,0.39044907689094543,False,False,FLAT,FLAT,FLAT,3
2018-08-24,UP,0.006000370927635234,0.47166094183921814,False,0.004681462587714652,0.49314919114112854,DOWN,0.2810397744178772,False,False,FLAT,FLAT,FLAT,3
2018-08-27,UP,0.007864333972650215,0.42789381742477417,False,0.004512950667322344,0.544076681137085,DOWN,0.28964874148368835,False,False,FLAT,FLAT,FLAT,3
2018-08-28,FLAT,0.0004830589898629278,0.3802945613861084,False,0.004500029588395552,0.05263659358024597,DOWN,0.3467118442058563,False,False,FLAT,FLAT,FLAT,3
2018-08-29,UP,0.005366361323691596,0.4311918318271637,False,0.004443379271664194,0.5472153425216675,DOWN,0.3579424321651459,False,False,FLAT,FLAT,FLAT,3
2018-08-30,DOWN,-0.004056601512742224,0.4302486479282379,False,0.004457310477368252,0.4858647286891937,DOWN,0.2591557502746582,False,False,FLAT,FLAT,FLAT,3
2018-08-31,FLAT,3.448017043630606e-05,0.46765339374542236,False,0.004560369597811281,0.6477586627006531,UP,0.38116154074668884,False,False,FLAT,FLAT,FLAT,3
2018-09-04,FLAT,-0.0017237817279795312,0.4883796274662018,False,0.004517098934595105,0.9081012606620789,UP,0.25824034214019775,False,False,FLAT,FLAT,FLAT,3
2018-09-05,FLAT,-0.0026950426934643306,0.4782505929470062,False,0.004521255104585375,0.9829031825065613,UP,0.2623821198940277,False,False,FLAT,FLAT,FLAT,3
2018-09-06,FLAT,-0.003014590593621199,0.48943769931793213,False,0.004552486376760965,0.22873930633068085,DOWN,0.3742399513721466,False,False,FLAT,FLAT,FLAT,3
2018-09-07,FLAT,-0.001945247067113778,0.5176692605018616,False,0.004619566310997769,0.40498536825180054,DOWN,0.45840829610824585,False,False,FLAT,FLAT,FLAT,3
2018-09-10,FLAT,0.0017370162067597659,0.549149751663208,True,0.004633459913017826,0.8120161890983582,UP,0.5712957382202148,False,False,UP,FLAT,FLAT,3
2018-09-11,FLAT,0.0032919780210391766,0.5217583775520325,False,0.004320574132109697,0.3319163918495178,DOWN,0.5976057648658752,False,False,FLAT,FLAT,FLAT,3
2018-09-12,FLAT,0.0002421686584574769,0.510504424571991,False,0.004210205207165876,0.8493829369544983,UP,0.31280431151390076,False,False,FLAT,FLAT,FLAT,3
2018-09-13,UP,0.005897047898963309,0.4699020981788635,False,0.004035458472572264,0.7078108787536621,UP,0.34000423550605774,False,False,FLAT,FLAT,FLAT,3
2018-09-14,FLAT,0.00017196992111143846,0.44357407093048096,False,0.0036608794120410963,0.15131248533725739,DOWN,0.30589163303375244,False,False,FLAT,FLAT,FLAT,3
2018-09-17,DOWN,-0.005308373230784791,0.44827255606651306,False,0.0033367587463818127,0.8905124664306641,UP,0.2626377046108246,False,False,FLAT,FLAT,FLAT,3
2018-09-18,UP,0.005411499028350448,0.5129697322845459,False,0.0035866302561292757,0.5349054932594299,DOWN,0.32568418979644775,False,False,FLAT,FLAT,FLAT,3
2018-09-19,FLAT,0.001065045901419516,0.4922064244747162,False,0.003725546884403267,0.6022195219993591,UP,0.2863452434539795,False,False,FLAT,FLAT,FLAT,3
2018-09-20,UP,0.008071129316734715,0.4491502642631531,False,0.003710593084797347,0.0824483335018158,DOWN,0.3260859549045563,False,False,FLAT,FLAT,FLAT,3
2018-09-21,DOWN,-0.005430607129735593,0.4013785123825073,False,0.00402619704902953,0.22370614111423492,DOWN,0.2812158167362213,False,False,FLAT,FLAT,FLAT,3
2018-09-24,FLAT,-0.0033275660804232346,0.4564811885356903,False,0.004263464739803066,0.4763265550136566,DOWN,0.38085466623306274,False,False,FLAT,FLAT,FLAT,3
2018-09-25,FLAT,-0.0009281641822477785,0.505414605140686,False,0.004205904650911051,0.10350600630044937,DOWN,0.4653688073158264,False,False,FLAT,FLAT,FLAT,3
2018-09-26,FLAT,-0.0029967303134387914,0.5117320418357849,False,0.0038520018469179896,0.13760648667812347,DOWN,0.2827075123786926,False,False,FLAT,FLAT,FLAT,3
2018-09-27,FLAT,0.0027903545616681496,0.4766494929790497,False,0.003915051358824549,0.8903326988220215,UP,0.2495223432779312,False,False,FLAT,FLAT,FLAT,3
2018-09-28,FLAT,0.00010319319975419512,0.4851686358451843,False,0.003768608698376098,0.5571386218070984,DOWN,0.3045280873775482,False,False,FLAT,FLAT,FLAT,3
2018-10-01,FLAT,0.003468145787024826,0.45931512117385864,False,0.003653867682403112,0.7923631072044373,UP,0.2877412736415863,False,False,FLAT,FLAT,FLAT,3
2018-10-02,FLAT,-0.0005829464933681313,0.441679984331131,False,0.0037318341944876667,0.5393587350845337,DOWN,0.3165768086910248,False,False,FLAT,FLAT,FLAT,3
2018-10-03,FLAT,0.0005486341601209336,0.47601717710494995,False,0.003708821675775994,0.22504214942455292,DOWN,0.45240962505340576,False,False,FLAT,FLAT,FLAT,3
2018-10-04,DOWN,-0.007846412218619621,0.45479971170425415,False,0.0036412164975280145,0.18307772278785706,DOWN,0.3944053649902344,False,False,FLAT,FLAT,FLAT,3
2018-10-05,DOWN,-0.005612719892668467,0.5265822410583496,False,0.004024255252148171,0.7248992323875427,UP,0.600762128829956,False,False,FLAT,FLAT,FLAT,3
2018-10-08,FLAT,0.0,0.5620482563972473,True,0.004207571938675903,0.6552271842956543,UP,0.6450768709182739,True,False,UP,UP,ABSTAIN,3
2018-10-09,FLAT,-0.0014603577813288276,0.5797958970069885,True,0.004188545202906859,0.8742406368255615,UP,0.6029552817344666,False,False,UP,FLAT,FLAT,3
2018-10-10,DOWN,-0.032175327738924224,0.5852819681167603,True,0.004123351366623152,0.5664923191070557,DOWN,0.6277509927749634,True,False,DOWN,DOWN,ABSTAIN,3
2018-10-11,DOWN,-0.022272704268319985,0.5693889260292053,True,0.008230651509132129,0.6482823491096497,UP,0.7526512145996094,True,False,UP,UP,ABSTAIN,3
2018-10-12,UP,0.013792813721223516,0.6219606399536133,True,0.009180370090608486,0.45232734084129333,DOWN,0.6314346790313721,True,False,DOWN,DOWN,ABSTAIN,3
2018-10-15,DOWN,-0.005632860513300101,0.6319944858551025,True,0.009927534613724922,0.7973043918609619,UP,0.7209985256195068,True,False,UP,UP,ABSTAIN,3
2018-10-16,UP,0.021630259784663514,0.6321519017219543,True,0.00993239832767743,0.5319214463233948,DOWN,0.755780816078186,True,False,DOWN,DOWN,ABSTAIN,3
2018-10-17,FLAT,0.00017836608767098192,0.6273666024208069,True,0.011205765206037393,0.2885436415672302,DOWN,0.8260242342948914,True,False,DOWN,DOWN,ABSTAIN,3
2018-10-18,DOWN,-0.01454642966960099,0.6175618171691895,True,0.01119541679032345,0.749922513961792,UP,0.7246904373168945,True,False,UP,UP,ABSTAIN,3
2018-10-19,FLAT,-0.0005428169793680889,0.6096041798591614,True,0.011278896679058723,0.728908360004425,UP,0.6951746344566345,True,False,UP,UP,ABSTAIN,3
2018-10-22,FLAT,-0.004498756680096918,0.6383305191993713,True,0.011276755831780822,0.14423894882202148,DOWN,0.6530227661132812,True,False,DOWN,DOWN,ABSTAIN,3
2018-10-23,DOWN,-0.005103814901447561,0.6371674537658691,True,0.01128283932402497,0.2995832562446594,DOWN,0.7111518979072571,True,False,DOWN,DOWN,ABSTAIN,3
2018-10-24,DOWN,-0.030767008987836523,0.6374976634979248,True,0.01128444374490136,0.16915565729141235,DOWN,0.5661565661430359,False,False,DOWN,FLAT,FLAT,3
2018-10-25,UP,0.017781489427391158,0.6207965016365051,True,0.012875458609098934,0.7933300137519836,UP,0.5723356604576111,False,True,UP,FLAT,FLAT,3
2018-10-26,DOWN,-0.017743878014358665,0.6404946446418762,True,0.013725977934294292,0.35034894943237305,DOWN,0.6547441482543945,True,True,DOWN,DOWN,DOWN,3
2018-10-29,FLAT,-0.005555679735930936,0.6447807550430298,True,0.014043746623296046,0.37176764011383057,DOWN,0.46858349442481995,False,True,DOWN,FLAT,FLAT,3
2018-10-30,UP,0.01470975811483792,0.648902952671051,True,0.01391631040521069,0.550057053565979,DOWN,0.7001215219497681,True,True,DOWN,DOWN,DOWN,3
2018-10-31,UP,0.010624230324527811,0.6456429958343506,True,0.014577394728760113,0.562174379825592,DOWN,0.7227501273155212,True,True,DOWN,DOWN,DOWN,3
2018-11-01,UP,0.010585627590690578,0.6189144253730774,True,0.014922195750763262,0.945598304271698,UP,0.6897909045219421,True,True,UP,UP,UP,3
2018-11-02,DOWN,-0.005940593358602918,0.6024226546287537,True,0.01522219009275127,0.17544735968112946,DOWN,0.5907520055770874,False,True,DOWN,FLAT,FLAT,3
2018-11-05,FLAT,0.005501774145743519,0.6353428959846497,True,0.015225520330786632,0.09541996568441391,DOWN,0.6911493539810181,True,True,DOWN,DOWN,DOWN,3
2018-11-06,UP,0.0063079476191934235,0.6256095170974731,True,0.015329014092437556,0.6671591401100159,UP,0.5249454379081726,False,True,UP,FLAT,FLAT,3
2018-11-07,UP,0.021182942264952046,0.6407966017723083,True,0.015456546906283107,0.9708064198493958,UP,0.6454973816871643,True,True,UP,UP,UP,3
2018-11-08,FLAT,-0.0018165656782744369,0.47155308723449707,False,0.014587855191534814,0.7946652770042419,UP,0.5521517395973206,False,True,FLAT,FLAT,FLAT,3
2018-11-09,DOWN,-0.009816258332266129,0.5941665768623352,True,0.013591377640598605,0.42054036259651184,DOWN,0.4386734664440155,False,True,DOWN,FLAT,FLAT,3
2018-11-12,DOWN,-0.018861977910483718,0.65093594789505,True,0.013493091777223274,0.2831641137599945,DOWN,0.41816529631614685,False,True,DOWN,FLAT,FLAT,3
2018-11-13,FLAT,-0.001872867488496103,0.6089923977851868,True,0.014110747019144183,0.5610612034797668,DOWN,0.5305522680282593,False,True,DOWN,FLAT,FLAT,3
2018-11-14,DOWN,-0.006860150527645864,0.6646093130111694,True,0.013129803872662184,0.6504408717155457,UP,0.6234191060066223,True,True,UP,UP,UP,3
2018-11-15,UP,0.01038254163095934,0.6079154014587402,True,0.013176421530015086,0.6144461035728455,UP,0.5910861492156982,False,True,UP,FLAT,FLAT,3
2018-11-16,FLAT,0.002597246901833087,0.6523035168647766,True,0.013092158334101859,0.6210220456123352,UP,0.70384281873703,True,True,UP,UP,UP,3
2018-11-19,DOWN,-0.017059178822574482,0.6064454317092896,True,0.013111885289074613,0.8515106439590454,UP,0.6866874098777771,True,True,UP,UP,UP,3
2018-11-20,DOWN,-0.01867955357480556,0.6083433628082275,True,0.013607055790152948,0.7821556329727173,UP,0.5693992972373962,False,True,UP,FLAT,FLAT,3
2018-11-21,FLAT,0.0034017265425041,0.6112627387046814,True,0.014145962117455117,0.18789663910865784,DOWN,0.5263532400131226,False,True,DOWN,FLAT,FLAT,3
2018-11-23,DOWN,-0.006701102367690993,0.6531041264533997,True,0.012416586066505305,0.3285415768623352,DOWN,0.6470102071762085,True,True,DOWN,DOWN,DOWN,3
2018-11-26,UP,0.016015415321976274,0.6368693113327026,True,0.011754605181232627,0.6969141364097595,UP,0.5516799092292786,False,True,UP,FLAT,FLAT,3
2018-11-27,FLAT,0.0033588160210941014,0.6370630264282227,True,0.011689804448811939,0.9049524664878845,UP,0.5323260426521301,False,True,UP,FLAT,FLAT,3
2018-11-28,UP,0.022764226209489338,0.6469640135765076,True,0.011620219628804457,0.19876821339130402,DOWN,0.5995309948921204,False,True,DOWN,FLAT,FLAT,3
2018-11-29,FLAT,-0.0021874574443871125,0.5015850067138672,False,0.012248327757870575,0.4634406864643097,DOWN,0.4817133843898773,False,True,FLAT,FLAT,FLAT,3
2018-11-30,FLAT,0.006076771771168585,0.6201592087745667,True,0.01206623921224379,0.20060358941555023,DOWN,0.49220576882362366,False,True,DOWN,FLAT,FLAT,3
2018-12-03,UP,0.01315450635189911,0.595780074596405,True,0.011911274285100772,0.8782878518104553,UP,0.31956908106803894,False,True,UP,FLAT,FLAT,3
2018-12-04,DOWN,-0.032938972726007744,0.3369084298610687,False,0.012140250018281184,0.7450622916221619,UP,0.41230276226997375,False,True,FLAT,FLAT,FLAT,3
2018-12-06,FLAT,-0.001518279337333273,0.5393739342689514,True,0.01429853168701467,0.8334022760391235,UP,0.4674317240715027,False,True,UP,FLAT,FLAT,3
2018-12-07,DOWN,-0.023510162043045117,0.6426039934158325,True,0.014206973498044043,0.23694993555545807,DOWN,0.5828219652175903,False,True,DOWN,FLAT,FLAT,3
2018-12-10,FLAT,0.0018952321119764235,0.6076471209526062,True,0.014053382732912043,0.5086928606033325,DOWN,0.522172749042511,False,True,DOWN,FLAT,FLAT,3
2018-12-11,FLAT,0.00022717742319274082,0.6314992904663086,True,0.014097104671288867,0.2813371419906616,DOWN,0.6175559163093567,True,True,DOWN,DOWN,DOWN,3
2018-12-12,FLAT,0.005022713334834678,0.6342802047729492,True,0.014020867244861408,0.07470378279685974,DOWN,0.5308588147163391,False,True,DOWN,FLAT,FLAT,3
2018-12-13,FLAT,-0.0003390778254033106,0.6143662333488464,True,0.013565081866977276,0.2857687473297119,DOWN,0.5619207620620728,False,True,DOWN,FLAT,FLAT,3
2018-12-14,DOWN,-0.018637364083155077,0.6198160648345947,True,0.01356613664113705,0.12456323206424713,DOWN,0.6667435765266418,True,True,DOWN,DOWN,DOWN,3
2018-12-17,DOWN,-0.019813379448779447,0.5872384309768677,True,0.014068990446248906,0.15399132668972015,DOWN,0.4310948848724365,False,True,DOWN,FLAT,FLAT,3
2018-12-18,FLAT,-0.001097088026179746,0.5941704511642456,True,0.01430721872153661,0.9480648636817932,UP,0.5810527801513672,False,True,UP,FLAT,FLAT,3
2018-12-19,DOWN,-0.015088990911623237,0.6272656321525574,True,0.01425021675521141,0.7571420073509216,UP,0.5977119207382202,False,True,UP,FLAT,FLAT,3
2018-12-20,DOWN,-0.016411886126272028,0.6238952279090881,True,0.014158269842029128,0.5928135514259338,UP,0.6497526168823242,True,True,UP,UP,UP,3
2018-12-21,DOWN,-0.02652501947718206,0.6186437010765076,True,0.014038289165804657,0.8079900145530701,UP,0.5434255599975586,False,True,UP,FLAT,FLAT,3
2018-12-24,DOWN,-0.026778295497672407,0.6323919892311096,True,0.014855667794844077,0.7286815643310547,UP,0.6197838187217712,True,True,UP,UP,UP,3
2018-12-26,UP,0.049289909317996004,0.6274594068527222,True,0.015647251722562712,0.9710044264793396,UP,0.7016100287437439,True,True,UP,UP,UP,3
2018-12-27,FLAT,0.007648047996319477,0.5722904205322266,True,0.019407840486707142,0.6626265645027161,UP,0.6712700128555298,True,True,UP,UP,UP,3
2018-12-28,FLAT,-0.0012908207168937115,0.6380698680877686,True,0.019518597344361753,0.8888747692108154,UP,0.5025442838668823,False,True,UP,FLAT,FLAT,3
2018-12-31,FLAT,0.008720686114660408,0.6297234892845154,True,0.018501188923552143,0.9057694673538208,UP,0.653175950050354,True,True,UP,UP,UP,3
2019-01-02,FLAT,0.0010397701860406516,0.5951897501945496,True,0.018751929086945188,0.7239989042282104,UP,0.598030149936676,False,True,UP,FLAT,FLAT,3
2019-01-03,DOWN,-0.024152091139486728,0.6177250742912292,True,0.018634504215001246,0.7611497044563293,UP,0.46602389216423035,False,True,UP,FLAT,FLAT,3
2019-01-04,UP,0.03294696944123263,0.6277713775634766,True,0.01860482573196407,0.08621163666248322,DOWN,0.428581565618515,False,True,DOWN,FLAT,FLAT,3
2019-01-07,FLAT,0.007853723405748247,0.41334035992622375,False,0.019526905912145637,0.10479024797677994,DOWN,0.6327819228172302,False,True,FLAT,FLAT,FLAT,3
2019-01-08,FLAT,0.009351468556684412,0.5116968154907227,False,0.019686708476364605,0.1060963049530983,DOWN,0.5279011130332947,False,True,FLAT,FLAT,FLAT,3
2019-01-09,FLAT,0.004662604047895456,0.4072102904319763,False,0.01924683797897996,0.8267215490341187,UP,0.4491250813007355,False,True,FLAT,FLAT,FLAT,3
2019-01-10,FLAT,0.003521348908550946,0.413036584854126,False,0.019280987594832544,0.3046934902667999,DOWN,0.3604346513748169,False,True,FLAT,FLAT,FLAT,3
2019-01-11,FLAT,0.0003862283308007157,0.4877428114414215,False,0.01930759009440492,0.658169150352478,UP,0.38944506645202637,False,True,FLAT,FLAT,FLAT,3
2019-01-14,FLAT,-0.00611960961238011,0.4910285174846649,False,0.019259195722991635,0.871595025062561,UP,0.35389235615730286,False,True,FLAT,FLAT,FLAT,3
2019-01-15,UP,0.011395631602565357,0.529426634311676,True,0.019288384999580372,0.6372553706169128,UP,0.4339408576488495,False,True,UP,FLAT,FLAT,3
2019-01-16,FLAT,0.0024169150781274914,0.4012852907180786,False,0.019053644688859984,0.35752251744270325,DOWN,0.35305410623550415,False,True,FLAT,FLAT,FLAT,3
2019-01-17,FLAT,0.007558078730287087,0.39146924018859863,False,0.018478113187954465,0.8730863928794861,UP,0.38678082823753357,False,True,FLAT,FLAT,FLAT,3
2019-01-18,UP,0.013222209602931542,0.3582242429256439,False,0.01852552458604737,0.9156384468078613,UP,0.4240935742855072,False,True,FLAT,FLAT,FLAT,3
2019-01-22,DOWN,-0.013602591137040479,0.2897665500640869,False,0.018269392365375236,0.08763420581817627,DOWN,0.2962987720966339,False,True,FLAT,FLAT,FLAT,3
2019-01-23,FLAT,0.0020902522366409632,0.4559251070022583,False,0.018123013117851874,0.43712085485458374,DOWN,0.3690341114997864,False,True,FLAT,FLAT,FLAT,3
2019-01-24,FLAT,0.0005312894201534258,0.3626313805580139,False,0.016739751199190255,0.3957868218421936,DOWN,0.4242684543132782,False,True,FLAT,FLAT,FLAT,3
2019-01-25,FLAT,0.00842583732694401,0.37530821561813354,False,0.015085469157699124,0.46815139055252075,DOWN,0.3113546073436737,False,True,FLAT,FLAT,FLAT,3
2019-01-28,FLAT,-0.007629258522316065,0.31691619753837585,False,0.011149445363764228,0.37531304359436035,DOWN,0.2496522217988968,False,False,FLAT,FLAT,FLAT,3
2019-01-29,FLAT,-0.0013278682247815595,0.49176520109176636,False,0.011394756191589755,0.7333699464797974,UP,0.4880775213241577,False,True,FLAT,FLAT,FLAT,3
2019-01-30,UP,0.01570676929998593,0.48192548751831055,False,0.011395504790688134,0.46063482761383057,DOWN,0.332455039024353,False,True,FLAT,FLAT,FLAT,3
2019-01-31,FLAT,0.008744102128510768,0.30901259183883667,False,0.011681488300106452,0.41033515334129333,DOWN,0.4201056659221649,False,True,FLAT,FLAT,FLAT,3
2019-02-01,FLAT,0.0004815085008072138,0.3088842034339905,False,0.011726024101753543,0.6004579067230225,UP,0.459482878446579,False,True,FLAT,FLAT,FLAT,3
2019-02-04,FLAT,0.007010817745824104,0.30683469772338867,False,0.009765378629535073,0.4161667227745056,DOWN,0.30730128288269043,False,False,FLAT,FLAT,FLAT,3
2019-02-05,FLAT,0.004183085590188793,0.3200843930244446,False,0.007265138524272251,0.5488961935043335,DOWN,0.3919970989227295,False,False,FLAT,FLAT,FLAT,3
2019-02-06,FLAT,-0.001319126204606274,0.30437546968460083,False,0.007201674499835141,0.6191267371177673,UP,0.34172266721725464,False,False,FLAT,FLAT,FLAT,3
2019-02-07,FLAT,-0.009578527266094447,0.3365631699562073,False,0.007144323769822527,0.8927149772644043,UP,0.28819939494132996,False,False,FLAT,FLAT,FLAT,3
2019-02-08,FLAT,0.0012207935612057648,0.49693500995635986,False,0.007662561602021165,0.8196601271629333,UP,0.3130580484867096,False,False,FLAT,FLAT,FLAT,3
2019-02-11,FLAT,0.0005544138732615392,0.46198320388793945,False,0.007660606195374376,0.9939985275268555,UP,0.3792381286621094,False,False,FLAT,FLAT,FLAT,3
2019-02-12,UP,0.01277742078377807,0.3813325762748718,False,0.007658614179913851,0.9006741642951965,UP,0.27588388323783875,False,False,FLAT,FLAT,FLAT,3
2019-02-13,FLAT,0.0032416722801614796,0.30512145161628723,False,0.0077436247193826205,0.06706468760967255,DOWN,0.35700738430023193,False,False,FLAT,FLAT,FLAT,3
2019-02-14,FLAT,-0.0022206731625570315,0.3206613063812256,False,0.007496987597222277,0.46260392665863037,DOWN,0.41701728105545044,False,False,FLAT,FLAT,FLAT,3
2019-02-15,UP,0.010838312654595526,0.3909936845302582,False,0.007578631350456672,0.8011089563369751,UP,0.4320716857910156,False,False,FLAT,FLAT,FLAT,3
2019-02-19,FLAT,0.0017290843444572733,0.30948519706726074,False,0.0077278024422259926,0.09408721327781677,DOWN,0.32124611735343933,False,False,FLAT,FLAT,FLAT,3
2019-02-20,FLAT,0.002013438816184354,0.37326329946517944,False,0.0073180897713288045,0.5053088068962097,DOWN,0.41449087858200073,False,False,FLAT,FLAT,FLAT,3
2019-02-21,FLAT,-0.0035622087717305444,0.3549267649650574,False,0.006320394066392884,0.838563084602356,UP,0.3012785017490387,False,False,FLAT,FLAT,FLAT,3
2019-02-22,FLAT,0.006180848820195919,0.39871978759765625,False,0.006481591289952744,0.5354838371276855,DOWN,0.40811654925346375,False,False,FLAT,FLAT,FLAT,3
2019-02-25,FLAT,0.0013603065239562613,0.3425668776035309,False,0.00651014479036533,0.7788212895393372,UP,0.24202516674995422,False,False,FLAT,FLAT,FLAT,3
2019-02-26,FLAT,-0.0007157028820414423,0.3304316997528076,False,0.006383462393580404,0.24529814720153809,DOWN,0.3560183346271515,False,False,FLAT,FLAT,FLAT,3
2019-02-27,FLAT,-0.0004296895897642695,0.3653053939342499,False,0.0059793166130012974,0.3209522068500519,DOWN,0.4593897759914398,False,False,FLAT,FLAT,FLAT,3
2019-02-28,FLAT,-0.0018642707295814414,0.3960924446582794,False,0.005949458871978922,0.7045295834541321,UP,0.30549293756484985,False,False,FLAT,FLAT,FLAT,3
2019-03-01,FLAT,0.006224383297258263,0.42670851945877075,False,0.005212099744602246,0.42373162508010864,DOWN,0.408418208360672,False,False,FLAT,FLAT,FLAT,3
2019-03-04,FLAT,-0.0036441021995717456,0.35775646567344666,False,0.00506983555009267,0.11035843938589096,DOWN,0.2115640938282013,False,False,FLAT,FLAT,FLAT,3
2019-03-05,FLAT,-0.0013610005125166476,0.4133850038051605,False,0.005212774147997854,0.6572137475013733,UP,0.5263213515281677,False,False,FLAT,FLAT,FLAT,3
2019-03-06,FLAT,-0.006075340033059994,0.4825056195259094,False,0.0050987515309291395,0.22572754323482513,DOWN,0.6573765873908997,False,False,FLAT,FLAT,FLAT,3
2019-03-07,FLAT,-0.00840058828033787,0.5239495038986206,False,0.005303368478913839,0.7945443987846375,UP,0.5170978903770447,False,False,FLAT,FLAT,FLAT,3
2019-03-08,FLAT,-0.002001996443957229,0.5578439235687256,True,0.00567355496326126,0.9794209003448486,UP,0.5424079298973083,False,False,UP,FLAT,FLAT,3
2019-03-11,UP,0.014397105360716386,0.5778815150260925,True,0.005204780418776771,0.8790757656097412,UP,0.6024132370948792,False,False,UP,FLAT,FLAT,3
2019-03-12,FLAT,0.003763873770286568,0.48028215765953064,False,0.006030214439903355,0.23837080597877502,DOWN,0.492391437292099,False,False,FLAT,FLAT,FLAT,3
2019-03-13,FLAT,0.006597410473970337,0.4264807105064392,False,0.006047747956670626,0.3244452178478241,DOWN,0.4102725088596344,False,False,FLAT,FLAT,FLAT,3
2019-03-14,FLAT,-0.000639973980175984,0.3942532539367676,False,0.005587649170110408,0.12618163228034973,DOWN,0.21918600797653198,False,False,FLAT,FLAT,FLAT,3
2019-03-15,FLAT,0.0005333400882334389,0.4526929259300232,False,0.005584198559224287,0.13786068558692932,DOWN,0.2915177345275879,False,False,FLAT,FLAT,FLAT,3
2019-03-18,FLAT,0.0036192965574422,0.450603723526001,False,0.005531465449865701,0.38846954703330994,DOWN,0.2698860764503479,False,False,FLAT,FLAT,FLAT,3
2019-03-19,FLAT,0.00024793202768967686,0.41187790036201477,False,0.005090632395586539,0.37860170006752014,DOWN,0.356195867061615,False,False,FLAT,FLAT,FLAT,3
2019-03-20,FLAT,-0.003014475661975376,0.4045180082321167,False,0.005088498375955571,0.20459109544754028,DOWN,0.3629440665245056,False,False,FLAT,FLAT,FLAT,3
2019-03-21,UP,0.011231393051487988,0.48865169286727905,False,0.005149856937141703,0.38996386528015137,DOWN,0.35890740156173706,False,False,FLAT,FLAT,FLAT,3
2019-03-22,DOWN,-0.01943396344627371,0.4115912914276123,False,0.00557164147427762,0.568967342376709,UP,0.37473157048225403,False,False,FLAT,FLAT,FLAT,3
2019-03-25,FLAT,-0.0007522666061259927,0.5583159327507019,True,0.007119697001014203,0.6464002728462219,UP,0.5510396361351013,False,False,UP,FLAT,FLAT,3
2019-03-26,FLAT,0.007426435726463338,0.5914229154586792,True,0.007114429989519526,0.9467380046844482,UP,0.6010192036628723,False,False,UP,FLAT,FLAT,3
2019-03-27,FLAT,-0.005242807627602643,0.526775062084198,False,0.007306851508605931,0.7519860863685608,UP,0.596066415309906,False,False,FLAT,FLAT,FLAT,3
2019-03-28,FLAT,0.0037832780734960493,0.530292809009552,True,0.007411396990179446,0.8269023895263672,UP,0.6099629402160645,True,False,UP,UP,ABSTAIN,3
2019-03-29,FLAT,0.006285712996999891,0.538266658782959,True,0.007440927984485143,0.779812753200531,UP,0.49684619903564453,False,False,UP,FLAT,FLAT,3
2019-04-01,UP,0.011789391005819612,0.42820319533348083,False,0.0074434828995055165,0.8759649395942688,UP,0.2618069052696228,False,False,FLAT,FLAT,FLAT,3
2019-04-02,FLAT,0.0004897329633613274,0.28378334641456604,False,0.007797461663749816,0.2058251053094864,DOWN,0.301776260137558,False,False,FLAT,FLAT,FLAT,3
2019-04-03,FLAT,0.0015723974501072329,0.4270481467247009,False,0.007777203820329112,0.054928556084632874,DOWN,0.37841740250587463,False,False,FLAT,FLAT,FLAT,3
2019-04-04,FLAT,0.0026498594304710924,0.3688468039035797,False,0.007584732814596644,0.41761186718940735,DOWN,0.2586477994918823,False,False,FLAT,FLAT,FLAT,3
2019-04-05,FLAT,0.00482854485141518,0.40767574310302734,False,0.0072101626633713205,0.22834014892578125,DOWN,0.24811066687107086,False,False,FLAT,FLAT,FLAT,3
2019-04-08,FLAT,0.0007620937553832577,0.3767779469490051,False,0.007164015045408531,0.4054592549800873,DOWN,0.23821070790290833,False,False,FLAT,FLAT,FLAT,3
2019-04-09,FLAT,-0.005138046264924557,0.3903965950012207,False,0.006599453415494181,0.7164218425750732,UP,0.25078505277633667,False,False,FLAT,FLAT,FLAT,3
2019-04-10,FLAT,0.0034051838877499486,0.4687288701534271,False,0.00676003350537376,0.857592761516571,UP,0.3702411651611328,False,False,FLAT,FLAT,FLAT,3
2019-04-11,FLAT,-0.0002775961504166229,0.4118860065937042,False,0.006667406912895125,0.41747793555259705,DOWN,0.25720614194869995,False,False,FLAT,FLAT,FLAT,3
2019-04-12,FLAT,0.00674315615413969,0.4403378665447235,False,0.0066625765452827945,0.7313186526298523,UP,0.21425150334835052,False,False,FLAT,FLAT,FLAT,3
2019-04-15,FLAT,-0.0006550340323746307,0.36826425790786743,False,0.006771796505792126,0.29202914237976074,DOWN,0.1767844557762146,False,False,FLAT,FLAT,FLAT,3
2019-04-16,FLAT,0.0006550340323745708,0.4506716728210449,False,0.006770460001881155,0.3398756980895996,DOWN,0.2782919108867645,False,False,FLAT,FLAT,FLAT,3
2019-04-17,FLAT,-0.002449894897439293,0.4122467041015625,False,0.006767630997021461,0.12995009124279022,DOWN,0.19161561131477356,False,False,FLAT,FLAT,FLAT,3
2019-04-18,FLAT,0.001967235540263141,0.43538898229599,False,0.006749597547365382,0.032564468681812286,DOWN,0.3028849959373474,False,False,FLAT,FLAT,FLAT,3
2019-04-22,FLAT,0.0008616382323780712,0.4376172423362732,False,0.0063438955556506076,0.3722500801086426,DOWN,0.16976298391819,False,False,FLAT,FLAT,FLAT,3
2019-04-23,UP,0.008951499012848906,0.4978248178958893,False,0.004166041084088474,0.09937997162342072,DOWN,0.32997414469718933,False,False,FLAT,FLAT,FLAT,3
2019-04-24,FLAT,-0.002221784437925413,0.4091973304748535,False,0.004395331510202773,0.22899487614631653,DOWN,0.22706001996994019,False,False,FLAT,FLAT,FLAT,3
2019-04-25,FLAT,-0.0006162223571992094,0.45482680201530457,False,0.004346170354944598,0.6495506763458252,UP,0.21481670439243317,False,False,FLAT,FLAT,FLAT,3
2019-04-26,FLAT,0.004645982083609567,0.457263320684433,False,0.0040573825843656375,0.06717871129512787,DOWN,0.2778021991252899,False,False,FLAT,FLAT,FLAT,3
2019-04-29,FLAT,0.0015665152911773707,0.4546394944190979,False,0.004079967207232647,0.47415608167648315,DOWN,0.25856947898864746,False,False,FLAT,FLAT,FLAT,3
2019-04-30,FLAT,0.0005102788065382311,0.4422232210636139,False,0.0039668937840999395,0.33819854259490967,DOWN,0.3973696231842041,False,False,FLAT,FLAT,FLAT,3
2019-05-01,DOWN,-0.007544857686864009,0.45123571157455444,False,0.0032321117507499906,0.3798939883708954,DOWN,0.2915801405906677,False,False,FLAT,FLAT,FLAT,3
2019-05-02,FLAT,-0.0021612896914326185,0.5084664821624756,False,0.003801937643544119,0.28440749645233154,DOWN,0.6077932119369507,False,False,FLAT,FLAT,FLAT,3
2019-05-03,UP,0.009740191305968461,0.5400219559669495,True,0.003864069309438533,0.36615511775016785,DOWN,0.5882585644721985,False,False,DOWN,FLAT,FLAT,3
2019-05-06,FLAT,-0.004123688019534811,0.47824540734291077,False,0.0043367404552403085,0.5949240922927856,UP,0.29924800992012024,False,False,FLAT,FLAT,FLAT,3
2019-05-07,DOWN,-0.016840741177932043,0.5421980023384094,True,0.004401702042785925,0.2369588315486908,DOWN,0.542190432548523,False,False,DOWN,FLAT,FLAT,3
2019-05-08,FLAT,-0.0013901712259481384,0.5743606686592102,True,0.005900033284736806,0.9355829358100891,UP,0.568329393863678,False,False,UP,FLAT,FLAT,3
2019-05-09,FLAT,-0.0030303411039887115,0.6323965191841125,True,0.005791763535137501,0.9527004957199097,UP,0.7085551023483276,True,False,UP,UP,ABSTAIN,3
2019-05-10,FLAT,0.005010806005722352,0.6191621422767639,True,0.005773603546304091,0.33880650997161865,DOWN,0.5824811458587646,False,False,DOWN,FLAT,FLAT,3
2019-05-13,DOWN,-0.02545139089151207,0.6152718663215637,True,0.005893737932006715,0.29558470845222473,DOWN,0.6099749803543091,True,False,DOWN,DOWN,ABSTAIN,3
2019-05-14,UP,0.0090030333354504,0.5925596356391907,True,0.00797772115618681,0.3022754192352295,DOWN,0.6328922510147095,True,False,DOWN,DOWN,ABSTAIN,3
2019-05-15,UP,0.0058403701425228565,0.644405722618103,True,0.008324537717176497,0.8298294544219971,UP,0.735325813293457,True,False,UP,UP,ABSTAIN,3
2019-05-16,UP,0.009218637124873778,0.6212363839149475,True,0.008463173924057956,0.5917109847068787,UP,0.6235954165458679,True,False,UP,UP,ABSTAIN,3
2019-05-17,DOWN,-0.006486112083815541,0.571405291557312,True,0.008747168292035631,0.7243243455886841,UP,0.6770359873771667,True,False,UP,UP,ABSTAIN,3
2019-05-20,DOWN,-0.006633991589894881,0.5901851058006287,True,0.008835474032169204,0.6970142722129822,UP,0.496677041053772,False,False,UP,FLAT,FLAT,3
2019-05-21,UP,0.008975264330872007,0.6272225379943848,True,0.008923130014057994,0.1707007884979248,DOWN,0.5278672575950623,False,False,DOWN,FLAT,FLAT,3
2019-05-22,FLAT,-0.0030761895837895115,0.595274031162262,True,0.008924540554158512,0.8470486998558044,UP,0.6066848635673523,True,False,UP,UP,ABSTAIN,3
2019-05-23,DOWN,-0.012293830495202978,0.54462069272995,True,0.00893223723553496,0.5651612281799316,DOWN,0.5076501965522766,False,False,DOWN,FLAT,FLAT,3
2019-05-24,FLAT,0.002265752281506773,0.5686807036399841,True,0.009271280951572133,0.15334630012512207,DOWN,0.45001861453056335,False,False,DOWN,FLAT,FLAT,3
2019-05-28,DOWN,-0.009344053622205415,0.6229619979858398,True,0.009200184929691328,0.9308972358703613,UP,0.6447367668151855,True,False,UP,UP,ABSTAIN,3
2019-05-29,DOWN,-0.006733326325221417,0.5832562446594238,True,0.009310062694945883,0.8722105622291565,UP,0.5747425556182861,False,False,UP,FLAT,FLAT,3
2019-05-30,FLAT,0.0027274726482023966,0.6033275127410889,True,0.009332141766460463,0.8798528909683228,UP,0.6080281734466553,True,False,UP,UP,ABSTAIN,3
2019-05-31,DOWN,-0.013566904278608705,0.6262767314910889,True,0.009337197790422207,0.5606351494789124,DOWN,0.6172338724136353,True,False,DOWN,DOWN,ABSTAIN,3
2019-06-03,FLAT,-0.002546130046076572,0.5993205308914185,True,0.009674406982382764,0.7860369086265564,UP,0.4600072205066681,False,False,UP,FLAT,FLAT,3
2019-06-04,UP,0.021474402541057206,0.6194260120391846,True,0.009214738630825337,0.6220897436141968,UP,0.5859197974205017,False,False,UP,FLAT,FLAT,3
2019-06-05,UP,0.00862484793483843,0.5976529121398926,True,0.010760510396259268,0.5871457457542419,UP,0.7313552498817444,True,False,UP,UP,ABSTAIN,3
2019-06-06,UP,0.0064816219771665325,0.5172678232192993,False,0.010431545427093129,0.7750772833824158,UP,0.581936776638031,False,False,FLAT,FLAT,FLAT,3
2019-06-07,UP,0.009957305414700513,0.5323444604873657,True,0.010558639523270305,0.33091092109680176,DOWN,0.562090277671814,False,False,DOWN,FLAT,FLAT,3
2019-06-10,FLAT,0.004578438629390509,0.4296586513519287,False,0.010790185144954343,0.21231383085250854,DOWN,0.5053539276123047,False,False,FLAT,FLAT,FLAT,3
2019-06-11,FLAT,-0.0002422943746959857,0.3935861885547638,False,0.010780409748302305,0.48521116375923157,DOWN,0.3679887354373932,False,False,FLAT,FLAT,FLAT,3
2019-06-12,FLAT,-0.0017668048057677373,0.4389699101448059,False,0.008947321982815084,0.8015584349632263,UP,0.4805428683757782,False,False,FLAT,FLAT,FLAT,3
2019-06-13,FLAT,0.00411776944390607,0.5171101093292236,False,0.008789052674007146,0.47833365201950073,DOWN,0.35332998633384705,False,False,FLAT,FLAT,FLAT,3
2019-06-14,FLAT,-0.0011055795772838002,0.4718436896800995,False,0.008746144818629183,0.7263584733009338,UP,0.3270615339279175,False,False,FLAT,FLAT,FLAT,3
2019-06-17,FLAT,0.0003801577932667984,0.48713961243629456,False,0.00852413732818225,0.3995128571987152,DOWN,0.4938852787017822,False,False,FLAT,FLAT,FLAT,3
2019-06-18,UP,0.010416577802197647,0.4787835478782654,False,0.008374654648893263,0.47954341769218445,DOWN,0.5623151063919067,False,False,FLAT,FLAT,FLAT,3
2019-06-19,FLAT,0.0022546508773736394,0.3939560353755951,False,0.00846538890059601,0.641470193862915,UP,0.4372003972530365,False,False,FLAT,FLAT,FLAT,3
2019-06-20,UP,0.009508962073565962,0.42403557896614075,False,0.008283054945606135,0.8850702047348022,UP,0.36542749404907227,False,False,FLAT,FLAT,FLAT,3
2019-06-21,DOWN,-0.006306552614024858,0.34189078211784363,False,0.008423531480766668,0.10549764335155487,DOWN,0.3887716233730316,False,False,FLAT,FLAT,FLAT,3
2019-06-24,FLAT,-0.0012251902104004116,0.4724729061126709,False,0.00799320460971809,0.6895385384559631,UP,0.41443440318107605,False,False,FLAT,FLAT,FLAT,3
2019-06-25,DOWN,-0.009856358925298136,0.45752227306365967,False,0.0080264943410823,0.056998588144779205,DOWN,0.493181437253952,False,False,FLAT,FLAT,FLAT,3
2019-06-26,FLAT,-0.0009979132649959425,0.5176329612731934,False,0.008064939092112552,0.6390689611434937,UP,0.3706057667732239,False,False,FLAT,FLAT,FLAT,3
2019-06-27,FLAT,0.0035397008525598983,0.5353091955184937,True,0.007842242963102002,0.06382105499505997,DOWN,0.4931536018848419,False,False,DOWN,FLAT,FLAT,3
2019-06-28,UP,0.005132603226520216,0.5087521076202393,False,0.007847517075691559,0.8143296241760254,UP,0.42869386076927185,False,False,FLAT,FLAT,FLAT,3
2019-07-01,UP,0.009037548842095075,0.4589899480342865,False,0.006932496082029055,0.9113044142723083,UP,0.32041487097740173,False,False,FLAT,FLAT,FLAT,3
2019-07-02,FLAT,0.002600920307729814,0.39761707186698914,False,0.006917979604186879,0.1685064285993576,DOWN,0.4198441207408905,False,False,FLAT,FLAT,FLAT,3
2019-07-03,UP,0.007963334238251185,0.4545145332813263,False,0.005509732617545793,0.5117360949516296,DOWN,0.35542309284210205,False,False,FLAT,FLAT,FLAT,3
2019-07-08,DOWN,-0.006648493261847134,0.4026920199394226,False,0.005474523191526832,0.5617750287055969,DOWN,0.34503310918807983,False,False,FLAT,FLAT,FLAT,3
2019-07-09,FLAT,0.001245753973685271,0.5141317248344421,False,0.0056935468212514695,0.09291069954633713,DOWN,0.553614616394043,False,False,FLAT,FLAT,FLAT,3
2019-07-10,FLAT,0.00476665199014585,0.5092449188232422,False,0.00538773836517971,0.5084612369537354,DOWN,0.33993464708328247,False,False,FLAT,FLAT,FLAT,3
2019-07-11,FLAT,0.0023414923296165937,0.4174942970275879,False,0.0053932138269537026,0.017405161634087563,DOWN,0.23113425076007843,False,False,FLAT,FLAT,FLAT,3
2019-07-12,FLAT,0.004466959747767127,0.4460878372192383,False,0.005375213357082584,0.572628915309906,UP,0.1497933715581894,False,False,FLAT,FLAT,FLAT,3
2019-07-15,FLAT,0.00033257767027727755,0.4470829665660858,False,0.005336457622098612,0.11014596372842789,DOWN,0.25322455167770386,False,False,FLAT,FLAT,FLAT,3
2019-07-16,FLAT,-0.0032304866243351086,0.4615079164505005,False,0.005329687741864539,0.7521201372146606,UP,0.3167945444583893,False,False,FLAT,FLAT,FLAT,3
2019-07-17,DOWN,-0.0068282785807129015,0.48195359110832214,False,0.00541429912248202,0.5162558555603027,DOWN,0.20308318734169006,False,False,FLAT,FLAT,FLAT,3
2019-07-18,FLAT,0.003654215241084162,0.534980833530426,True,0.0057465420889123925,0.6032037138938904,UP,0.29809120297431946,False,False,UP,FLAT,FLAT,3
2019-07-19,DOWN,-0.005570394083371622,0.507844090461731,False,0.0053805023880262115,0.395000159740448,DOWN,0.2705371081829071,False,False,FLAT,FLAT,FLAT,3
2019-07-22,FLAT,0.002453428423312244,0.5258896350860596,False,0.005576466519736929,0.4464778006076813,DOWN,0.5008536577224731,False,False,FLAT,FLAT,FLAT,3
2019-07-23,UP,0.007124626357165882,0.5315719246864319,True,0.0052041586997797,0.7467101812362671,UP,0.22519883513450623,False,False,UP,FLAT,FLAT,3
2019-07-24,FLAT,0.0046885338992122775,0.462447851896286,False,0.005159516125211192,0.4117542803287506,DOWN,0.22150765359401703,False,False,FLAT,FLAT,FLAT,3
2019-07-25,FLAT,-0.004788524830942085,0.44341692328453064,False,0.005190296784261595,0.8434632420539856,UP,0.30014193058013916,False,False,FLAT,FLAT,FLAT,3
2019-07-26,UP,0.006677687088676026,0.504621684551239,False,0.004715480741883339,0.18241429328918457,DOWN,0.2113284319639206,False,False,FLAT,FLAT,FLAT,3
2019-07-29,FLAT,-0.001822852707620898,0.4716642498970032,False,0.004802646846958239,0.4866781234741211,DOWN,0.2445012778043747,False,False,FLAT,FLAT,FLAT,3
2019-07-30,FLAT,-0.0024577057220653642,0.4587600529193878,False,0.004861780854382029,0.19410306215286255,DOWN,0.3371942937374115,False,False,FLAT,FLAT,FLAT,3
2019-07-31,DOWN,-0.011000724758174285,0.49988579750061035,False,0.004878971925193031,0.2652168571949005,DOWN,0.529995322227478,False,False,FLAT,FLAT,FLAT,3
2019-08-01,DOWN,-0.008746054656595139,0.5456897616386414,True,0.0052612782862194885,0.9904630780220032,UP,0.7438291907310486,True,False,UP,UP,ABSTAIN,3
2019-08-02,DOWN,-0.007558001636935497,0.5837537050247192,True,0.005606835571038958,0.7864879965782166,UP,0.7503310441970825,True,False,UP,UP,ABSTAIN,3
2019-08-05,DOWN,-0.030534562051236183,0.6195855140686035,True,0.005488638827266471,0.3978576958179474,DOWN,0.6051478981971741,False,False,DOWN,FLAT,FLAT,3
2019-08-06,UP,0.013925491826036846,0.5930854082107544,True,0.008564353537635969,0.4892531931400299,DOWN,0.756514310836792,True,False,DOWN,DOWN,ABSTAIN,3
2019-08-07,FLAT,0.0005905602442628199,0.6413787603378296,True,0.009275691355557263,0.8595688343048096,UP,0.6722202897071838,True,False,UP,UP,ABSTAIN,3
2019-08-08,UP,0.019430085399064805,0.6267948150634766,True,0.009171117788269654,0.2909111976623535,DOWN,0.6243731379508972,True,False,DOWN,DOWN,ABSTAIN,3
2019-08-09,DOWN,-0.006834829537225516,0.6161819100379944,True,0.010304633896713433,0.5125424265861511,DOWN,0.6532520055770874,True,False,DOWN,DOWN,ABSTAIN,3
2019-08-12,DOWN,-0.012248036560968258,0.6051971912384033,True,0.010301269109218292,0.6481046676635742,UP,0.4796142280101776,False,False,UP,FLAT,FLAT,3
2019-08-13,UP,0.01543201892451634,0.6203246712684631,True,0.010562675380884547,0.8229499459266663,UP,0.6302083730697632,True,False,UP,UP,ABSTAIN,3
2019-08-14,DOWN,-0.030013508527833754,0.6263667345046997,True,0.011263632910500868,0.571579098701477,UP,0.5285205841064453,False,False,UP,FLAT,FLAT,3
2019-08-15,FLAT,0.002638291974810791,0.5815789699554443,True,0.012939583950401887,0.31171607971191406,DOWN,0.48567479848861694,False,True,DOWN,FLAT,FLAT,3
2019-08-16,UP,0.014647209402758953,0.645604133605957,True,0.012916623044683759,0.36841779947280884,DOWN,0.654296875,True,True,DOWN,DOWN,DOWN,3
2019-08-19,UP,0.011975711839357873,0.6342366933822632,True,0.013438563039774299,0.2593834102153778,DOWN,0.7834935784339905,True,True,DOWN,DOWN,DOWN,3
2019-08-20,DOWN,-0.0076920481599652675,0.5768163204193115,True,0.01374812815175116,0.7531846761703491,UP,0.7198942303657532,True,True,UP,UP,UP,3
2019-08-21,UP,0.008102546592543804,0.6177133917808533,True,0.013689554760000024,0.9566077589988708,UP,0.6673699617385864,True,True,UP,UP,UP,3
2019-08-22,FLAT,-0.0003078841215291663,0.6084396243095398,True,0.013794092283283741,0.7340404391288757,UP,0.6223330497741699,True,True,UP,UP,UP,3
2019-08-23,DOWN,-0.026023122154553956,0.6283788681030273,True,0.01377448025197403,0.8218158483505249,UP,0.6002315282821655,False,True,UP,FLAT,FLAT,3
2019-08-26,UP,0.01099773278241975,0.5842084288597107,True,0.014689375084661714,0.7897181510925293,UP,0.6779567003250122,True,True,UP,UP,UP,3
2019-08-27,FLAT,-0.003931345687920276,0.641097903251648,True,0.01501610213130742,0.8294071555137634,UP,0.7044103145599365,True,True,UP,UP,UP,3
2019-08-28,UP,0.007016909077711493,0.6242387294769287,True,0.015020614960158149,0.6795729994773865,UP,0.7741522192955017,True,True,UP,UP,UP,3
2019-08-29,UP,0.01269204412996975,0.6479070782661438,True,0.015015258732924527,0.8700544238090515,UP,0.7451124787330627,True,True,UP,UP,UP,3
2019-08-30,FLAT,-0.00044433402609787723,0.555615246295929,True,0.015231152406916781,0.4890040457248688,DOWN,0.5513154864311218,False,True,DOWN,FLAT,FLAT,3
2019-09-03,FLAT,-0.005864390220290473,0.6470533609390259,True,0.015137596415357361,0.9278612732887268,UP,0.5895848870277405,False,True,UP,FLAT,FLAT,3
2019-09-04,UP,0.011286478156974084,0.6342849135398865,True,0.013429786042582869,0.527782142162323,DOWN,0.5494146943092346,False,True,DOWN,FLAT,FLAT,3
2019-09-05,UP,0.012773460188535899,0.5347092151641846,True,0.013310656799082636,0.44534578919410706,DOWN,0.5163906216621399,False,True,DOWN,FLAT,FLAT,3
2019-09-06,FLAT,0.0007719149547857201,0.42057764530181885,False,0.013563800596514608,0.08051173388957977,DOWN,0.37998613715171814,False,True,FLAT,FLAT,FLAT,3
2019-09-09,FLAT,0.0005032265567412442,0.45080816745758057,False,0.012904449087318512,0.2998512387275696,DOWN,0.25314679741859436,False,True,FLAT,FLAT,FLAT,3
2019-09-10,FLAT,-0.00023479389778833577,0.481492280960083,False,0.012781212983571337,0.12243004888296127,DOWN,0.3254508674144745,False,True,FLAT,FLAT,FLAT,3
2019-09-11,UP,0.007085811591525636,0.5535814762115479,True,0.01239662206021611,0.3351530134677887,DOWN,0.2797755300998688,False,True,DOWN,FLAT,FLAT,3
2019-09-12,FLAT,0.0034578234743840117,0.4031051695346832,False,0.012046131460592718,0.5898486375808716,UP,0.28464648127555847,False,True,FLAT,FLAT,FLAT,3
2019-09-13,FLAT,-0.0006640732187665699,0.4424046277999878,False,0.009529034592588088,0.7963470816612244,UP,0.2657051086425781,False,False,FLAT,FLAT,FLAT,3
2019-09-16,FLAT,-0.0030935331973263717,0.4531644284725189,False,0.009563680210896678,0.8541598320007324,UP,0.40542247891426086,False,False,FLAT,FLAT,FLAT,3
2019-09-17,FLAT,0.0025288152959086615,0.5455223321914673,True,0.009224453739869801,0.7089582085609436,UP,0.3407222628593445,False,False,UP,FLAT,FLAT,3
2019-09-18,FLAT,0.0005979624441213626,0.5129581093788147,False,0.008919284832859803,0.8045024871826172,UP,0.3796589970588684,False,False,FLAT,FLAT,FLAT,3
2019-09-19,FLAT,-6.649019064353332e-05,0.5198841691017151,False,0.008661056335090392,0.9745503664016724,UP,0.3419325351715088,False,False,FLAT,FLAT,FLAT,3
2019-09-20,DOWN,-0.009343326984650329,0.5025971531867981,False,0.008543114259041942,0.43484270572662354,DOWN,0.36335495114326477,False,False,FLAT,FLAT,FLAT,3
2019-09-23,FLAT,-0.00023473092821791204,0.5581051707267761,True,0.008873702411208554,0.8299944400787354,UP,0.5270259976387024,False,False,UP,FLAT,FLAT,3
2019-09-24,DOWN,-0.007877755495086642,0.5933277606964111,True,0.0062154817683183735,0.43736380338668823,DOWN,0.5419136881828308,False,False,DOWN,FLAT,FLAT,3
2019-09-25,FLAT,0.005897336435891073,0.5406153202056885,True,0.006256881954807138,0.7019010186195374,UP,0.5212368965148926,False,False,UP,FLAT,FLAT,3
2019-09-26,FLAT,-0.002085349793006957,0.6054208874702454,True,0.006206185403495124,0.6776983737945557,UP,0.5506223440170288,False,False,UP,FLAT,FLAT,3
2019-09-27,FLAT,-0.005401789367287827,0.5874653458595276,True,0.006139916145507434,0.369162380695343,DOWN,0.5087016820907593,False,False,DOWN,FLAT,FLAT,3
2019-09-30,FLAT,0.004627041562282594,0.5642481446266174,True,0.005703598119454124,0.9750863909721375,UP,0.5844554901123047,False,False,UP,FLAT,FLAT,3
2019-10-01,DOWN,-0.011966037944808815,0.628442645072937,True,0.005772672193453246,0.2129410207271576,DOWN,0.5635038614273071,False,False,DOWN,FLAT,FLAT,3
2019-10-02,DOWN,-0.01782256975732099,0.5700528621673584,True,0.006278752230882267,0.14652208983898163,DOWN,0.6413745284080505,True,False,DOWN,DOWN,ABSTAIN,3
2019-10-03,UP,0.008159414042596264,0.5997744798660278,True,0.0069655073819797925,0.735066294670105,UP,0.6395111083984375,True,False,UP,UP,ABSTAIN,3
2019-10-04,UP,0.013441358871681356,0.6486523151397705,True,0.006548271537372134,0.6850723624229431,UP,0.6741259694099426,True,False,UP,UP,ABSTAIN,3
2019-10-07,FLAT,-0.004323992734015643,0.6284821033477783,True,0.007322077637662371,0.16386643052101135,DOWN,0.56280118227005,False,False,DOWN,FLAT,FLAT,3
2019-10-08,DOWN,-0.01564650102944047,0.6164877414703369,True,0.007362394394366197,0.9232444167137146,UP,0.5119628310203552,False,False,UP,FLAT,FLAT,3
2019-10-09,UP,0.009451571885068203,0.5873262286186218,True,0.00806579083237857,0.8588866591453552,UP,0.48393017053604126,False,False,UP,FLAT,FLAT,3
2019-10-10,UP,0.00674071872143132,0.6351599097251892,True,0.00821638148576922,0.5923380851745605,UP,0.6277171969413757,True,False,UP,UP,ABSTAIN,3
2019-10-11,UP,0.010313595972103153,0.6248371005058289,True,0.008352685984057336,0.8019263744354248,UP,0.7151156067848206,True,False,UP,UP,ABSTAIN,3
2019-10-14,FLAT,-0.0011143866413178003,0.4870997965335846,False,0.00875158137825891,0.21071451902389526,DOWN,0.5202812552452087,False,False,FLAT,FLAT,FLAT,3
2019-10-15,UP,0.009851608993839914,0.5883801579475403,True,0.008735519398830502,0.41126805543899536,DOWN,0.5594508051872253,False,False,DOWN,FLAT,FLAT,3
2019-10-16,FLAT,-0.0016073235020462092,0.49332985281944275,False,0.009026855670265668,0.3650254011154175,DOWN,0.4524233639240265,False,False,FLAT,FLAT,FLAT,3
2019-10-17,FLAT,0.0029447380856263902,0.5215661525726318,False,0.009028262645416759,0.9805535078048706,UP,0.47385725378990173,False,False,FLAT,FLAT,FLAT,3
2019-10-18,FLAT,-0.004386771567574111,0.48936575651168823,False,0.009060054271112838,0.8038854598999023,UP,0.34025809168815613,False,False,FLAT,FLAT,FLAT,3
2019-10-21,UP,0.006756293820613877,0.5282562971115112,False,0.008865357940530382,0.9580485820770264,UP,0.48031923174858093,False,False,FLAT,FLAT,FLAT,3
2019-10-22,FLAT,-0.0032720579067960155,0.470735102891922,False,0.00899465480673774,0.7590459585189819,UP,0.4260598123073578,False,False,FLAT,FLAT,FLAT,3
2019-10-23,FLAT,0.002905360610081085,0.4941194951534271,False,0.008831815252823314,0.13980695605278015,DOWN,0.3570471405982971,False,False,FLAT,FLAT,FLAT,3
2019-10-24,FLAT,0.001632620885338126,0.5001229643821716,False,0.008761133663170209,0.7750676274299622,UP,0.4242754578590393,False,False,FLAT,FLAT,FLAT,3
2019-10-25,FLAT,0.004086624568167749,0.4526028335094452,False,0.008745539567402164,0.049321334809064865,DOWN,0.454324334859848,False,False,FLAT,FLAT,FLAT,3
2019-10-28,FLAT,0.005620718076230189,0.4685823917388916,False,0.008661830304635156,0.5935330390930176,UP,0.2739397883415222,False,False,FLAT,FLAT,FLAT,3
2019-10-29,FLAT,-0.0002967678740017448,0.3515702188014984,False,0.008686312198952332,0.5279673933982849,DOWN,0.318268746137619,False,False,FLAT,FLAT,FLAT,3
2019-10-30,FLAT,0.003062563302630958,0.44998788833618164,False,0.008137902353590883,0.4904056191444397,DOWN,0.2798452079296112,False,False,FLAT,FLAT,FLAT,3
2019-10-31,FLAT,-0.0026668923721071673,0.42739349603652954,False,0.0067214566808698325,0.3875303864479065,DOWN,0.27640286087989807,False,False,FLAT,FLAT,FLAT,3
2019-11-01,UP,0.009221284008705375,0.4758799374103546,False,0.006695895374888591,0.7031682133674622,UP,0.2688952684402466,False,False,FLAT,FLAT,FLAT,3
2019-11-04,FLAT,0.0040096562307791505,0.3938192129135132,False,0.006381268587164206,0.449614554643631,DOWN,0.21614116430282593,False,False,FLAT,FLAT,FLAT,3
2019-11-05,FLAT,-0.001106759036372921,0.37624290585517883,False,0.006219114793680098,0.28181126713752747,DOWN,0.2722380459308624,False,False,FLAT,FLAT,FLAT,3
2019-11-06,FLAT,0.00022798861467572957,0.44656121730804443,False,0.004653766198306413,0.6803936958312988,UP,0.2679939270019531,False,False,FLAT,FLAT,FLAT,3
2019-11-07,FLAT,0.003510556766204136,0.461186021566391,False,0.004444278084294482,0.5664240717887878,DOWN,0.28170865774154663,False,False,FLAT,FLAT,FLAT,3
2019-11-08,FLAT,0.002463087100965253,0.4100414514541626,False,0.004345236317497551,0.13122278451919556,DOWN,0.25068986415863037,False,False,FLAT,FLAT,FLAT,3
2019-11-11,FLAT,-0.001911569957013029,0.45110267400741577,False,0.003936113270830505,0.8492797017097473,UP,0.1627642661333084,False,False,FLAT,FLAT,FLAT,3
2019-11-12,FLAT,0.002105755666127964,0.4997330605983734,False,0.003974145513918676,0.551034688949585,DOWN,0.24607262015342712,False,False,FLAT,FLAT,FLAT,3
2019-11-13,FLAT,0.00032359198641246465,0.4510726034641266,False,0.0035262604079379003,0.8886430263519287,UP,0.19298236072063446,False,False,FLAT,FLAT,FLAT,3
2019-11-14,FLAT,0.0014547216463183545,0.4793793559074402,False,0.0034577202876841955,0.38257336616516113,DOWN,0.23360539972782135,False,False,FLAT,FLAT,FLAT,3
2019-11-15,UP,0.007210321143979856,0.4762161076068878,False,0.003446919436565328,0.6286882162094116,UP,0.19823934137821198,False,False,FLAT,FLAT,FLAT,3
2019-11-18,FLAT,0.0007373414343136282,0.4078758656978607,False,0.0033453468121568374,0.11719298362731934,DOWN,0.21475273370742798,False,False,FLAT,FLAT,FLAT,3
2019-11-19,FLAT,-0.00028847292621450566,0.46336081624031067,False,0.0031872155837949076,0.3050878047943115,DOWN,0.3110995590686798,False,False,FLAT,FLAT,FLAT,3
2019-11-20,FLAT,-0.0037257267963938866,0.44762682914733887,False,0.002993056723343076,0.49584707617759705,DOWN,0.36054885387420654,False,False,FLAT,FLAT,FLAT,3
2019-11-21,FLAT,-0.001610202646275832,0.4964643716812134,False,0.003256583478818384,0.38132643699645996,DOWN,0.3999335467815399,False,False,FLAT,FLAT,FLAT,3
2019-11-22,FLAT,0.0022214083249144432,0.4852501153945923,False,0.0033440461577513504,0.17453433573246002,DOWN,0.36437520384788513,False,False,FLAT,FLAT,FLAT,3
2019-11-25,UP,0.007720326379659303,0.4831865131855011,False,0.003297358926098308,0.8133814334869385,UP,0.31450825929641724,False,False,FLAT,FLAT,FLAT,3
2019-11-26,FLAT,0.002263102331097842,0.44401443004608154,False,0.003463741074470047,0.1862431764602661,DOWN,0.28943225741386414,False,False,FLAT,FLAT,FLAT,3
2019-11-27,FLAT,0.004447635578399138,0.42342662811279297,False,0.0034358585422800125,0.3488544225692749,DOWN,0.35269802808761597,False,False,FLAT,FLAT,FLAT,3
2019-11-29,FLAT,-0.003715571088483604,0.4143677055835724,False,0.0034771819254204753,0.36686328053474426,DOWN,0.2363569587469101,False,False,FLAT,FLAT,FLAT,3
2019-12-02,DOWN,-0.008531029798460417,0.4805125892162323,False,0.003555589892694376,0.4958924651145935,DOWN,0.28075695037841797,False,False,FLAT,FLAT,FLAT,3
2019-12-03,DOWN,-0.00672913193653607,0.5119097828865051,False,0.0038066136964136203,0.8036914467811584,UP,0.490841805934906,False,False,FLAT,FLAT,FLAT,3
2019-12-04,FLAT,0.006151301101662149,0.571673572063446,True,0.004090266384726217,0.8035274744033813,UP,0.46894362568855286,False,False,UP,FLAT,FLAT,3
2019-12-05,FLAT,0.0017963614766311558,0.5479530692100525,True,0.004271850203254888,0.4253941774368286,DOWN,0.5837177038192749,False,False,DOWN,FLAT,FLAT,3
2019-12-06,UP,0.009092586613345464,0.4993159770965576,False,0.004276807485379325,0.8274762034416199,UP,0.5451365113258362,False,False,FLAT,FLAT,FLAT,3
2019-12-09,FLAT,-0.003149076906539473,0.39826464653015137,False,0.0046308562519355575,0.12664316594600677,DOWN,0.24983330070972443,False,False,FLAT,FLAT,FLAT,3
2019-12-10,FLAT,-0.00111571743447098,0.5187630653381348,False,0.0047115726625070915,0.2933574914932251,DOWN,0.6010636687278748,False,False,FLAT,FLAT,FLAT,3
2019-12-11,FLAT,0.0028346690886243957,0.5164135098457336,False,0.004690841942442836,0.5660523176193237,DOWN,0.5084732174873352,False,False,FLAT,FLAT,FLAT,3
2019-12-12,UP,0.00858208537583208,0.4514939785003662,False,0.004704064343185963,0.10080242156982422,DOWN,0.5242685079574585,False,False,FLAT,FLAT,FLAT,3
2019-12-13,FLAT,0.0005989516697319707,0.4282299280166626,False,0.005006381810665201,0.7503059506416321,UP,0.39513593912124634,False,False,FLAT,FLAT,FLAT,3
2019-12-16,UP,0.006846522302296509,0.43408575654029846,False,0.005008487617727318,0.7529789805412292,UP,0.26425158977508545,False,False,FLAT,FLAT,FLAT,3
2019-12-17,FLAT,0.00021909125352912617,0.3696622848510742,False,0.004986272919058122,0.6882438063621521,UP,0.17738735675811768,False,False,FLAT,FLAT,FLAT,3
2019-12-18,FLAT,6.254776132376092e-05,0.3908021152019501,False,0.004990265696713508,0.4216897189617157,DOWN,0.22639906406402588,False,False,FLAT,FLAT,FLAT,3
2019-12-19,FLAT,0.004090616263375843,0.4197946786880493,False,0.004985386847035539,0.609501838684082,UP,0.23247461020946503,False,False,FLAT,FLAT,FLAT,3
2019-12-20,FLAT,-0.0005298471481675991,0.44514748454093933,False,0.004883173831164506,0.32569438219070435,DOWN,0.2154780775308609,False,False,FLAT,FLAT,FLAT,3
2019-12-23,FLAT,0.0015265684873094025,0.4094751179218292,False,0.004851622484939141,0.4064136743545532,DOWN,0.321964830160141,False,False,FLAT,FLAT,FLAT,3
2019-12-24,FLAT,3.116122791065835e-05,0.4426513612270355,False,0.004849861956758285,0.0245546642690897,DOWN,0.3296854496002197,False,False,FLAT,FLAT,FLAT,3
2019-12-26,UP,0.005309143350541635,0.47261136770248413,False,0.00464136997045231,0.3087300658226013,DOWN,0.2534988522529602,False,False,FLAT,FLAT,FLAT,3
2019-12-27,FLAT,-0.0002478076548954347,0.44259655475616455,False,0.004725961539744851,0.1020464226603508,DOWN,0.2360348254442215,False,False,FLAT,FLAT,FLAT,3
2019-12-30,DOWN,-0.0055284759156675346,0.4131220877170563,False,0.004682550560372897,0.932807981967926,UP,0.2966254949569702,False,False,FLAT,FLAT,FLAT,3
2019-12-31,FLAT,0.0024263514356685496,0.5048916935920715,False,0.004797947029167955,0.4278776943683624,DOWN,0.4478495419025421,False,False,FLAT,FLAT,FLAT,3
2020-01-02,UP,0.009308464399828981,0.5035303831100464,False,0.004237305322953095,0.8226807117462158,UP,0.2736908495426178,False,False,FLAT,FLAT,FLAT,3
2020-01-03,DOWN,-0.0076010483986278365,0.4289822280406952,False,0.004090402653629685,0.11547502130270004,DOWN,0.29265516996383667,False,False,FLAT,FLAT,FLAT,3
2020-01-06,FLAT,0.00380779332143604,0.5168707966804504,False,0.004558444832857187,0.6374527215957642,UP,0.4993380606174469,False,False,FLAT,FLAT,FLAT,3
2020-01-07,FLAT,-0.002815737819690788,0.5195756554603577,False,0.004582167488952071,0.6221686601638794,UP,0.49973252415657043,False,False,FLAT,FLAT,FLAT,3
2020-01-08,UP,0.005315384309479369,0.5117149949073792,False,0.004356689017484054,0.25704196095466614,DOWN,0.3997960090637207,False,False,FLAT,FLAT,FLAT,3
2020-01-09,UP,0.006757763910630538,0.4713767170906067,False,0.004319588938696703,0.2669720947742462,DOWN,0.3615536093711853,False,False,FLAT,FLAT,FLAT,3
2020-01-10,FLAT,-0.0028818539244586834,0.4432981312274933,False,0.00441148949534025,0.10927987098693848,DOWN,0.3407802879810333,False,False,FLAT,FLAT,FLAT,3
2020-01-13,UP,0.006853806284860935,0.4753156900405884,False,0.004541236675966825,0.2772303521633148,DOWN,0.38181379437446594,False,False,FLAT,FLAT,FLAT,3
2020-01-14,FLAT,-0.001525786018845352,0.43968716263771057,False,0.004419477647321803,0.35983872413635254,DOWN,0.322954922914505,False,False,FLAT,FLAT,FLAT,3
2020-01-15,FLAT,0.0022573074615838975,0.4770773649215698,False,0.0044719935011487254,0.634186327457428,UP,0.23252764344215393,False,False,FLAT,FLAT,FLAT,3
2020-01-16,UP,0.008283978494246641,0.44317522644996643,False,0.004301558877361817,0.26396438479423523,DOWN,0.43289312720298767,False,False,FLAT,FLAT,FLAT,3
2020-01-17,FLAT,0.0031076970399105484,0.4245397448539734,False,0.004560969791187053,0.22415806353092194,DOWN,0.3052743077278137,False,False,FLAT,FLAT,FLAT,3
2020-01-21,FLAT,-0.001960119478876216,0.4158797264099121,False,0.004552668470419617,0.6565473079681396,UP,0.3959319293498993,False,False,FLAT,FLAT,FLAT,3
2020-01-22,FLAT,0.00012075499797367417,0.4872055947780609,False,0.00460004105990981,0.6084009408950806,UP,0.4892331063747406,False,False,FLAT,FLAT,FLAT,3
2020-01-23,FLAT,0.001146215804953398,0.48079192638397217,False,0.004586506399310558,0.6292812824249268,UP,0.4993661940097809,False,False,FLAT,FLAT,FLAT,3
2020-01-24,DOWN,-0.008932858535968823,0.46796634793281555,False,0.004587734304532219,0.6912090182304382,UP,0.37148281931877136,False,False,FLAT,FLAT,FLAT,3
2020-01-27,DOWN,-0.016159270785999106,0.5133986473083496,False,0.005152969946684749,0.9115139245986938,UP,0.7107203006744385,False,False,FLAT,FLAT,FLAT,3
2020-01-28,UP,0.01042465373821599,0.5920467972755432,True,0.006342040535439838,0.7506677508354187,UP,0.5952920317649841,False,False,UP,FLAT,FLAT,3
2020-01-29,FLAT,-0.0008263669800950709,0.5846419930458069,True,0.006748395300100814,0.5132783651351929,DOWN,0.7553827166557312,True,False,DOWN,DOWN,ABSTAIN,3
2020-01-30,FLAT,0.0032400993602699547,0.5740848183631897,True,0.006603254033254073,0.2107093334197998,DOWN,0.6850050091743469,True,False,DOWN,DOWN,ABSTAIN,3
2020-01-31,DOWN,-0.018324781429623002,0.5409599542617798,True,0.006615938398348239,0.11003349721431732,DOWN,0.7140657305717468,True,False,DOWN,DOWN,ABSTAIN,3
2020-02-03,UP,0.007401083897971815,0.5951419472694397,True,0.007581604012319575,0.7409567832946777,UP,0.7126520276069641,True,False,UP,UP,ABSTAIN,3
2020-02-04,UP,0.015126295011474384,0.6309244632720947,True,0.00758270608537017,0.10692241042852402,DOWN,0.6623226404190063,True,False,DOWN,DOWN,ABSTAIN,3
2020-02-05,UP,0.011481839611606393,0.5290195941925049,True,0.008253752151075057,0.052279870957136154,DOWN,0.6202337145805359,True,False,DOWN,DOWN,ABSTAIN,3
2020-02-06,FLAT,0.003359206688677661,0.30472737550735474,False,0.008535688225779136,0.38858023285865784,DOWN,0.35398077964782715,False,False,FLAT,FLAT,FLAT,3
2020-02-07,DOWN,-0.005343909914229443,0.348102331161499,False,0.008501352386964868,0.035402603447437286,DOWN,0.45818036794662476,False,False,FLAT,FLAT,FLAT,3
2020-02-10,UP,0.007437595617929694,0.5164400339126587,False,0.008534105789396928,0.47769320011138916,DOWN,0.7036316990852356,False,False,FLAT,FLAT,FLAT,3
2020-02-11,FLAT,0.0017315497884897969,0.45298317074775696,False,0.008608717325519459,0.1400977224111557,DOWN,0.6063332557678223,False,False,FLAT,FLAT,FLAT,3
2020-02-12,UP,0.006422105641496987,0.40152913331985474,False,0.008512275514835068,0.3005527853965759,DOWN,0.460521399974823,False,False,FLAT,FLAT,FLAT,3
2020-02-13,FLAT,-0.0010675361685061084,0.34011054039001465,False,0.008568465899268237,0.2710276246070862,DOWN,0.3741280436515808,False,False,FLAT,FLAT,FLAT,3
2020-02-14,FLAT,0.0016008319963013102,0.46010300517082214,False,0.008585229805607594,0.9271968007087708,UP,0.519479513168335,False,False,FLAT,FLAT,FLAT,3
2020-02-18,FLAT,-0.0025803258874645633,0.4327220320701599,False,0.008429101084979814,0.9068278074264526,UP,0.4662565588951111,False,False,FLAT,FLAT,FLAT,3
2020-02-19,UP,0.004769841309919101,0.49772119522094727,False,0.008450148987006342,0.8412778973579407,UP,0.5821958780288696,False,False,FLAT,FLAT,FLAT,3
2020-02-20,DOWN,-0.0041167086031452735,0.4695175886154175,False,0.008471991538585705,0.5776200890541077,UP,0.40824994444847107,False,False,FLAT,FLAT,FLAT,3
2020-02-21,DOWN,-0.010351661133344124,0.5025047063827515,False,0.008549124916179393,0.9886485934257507,UP,0.42283880710601807,False,False,FLAT,FLAT,FLAT,3
2020-02-24,DOWN,-0.03372784139233276,0.556230902671814,True,0.008906534113309572,0.967979907989502,UP,0.6292101144790649,True,False,UP,UP,ABSTAIN,3
2020-02-25,DOWN,-0.030770750603140915,0.598860502243042,True,0.011578912621480515,0.3202991485595703,DOWN,0.6600512862205505,True,True,DOWN,DOWN,DOWN,3
2020-02-26,FLAT,-0.0036849962639194165,0.6083120703697205,True,0.012965334791281391,0.8563119173049927,UP,0.7167461514472961,True,True,UP,UP,UP,3
2020-02-27,DOWN,-0.04595146753683802,0.626806378364563,True,0.012650598362593047,0.7111871242523193,UP,0.7296709418296814,True,True,UP,UP,UP,3
2020-02-28,FLAT,-0.004210390573741874,0.6102413535118103,True,0.01594751699574492,0.29351121187210083,DOWN,0.7082200646400452,True,True,DOWN,DOWN,DOWN,3
2020-03-02,UP,0.04239500466012263,0.6213215589523315,True,0.015839734098314514,0.6855061054229736,UP,0.59999680519104,False,True,UP,FLAT,FLAT,3
2020-03-03,DOWN,-0.02905036247634815,0.6032828092575073,True,0.018717141171754773,0.8067055344581604,UP,0.6618539094924927,True,True,UP,UP,UP,3
2020-03-04,UP,0.04117363701185871,0.6276394128799438,True,0.0195110089972611,0.8644607663154602,UP,0.6604214310646057,True,True,UP,UP,UP,3
2020-03-05,DOWN,-0.03380675024137826,0.48248395323753357,False,0.02160018888483741,0.4318667948246002,DOWN,0.5711003541946411,False,True,FLAT,FLAT,FLAT,3
2020-03-06,DOWN,-0.016669275633020057,0.6342558264732361,True,0.022413188658549233,0.141429141163826,DOWN,0.564940333366394,False,True,DOWN,FLAT,FLAT,3
2020-03-09,DOWN,-0.08131252304186744,0.6393831372261047,True,0.022477326970086704,0.11354061961174011,DOWN,0.6778920888900757,True,True,DOWN,DOWN,DOWN,3
2020-03-10,UP,0.050450587293811376,0.633790910243988,True,0.02811092182697014,0.8454809188842773,UP,0.6864479780197144,True,True,UP,UP,UP,3
2020-03-11,DOWN,-0.04997673845028892,0.5862118005752563,True,0.030980938870725522,0.5474095344543457,DOWN,0.6665217280387878,True,True,DOWN,DOWN,DOWN,3
2020-03-12,DOWN,-0.10056886056624313,0.638737142086029,True,0.032304753204679765,0.3063966929912567,DOWN,0.6169145703315735,True,True,DOWN,DOWN,DOWN,3
2020-03-13,UP,0.08202809219873311,0.6317427754402161,True,0.03782511391858997,0.2334107607603073,DOWN,0.6601613163948059,True,True,DOWN,DOWN,DOWN,3
2020-03-16,DOWN,-0.11588653747701536,0.5492123365402222,True,0.043601724404751026,0.4954585134983063,DOWN,0.6736123561859131,True,True,DOWN,DOWN,DOWN,3
2020-03-17,UP,0.05258492094923695,0.6417289972305298,True,0.049322838472635154,0.9799997806549072,UP,0.6805080771446228,True,True,UP,UP,UP,3
2020-03-18,DOWN,-0.05195975100253782,0.6103613972663879,True,0.05166403319465353,0.33618196845054626,DOWN,0.5061947107315063,False,True,DOWN,FLAT,FLAT,3
2020-03-19,FLAT,0.0021227225413289978,0.6510891318321228,True,0.05211530054766028,0.33310967683792114,DOWN,0.6477242112159729,True,True,DOWN,DOWN,DOWN,3
2020-03-20,DOWN,-0.04991337303957533,0.633292555809021,True,0.05221613402306325,0.7936450839042664,UP,0.597765326499939,False,True,UP,FLAT,FLAT,3
2020-03-23,DOWN,-0.025900755458341244,0.643410861492157,True,0.05270373300627562,0.4020155966281891,DOWN,0.6393400430679321,True,True,DOWN,DOWN,DOWN,3
2020-03-24,UP,0.08673099436253733,0.6383005976676941,True,0.05261632632287606,0.8336176872253418,UP,0.6032783389091492,False,True,UP,FLAT,FLAT,3
2020-03-25,FLAT,0.014859233619037203,0.4677083194255829,False,0.05750098383561712,0.3848917782306671,DOWN,0.645880401134491,False,True,FLAT,FLAT,FLAT,3
2020-03-26,UP,0.05674869876971943,0.6162307262420654,True,0.057800535254980884,0.2431909143924713,DOWN,0.4979948103427887,False,True,DOWN,FLAT,FLAT,3
2020-03-27,DOWN,-0.030238259991311155,0.41447913646698,False,0.0591386147365037,0.4004318416118622,DOWN,0.5299893021583557,False,True,FLAT,FLAT,FLAT,3
2020-03-30,UP,0.031959525345806684,0.6569939851760864,True,0.05937131565253335,0.5139179825782776,DOWN,0.5618612170219421,False,True,DOWN,FLAT,FLAT,3
2020-03-31,FLAT,-0.015017586594124019,0.5574896335601807,True,0.058951250237173396,0.49681854248046875,DOWN,0.561883807182312,False,True,DOWN,FLAT,FLAT,3
2020-04-01,DOWN,-0.04604904148877963,0.6362473368644714,True,0.05877491740617397,0.27779948711395264,DOWN,0.6297232508659363,True,True,DOWN,DOWN,DOWN,3
2020-04-02,UP,0.022813182552417124,0.6795742511749268,True,0.058196235712224625,0.19318337738513947,DOWN,0.6004794836044312,False,True,DOWN,FLAT,FLAT,3
2020-04-03,FLAT,-0.01455967225366192,0.6305181980133057,True,0.058455704490342264,0.2268640398979187,DOWN,0.6643856763839722,True,True,DOWN,DOWN,DOWN,3
2020-04-06,UP,0.06500673748543066,0.668836772441864,True,0.05844334277148583,0.45170947909355164,DOWN,0.5985391139984131,False,True,DOWN,FLAT,FLAT,3
2020-04-07,FLAT,0.0010189609599744974,0.46693477034568787,False,0.05807897055319677,0.22865690290927887,DOWN,0.4954570531845093,False,True,FLAT,FLAT,FLAT,3
2020-04-08,UP,0.033017294838593204,0.5770920515060425,True,0.05677838655872428,0.6064382195472717,UP,0.398416668176651,False,True,UP,FLAT,FLAT,3
2020-04-09,FLAT,0.015102738376915347,0.37442344427108765,False,0.056288156365083095,0.07704905420541763,DOWN,0.45580363273620605,False,True,FLAT,FLAT,FLAT,3
2020-04-13,FLAT,-0.009172087816788214,0.39466339349746704,False,0.05112301789876468,0.010014530271291733,DOWN,0.4059155285358429,False,True,FLAT,FLAT,FLAT,3
2020-04-14,UP,0.029066322582236008,0.5238734483718872,False,0.04792609069878733,0.08457782864570618,DOWN,0.5528947114944458,False,True,FLAT,FLAT,FLAT,3
2020-04-15,FLAT,-0.021477091502921486,0.39362895488739014,False,0.03951589464938481,0.203379288315773,DOWN,0.5011569261550903,False,True,FLAT,FLAT,FLAT,3
2020-04-16,FLAT,0.004812695780353366,0.656406044960022,True,0.03861845908927568,0.13922090828418732,DOWN,0.5753153562545776,False,True,DOWN,FLAT,FLAT,3
2020-04-17,UP,0.026656961689813345,0.6008443832397461,True,0.03624765004687545,0.09902477264404297,DOWN,0.5207841992378235,False,True,DOWN,FLAT,FLAT,3
2020-04-20,FLAT,-0.01777502481605561,0.3374791145324707,False,0.03646890776948148,0.03082374669611454,DOWN,0.3111109435558319,False,True,FLAT,FLAT,FLAT,3
2020-04-21,DOWN,-0.030833763390650033,0.6370337605476379,True,0.03439605960277951,0.06518831104040146,DOWN,0.49539390206336975,False,True,DOWN,FLAT,FLAT,3
2020-04-22,UP,0.021951826516892335,0.6610606908798218,True,0.034686381100533174,0.31168124079704285,DOWN,0.5149676203727722,False,True,DOWN,FLAT,FLAT,3
2020-04-23,FLAT,-7.173145408748019e-05,0.4768633246421814,False,0.029843839719719233,0.7410718202590942,UP,0.6160930395126343,False,True,FLAT,FLAT,FLAT,3
2020-04-24,FLAT,0.013842458314098777,0.6180459856987,True,0.029820857936101224,0.6090726852416992,UP,0.4185192286968231,False,True,UP,FLAT,FLAT,3
2020-04-27,FLAT,0.014315484816994305,0.4794119894504547,False,0.027437121831684435,0.27230432629585266,DOWN,0.5351115465164185,False,True,FLAT,FLAT,FLAT,3
2020-04-28,FLAT,-0.004609026663486172,0.3781147003173828,False,0.026295660870009806,0.07907514274120331,DOWN,0.29056406021118164,False,True,FLAT,FLAT,FLAT,3
2020-04-29,UP,0.025841699275864903,0.49631884694099426,False,0.02567654761936704,0.08099434524774551,DOWN,0.3399394750595093,False,True,FLAT,FLAT,FLAT,3
2020-04-30,FLAT,-0.009354281772853417,0.3129534423351288,False,0.025675592171907916,0.020683854818344116,DOWN,0.38452479243278503,False,True,FLAT,FLAT,FLAT,3
2020-05-01,DOWN,-0.02683016199258795,0.49976351857185364,False,0.022886627015108206,0.08950549364089966,DOWN,0.5482893586158752,False,True,FLAT,FLAT,FLAT,3
2020-05-04,FLAT,0.002754429163740411,0.5899139046669006,True,0.023897161102573023,0.4802965521812439,DOWN,0.5370725989341736,False,True,DOWN,FLAT,FLAT,3
2020-05-05,FLAT,0.009196902343131827,0.6067631244659424,True,0.023429927097552334,0.20105662941932678,DOWN,0.5277506113052368,False,True,DOWN,FLAT,FLAT,3
2020-05-06,FLAT,-0.006801801811007939,0.4366200268268585,False,0.019024893728553746,0.8223611116409302,UP,0.5230106711387634,False,True,FLAT,FLAT,FLAT,3
2020-05-07,FLAT,0.011994593193006048,0.5256682634353638,False,0.019166484543697602,0.1536109894514084,DOWN,0.61992347240448,False,True,FLAT,FLAT,FLAT,3
2020-05-08,FLAT,0.01641079994986407,0.4033731520175934,False,0.01800255599276599,0.34157711267471313,DOWN,0.4550343453884125,False,True,FLAT,FLAT,FLAT,3
2020-05-11,FLAT,0.00020514089839544992,0.3360181450843811,False,0.018053321437962833,0.044704996049404144,DOWN,0.35465481877326965,False,True,FLAT,FLAT,FLAT,3
2020-05-12,FLAT,-0.020132891412706133,0.39635592699050903,False,0.017855021073301232,0.13974566757678986,DOWN,0.5633468627929688,False,True,FLAT,FLAT,FLAT,3
2020-05-13,FLAT,-0.017844129300901634,0.47155138850212097,False,0.01745433384384033,0.9068851470947266,UP,0.6977161765098572,False,True,FLAT,FLAT,FLAT,3
2020-05-14,FLAT,0.011896269895517233,0.5803418159484863,True,0.01723100161773964,0.8076499700546265,UP,0.6937347054481506,True,True,UP,UP,UP,3
2020-05-15,FLAT,0.004586432752557939,0.6166385412216187,True,0.017392323457283303,0.48301464319229126,DOWN,0.5399868488311768,False,True,DOWN,FLAT,FLAT,3
2020-05-18,UP,0.03000500773344127,0.5826119184494019,True,0.01635042054965535,0.5380507111549377,DOWN,0.5645422339439392,False,True,DOWN,FLAT,FLAT,3
2020-05-19,FLAT,-0.010324294894732978,0.3011092245578766,False,0.017099701558821602,0.12936004996299744,DOWN,0.3871939480304718,False,True,FLAT,FLAT,FLAT,3
2020-05-20,FLAT,0.016845334676130815,0.4608737826347351,False,0.01555130309731727,0.14428038895130157,DOWN,0.473027765750885,False,True,FLAT,FLAT,FLAT,3
2020-05-21,FLAT,-0.006927885641062185,0.3018074035644531,False,0.015269209711487304,0.08159256726503372,DOWN,0.377587229013443,False,True,FLAT,FLAT,FLAT,3
2020-05-22,FLAT,0.001897268327780096,0.37654662132263184,False,0.015420294609872912,0.13078689575195312,DOWN,0.45825374126434326,False,True,FLAT,FLAT,FLAT,3
2020-05-26,FLAT,0.012245272426979939,0.334018349647522,False,0.015197918978452771,0.3717661499977112,DOWN,0.3493039309978485,False,True,FLAT,FLAT,FLAT,3
2020-05-27,FLAT,0.014769397145406274,0.2926424443721771,False,0.015117583270028774,0.09124619513750076,DOWN,0.3410528898239136,False,True,FLAT,FLAT,FLAT,3
2020-05-28,FLAT,-0.0018466536446246286,0.28788724541664124,False,0.015288185085699794,0.08228258043527603,DOWN,0.43657004833221436,False,True,FLAT,FLAT,FLAT,3
2020-05-29,FLAT,0.004446008688818559,0.3040062189102173,False,0.014337028297492622,0.10156124830245972,DOWN,0.5970584750175476,False,True,FLAT,FLAT,FLAT,3
2020-06-01,FLAT,0.004033587965397369,0.3140678107738495,False,0.014110486076886941,0.07607820630073547,DOWN,0.5495167970657349,False,True,FLAT,FLAT,FLAT,3
2020-06-02,FLAT,0.008246054531519834,0.3231268525123596,False,0.012329124211119286,0.4540594220161438,DOWN,0.46559321880340576,False,True,FLAT,FLAT,FLAT,3
2020-06-03,FLAT,0.013220475147309174,0.3047090172767639,False,0.012364063809183692,0.30604252219200134,DOWN,0.41369497776031494,False,True,FLAT,FLAT,FLAT,3
2020-06-04,FLAT,-0.0026301691177292247,0.29578810930252075,False,0.012482755077407795,0.3439826965332031,DOWN,0.3923259377479553,False,True,FLAT,FLAT,FLAT,3
2020-06-05,UP,0.02530660249279807,0.3287714123725891,False,0.012320470713472906,0.21859686076641083,DOWN,0.45338574051856995,False,True,FLAT,FLAT,FLAT,3
2020-06-08,FLAT,0.01201500997240837,0.28916409611701965,False,0.0130797408322866,0.05050569772720337,DOWN,0.3945743143558502,False,True,FLAT,FLAT,FLAT,3
2020-06-09,FLAT,-0.0074846343424244625,0.30752503871917725,False,0.012917731890023522,0.09956175833940506,DOWN,0.3825979232788086,False,True,FLAT,FLAT,FLAT,3
2020-06-10,FLAT,-0.005595627288950511,0.35781329870224,False,0.013179761276520518,0.20000554621219635,DOWN,0.5240572690963745,False,True,FLAT,FLAT,FLAT,3
2020-06-12,DOWN,-0.04747287847905728,0.36024606227874756,False,0.012099621878637007,0.11256743222475052,DOWN,0.5010818243026733,False,True,FLAT,FLAT,FLAT,3
2020-06-15,FLAT,0.009292336713778283,0.4379081130027771,False,0.010864669229508326,0.7656382322311401,UP,0.6301327347755432,False,False,FLAT,FLAT,FLAT,3
2020-06-16,FLAT,0.019064798523327483,0.6295574903488159,True,0.010816261586589408,0.919545590877533,UP,0.692710816860199,True,False,UP,UP,ABSTAIN,3
2020-06-17,FLAT,-0.004162497775089666,0.3444117307662964,False,0.011146802311064876,0.48012956976890564,DOWN,0.5013363361358643,False,False,FLAT,FLAT,FLAT,3
2020-06-18,FLAT,0.0003849452014608686,0.5036540031433105,False,0.010070162275922886,0.05254039168357849,DOWN,0.6016809344291687,False,False,FLAT,FLAT,FLAT,3
2020-06-19,FLAT,-0.010122210350604972,0.5558996796607971,True,0.009437203360762232,0.24131429195404053,DOWN,0.5733017325401306,False,False,DOWN,FLAT,FLAT,3
2020-06-22,FLAT,0.0063946878036367834,0.5271214246749878,False,0.009764722231176267,0.7980049252510071,UP,0.5389124155044556,False,False,FLAT,FLAT,FLAT,3
2020-06-23,FLAT,0.0045931078389241774,0.6026707291603088,True,0.009361262433148722,0.20298005640506744,DOWN,0.6420701742172241,True,False,DOWN,DOWN,ABSTAIN,3
2020-06-24,DOWN,-0.025839694081199537,0.43866392970085144,False,0.009324949689595474,0.8858495354652405,UP,0.59575355052948,False,False,FLAT,FLAT,FLAT,3
2020-06-25,FLAT,0.010663485031515948,0.5582315325737,True,0.011543540559231675,0.8858321309089661,UP,0.6363420486450195,True,True,UP,UP,UP,3
2020-06-26,DOWN,-0.024038096459339246,0.6666132807731628,True,0.011373436244546502,0.27040690183639526,DOWN,0.5703505277633667,False,True,DOWN,FLAT,FLAT,3
2020-06-29,FLAT,0.014590600813082581,0.5625625848770142,True,0.012910754834511122,0.8488136529922485,UP,0.5981977581977844,False,True,UP,FLAT,FLAT,3
2020-06-30,FLAT,0.012728196521442903,0.6392547488212585,True,0.013188164553727191,0.8053955435752869,UP,0.5778945684432983,False,True,UP,FLAT,FLAT,3
2020-07-01,FLAT,0.006980392070335714,0.44521090388298035,False,0.013366409513496264,0.64922034740448,UP,0.614709198474884,False,True,FLAT,FLAT,FLAT,3
2020-07-02,FLAT,0.005491854742917902,0.4464840888977051,False,0.01334537047821761,0.034363191574811935,DOWN,0.6038298010826111,False,True,FLAT,FLAT,FLAT,3
2020-07-06,FLAT,0.01531932074415112,0.37995097041130066,False,0.01315546674368817,0.4090803265571594,DOWN,0.5872492790222168,False,True,FLAT,FLAT,FLAT,3
2020-07-07,FLAT,-0.010367352129633484,0.2906826436519623,False,0.013363436766685194,0.1464717984199524,DOWN,0.5125347971916199,False,True,FLAT,FLAT,FLAT,3
2020-07-08,FLAT,0.007619548988834753,0.5395789742469788,True,0.012717374908784945,0.11746104061603546,DOWN,0.5059030652046204,False,True,DOWN,FLAT,FLAT,3
2020-07-09,FLAT,-0.0057091876716751115,0.32257020473480225,False,0.012574014000067944,0.17394445836544037,DOWN,0.5563559532165527,False,True,FLAT,FLAT,FLAT,3
2020-07-10,FLAT,0.010158770368597723,0.45232415199279785,False,0.012510595265015564,0.3279833495616913,DOWN,0.5402953028678894,False,True,FLAT,FLAT,FLAT,3
2020-07-13,FLAT,-0.008696669557654454,0.3253065049648285,False,0.012505825953741254,0.22658485174179077,DOWN,0.4170109033584595,False,True,FLAT,FLAT,FLAT,3
2020-07-14,FLAT,0.012875768095466747,0.4325190782546997,False,0.012560192454997132,0.6770979166030884,UP,0.43310630321502686,False,True,FLAT,FLAT,FLAT,3
2020-07-15,FLAT,0.009145287724412185,0.40305095911026,False,0.012698732457967142,0.3013375997543335,DOWN,0.4294339418411255,False,True,FLAT,FLAT,FLAT,3
2020-07-16,FLAT,-0.00329888738868124,0.3002842962741852,False,0.012175844723499436,0.34586217999458313,DOWN,0.4430108964443207,False,True,FLAT,FLAT,FLAT,3
2020-07-17,FLAT,0.002894875756376014,0.37616875767707825,False,0.01215659380108866,0.08311416953802109,DOWN,0.6048055291175842,False,True,FLAT,FLAT,FLAT,3
2020-07-20,FLAT,0.008049099456827503,0.32855743169784546,False,0.012158044075049107,0.2037843018770218,DOWN,0.3857196569442749,False,True,FLAT,FLAT,FLAT,3
2020-07-21,FLAT,0.002125275847297115,0.3233191967010498,False,0.011914902743513776,0.27864426374435425,DOWN,0.5554379820823669,False,True,FLAT,FLAT,FLAT,3
2020-07-22,FLAT,0.005675918714983156,0.30565059185028076,False,0.011879224963872542,0.1325378715991974,DOWN,0.36741265654563904,False,True,FLAT,FLAT,FLAT,3
2020-07-23,FLAT,-0.012003449762736863,0.3116700053215027,False,0.011892857065172922,0.7621721029281616,UP,0.5324103236198425,False,True,FLAT,FLAT,FLAT,3
2020-07-24,FLAT,-0.0064612134078021995,0.4908643364906311,False,0.01048815188041778,0.3119889199733734,DOWN,0.38953155279159546,False,False,FLAT,FLAT,FLAT,3
2020-07-27,FLAT,0.007265973018451793,0.6007249355316162,True,0.010529404167729885,0.902201771736145,UP,0.5163363218307495,False,False,UP,FLAT,FLAT,3
2020-07-28,FLAT,-0.006362589928741833,0.401217520236969,False,0.008576613354315902,0.08437236398458481,DOWN,0.5662388205528259,False,False,FLAT,FLAT,FLAT,3
2020-07-29,FLAT,0.012223710163119286,0.5270636677742004,False,0.008457669257088136,0.6238874197006226,UP,0.3553849458694458,False,False,FLAT,FLAT,FLAT,3
2020-07-30,FLAT,-0.003574304927252317,0.31509754061698914,False,0.008426793458223693,0.6170534491539001,UP,0.5410164594650269,False,False,FLAT,FLAT,FLAT,3
2020-07-31,FLAT,0.007871143932114598,0.5398718118667603,True,0.008471463157319652,0.032911546528339386,DOWN,0.5501946210861206,False,False,DOWN,FLAT,FLAT,3
2020-08-03,FLAT,0.006928106146781003,0.30507180094718933,False,0.00853777363906133,0.16524332761764526,DOWN,0.5676538348197937,False,False,FLAT,FLAT,FLAT,3
2020-08-04,FLAT,0.0038551736353535687,0.2947777509689331,False,0.008053524872230227,0.03284718096256256,DOWN,0.5131012201309204,False,False,FLAT,FLAT,FLAT,3
2020-08-05,FLAT,0.00619174651583392,0.28866899013519287,False,0.0075319652273697505,0.8414239287376404,UP,0.41362330317497253,False,False,FLAT,FLAT,FLAT,3
2020-08-06,FLAT,0.006662293756877345,0.2620459198951721,False,0.007487814420061029,0.0596371553838253,DOWN,0.3897656798362732,False,False,FLAT,FLAT,FLAT,3
2020-08-07,FLAT,0.0007176581385700891,0.26094380021095276,False,0.007285916954142774,0.029382959008216858,DOWN,0.5312348008155823,False,False,FLAT,FLAT,FLAT,3
2020-08-10,FLAT,0.002984453160198847,0.270417720079422,False,0.007106528625062715,0.46203726530075073,DOWN,0.40887945890426636,False,False,FLAT,FLAT,FLAT,3
2020-08-11,FLAT,-0.008288928022774745,0.2699117660522461,False,0.006590118884314293,0.4934588372707367,DOWN,0.42029479146003723,False,False,FLAT,FLAT,FLAT,3
2020-08-12,UP,0.013846051698275444,0.40905117988586426,False,0.006651656936321944,0.5570220351219177,DOWN,0.388717919588089,False,False,FLAT,FLAT,FLAT,3
2020-08-13,FLAT,-0.0018094117950114884,0.27961620688438416,False,0.006987177637132553,0.18616314232349396,DOWN,0.5236190557479858,False,False,FLAT,FLAT,FLAT,3
2020-08-14,FLAT,2.9717119300824814e-05,0.34502121806144714,False,0.006931344626029718,0.29518091678619385,DOWN,0.493823766708374,False,False,FLAT,FLAT,FLAT,3
2020-08-17,FLAT,0.003171569384628661,0.3608379065990448,False,0.006951020035780738,0.5818502902984619,UP,0.47833189368247986,False,False,FLAT,FLAT,FLAT,3
2020-08-18,FLAT,0.0021580407948689,0.3124191164970398,False,0.006822945025841068,0.15251414477825165,DOWN,0.39038145542144775,False,False,FLAT,FLAT,FLAT,3
2020-08-19,FLAT,-0.004172416749373015,0.2972688674926758,False,0.006822967367153118,0.030660906806588173,DOWN,0.5060411691665649,False,False,FLAT,FLAT,FLAT,3
2020-08-20,FLAT,0.003108728585502381,0.4262426793575287,False,0.006902733661930689,0.6562896966934204,UP,0.3474806845188141,False,False,FLAT,FLAT,FLAT,3
2020-08-21,FLAT,0.0035411161582373403,0.4953813850879669,False,0.0061227317779549316,0.06254234164953232,DOWN,0.5112116932868958,False,False,FLAT,FLAT,FLAT,3
2020-08-24,UP,0.010082155503900299,0.36312997341156006,False,0.005766065161419114,0.06251462548971176,DOWN,0.5259223580360413,False,False,FLAT,FLAT,FLAT,3
2020-08-25,FLAT,0.0034931965962736824,0.2705366909503937,False,0.005912934152589476,0.03203332796692848,DOWN,0.38348445296287537,False,False,FLAT,FLAT,FLAT,3
2020-08-26,UP,0.009975685076455696,0.2850640118122101,False,0.005490878908393853,0.03914441913366318,DOWN,0.4920763075351715,False,False,FLAT,FLAT,FLAT,3
2020-08-27,FLAT,0.002184163117804633,0.2552248239517212,False,0.005322265141247701,0.00705861346796155,DOWN,0.6021693348884583,False,False,FLAT,FLAT,FLAT,3
2020-08-28,FLAT,0.006438619734780553,0.26144567131996155,False,0.005078801249179896,0.15184667706489563,DOWN,0.4695015251636505,False,False,FLAT,FLAT,FLAT,3
2020-08-31,FLAT,-0.003629114393204243,0.27920985221862793,False,0.0050256115848476,0.14833477139472961,DOWN,0.4185176193714142,False,False,FLAT,FLAT,FLAT,3
2020-09-01,UP,0.009374514174085585,0.32222065329551697,False,0.005203931534622834,0.40015897154808044,DOWN,0.43819788098335266,False,False,FLAT,FLAT,FLAT,3
2020-09-02,UP,0.014360393117624624,0.281878262758255,False,0.005393069620366739,0.04675513878464699,DOWN,0.5491654276847839,False,False,FLAT,FLAT,FLAT,3
2020-09-03,DOWN,-0.03502042462644392,0.2726418375968933,False,0.005908084012652135,0.029425963759422302,DOWN,0.3721666634082794,False,False,FLAT,FLAT,FLAT,3
2020-09-04,FLAT,-0.008198218003101077,0.5017363429069519,False,0.01043218631249859,0.8122045993804932,UP,0.6186643838882446,False,False,FLAT,FLAT,FLAT,3
2020-09-08,DOWN,-0.027703141558992693,0.6552395224571228,True,0.010661090640657078,0.2712266743183136,DOWN,0.6239452958106995,True,False,DOWN,DOWN,ABSTAIN,3
2020-09-09,UP,0.019554908673632087,0.5829089879989624,True,0.012446735649209955,0.5172457695007324,DOWN,0.5153441429138184,False,True,DOWN,FLAT,FLAT,3
2020-09-10,DOWN,-0.017516163589897774,0.5702986121177673,True,0.013054700418822653,0.46825581789016724,DOWN,0.6155145764350891,True,True,DOWN,DOWN,DOWN,3
2020-09-11,FLAT,0.0005089689668963855,0.5805856585502625,True,0.013316377304808938,0.24932560324668884,DOWN,0.5425397157669067,False,True,DOWN,FLAT,FLAT,3
2020-09-14,UP,0.013085281479949857,0.6160377264022827,True,0.013314733545797215,0.4746131896972656,DOWN,0.6912351846694946,True,True,DOWN,DOWN,DOWN,3
2020-09-15,FLAT,0.005039640391992443,0.5807302594184875,True,0.013653306279094442,0.825547993183136,UP,0.765815019607544,True,True,UP,UP,UP,3
2020-09-16,FLAT,-0.003976517595813861,0.5987022519111633,True,0.013680779906874094,0.1979357898235321,DOWN,0.6699613928794861,True,True,DOWN,DOWN,DOWN,3
2020-09-17,DOWN,-0.008834169361647914,0.5952087044715881,True,0.01370646064708112,0.35358741879463196,DOWN,0.5269017219543457,False,True,DOWN,FLAT,FLAT,3
2020-09-18,DOWN,-0.015574449506466947,0.6496533751487732,True,0.013820786803991188,0.4782821536064148,DOWN,0.566326916217804,False,True,DOWN,FLAT,FLAT,3
