trade_date,actual_log_return,sarimax_prediction,is_out_of_sample,data_split
1996-12-24,0.007298541417354488,0.0008367017334328526,True,train
1996-12-26,0.007658114628419411,0.0008189812878939054,True,train
1996-12-27,0.0012363488078053497,0.0007915202187581764,True,train
1996-12-30,-0.00868671439631695,0.0008076610322027097,True,train
1996-12-31,-0.01844916059616408,0.0008441196091514523,True,train
1997-01-02,0.0025359269718776994,0.0008306735358095292,True,train
1997-01-03,0.014250031577683436,0.0007477701799942208,True,train
1997-01-06,-0.00877748582122352,0.0007445986305815875,True,train
1997-01-07,0.01210112826592561,0.0007349926560044159,True,train
1997-01-08,-0.008748233255614711,0.0007107347747982396,True,train
1997-01-09,0.00833338155914424,0.0007218808609072798,True,train
1997-01-10,0.010730602345086925,0.0007396741709114561,True,train
1997-01-13,-0.0014378147696274715,0.000704543294394371,True,train
1997-01-14,0.012460584060377727,0.0007478003260268417,True,train
1997-01-15,-0.002439025599358747,0.0007496445626333711,True,train
1997-01-16,0.0040617440081776425,0.0007496445626333711,True,train
1997-01-17,0.006061849235195759,0.0007333612181260217,True,train
1997-01-21,0.008016074988236125,0.0007303111410973725,True,train
1997-01-22,0.00715993512209254,0.0006748538013503051,True,train
1997-01-23,-0.013969494781987639,0.0007303111410973725,True,train
1997-01-24,-0.012945164592036963,0.0007337256352707208,True,train
1997-01-27,-0.0028542323148652874,0.0007125178310931944,True,train
1997-01-28,0.0028542323148652354,0.0007219110069422744,True,train
1997-01-29,0.00972454989199478,0.0007360770240449665,True,train
1997-01-30,0.012820688429061469,0.0007330269470163173,True,train
1997-01-31,-0.001194981221666993,0.0007504859859107926,True,train
1997-02-03,0.002984779849992458,0.0007938343438898335,True,train
1997-02-04,0.00614045704765202,0.0007342124271824055,True,train
1997-02-05,-0.018938072221691506,0.0007359653374423656,True,train
1997-02-06,0.006619219835243861,0.0007185062985478911,True,train
1997-02-07,0.013502985147664426,0.0007246064526051886,True,train
1997-02-10,-0.009512556867698554,0.0007072387400572861,True,train
1997-02-11,0.011483000854997278,0.0006993856757400293,True,train
1997-02-12,0.0140737272116619,0.0007681977553473636,True,train
1997-02-13,0.010810916104215676,0.0006764036986610924,True,train
1997-02-14,-0.0023068060979150595,0.0006972470856939188,True,train
1997-02-18,0.008432399524597609,0.0007292365588357844,True,train
1997-02-19,-0.006701796266018558,0.0007086059705310958,True,train
1997-02-20,-0.01217759322323446,0.000686222471966447,True,train
1997-02-21,0.00038887809162041877,0.0007381739911935942,True,train
1997-02-24,0.011788715131613932,0.0006809637411865693,True,train
1997-02-25,0.0007681966961223688,0.0006714792389909182,True,train
1997-02-26,-0.009838991303901465,0.0006666762517023098,True,train
1997-02-27,-0.015040814847558143,0.0006409385510343039,True,train
1997-02-28,-0.0029565410321113718,0.0006234795121398294,True,train
1997-03-03,0.00668898815079671,0.0006301568820699637,True,train
1997-03-04,-0.00550532259535529,0.0007644955451060744,True,train
1997-03-05,0.01681369032422824,0.0007833732231508055,True,train
1997-03-06,-0.005833187840784164,0.000780444618503723,True,train
1997-03-07,0.008930364145468496,0.0007452835959516407,True,train
1997-03-10,0.010382711998138212,0.0007437434844198201,True,train
1997-03-11,-0.005370170174593862,0.0007406934073911709,True,train
1997-03-12,-0.008885513357208342,0.0007388190247496458,True,train
1997-03-13,-0.015643651053083164,0.0007499651108586834,True,train
1997-03-14,0.00511107855318986,0.0007414435043220195,True,train
1997-03-17,0.002741337138714735,0.0007875076682200069,True,train
1997-03-18,-0.010813041559195796,0.0007591454879796265,True,train
1997-03-19,-0.0033660065440709354,0.0007591454879796265,True,train
1997-03-20,-0.0051700254351085126,0.0007112069414401132,True,train
1997-03-21,0.0007971303730182785,0.0007162528734918541,True,train
1997-03-24,0.013847896858793535,0.0006974966678286905,True,train
1997-03-25,-0.009871748479154117,0.000704174037758824,True,train
1997-03-26,0.004355580039655047,0.0006946895355631737,True,train
1997-03-27,-0.026828435891713628,0.0007217846950698598,True,train
1997-03-31,-0.021329766806334298,0.0007100915391229801,True,train
1997-04-01,0.006405642318403955,0.0007417467411551413,True,train
1997-04-02,-0.01808217198023965,0.0008164619966215926,True,train
1997-04-03,0.005438206249144007,0.0007848067945894315,True,train
1997-04-04,0.012437971292217053,0.0007688577211917838,True,train
1997-04-07,0.003906656556959385,0.0007429684021072165,True,train
1997-04-08,0.007156762987295948,0.0007384996859283125,True,train
1997-04-09,-0.008183351723384302,0.000765473373053431,True,train
1997-04-10,-0.0037044701758888834,0.000765473373053431,True,train
1997-04-11,-0.03226762242359646,0.0007497672444189167,True,train
1997-04-14,0.013326479613178161,0.0007417013813735222,True,train
1997-04-15,0.016877158589567037,0.0007338483170562645,True,train
1997-04-16,0.011503824481484713,0.0007356925536627958,True,train
1997-04-17,-0.004093333590999852,0.0007231579744384955,True,train
1997-04-18,0.004909993497555785,0.0007374454639227541,True,train
1997-04-21,-0.006552029991300154,0.0007087188665376755,True,train
1997-04-22,0.021742195485275298,0.0006864568403545926,True,train
1997-04-23,0.0010045204260054903,0.0007136433262078506,True,train
1997-04-24,-0.005032723254610195,0.0007230365020569297,True,train
1997-04-25,-0.011570209251975303,0.000721526536560102,True,train
1997-04-28,0.009752210569248417,0.0006833154369793723,True,train
1997-04-29,0.031053450620395252,0.0006879969518864158,True,train
1997-04-30,0.004693008222259751,0.0007374153178877595,True,train
1997-05-01,-0.0011711888904629838,0.0007486527303433689,True,train
1997-05-02,0.017809220211182353,0.0006715883179583774,True,train
1997-05-05,0.023512649350723825,0.000663613781259554,True,train
1997-05-06,-0.0007499062968603498,0.0006704126235712532,True,train
1997-05-07,-0.02199557769211046,0.0006881146072288593,True,train
1997-05-08,0.00687813181619783,0.000698926422228195,True,train
1997-05-09,0.006831146108835329,0.0007102853070653703,True,train
1997-05-12,0.0165045006714632,0.0007146024048277147,True,train
1997-05-13,-0.004100658122687612,0.0007035777911002412,True,train
1997-05-14,0.001866020321271262,0.0007052393750136303,True,train
1997-05-15,0.00668898815079671,0.0007147238772092813,True,train
1997-05-16,-0.01379846617848817,0.0007323043884853208,True,train
1997-05-19,0.002999627296028707,0.0007306729506069282,True,train
1997-05-20,0.011909333166486638,0.0007337230276355773,True,train
1997-05-21,-0.002222223136717667,0.0007414546195712675,True,train
1997-05-22,-0.0033426214966898373,0.0007408774036984315,True,train
1997-05-23,0.009257611015891686,0.0007312714291212146,True,train
1997-05-27,0.00404635461047116,0.0007153223557235678,True,train
1997-05-28,-0.00018357044567385677,0.0007040849432679583,True,train
1997-05-29,-0.0058921179485835265,0.0007012778110024416,True,train
1997-05-30,0.006442728222198712,0.0006918846351533624,True,train
1997-06-02,-0.00441339443841275,0.0007175310094747981,True,train
1997-06-03,-0.0033228754960770183,0.0008091946573645734,True,train
1997-06-04,-0.0011100833702391837,0.0008108260952429678,True,train
1997-06-05,0.0036954957060500327,0.0008077760182143186,True,train
1997-06-06,0.01936133538889495,0.0007949984942268867,True,train
1997-06-09,0.005052338426728493,0.0007859395894875103,True,train
1997-06-10,0.0030550836953018882,0.0007745807046503341,True,train
1997-06-11,0.0023299589355856576,0.0007649747300731181,True,train
1997-06-12,0.01914952133286075,0.0007589960483973864,True,train
1997-06-13,0.008394592843026296,0.0008416097279627154,True,train
1997-06-16,0.00034825004705091073,0.0008449940761010681,True,train
1997-06-17,-0.001393728448603803,0.0008309193853449463,True,train
1997-06-18,-0.0034928432296982984,0.0008292879474665537,True,train
1997-06-19,0.01026899634023617,0.000843696909332379,True,train
1997-06-20,-0.007299302481611608,0.0008279907806978638,True,train
1997-06-23,-0.024544359146477655,0.0008601017262212952,True,train
1997-06-24,0.025067508517551327,0.0008279907806978638,True,train
1997-06-25,-0.006997929187644554,0.0008802765710347145,True,train
1997-06-26,-0.004927852281240694,0.0008737206734861468,True,train
1997-06-27,0.003873926309805467,0.0009017485826168237,True,train
1997-06-30,-0.006700783315958564,0.0008924768791493103,True,train
1997-07-01,0.011609629077839162,0.0008812394666937,True,train
1997-07-02,0.016305651807916367,0.0008367277822734377,True,train
1997-07-03,0.013670752892347395,0.0008148000272000583,True,train
1997-07-07,-0.010235503894026863,0.0008135941867779412,True,train
1997-07-08,0.010405211149419327,0.000809246942980602,True,train
1997-07-09,-0.011091317522817905,0.0008220244669680339,True,train
1997-07-10,0.004451299936735679,0.0008444079655326817,True,train
1997-07-11,0.0034106445067342323,0.0008396049782440742,True,train
1997-07-14,0.0030596658239554933,0.00083338335180521,True,train
1997-07-15,0.005078731079015721,0.0008288233092797331,True,train
1997-07-16,0.013085239548655534,0.0008445294379142484,True,train
1997-07-17,-0.005012541823544286,0.0008527167733412104,True,train
1997-07-18,-0.021502563832210747,0.0008368891723251294,True,train
1997-07-21,0.00017113031615312456,0.0008462823481742085,True,train
1997-07-22,0.026177294782502948,0.0008318733863083823,True,train
1997-07-23,-0.0008338197764845688,0.0008011296712587606,True,train
1997-07-24,0.004660461165070516,0.0008628999637912624,True,train
1997-07-25,-0.0006644518516886334,0.0008660715132014773,True,train
1997-07-28,-0.0006648936415161481,0.0008721716672587757,True,train
1997-07-29,0.003320056170532006,0.000886702101506166,True,train
1997-07-30,0.011861753575816666,0.0009008681186088597,True,train
1997-07-31,-0.000983123133420544,0.0008933493254013065,True,train
1997-08-01,-0.003942186445739182,0.0008871276989624415,True,train
1997-08-04,0.0026298502993889433,0.0008793481476856713,True,train
1997-08-05,0.0006563833514298344,0.0008600147261496726,True,train
1997-08-06,0.008168645323947675,0.0008443085975151574,True,train
1997-08-07,-0.007512692529027372,0.0008539145720923742,True,train
1997-08-08,-0.020537323348749328,0.0008473586745438065,True,train
1997-08-11,0.007335811490213578,0.0008066046501021438,True,train
1997-08-12,-0.016075362915177336,0.0008368412129840502,True,train
1997-08-13,-0.0030431130838214485,0.000863693427727602,True,train
1997-08-14,0.003718104672054825,0.0008426984222782152,True,train
1997-08-15,-0.03118292743668794,0.0007621417780475544,True,train
1997-08-18,0.022031872219330593,0.0008014070996338416,True,train
1997-08-19,0.011509944263987496,0.0007584843391110745,True,train
1997-08-20,0.015032853665239078,0.0007477026701467344,True,train
1997-08-21,-0.01772918155428145,0.0007716262802432046,True,train
1997-08-22,-0.0003375527458211257,0.0007860653881440255,True,train
1997-08-25,-0.0037206198848046376,0.0008507944313586044,True,train
1997-08-26,-0.014850490550119881,0.0008047302674606179,True,train
1997-08-27,0.006000875273137338,0.0009068289869785069,True,train
1997-08-28,-0.015330590493519073,0.0009039003823314243,True,train
1997-08-29,0.003984414106217393,0.000883361120373306,True,train
1997-09-02,0.03198639482048049,0.0009231123314858581,True,train
1997-09-03,-0.0053727463023904454,0.0009594992990137321,True,train
1997-09-04,0.006376930487192561,0.000962670848423948,True,train
1997-09-05,-0.002847811623956632,0.0009469647197894327,True,train
1997-09-08,0.0043521997054255315,0.0009719425518914596,True,train
1997-09-09,0.0005009601841429542,0.000921409671814569,True,train
1997-09-10,-0.02091844157209865,0.0009372372728306492,True,train
1997-09-11,-0.005127339894720108,0.0009434588992695142,True,train
1997-09-12,0.015978582349094786,0.0009367815293393799,True,train
1997-09-15,-0.0016877641137197409,0.0009356971612988294,True,train
1997-09-16,0.024692612590371414,0.0009198695602827484,True,train
1997-09-17,0.0,0.0008728123546907791,True,train
1997-09-18,0.004275619077231502,0.0009110234542715088,True,train
1997-09-19,-0.001971091308344416,0.0009111449266530755,True,train
1997-09-22,0.005574698811642901,0.0008794897246209125,True,train
1997-09-23,-0.004588667507431168,0.0008732680981820475,True,train
1997-09-24,-0.008246789274737652,0.0009031703899542521,True,train
1997-09-25,-0.006980251044295736,0.0008877985324294395,True,train
1997-09-26,0.008304316116915038,0.0008986103474287752,True,train
1997-09-29,0.009547397624889629,0.000884292711909521,True,train
1997-09-30,-0.010540282035432271,0.0009031703899542521,True,train
1997-10-01,0.0131580845775112,0.0009092705440115504,True,train
1997-10-02,0.005540180375615351,0.0008238132632095293,True,train
1997-10-03,0.005024728944601193,0.0008048141127832333,True,train
1997-10-06,0.006607066174965124,0.0008126671771004918,True,train
1997-10-07,0.009272648373958284,0.0007904964772639808,True,train
1997-10-08,-0.007026538012038462,0.0008050269115113719,True,train
1997-10-09,-0.0035318707447742157,0.0008046013140550956,True,train
1997-10-10,-0.0028990195855162267,0.0008125758507539207,True,train
1997-10-14,0.00032221685472921086,0.0008220904989845656,True,train
1997-10-15,-0.002257701329906567,0.000785845108391932,True,train
1997-10-16,-0.015948263166665946,0.0007842136705135403,True,train
1997-10-17,-0.010222677647475819,0.0007683860694974584,True,train
1997-10-20,0.014151955787365455,0.000840035427405305,True,train
1997-10-21,0.01925781660441452,0.0007779007177281033,True,train
1997-10-22,-0.006593253763092758,0.0008485871799769635,True,train
1997-10-23,-0.019880074632030047,0.0008247850422620599,True,train
1997-10-24,-0.009923998085987679,0.0009201762458148199,True,train
1997-10-27,-0.07523381025431909,0.0008726934427665776,True,train
1997-10-28,0.05610250012752816,0.000809586954036848,True,train
1997-10-29,-0.002714626709466606,0.0008005883413674617,True,train
1997-10-30,-0.02233386078615966,0.0007958766804254244,True,train
1997-10-31,0.02335270957526238,0.0007960894791535621,True,train
1997-11-03,0.02082708804715479,0.0007931608745064787,True,train
1997-11-04,0.0,0.0008058024854474388,True,train
1997-11-05,0.003318954258063717,0.0008504781562301651,True,train
1997-11-06,-0.0038177488481708614,0.0007993680602804368,True,train
1997-11-07,-0.010868763459523005,0.0007948993441015328,True,train
1997-11-10,-0.006070844952007969,0.0007870462797842752,True,train
1997-11-12,-0.0208447663468702,0.000787167752165841,True,train
1997-11-13,0.014398603228215689,0.0007918492670728836,True,train
1997-11-14,0.013522856510131668,0.000798526637003018,True,train
1997-11-17,0.018300294444626813,0.0007826990359869369,True,train
1997-11-18,-0.006284128502140358,0.0007796489589582878,True,train
1997-11-19,0.004964431840796571,0.0007973509426158947,True,train
1997-11-20,0.015072369213380942,0.0007960537758472056,True,train
1997-11-21,0.006806054468999496,0.0007785947369527303,True,train
1997-11-24,-0.018253440309350347,0.0007989823804942882,True,train
1997-11-25,0.0026281224062694084,0.0008004010196445439,True,train
1997-11-26,0.002948405084297607,0.0008101284666033265,True,train
1997-11-28,0.0009808730555918924,0.0008151743986550674,True,train
1997-12-01,0.025489361895527005,0.0007866907460331212,True,train
1997-12-02,-0.006071276038425467,0.0008270380633498779,True,train
1997-12-03,0.0028804628653540877,0.0008270380633498779,True,train
1997-12-04,-0.0009592326874602331,0.0008109675175706644,True,train
1997-12-05,0.01271472945953545,0.0008375767875510856,True,train
1997-12-08,-0.0028467518829658556,0.0008424099208746887,True,train
1997-12-09,-0.006036555265013702,0.00082812243139043,True,train
1997-12-10,-0.008641436395340917,0.0008181520396685141,True,train
1997-12-11,-0.017183110408629455,0.0008244649924539493,True,train
1997-12-12,0.001960144371474376,0.0008422583024581282,True,train
1997-12-15,0.01006665425821465,0.0008187904358529273,True,train
1997-12-16,0.006120167275247227,0.0008172804703561005,True,train
1997-12-17,-0.005151331417129671,0.0008270079173148832,True,train
1997-12-18,-0.00973085848966716,0.0008362796207823965,True,train
1997-12-19,-0.011473654798565693,0.0008239578402862349,True,train
1997-12-22,0.00640869829627873,0.0008146861368187215,True,train
1997-12-23,-0.01801552732231669,0.0008039044678543796,True,train
1997-12-24,-0.0030065163786051315,0.0008069545448830297,True,train
1997-12-26,0.00400668315642926,0.0008701434765657871,True,train
1997-12-29,0.01946934950605925,0.0008386097469151909,True,train
1997-12-30,0.015564516541111548,0.0008288822999564082,True,train
1997-12-31,-0.0006437077789056425,0.0008253764794364897,True,train
1998-01-02,0.005138097366745083,0.0008366138918921,True,train
1998-01-05,0.00223964259350466,0.0008835512493627438,True,train
1998-01-06,-0.016108595744381785,0.0008553717218155047,True,train
1998-01-07,0.002594876577658877,0.0008707134333053217,True,train
1998-01-08,-0.008784829555732803,0.000878232226512874,True,train
1998-01-09,-0.035254731855101334,0.0009207604238559482,True,train
1998-01-12,0.018115221978405285,0.0009138099631276868,True,train
1998-01-13,0.013866184531726887,0.0008872006931472656,True,train
1998-01-14,0.00457966125902451,0.0008540355256182767,True,train
1998-01-15,-0.008357279285071986,0.0008731561484261394,True,train
1998-01-16,0.014214764304651137,0.0009078614274869497,True,train
1998-01-20,0.01609304123063264,0.0008662659797678673,True,train
1998-01-21,-0.009624713374209557,0.000898042654181596,True,train
1998-01-22,-0.008904778342959722,0.0008947496323898144,True,train
1998-01-23,-0.001464724812281556,0.0009116314554114529,True,train
1998-01-26,-0.0006516780940960768,0.0009112058579551774,True,train
1998-01-27,0.010053595300601457,0.000887859463731544,True,train
1998-01-28,0.008994599670092989,0.0008925711246735796,True,train
1998-01-29,0.005421796091255811,0.0008511884756826349,True,train
1998-01-30,0.0006359300691260725,0.0008706132235652064,True,train
1998-02-02,0.016393809775676352,0.0008739975717035591,True,train
1998-02-03,0.007476670343020137,0.000812690336766452,True,train
1998-02-04,-0.0012422361845911684,0.0008125688643848862,True,train
1998-02-05,-0.0006216972534715043,0.0008441025940354816,True,train
1998-02-06,0.011131840368844199,0.000827940721909697,True,train
1998-02-09,-0.003388267526153841,0.0008122345932751827,True,train
1998-02-10,0.009519494581090304,0.0007850481074219255,True,train
1998-02-11,-0.0009172909984270547,0.0008075530783681409,True,train
1998-02-12,0.004273510777382085,0.0007258207397503567,True,train
1998-02-13,-0.005804201417595045,0.0007099931387342757,True,train
1998-02-17,0.00488998529419177,0.000737179624587532,True,train
1998-02-18,0.009104766992919067,0.0007248578440913703,True,train
1998-02-19,-0.005301034753672518,0.0007548816082451398,True,train
1998-02-20,0.007413605329616357,0.0007580531576553548,True,train
1998-02-23,0.003911544027437039,0.0007642747840942189,True,train
1998-02-24,-0.007838448333620783,0.0007627648185973921,True,train
1998-02-25,0.012332837921460187,0.0007738195783598585,True,train
1998-02-26,0.005664048530509835,0.0007328926728601848,True,train
1998-02-27,0.0,0.0007282111579531413,True,train
1998-03-02,-0.0020830241128037092,0.0006915100238692401,True,train
1998-03-03,0.005643858735812862,0.0007256963525627408,True,train
1998-03-04,-0.006537913332693571,0.0007223120044243889,True,train
1998-03-05,-0.009285674028559922,0.0007271149917129965,True,train
1998-03-06,0.019961932019901582,0.0007282906861001207,True,train
1998-03-09,-0.003546103006750589,0.0007572300822133362,True,train
1998-03-10,0.009428472909817198,0.0007212276363838359,True,train
1998-03-11,0.004681108606502695,0.000749711289005783,True,train
1998-03-12,0.00407807148337888,0.0007021070135759741,True,train
1998-03-13,-0.0037862284928352552,0.0007043156673272027,True,train
1998-03-16,0.01073874780771698,0.000710415821384501,True,train
1998-03-17,0.0028826771187245117,0.0007089971822342462,True,train
1998-03-18,0.0037350998746009767,0.000678760619352339,True,train
1998-03-19,0.002577690099774945,0.0006947096927499867,True,train
1998-03-20,0.005704522029641574,0.000669154644775123,True,train
1998-03-23,-0.002277905312993954,0.0006788820917339056,True,train
1998-03-24,0.008515521227657032,0.0006788820917339056,True,train
1998-03-25,-0.003681159473361554,0.000710415821384501,True,train
1998-03-26,-0.0005675369051313477,0.0006914468169931989,True,train
1998-03-27,-0.004266824849163928,0.0007105674398010624,True,train
1998-03-30,-0.0005702880108938284,0.0006771593275089411,True,train
1998-03-31,0.0034168598163235838,0.0006992085549638854,True,train
1998-04-01,0.008068555344637999,0.000684890919444632,True,train
1998-04-02,0.010797272391579255,0.0005204104561622449,True,train
1998-04-03,0.005008357714372579,0.00051289166295469,True,train
1998-04-06,-0.008081415028719908,0.0005256390409071271,True,train
1998-04-07,-0.006737813249911853,0.0005270576800573837,True,train
1998-04-08,-0.005649732542119021,0.0005331578341146812,True,train
1998-04-09,0.007900718298437965,0.0005042184380014648,True,train
1998-04-13,-0.0028145247963102947,0.0005377480226751519,True,train
1998-04-14,0.008419920639194396,0.000513976030995243,True,train
1998-04-15,0.002790959110022217,0.0005077544045563789,True,train
1998-04-16,-0.01177473654453353,0.0005015327781175138,True,train
1998-04-17,0.013167300479365467,0.0005269663537108126,True,train
1998-04-20,-0.00027835769142848024,0.0005191132893935541,True,train
1998-04-21,0.004721575220698263,0.0005394096065885401,True,train
1998-04-22,0.0027670189209538674,0.0005377781687101475,True,train
1998-04-23,-0.00971824946892134,0.0005122231207352838,True,train
1998-04-24,-0.010659287460667922,0.0005201976574341072,True,train
1998-04-27,-0.019075311482211182,0.0005140975033768088,True,train
1998-04-28,-0.001438228350891797,0.0005135504335389675,True,train
1998-04-29,0.006884708777497233,0.0005420340861609137,True,train
1998-04-30,0.018411510027288715,0.0005293780345550485,True,train
1998-05-01,0.011163945142257175,0.0005584087570148361,True,train
1998-05-04,-0.002501043404588837,0.0006219841202023055,True,train
1998-05-05,-0.006980343853344012,0.0006219841202023055,True,train
1998-05-06,-0.011837793254108305,0.0006154282226537378,True,train
1998-05-07,-0.007970437868363944,0.0006455433131540775,True,train
1998-05-08,0.01615910426610719,0.0006327657891666456,True,train
1998-05-11,-0.0033802849088236404,0.0006568108716446825,True,train
1998-05-12,0.010665270895685528,0.0006547236902750197,True,train
1998-05-13,0.002509411605425707,0.0006566893992631167,True,train
1998-05-14,-0.005025136202673043,0.0005745013171540633,True,train
1998-05-15,-0.0056132620023826895,0.000565016814958413,True,train
1998-05-18,-0.003948115675563679,0.0006319545119242206,True,train
1998-05-19,0.006758685260372696,0.0006511664610786543,True,train
1998-05-20,0.009497278089787835,0.0006414390141198717,True,train
1998-05-21,-0.006414747976250614,0.0006449448346397902,True,train
1998-05-22,-0.003924871873297245,0.0006228042808382739,True,train
1998-05-26,-0.016140800648589304,0.0006325317277970565,True,train
1998-05-27,0.0014263302945868824,0.000620209947300894,True,train
1998-05-28,0.004550633563996509,0.0006483291827781429,True,train
1998-05-29,-0.009981545869296032,0.0006485721275412753,True,train
1998-06-01,0.004575358281916392,0.0006738842307530066,True,train
1998-06-02,0.0008555540233832333,0.0007397273451752416,True,train
1998-06-03,-0.01609230128875513,0.0007538020359313625,True,train
1998-06-04,0.018370206601749033,0.0007539235083129292,True,train
1998-06-05,0.019155515289753393,0.0007492419934058865,True,train
1998-06-08,-0.0011166947000750686,0.0007589694403646692,True,train
1998-06-09,0.0030679148313368324,0.0007589694403646692,True,train
1998-06-10,-0.006425500526182898,0.000759090912746235,True,train
1998-06-11,-0.01895657274523436,0.0007484005701284668,True,train
1998-06-12,0.009381731924976086,0.0007672481021382023,True,train
1998-06-15,-0.026668247082161294,0.0007671266297566365,True,train
1998-06-16,0.015285084896521408,0.0007390987206259605,True,train
1998-06-17,0.020677694664889574,0.0007438103815679961,True,train
1998-06-18,-0.004495652415803588,0.0007575508012144143,True,train
1998-06-19,-0.008200243886936458,0.000748279097746901,True,train
1998-06-22,0.00481519128931199,0.0007086493590159155,True,train
1998-06-23,0.01179788965296937,0.000718376805974699,True,train
1998-06-24,0.013315037214637615,0.0007005533499355263,True,train
1998-06-25,-0.001654716317993085,0.0006908259029767428,True,train
1998-06-26,0.004131668182990315,0.0006594136457077132,True,train
1998-06-29,0.003567022577569266,0.0006878972983296611,True,train
1998-06-30,-0.006870990340840507,0.0007037248993457413,True,train
1998-07-01,0.01151644206155908,0.0006975032729068771,True,train
1998-07-02,0.001906578270581669,0.0006958325127496123,True,train
1998-07-06,0.010017682259154188,0.0007054384873268283,True,train
1998-07-07,-0.0018875561759039157,0.0006913637965707065,True,train
1998-07-08,0.007261024237047273,0.0007054384873268283,True,train
1998-07-09,-0.006721358816502127,0.0006957110403680447,True,train
1998-07-10,0.00538069632852611,0.0006974639506280049,True,train
1998-07-13,0.00026827632622347425,0.0007162201562911684,True,train
1998-07-14,0.011203104636574677,0.0006920837474665596,True,train
1998-07-15,-0.0018584898486191698,0.0006855278499179919,True,train
1998-07-16,0.006885620425163615,0.0006824777728893427,True,train
1998-07-17,0.0013187394763587432,0.0007013554509340729,True,train
1998-07-20,0.0,0.0007044055279627221,True,train
1998-07-21,-0.01754897468947768,0.0006697002489019109,True,train
1998-07-22,0.0,0.000673327541803396,True,train
1998-07-23,-0.020049438867529763,0.00066067149019753,True,train
1998-07-24,-0.0008213552823152149,0.000673327541803396,True,train
1998-07-27,0.007096099645635229,0.0006448438891814489,True,train
1998-07-28,-0.017005346708406963,0.0006509440432387473,True,train
1998-07-29,-0.0038802709439898116,0.0007141329749215056,True,train
1998-07-30,0.014884508535003617,0.000645563840077302,True,train
1998-07-31,-0.021571632924861167,0.0006394636860200045,True,train
1998-08-03,-0.004202275409410787,0.0006394636860200045,True,train
1998-08-04,-0.0395127265879742,0.0007009897875477648,True,train
1998-08-05,0.013633278600153502,0.0006898437014387264,True,train
1998-08-06,0.004312210218179906,0.000721255958707756,True,train
1998-08-07,0.001719690879526679,0.0007243060357364052,True,train
1998-08-10,-0.005743841179252015,0.0007385935252206639,True,train
1998-08-11,-0.015090245723589971,0.0007544211262367449,True,train
1998-08-12,0.01681686485757741,0.0007402249630990574,True,train
1998-08-13,-0.012149411810082316,0.0007287446058803146,True,train
1998-08-14,-0.011709735672908094,0.0007272346403834878,True,train
1998-08-17,0.020979790469194466,0.000725816001233232,True,train
1998-08-18,0.018286223823418147,0.000725816001233232,True,train
1998-08-19,-0.002551383382612958,0.0007259374736147978,True,train
1998-08-20,-0.0059786654954404285,0.0007319161552905296,True,train
1998-08-21,-0.008027566044746906,0.0007354219758104481,True,train
1998-08-24,0.006312789974375906,0.0006954278199347644,True,train
1998-08-25,0.0022857152808560825,0.0006873318108543743,True,train
1998-08-26,-0.005724114083888629,0.000601273491080705,True,train
1998-08-27,-0.04821627606185916,0.0006386644300254655,True,train
1998-08-28,-0.0036210057669522934,0.0005270209162419343,True,train
1998-08-31,-0.07401496187601914,0.0005315809587674112,True,train
1998-09-01,0.04144679928909714,0.0005478643032747615,True,train
1998-09-02,-0.007208932645857341,0.0005572011571391396,True,train
1998-09-03,-0.00789519338781899,0.0005578085190469711,True,train
1998-09-04,-0.008277665857781962,0.0005246132054829867,True,train
1998-09-08,0.05231578936416055,0.0005343406524417711,True,train
1998-09-09,-0.024571260730505317,0.000514885758524204,True,train
1998-09-10,-0.020101179321087265,0.0005305617411237246,True,train
1998-09-11,0.03184783680121328,0.0004920474047098722,True,train
1998-09-14,0.017063180592125384,0.0004586694384527464,True,train
1998-09-15,0.006024114603380876,0.00042057981125358246,True,train
1998-09-16,0.008968669982760316,0.0004474320259971361,True,train
1998-09-17,-0.028987536873252298,0.00040007069533045964,True,train
1998-09-18,0.0009186955170725863,0.00035104778075039506,True,train
1998-09-21,-0.0006123698905386831,0.0002890043974197653,True,train
1998-09-22,0.00823552008642897,0.0002574706677691699,True,train
1998-09-23,0.039314175464672266,0.0002844443548942902,True,train
1998-09-24,-0.024838651290886637,0.0003438543752590029,True,train
1998-09-25,-0.0011983224921087556,0.00034817147302134473,True,train
1998-09-28,0.008952611272113884,0.0002593060209821578,True,train
1998-09-29,-0.002379537113265209,0.00023387244538885903,True,train
1998-09-30,-0.030846110515055248,0.00019928863870961443,True,train
1998-10-01,-0.029294709353013537,0.0001975969087612316,True,train
1998-10-02,0.01910786404602052,-0.00016409410670426266,True,train
1998-10-05,-0.020373686999850447,-0.00014463921278669647,True,train
1998-10-06,-0.0009504198402738877,-0.0002032982479789735,True,train
1998-10-07,-0.015009063487775448,-0.00018768344569102934,True,train
1998-10-08,-0.0054847693554217584,-0.0001217787080893271,True,train
1998-10-09,0.019859717412944525,-7.730345678682964e-05,True,train
1998-10-13,-0.0034445000394123736,3.106829784636951e-05,True,train
1998-10-14,0.009366287642222854,4.043132766045352e-05,True,train
1998-10-15,0.052364814573310145,-5.549717409501732e-05,True,train
1998-10-16,0.00029485478615513014,-0.00013309506764360097,True,train
1998-10-19,0.0035314927814711593,-7.876112536562424e-05,True,train
1998-10-20,0.00585824756836807,-6.269057958641164e-05,True,train
1998-10-21,-0.00351082865006297,-4.390422788825253e-05,True,train
1998-10-22,0.014836635790852162,-0.00010941440231026231,True,train
1998-10-23,-0.012787154763120692,-0.0001572314764682085,True,train
1998-10-26,0.007285475908320135,-0.00010035549757088673,True,train
1998-10-27,-0.005824128285988651,-2.532179152468783e-05,True,train
1998-10-28,-0.0017538735860965701,-2.054895027107451e-05,True,train
1998-10-29,0.0239930572791295,-7.203093804350035e-06,True,train
1998-10-30,0.005412347637477018,-5.598306362128219e-05,True,train
1998-11-02,0.016901810802603254,-6.860896919215313e-05,True,train
1998-11-03,-0.007289070680149367,-0.0003443238254299654,True,train
1998-11-04,0.010635420707493659,-0.000320643160096628,True,train
1998-11-05,0.013549218753343204,-0.0004467479326640163,True,train
1998-11-06,0.0030165935394257273,-0.0004939877909491248,True,train
1998-11-09,-0.00714485040006272,-0.00046523104752905185,True,train
1998-11-10,-0.0027616698027292906,-0.0003625551121383269,True,train
1998-11-12,-0.0011142062434034647,-0.00043115439301752347,True,train
1998-11-13,0.00970746771639047,-0.00044535055615521017,True,train
1998-11-16,0.0074247556814599274,-0.0004339615252830398,True,train
1998-11-17,0.0,-0.0004405174228316075,True,train
1998-11-18,0.006009305163843936,-0.0004117908254465297,True,train
1998-11-19,0.008676844025688815,-0.0004699338250775454,True,train
1998-11-20,0.0075309662011644315,-0.0004423829220795896,True,train
1998-11-23,0.023306139633386482,-0.0004515331531655363,True,train
1998-11-24,-0.006302541870802411,-0.0004218738061564668,True,train
1998-11-25,0.0,-0.0004011217454702111,True,train
1998-11-27,0.007349114441473331,-0.00042292802816202386,True,train
1998-11-30,-0.028649174237562802,-0.0003976159249502935,True,train
1998-12-01,0.012834400771541188,-0.0003689194736002082,True,train
1998-12-02,-0.002926701570249384,-0.0005102260351157887,True,train
1998-12-03,-0.01665809610502228,-0.000548467280731514,True,train
1998-12-04,0.025940751275970203,-0.0005898499297224595,True,train
1998-12-07,0.004740593550125962,-0.0006561802647804364,True,train
1998-12-08,-0.00447663683749395,-0.000608211572205928,True,train
1998-12-09,0.0018457487112175913,-0.0006495028948503016,True,train
1998-12-10,-0.014728588417358838,-0.0006430684696833002,True,train
1998-12-11,0.0020030720458533045,-0.0006669920797797713,True,train
1998-12-14,-0.029238682727526492,-0.0006592303418090847,True,train
1998-12-15,0.02549636347088149,-0.0006497458396134341,True,train
1998-12-16,-0.0013399439228471497,-0.0006640333290976932,True,train
1998-12-17,0.01583006119260726,-0.000646817234966352,True,train
1998-12-18,0.000923422003484376,-0.0006625233636008664,True,train
1998-12-21,0.013880018564831963,-0.0007244151285149348,True,train
1998-12-22,0.004411581048715393,-0.0007158332299082794,True,train
1998-12-23,0.020756670889167522,-0.0006955369127132948,True,train
1998-12-24,-0.0043207590412208,-0.0006952638219151668,True,train
1998-12-28,-0.002550371186005386,-0.0007065012343707776,True,train
1998-12-29,0.015708455763516517,-0.0007299691009759776,True,train
1998-12-30,-0.008076772831356825,-0.0007003399000019023,True,train
1998-12-31,0.0,-0.0007383382008544939,True,train
1999-01-04,-0.0022833956388231456,-0.000684299500257684,True,train
1999-01-05,0.011365193680404046,-0.000809439182423734,True,train
1999-01-06,0.023822466510258943,-0.000841307183184033,True,train
1999-01-07,-0.004916430748640444,-0.0008030960836033041,True,train
1999-01-08,0.0073656114977803016,-0.0007731937918311017,True,train
1999-01-11,-0.00958591585137919,-0.0007319024691867272,True,train
1999-01-12,-0.018193648255696474,-0.0007049287820616087,True,train
1999-01-13,-0.007067167223092443,-0.0007460986323244152,True,train
1999-01-14,-0.01763173311340507,-0.0007410828463076703,True,train
1999-01-15,0.025704430838516316,-0.0007285784131183647,True,train
1999-01-19,0.006511417947280235,-0.0008028832848751655,True,train
1999-01-20,0.007956282647019298,-0.0007708636656983056,True,train
1999-01-21,-0.0268556734509225,-0.0007486929658617942,True,train
1999-01-22,-0.0022921186655687612,-0.0007945443310316443,True,train
1999-01-25,0.010147220502204589,-0.000806987583909373,True,train
1999-01-26,0.018009491255660908,-0.0007850598288359936,True,train
1999-01-27,-0.01171937113280204,-0.0007975944080602934,True,train
1999-01-28,0.016664979630590368,-0.00076630362317283,True,train
1999-01-29,0.007617680282157977,-0.0007516517165438719,True,train
1999-02-01,-0.005892479607805515,-0.0007419242695850892,True,train
1999-02-02,-0.0061751462127982324,-0.0005997620996007276,True,train
1999-02-03,0.010107321345753902,-0.000626827113072419,True,train
1999-02-04,-0.015075041447688332,-0.0005792228376426101,True,train
1999-02-05,-0.011520287690329017,-0.00058741017306957,True,train
1999-02-08,0.0020130857326815187,-0.0005573864089158023,True,train
1999-02-09,-0.022627125258170254,-0.0005573864089158023,True,train
1999-02-10,0.006407813800274257,-0.0005586835756844922,True,train
1999-02-11,0.022733992479089596,-0.0005588050480660571,True,train
1999-02-12,-0.012060447692508509,-0.0005476589619570192,True,train
1999-02-16,-0.006085211475545563,-0.00042828385623779833,True,train
1999-02-17,-0.0010178117927007147,-0.0004914727879205549,True,train
1999-02-18,0.007861077631774193,-0.0005136434877570668,True,train
1999-02-19,0.004284820670333975,-0.0005012002348793389,True,train
1999-02-22,0.02631077559332543,-0.0004949786084404743,True,train
1999-02-23,-0.0004900759715826847,-0.00047576665928604055,True,train
1999-02-24,-0.017804624633506707,-0.00048676112697851933,True,train
1999-02-25,-0.009526269083464602,-0.0004760707843607503,True,train
1999-02-26,-0.00403836995067387,-0.0004480127291950787,True,train
1999-03-01,0.002778130338386173,-0.000441456831646511,True,train
1999-03-02,-0.008866429205641468,-0.000441947454273295,True,train
1999-03-03,0.005329285548083833,-0.0004670467587568894,True,train
1999-03-04,0.01257561844584438,-0.000475477038946983,True,train
1999-03-05,0.019920238034175624,-0.0004644524252195104,True,train
1999-03-08,0.006471724157038135,-0.00045146210250393993,True,train
1999-03-09,-0.0024372422496037553,-0.0004893389309749661,True,train
1999-03-10,0.008746411442868453,-0.000508246755054691,True,train
1999-03-11,0.011065785277088458,-0.0005050752056444765,True,train
1999-03-12,-0.00961545869944198,-0.0005098781929330841,True,train
1999-03-15,0.01415061386483314,-0.0005114183044649069,True,train
1999-03-16,-0.003817709241994861,-0.0004938377931888657,True,train
1999-03-17,-0.004312416841255314,-0.0005158870206438109,True,train
1999-03-18,0.015958418937192343,-0.0005381490468268938,True,train
1999-03-19,-0.019566360313391346,-0.0005571481972531898,True,train
1999-03-22,0.0019258551932142657,-0.0005397804847052873,True,train
1999-03-23,-0.029284669545175373,-0.0005462149098722875,True,train
1999-03-24,0.005679728813514965,-0.000522777189302083,True,train
1999-03-25,0.020232256253021205,-0.0004926620988017433,True,train
1999-03-26,-0.0072657137264165225,-0.0004990965239687435,True,train
1999-03-29,0.01997419312068833,-0.0004883148550044042,True,train
1999-03-30,-0.005255626048634994,-0.0004394134128059054,True,train
1999-03-31,-0.016178066236506965,-0.00045983120238245623,True,train
1999-04-01,0.007517920700283629,-0.0004505594989149442,True,train
1999-04-05,0.0234012588778268,-0.0005027018507799044,True,train
1999-04-06,-0.0023629500597692936,-0.00048478706839416054,True,train
1999-04-07,0.008011352933122183,-0.0005081334626177957,True,train
1999-04-08,0.012593450017616265,-0.0004923058616017146,True,train
1999-04-09,0.00023172286049690812,-0.0005219953546457801,True,train
1999-04-12,0.010601620383549101,-0.0005060462812481329,True,train
1999-04-13,-0.006439764665270004,-0.0005294840018183382,True,train
1999-04-14,-0.01698702859639228,-0.0004807040320014065,True,train
1999-04-15,-0.0037620547544643486,-0.00048550701929001494,True,train
1999-04-16,-0.00851672997487703,-0.00043485266683155645,True,train
1999-04-19,-0.015563584831251686,-0.00045886760327459863,True,train
1999-04-20,0.012470185576868726,-0.0004761138434409354,True,train
1999-04-21,0.028197356861837563,-0.00045080174022920326,True,train
1999-04-22,0.009454699739416919,-0.00047916392046958457,True,train
1999-04-23,-0.002527865301067165,-0.00047632664216907313,True,train
1999-04-26,0.005735934046939594,-0.0004526459768357349,True,train
1999-04-27,0.004792888326051989,-0.0004745737319091139,True,train
1999-04-28,-0.013755375068485344,-0.0004648462849503308,True,train
1999-04-29,-0.007646891624599672,-0.0003955571992102754,True,train
1999-04-30,-0.008174750650601031,-0.00036861365812015066,True,train
1999-05-03,0.0181273845925567,-0.0004024473678685466,True,train
1999-05-04,-0.014382061862394713,-0.00040303821827994586,True,train
1999-05-05,0.007912538373259198,-0.00043502769142181145,True,train
1999-05-06,-0.006161735474906313,-0.00041756865252733696,True,train
1999-05-07,0.0075515897639605424,-0.00040838827540639645,True,train
1999-05-10,-0.004989277623657191,-0.0004022881213490981,True,train
1999-05-11,0.010068946823738392,-0.0003197657681303411,True,train
1999-05-12,0.007799993663579916,-0.0003231501162686938,True,train
1999-05-13,0.004332466017460264,-0.0004369934004099093,True,train
1999-05-14,-0.026280903974331294,-0.00042530024446302793,True,train
1999-05-17,0.0030320722937802955,-0.00040038359267257663,True,train
1999-05-18,-0.0018648024052040195,-0.000357703776912942,True,train
1999-05-19,0.007206819521955178,-0.00043213012105131066,True,train
1999-05-20,-0.0060409105639527534,-0.0004870102449255412,True,train
1999-05-21,-0.005608801803524702,-0.0005607467842030497,True,train
1999-05-24,-0.016779313671812165,-0.0005714371268208183,True,train
1999-05-25,-0.016338662354789105,-0.0006129412481933301,True,train
1999-05-26,0.011081780475747306,-0.0006316974538564928,True,train
1999-05-27,-0.014479017424243576,-0.0005986236126740759,True,train
1999-05-28,0.01268056360935897,-0.000591916096708946,True,train
1999-06-01,-0.0034862089765368993,-0.0005651853543469599,True,train
1999-06-02,0.0009629273733933429,-0.0004976847457843275,True,train
1999-06-03,0.005518910228797387,-0.0004738826080694222,True,train
1999-06-04,0.01990115431729502,-0.0004915845917270291,True,train
1999-06-07,0.00257701911388255,-0.0005011905663042451,True,train
1999-06-08,-0.009875462340957673,-0.0005170181673203262,True,train
1999-06-09,-0.0009456265480070661,-0.0005187710775802863,True,train
1999-06-10,-0.00926702604309334,-0.0004996504547724245,True,train
1999-06-11,-0.008390316510977292,-0.0005108878672280331,True,train
1999-06-14,0.0009624639819005275,-0.0004862443062357089,True,train
1999-06-15,0.006711434587986778,-0.000479809881068707,True,train
1999-06-16,0.018930996025350855,-0.0004925874050561389,True,train
1999-06-17,0.009332778893012398,-0.0004910774395593129,True,train
1999-06-18,-0.001859600721852549,-0.0004937019191316866,True,train
1999-06-21,0.0023239610738233847,-0.0005078679362343795,True,train
1999-06-22,-0.0069881486339282515,-0.0005239083359785974,True,train
1999-06-23,-0.004920923814198573,-0.0005352672208157744,True,train
1999-06-24,-0.007545426036878115,-0.0005306770322553037,True,train
1999-06-25,-0.002488300353737399,-0.0005546919686983459,True,train
1999-06-28,0.01214565959375895,-0.0005864686431120737,True,train
1999-06-29,0.009332778893012398,-0.0005655037836976799,True,train
1999-06-30,0.017952150703543095,-0.0005618764907961947,True,train
1999-07-01,0.007499182968675056,-0.0005573465943057142,True,train
1999-07-02,0.009912223531738241,-0.0003244229178432697,True,train
1999-07-06,-0.0002241901141550571,-0.00034635067291664823,True,train
1999-07-07,0.0013443873859934597,-0.0003496135486734343,True,train
1999-07-08,0.0007833921278040774,-0.00028630314460911105,True,train
1999-07-09,0.005911567045619766,-0.00030672093418566276,True,train
1999-07-12,-0.004458322141711164,-0.0003254771398488272,True,train
1999-07-13,-0.003581024417706139,-0.00030593091958468904,True,train
1999-07-14,0.005589729478786812,-0.0003170770056937283,True,train
1999-07-15,0.006334410245313041,-0.00033441457220663526,True,train
1999-07-16,0.005413480601577346,-0.00035036364560428294,True,train
1999-07-19,-0.006632790180120135,-0.0003645598087419705,True,train
1999-07-20,-0.020732518250809982,-0.0003648027535051038,True,train
1999-07-21,-0.00113301621003528,-0.00034429363758197926,True,train
1999-07-22,-0.013237669056477469,-0.0004208373091250054,True,train
1999-07-23,-0.00195481002857269,-0.0003625426910774275,True,train
1999-07-26,-0.007393749024938265,-0.00039136061480907897,True,train
1999-07-27,0.00831413565226696,-0.0003832646057286889,True,train
1999-07-28,0.0032146985204743912,-0.0003689771162444285,True,train
1999-07-29,-0.014083113977838048,-0.00036909858862599603,True,train
1999-07-30,-0.012399269861961574,-0.00043612761193837554,True,train
1999-08-02,0.0023512825316499876,-0.00041900284415360544,True,train
1999-08-03,-0.004708106625180368,-0.00040430722573859233,True,train
1999-08-04,-0.013780213309442327,-0.00039515699465264564,True,train
1999-08-05,0.009049835519917856,-0.00034592128134444244,True,train
1999-08-06,-0.010965544918056793,-0.0003379768906806137,True,train
1999-08-09,-0.00215956892568766,-0.00040521871272113184,True,train
1999-08-10,-0.011111225425070722,-0.0003863108886414078,True,train
1999-08-11,0.012071609652548809,-0.0003643831335680284,True,train
1999-08-12,-0.0006001320470582491,-0.00047659497983085046,True,train
1999-08-13,0.022907654124516834,-0.00049592840136685,True,train
1999-08-16,0.004449135075930484,-0.0005225678173822659,True,train
1999-08-17,0.006520749700436785,-0.0004900924547141363,True,train
1999-08-18,-0.007221930049370595,-0.0005009042697134702,True,train
1999-08-19,-0.008216973102280823,-0.00048824821810760505,True,train
1999-08-20,0.010085695907252333,-0.00046937054006287483,True,train
1999-08-23,0.01895572245368079,-0.00046761762980291645,True,train
1999-08-24,0.0036571469332481294,-0.00044686556911666033,True,train
1999-08-25,0.01021459340971842,-0.0005023229088637268,True,train
1999-08-26,-0.012041495036812637,-0.00047024210937529013,True,train
1999-08-27,-0.01218826172488355,-0.00048770114826976463,True,train
1999-08-30,-0.018683401942203578,-0.000489545384876295,True,train
1999-08-31,-0.00377893694862573,-0.0005090916051404331,True,train
1999-09-01,0.012229691466348896,-0.0004999413740544856,True,train
1999-09-02,-0.01187480886961553,-0.00038966421856791167,True,train
1999-09-03,0.02879490194794464,-0.00039024143444074677,True,train
1999-09-07,-0.003684093506037879,-0.0004055219656189865,True,train
1999-09-08,-0.004856062265540501,-0.0004009317770585167,True,train
1999-09-09,-0.0004637143602686409,-0.0004041033264687308,True,train
1999-09-10,0.00831413565226696,-0.0004105377516357327,True,train
1999-09-13,-0.006807849520759792,-0.00039274444163155467,True,train
1999-09-14,-0.006621386798277556,-0.00039930033918012236,True,train
1999-09-15,-0.01597778351379671,-0.00040081030467695004,True,train
1999-09-16,0.0039004836401942576,-0.0003754982014652179,True,train
1999-09-17,0.009743576527382173,-0.000369063776298216,True,train
1999-09-20,-0.0014028526967495636,-0.00040376905535902726,True,train
1999-09-21,-0.02128243013433407,-0.000422981004513461,True,train
1999-09-22,-0.0010761046055480057,-0.0004010532494400816,True,train
1999-09-23,-0.021157774067693747,-0.0004199309274848118,True,train
1999-09-24,-0.000977995187976737,-0.00046765667529618735,True,train
1999-09-27,0.0065829812276298584,-0.0005436532770013713,True,train
1999-09-28,-0.0019459991546115559,-0.0005358915390306848,True,train
1999-09-29,-0.012002593570798557,-0.0005028176978482688,True,train
1999-09-30,0.015162921957812076,-0.00045086617862111905,True,train
1999-10-01,-0.0021868554456936505,-0.0004201738722479434,True,train
1999-10-04,0.01760141884688034,-0.000458642187100366,True,train
1999-10-05,-0.000956480225956823,-0.00047588842726670275,True,train
1999-10-06,0.015194974215071703,-0.0005045848786167876,True,train
1999-10-07,-0.00567109270381628,-0.0004837113455489657,True,train
1999-10-08,0.015052024537581834,-0.000488514332837575,True,train
1999-10-12,-0.015551680064980904,-0.0005014133292065709,True,train
1999-10-13,-0.026225489529601884,-0.000533524274730004,True,train
1999-10-14,-0.00024381324026665637,-0.0005703167351604772,True,train
1999-10-15,-0.025936985623615107,-0.0005658480189815731,True,train
1999-10-18,0.007231050084219693,-0.000565756692635002,True,train
1999-10-19,0.009642799405654132,-0.0005801656545008273,True,train
1999-10-20,0.009794397592287625,-0.0005401714986251437,True,train
1999-10-21,0.005830920310793144,-0.0005400500262435779,True,train
1999-10-22,0.008442940033576846,-0.0005674794568599657,True,train
1999-10-25,-0.005057205239445936,-0.0005624335248082257,True,train
1999-10-26,-0.012633792918682094,-0.0005750895764140918,True,train
1999-10-27,0.017931180698012035,-0.0005876241556383912,True,train
1999-10-28,0.033533248189448805,-0.0005656050742184407,True,train
1999-10-29,0.017952150703543095,-0.0005319841631981808,True,train
1999-11-01,-0.010548137241031796,-0.0005252154669214771,True,train
1999-11-02,-0.007171806332709083,-0.0003515448192250841,True,train
1999-11-03,0.00671065806537151,-0.0003291613206604354,True,train
1999-11-04,0.00758188583195368,-0.00033538294709929955,True,train
1999-11-05,0.009793951421957176,-0.0003271956116723384,True,train
1999-11-08,0.0009062075835380904,-0.000307862190136338,True,train
1999-11-09,-0.009442081410612028,-0.00028886303971004286,True,train
1999-11-10,0.007401958295667739,-0.00019132436271762903,True,train
1999-11-12,0.008984786407815257,-0.00017525381693841557,True,train
1999-11-15,0.002345190644352919,-0.00017304516318718613,True,train
1999-11-16,0.00833106734698888,-0.0001267380545260672,True,train
1999-11-17,0.00265134932162,-0.00010081858940650442,True,train
1999-11-18,0.007036088834069241,-0.0001187333717922491,True,train
1999-11-19,-0.0008768084735345369,-0.0001126332177349516,True,train
1999-11-22,-0.00021932229499038318,-9.97342213659531e-05,True,train
1999-11-23,-0.00881257080216178,-0.0001299707842478577,True,train
1999-11-24,0.005296856348123535,-0.00013009225662942436,True,train
1999-11-26,-0.003749039565920624,-0.00013289938889494111,True,train
1999-11-29,-0.0035413936967586632,-0.0001266777624560761,True,train
1999-11-30,-0.01182125955016818,-0.00011293734280965959,True,train
1999-12-01,0.008044736123604032,-9.85283809438334e-05,True,train
1999-12-02,0.005991363756116905,-0.0002176476103091518,True,train
1999-12-03,0.018196270990964523,-0.00019864845988285494,True,train
1999-12-06,-0.0074139022539699544,-0.0001778050728500286,True,train
1999-12-07,-0.008131019415374556,-0.00017300208556142102,True,train
1999-12-08,-0.006419501846325296,-0.0001774708017403242,True,train
1999-12-09,0.004873735832454837,-0.0001632746386026375,True,train
1999-12-10,0.0033094349013672304,-0.0001506185869967723,True,train
1999-12-13,0.001760563835032959,-0.0001453598562168928,True,train
1999-12-14,-0.009721685050900373,-0.000159768818082719,True,train
1999-12-15,0.005314450063492446,-0.0001998241542699791,True,train
1999-12-16,0.004407234987407827,-0.00020145559214837256,True,train
1999-12-17,0.003949972219314069,-0.00022242045156276556,True,train
1999-12-20,-0.007253576148891553,-0.00022547052859141475,True,train
1999-12-21,0.015107019654461915,-0.00022873340434819995,True,train
1999-12-22,0.0026041681383877297,-0.00023541077427833516,True,train
1999-12-23,0.01580423154496726,-0.00021758731823916157,True,train
1999-12-27,-0.0013876289785956608,-0.00019870964019443136,True,train
1999-12-28,-0.0006410941559462215,-0.00015264547629644486,True,train
1999-12-29,0.004266218074733759,-0.0001464238498575807,True,train
1999-12-30,-0.0011713967581942156,-0.0001270904283215803,True,train
1999-12-31,0.001597019237486101,-0.00011443437671571511,True,train
2000-01-03,-0.009835443835912939,5.153527731643036e-06,True,train
2000-01-04,-0.03989132902730197,9.870893254462776e-05,True,train
2000-01-05,0.0017873105740956587,9.575018186255054e-05,True,train
2000-01-06,-0.016201974576280486,0.0001364642886340882,True,train
2000-01-07,0.056452377197577966,0.000144773096442616,True,train
2000-01-10,0.0034246608813641747,0.0001226023966061033,True,train
2000-01-11,-0.01203797855947898,8.28813315285476e-05,True,train
2000-01-12,-0.00999790983970135,7.118817558166707e-05,True,train
2000-01-13,0.01345214470778904,6.780382744331435e-05,True,train
2000-01-14,0.01348623672474701,2.158804512876651e-05,True,train
2000-01-18,-0.007898429363672747,3.403129800649482e-05,True,train
2000-01-19,0.008111036997087498,4.155009121404891e-05,True,train
2000-01-20,-0.015424470325631639,6.885804944887185e-05,True,train
2000-01-21,-0.00216122841850518,0.00011470941461872147,True,train
2000-01-24,-0.028752117746588018,0.00016089505089827462,True,train
2000-01-25,0.011292049577765704,0.00011854950624834437,True,train
2000-01-26,-0.007957601673314088,0.0001648566149094633,True,train
2000-01-27,-0.004002673789657556,0.0002050635695132856,True,train
2000-01-28,-0.031691198961432236,0.0002060052025308198,True,train
2000-01-31,0.026777184159003063,8.104597831555971e-05,True,train
2000-02-01,0.009804000096620835,-3.86332524783704e-05,True,train
2000-02-02,0.000886524880757052,0.00024284954551021323,True,train
2000-02-03,0.01495190563595991,0.0002515227704634384,True,train
2000-02-04,-0.0041552820860383186,0.000247388325394237,True,train
2000-02-07,-0.0015352563603297706,0.00025572727923775865,True,train
2000-02-08,0.013516665347367824,0.00017334766104201964,True,train
2000-02-09,-0.021228502619835478,0.00023968687949353987,True,train
2000-02-10,0.0019887311824744805,8.998388454584203e-05,True,train
2000-02-11,-0.020518114984540446,0.00011368581252063116,True,train
2000-02-14,0.005841400568607633,0.00010441410905311782,True,train
2000-02-15,0.011249213686387004,9.384523881691541e-05,True,train
2000-02-16,-0.014839881817115525,2.4100409585591127e-05,True,train
2000-02-17,-0.005184278488388465,2.210455456249944e-05,True,train
2000-02-18,-0.02170273644549432,3.219641866598032e-05,True,train
2000-02-22,-0.0025436480358344313,-6.113774955211152e-05,True,train
2000-02-23,0.011739115128934817,-0.00010677631599382426,True,train
2000-02-24,-0.020342818940007754,-6.267786108393389e-05,True,train
2000-02-25,-0.0036263711729885434,-0.00014417613833212807,True,train
2000-02-28,0.020760386076211543,-0.00015309230804848653,True,train
2000-02-29,0.009595687061855335,-0.00019130340762921628,True,train
2000-03-01,0.007249691924474876,-9.539616851519678e-05,True,train
2000-03-02,0.0006769717058722161,-0.00010126716017142424,True,train
2000-03-03,0.018550090524499196,-8.543955915534321e-05,True,train
2000-03-06,-0.009790910434617528,-4.722845957461433e-05,True,train
2000-03-07,-0.019532091443498798,-5.17885021000886e-05,True,train
2000-03-08,-0.0012549200209444466,-5.707737891496364e-05,True,train
2000-03-09,0.02880487178917506,-0.00011416615654042186,True,train
2000-03-10,-0.005338090967616353,-0.00019705292690387882,True,train
2000-03-13,-0.010987889448370664,-0.00029093416495981194,True,train
2000-03-14,-0.014307045447250644,-0.0003787453949934414,True,train
2000-03-15,0.02306229275364571,-0.000337028474892794,True,train
2000-03-16,0.045656067133466906,-0.00038438980555946956,True,train
2000-03-17,0.0040490199164730555,-0.0003807625126579853,True,train
2000-03-20,-0.005117281955890449,-0.00039906297482987865,True,train
2000-03-21,0.020313859754651116,-0.0003953142095468277,True,train
2000-03-22,0.006056194766049062,-0.00044596856200528664,True,train
2000-03-23,0.01692856281205878,-0.0004715236099801512,True,train
2000-03-24,0.005918988604241348,-0.0005024801237579098,True,train
2000-03-27,-0.010638398205055754,-0.00047067330330918637,True,train
2000-03-28,-0.005775593612640389,-0.0004577743069401879,True,train
2000-03-29,0.001033805529890294,-0.00048674384908839984,True,train
2000-03-30,-0.016880675930415562,-0.0005269508036922221,True,train
2000-03-31,0.011285386231666607,-0.0006363555176895266,True,train
2000-04-03,0.005801922616107939,-0.0006297996201409589,True,train
2000-04-04,-0.007465816510803229,-0.0005058262074492548,True,train
2000-04-05,-0.0062643763010988085,-0.0005600165264626252,True,train
2000-04-06,0.008655354102143641,-0.0006494591943746499,True,train
2000-04-07,0.006313740375552082,-0.0005872030123158832,True,train
2000-04-10,-0.003928465715978194,-0.0006213310755038576,True,train
2000-04-11,-0.0029045663573835606,-0.0006357701834046785,True,train
2000-04-12,-0.02780882800303883,-0.0006603623357205567,True,train
2000-04-13,-0.013983233112135136,-0.0006545964527729627,True,train
2000-04-14,-0.058893019652156896,-0.0006765242078463412,True,train
2000-04-17,0.03433038128374774,-0.0007041052568792904,True,train
2000-04-18,0.026077954168699104,-0.0006640898383621563,True,train
2000-04-19,-0.009344846879994786,-0.0005624468623355375,True,train
2000-04-20,0.00479199348708048,-0.000567969800519999,True,train
2000-04-24,-0.010924294789144393,-0.0005944575981188535,True,train
2000-04-25,0.040681387095951475,-0.0005884789164431227,True,train
2000-04-26,-0.011348692623452096,-0.0005633494659245328,True,train
2000-04-27,-0.003312145770603283,-0.0005918331185464799,True,train
2000-04-28,-0.006226536488141324,-0.0006281396894506882,True,train
2000-05-01,0.013477581267385987,-0.0006674050110369754,True,train
2000-05-02,-0.020176687898358157,-0.0003718885632040987,True,train
2000-05-03,-0.023695711569423353,-0.0003804403157757572,True,train
2000-05-04,0.007520495520260687,-0.0003894478118386868,True,train
2000-05-05,0.01204701898600635,-0.0004536697028855504,True,train
2000-05-08,-0.007539783300836002,-0.0004678357199882433,True,train
2000-05-09,-0.008039248187042351,-0.00046031692678069006,True,train
2000-05-10,-0.0228146777661714,-0.00047744169456546016,True,train
2000-05-11,0.02259351222286126,-0.0005439236480399992,True,train
2000-05-12,0.010779996593645228,-0.0006426380194195364,True,train
2000-05-15,0.017138937802334404,-0.000727247554007957,True,train
2000-05-16,0.009632954720383995,-0.00071588866917078,True,train
2000-05-17,-0.010493725163029982,-0.0007231645176152008,True,train
2000-05-18,-0.012347172998677628,-0.0007413222447640779,True,train
2000-05-19,-0.01581755297970864,-0.0007277032974992263,True,train
2000-05-22,-0.007557270908680283,-0.0007263148043839662,True,train
2000-05-23,-0.014835066403941029,-0.0007339550699730852,True,train
2000-05-24,0.016172859245600968,-0.0007210560736040875,True,train
2000-05-25,-0.017305747097592566,-0.000645211090315464,True,train
2000-05-26,0.0011328878519914684,-0.0005812321440317328,True,train
2000-05-30,0.03208831455150045,-0.0005966040015565437,True,train
2000-05-31,0.0021905813798186818,-0.0005950638900247222,True,train
2000-06-01,0.017354014693151572,-0.0006215818336585723,True,train
2000-06-02,0.017269377049746,-0.0003587552574170587,True,train
2000-06-05,-0.004873407250980706,-0.0002905505397175559,True,train
2000-06-06,-0.004470470457461205,-0.0001994764339271378,True,train
2000-06-07,0.006910142842292891,-0.00014519478856719545,True,train
2000-06-08,-0.003927609740868576,-0.00011776535795080673,True,train
2000-06-09,-0.0021294726956724986,-0.0001364000912324045,True,train
2000-06-12,-0.011793853868815724,-0.0001236225672449718,True,train
2000-06-13,0.018592265436474808,-0.00011718814207797076,True,train
2000-06-14,0.0016924057350309577,-0.00010030631905633223,True,train
2000-06-15,0.0021114872709702714,-6.351385862585907e-05,True,train
2000-06-16,-0.010602304573660336,-7.93414596419401e-05,True,train
2000-06-19,0.012709342858463202,-6.330105989772045e-05,True,train
2000-06-20,-0.0035846111129921024,-8.873463549101922e-05,True,train
2000-06-21,-0.0004225649756519002,-7.758854938197998e-05,True,train
2000-06-22,-0.015332497978585852,-9.538185938615801e-05,True,train
2000-06-23,-0.008620743043906975,-0.00011788683033237251,True,train
2000-06-26,0.012796561521526695,-9.746904075581993e-05,True,train
2000-06-27,-0.007399894349372229,-0.00017204700331074907,True,train
2000-06-28,0.00279479919634734,-0.00013676450837710272,True,train
2000-06-29,-0.009491011710587298,-0.0001042980291025156,True,train
2000-06-30,0.007556982956885837,-7.853018239951416e-05,True,train
2000-07-03,0.013672505233146065,-8.94333237454201e-05,True,train
2000-07-05,-0.018199838610163624,-6.875950447580038e-05,True,train
2000-07-06,0.007748639716761098,-4.3325928882502474e-05,True,train
2000-07-07,0.015952693937259926,-3.873574032203092e-05,True,train
2000-07-10,-0.0016895463364402623,1.1067971370905608e-06,True,train
2000-07-11,0.0021114872709702714,3.288347155082014e-05,True,train
2000-07-12,0.006517420315688504,4.3908085278290994e-05,True,train
2000-07-13,0.004391015941824602,8.846228367945241e-05,True,train
2000-07-14,0.009758200551046066,7.484333641460082e-05,True,train
2000-07-17,-0.001654260096026465,0.00010042853042445919,True,train
2000-07-18,-0.008208264694851305,0.0001080687960135782,True,train
2000-07-19,-0.008065826999660325,0.00012072484761944426,True,train
2000-07-20,0.013787559124506807,7.946367101006532e-05,True,train
2000-07-21,-0.019694749297792885,7.976779608477504e-05,True,train
2000-07-24,-0.005729458644037433,0.00010532284405963873,True,train
2000-07-25,0.0031870843932607362,0.00010369140618124526,True,train
2000-07-26,-0.009806090089629784,0.00010369140618124526,True,train
2000-07-27,-0.003433479767891519,0.00013803226809735742,True,train
2000-07-28,-0.022829559813544443,0.0001859708146368707,True,train
2000-07-31,0.006357579234623276,0.00015573425175496435,True,train
2000-08-01,0.0061002367821393535,0.00013017920378010066,True,train
2000-08-02,0.004983219065226329,0.00012810951345035466,True,train
2000-08-03,0.006892122909797143,0.00011508904469978952,True,train
2000-08-04,0.005351612900811145,0.00010101435394366948,True,train
2000-08-07,0.011884689971514114,0.0001182304480750098,True,train
2000-08-08,0.003790276173780827,0.00014837568461034505,True,train
2000-08-09,-0.0084424308952827,0.0001420325857899151,True,train
2000-08-10,-0.004886868325257058,-7.63822790250026e-05,True,train
2000-08-11,0.00467489164189848,-0.00011425910749602967,True,train
2000-08-14,0.01263973010570012,-0.00015023140729053443,True,train
2000-08-15,-0.0008376963840652377,-0.00015328148431918362,True,train
2000-08-16,-0.003568059195224143,-0.00014213539821014524,True,train
2000-08-17,0.010458158485741812,-0.0001389638487999294,True,train
2000-08-18,-0.003334725891453274,-0.00019617409880695515,True,train
2000-08-21,0.005413296583696004,-0.00018176513694112984,True,train
2000-08-22,-0.001662510773613414,-0.000199345648217171,True,train
2000-08-23,0.0039439594454495006,-0.00024565275687828906,True,train
2000-08-24,0.00310270183751088,-0.00023148673977559705,True,train
2000-08-25,-0.0004131377873263841,-0.00017252357950861292,True,train
2000-08-28,0.003403293131707865,-0.00018530110349604476,True,train
2000-08-29,0.00020588840920980663,-0.00018868545163439748,True,train
2000-08-30,-0.009618939552141397,-0.00020309441350022193,True,train
2000-08-31,0.013215141732493746,-0.00018738828486570755,True,train
2000-09-01,0.0010251154152453505,-0.00019022556316621725,True,train
2000-09-05,-0.008023908907498515,-0.00021581433075864003,True,train
2000-09-06,-0.011426321471375693,-0.00019998672974255727,True,train
2000-09-07,0.008530167192174207,-0.00021932015127855854,True,train
2000-09-08,-0.006860020666163283,-0.00019234646415343913,True,train
2000-09-11,-0.001461225601820658,-0.00019071502627504566,True,train
2000-09-12,-0.007338328350028192,-0.0001863677824777074,True,train
2000-09-13,0.0026270177457621375,-0.00023442780139878647,True,train
2000-09-14,0.005024610173431043,-0.00024862396453647403,True,train
2000-09-15,-0.02462996445361099,-0.0002490797080277442,True,train
2000-09-18,-0.009246383476792415,-0.00022797211359033322,True,train
2000-09-19,0.009032319470837472,-0.00020499013651139718,True,train
2000-09-20,-0.007413410261827361,-0.0001678332589362232,True,train
2000-09-21,-0.015322223150539856,-0.0001741462117216602,True,train
2000-09-22,0.01801459460084391,-0.00018329644280760688,True,train
2000-09-25,-0.007123613502649263,-0.00017674054525903832,True,train
2000-09-26,-0.012864016924052889,-0.0001699417029473382,True,train
2000-09-27,0.005252802622859556,-0.00013490215277682342,True,train
2000-09-28,0.012797051333558742,-9.938559647358885e-05,True,train
2000-09-29,-0.009528006251654696,-6.703170618702417e-05,True,train
2000-10-02,0.0015219048485952454,-9.282969892502116e-05,True,train
2000-10-03,-0.009385641308809674,-0.00015729640356537244,True,train
2000-10-04,0.008298802814695064,-0.00010969212813556357,True,train
2000-10-05,0.003473733410572176,-8.576851803909161e-05,True,train
2000-10-06,-0.021911481356218013,-9.984320879521426e-05,True,train
2000-10-10,-0.016655798046742408,-9.64588606568624e-05,True,train
2000-10-11,-0.008433098410852607,-0.00011533653870159175,True,train
2000-10-12,-0.025264989688019795,-0.0001746641161132741,True,train
2000-10-13,0.03278982282299097,-0.00017022554596936648,True,train
2000-10-16,0.004533099330984736,-0.00015451941733485124,True,train
2000-10-17,-0.02519024882855852,-0.0001779571379050566,True,train
2000-10-18,-0.00371747640013242,-0.00016191673816083954,True,train
2000-10-19,0.037015877757113444,-0.0002112739238506068,True,train
2000-10-20,0.004252944295151382,-0.00021713113314477273,True,train
2000-10-23,0.00445732852974192,-0.00019474763458012315,True,train
2000-10-24,-0.0066934654185887175,-0.00023262446305115023,True,train
2000-10-25,-0.02378637459054426,-0.00022628136423071942,True,train
2000-10-26,0.002747254475138702,-0.0002091565964459476,True,train
2000-10-27,0.018797971709842664,-0.00016272801540326374,True,train
2000-10-30,0.00893461382415154,-0.00015943499361148125,True,train
2000-10-31,0.017086895348882473,-0.0001513389845310912,True,train
2000-11-01,-0.003394101906148523,-0.00011862956049337337,True,train
2000-11-02,0.0016437459182923131,-9.934884258774781e-05,True,train
2000-11-03,0.0005473154315379682,-5.3163206308194655e-05,True,train
2000-11-06,0.006979308592197089,-5.512891529629166e-05,True,train
2000-11-07,-0.0002173676782822621,-5.6638880793118476e-05,True,train
2000-11-08,-0.022423449957925383,-5.6638880793118476e-05,True,train
2000-11-09,-0.0037866177331179578,-3.108383281825392e-05,True,train
2000-11-10,-0.024625665489713892,-3.262394435007694e-05,True,train
2000-11-13,-0.0078071579096094445,-1.6917815715561694e-05,True,train
2000-11-14,0.02594002100861567,-4.201712019915606e-05,True,train
2000-11-15,0.0031397200046678463,0.0018771651574809659,True,train
2000-11-16,-0.015798116876591176,0.0017018901797637765,True,train
2000-11-17,-0.005360108630754857,0.0015754976932883167,True,train
2000-11-20,-0.01439702379496369,0.0015123213072614399,True,train
2000-11-21,0.005091425023087667,0.0014255693244363834,True,train
2000-11-22,-0.024182008898604265,0.0013747583333804888,True,train
2000-11-24,0.020250004295251492,0.0012759375745837848,True,train
2000-11-27,0.008767938034769307,0.0012448132546667699,True,train
2000-11-28,-0.01737965190994662,0.0012313957395049975,True,train
2000-11-29,-0.0018717834196807367,0.0012084448821770171,True,train
2000-11-30,-0.00870286570174653,0.0012574592935953412,True,train
2000-12-01,-0.0004725898008562055,0.0012540828044981004,True,train
2000-12-04,0.00847263246793241,0.0016927583262443115,True,train
2000-12-05,0.032283181653986935,0.0017225207254471168,True,train
2000-12-06,-0.016126614717476527,0.001723259148195369,True,train
2000-12-07,-0.013815741897601848,0.0016898018327741666,True,train
2000-12-08,0.002335358371068551,0.0016523771027277786,True,train
2000-12-11,0.03416588187228061,0.001636739755664021,True,train
2000-12-12,-0.00429233687373124,0.0016238171524542773,True,train
2000-12-13,-0.013791749925185004,0.001595477498195411,True,train
2000-12-14,-0.012821428887605207,0.0016185434859405275,True,train
2000-12-15,-0.025908184858664803,0.0015871738345518565,True,train
2000-12-18,0.013273482388199682,0.0016048616717736215,True,train
2000-12-19,-0.02057759197278655,0.0016366664432212127,True,train
2000-12-20,-0.02939056738528882,0.0016363721161981456,True,train
2000-12-21,0.0069067862132548225,0.0016542155695614057,True,train
2000-12-22,0.029549255747732806,0.001708364066306051,True,train
2000-12-26,0.0106825941699713,0.0017405063621557333,True,train
2000-12-27,0.007293291945141143,0.0017566875169517365,True,train
2000-12-28,0.0030427173855208604,0.0018158335940206718,True,train
2000-12-29,-0.019111116036238524,0.0017471749170333195,True,train
2001-01-02,-0.018269738930173914,0.0018226657947826013,True,train
2001-01-03,0.04691691978775166,0.0019240264086663728,True,train
2001-01-04,-0.010822238632083338,0.0020389884457002972,True,train
2001-01-05,-0.03318770236435905,0.0021032808634622395,True,train
2001-01-08,0.0077108815792036964,0.0022360634326207426,True,train
2001-01-09,-0.002643914531368694,0.0022481454857632617,True,train
2001-01-10,0.01741663970057964,0.00218353550313473,True,train
2001-01-11,0.0009456265480070302,0.002154897315632016,True,train
2001-01-12,-0.0018921481520379265,0.0021919361116995895,True,train
2001-01-16,0.006371702972692687,0.0021574640275880256,True,train
2001-01-17,0.0045766670274118935,0.0021329506964157556,True,train
2001-01-18,0.009902801261641149,0.0021283835645324023,True,train
2001-01-19,-0.0056966962173669,0.002175608343256774,True,train
2001-01-22,0.0066236951250012764,0.0022091904500572473,True,train
2001-01-23,0.007844987165202502,0.0022724653734782713,True,train
2001-01-24,0.0029833642322814233,0.00224017062108542,True,train
2001-01-25,-0.002523805400663924,0.0022590109634353845,True,train
2001-01-26,-0.0011492933111975291,0.0022553250007325727,True,train
2001-01-29,0.005321646376981466,0.0022622605562917625,True,train
2001-01-30,0.008746388907486103,0.002301915754734665,True,train
2001-01-31,-0.005676448969794345,0.0022904236321674228,True,train
2001-02-01,0.006619325230396179,0.002308182130772084,True,train
2001-02-02,-0.0229540358690836,0.002222940563297899,True,train
2001-02-05,0.007317304150326578,0.0021952086656719374,True,train
2001-02-06,-0.0029500272687655385,0.002162047897002047,True,train
2001-02-07,-0.005183638262083242,0.0021594484379259017,True,train
2001-02-08,-0.011724919343720582,0.002125235540391937,True,train
2001-02-09,-0.009661902008876995,0.00209945072430946,True,train
2001-02-12,0.011388258014428826,0.0020916460533478365,True,train
2001-02-13,-0.008207655685224375,0.00212198963182116,True,train
2001-02-14,-0.0015132944341172995,0.002063917596307541,True,train
2001-02-15,0.00964588344614005,0.0020186245373923968,True,train
2001-02-16,-0.02229562703901642,0.0020296803166923896,True,train
2001-02-20,-0.015534100837344914,0.002100322848622117,True,train
2001-02-21,-0.02181100295866093,0.002119825067731883,True,train
2001-02-22,0.0015113140670928729,0.0022019553285057116,True,train
2001-02-23,-0.006779134192724436,0.0022676172730355716,True,train
2001-02-26,0.02106344119695237,0.0023222233624639863,True,train
2001-02-27,-0.009289213305535613,0.002351044905812417,True,train
2001-02-28,-0.01988967279590794,0.0022704232870077454,True,train
2001-03-01,0.005230360246812293,0.0022667400310345583,True,train
2001-03-02,-0.007977141269681865,0.0024013006063042593,True,train
2001-03-05,0.009100101135060079,0.0024093225139842226,True,train
2001-03-06,0.010685086660016392,0.0024156017219612268,True,train
2001-03-07,0.007112979546486796,0.002432508016666317,True,train
2001-03-08,0.0011019236556603312,0.0024212346964142943,True,train
2001-03-09,-0.03002462907192919,0.002398266633562261,True,train
2001-03-12,-0.04374453840368437,0.0024017293536530877,True,train
2001-03-13,0.016295991232519687,0.0023954501373263234,True,train
2001-03-14,-0.01994423944856358,0.0024218870503857986,True,train
2001-03-15,0.0002549507434322285,0.0024938435713895237,True,train
2001-03-16,-0.022949979207658275,0.0025787934301347596,True,train
2001-03-19,0.020141809615437743,0.0025098831179413235,True,train
2001-03-20,-0.027209638795243178,0.002487781809059908,True,train
2001-03-21,-0.017133641955622215,0.002539791952581044,True,train
2001-03-22,-0.01020690538001526,0.0025590767687101593,True,train
2001-03-23,0.029789441408165376,0.0025616758057466628,True,train
2001-03-26,0.012672672397569668,0.002552791421470089,True,train
2001-03-27,0.020235440660816013,0.002576849819138095,True,train
2001-03-28,-0.0280283756988243,0.0025655807858344305,True,train
2001-03-29,0.0038174819330519323,0.002660281780904224,True,train
2001-03-30,0.010423482876042809,0.002696034922099449,True,train
2001-04-02,-0.02156959624118409,0.002740889901747209,True,train
2001-04-03,-0.03393172599777374,0.0027203159501762034,True,train
2001-04-04,0.004158377795849151,0.0027591061037373758,True,train
2001-04-05,0.037188920709804354,0.0027918283650200837,True,train
2001-04-06,-0.015327648037708983,0.0027599759212692094,True,train
2001-04-09,0.01105948693202013,0.002797678802854868,True,train
2001-04-10,0.018079329647092347,0.0028013620460065197,True,train
2001-04-11,0.0006855928744067412,0.0028069993125877696,True,train
2001-04-12,0.01799857654483124,0.0027777428400259903,True,train
2001-04-16,-0.01057315847814215,0.00274545242132247,True,train
2001-04-17,0.014016979117974159,0.002721404438908331,True,train
2001-04-18,0.038975563997696944,0.0027400399583939845,True,train
2001-04-19,0.013218710528447227,0.002823464571148739,True,train
2001-04-20,-0.009194560228721815,0.0029099274131562263,True,train
2001-04-23,-0.018319407962259456,0.0029452425794713093,True,train
2001-04-24,-0.005413810561433922,0.002973194325619549,True,train
2001-04-25,0.01299300270624708,0.0029660360951563503,True,train
2001-04-26,0.0044554575962125545,0.0029868430924720134,True,train
2001-04-27,0.016513381726763417,0.0029586634764659342,True,train
2001-04-30,0.006972020590903586,0.0029374258534556686,True,train
2001-05-01,0.003074373785109836,0.0029174856075639987,True,train
2001-05-02,-0.0018119779207890708,0.002922242547336793,True,train
2001-05-03,-0.01277643549659452,0.002875862320639698,True,train
2001-05-04,0.016868325461441742,0.002834900689204828,True,train
2001-05-07,-0.00867580565477701,0.002913347747848543,True,train
2001-05-08,-0.0004753788143479455,0.002939787728654011,True,train
2001-05-09,-0.004209185227754126,0.0029926646240917587,True,train
2001-05-10,0.0029403217423230963,0.002982043671033153,True,train
2001-05-11,-0.006927567805623676,0.002987249095002832,True,train
2001-05-14,0.00199561029673015,0.002977067333851659,True,train
2001-05-15,0.004614550473428658,0.0029989511877137505,True,train
2001-05-16,0.02330151782080089,0.0030520455375515274,True,train
2001-05-17,0.0015497636215830069,0.003050955199378502,True,train
2001-05-18,0.004558017841969855,0.0029356646612702176,True,train
2001-05-21,0.014614349455937802,0.002850286025085099,True,train
2001-05-22,-0.0012921232797552665,0.002846817170141073,True,train
2001-05-23,-0.017106202912340173,0.0028929768762643304,True,train
2001-05-24,0.0029357628907154673,0.002952577093363808,True,train
2001-05-25,-0.01187301973007449,0.003019102755657463,True,train
2001-05-29,-0.007994432739187055,0.0030288538911162986,True,train
2001-05-30,-0.014105937552361102,0.0030258199449720944,True,train
2001-05-31,0.005174092311072389,0.0030125999545692443,True,train
2001-06-01,0.0061738870141316874,0.003026896801517134,True,train
2001-06-04,0.004801780247527843,0.0027542027834171782,True,train
2001-06-05,0.011400191533661428,0.0027505195402467257,True,train
2001-06-06,-0.008342150027858443,0.002762434804250141,True,train
2001-06-07,0.003594870033092931,0.0027529041893646594,True,train
2001-06-08,-0.009326470910667925,0.002789744602655452,True,train
2001-06-11,-0.007111855588263945,0.0027999275807406407,True,train
2001-06-12,-0.001746180493171611,0.0028020917092852165,True,train
2001-06-13,-0.008616569988641146,0.002778688740797174,True,train
2001-06-14,-0.022691435655258035,0.0027949396111707583,True,train
2001-06-15,-0.0012302771846421914,0.0028140069732886294,True,train
2001-06-18,-0.004853749288087222,0.002867104389299919,True,train
2001-06-19,0.004361239355753944,0.002903295505564449,True,train
2001-06-20,0.005241182962198067,0.0028835757802468604,True,train
2001-06-21,0.011289455047934162,0.002876858590932213,True,train
2001-06-22,-0.007864809079892031,0.00284717027575588,True,train
2001-06-25,-0.009240751488970897,0.0028293972245829577,True,train
2001-06-26,-0.001397609188402259,0.002820080997923927,True,train
2001-06-27,-0.0005760580579686997,0.002821165203749997,True,train
2001-06-28,0.005500142384415238,0.00279797355731495,True,train
2001-06-29,0.003677200860521805,0.0027247349888141967,True,train
2001-07-02,0.012402370345081742,0.0027617928565048903,True,train
2001-07-03,-0.0002417014861962811,0.0024798550881388187,True,train
2001-07-05,-0.019693029455945536,0.00249047604119728,True,train
2001-07-06,-0.02185105189193222,0.00252038181077352,True,train
2001-07-09,0.005444988501749911,0.0025754228347560186,True,train
2001-07-10,-0.01210297861234443,0.0025452996107798755,True,train
2001-07-11,0.0010141576046461874,0.0025706523195860413,True,train
2001-07-12,0.023459816064497683,0.0025808414300181465,True,train
2001-07-13,0.008626725816829005,0.002540967070583159,True,train
2001-07-16,-0.012595340813986599,0.0024818048284569426,True,train
2001-07-17,0.00931771140168114,0.002481155531430683,True,train
2001-07-18,-0.006835474066897989,0.0024681529954277415,True,train
2001-07-19,0.008721443718402683,0.0025125761325252363,True,train
2001-07-20,-0.005998155848112358,0.0025030424514662954,True,train
2001-07-23,-0.01989328124042648,0.002519510776239787,True,train
2001-07-24,-0.009714913969413718,0.0024995735965222914,True,train
2001-07-25,0.010975166425759346,0.00249891816714912,True,train
2001-07-26,0.010440688000894007,0.0025589471607015066,True,train
2001-07-27,0.0038148917724256546,0.0025949208225661373,True,train
2001-07-30,0.00033105120044163113,0.002606836086569548,True,train
2001-07-31,0.004128825075142256,0.002593181187366893,True,train
2001-08-01,0.006243363244892859,0.0026285024860318064,True,train
2001-08-02,0.004086308378981873,0.0022708882289806213,True,train
2001-08-03,-0.005479450721244252,0.0022652552454920406,True,train
2001-08-06,-0.01354049215251485,0.0022687210342625906,True,train
2001-08-07,0.0038992341426669023,0.002298412415612381,True,train
2001-08-08,-0.01872179969847106,0.002285409879609443,True,train
2001-08-09,0.0029484750729054723,0.0022513982227567626,True,train
2001-08-10,0.00344295310302875,0.002287365752274475,True,train
2001-08-13,0.00025144612026479525,0.002286933909648122,True,train
2001-08-14,-0.00041915464401185993,0.0023031878461951642,True,train
2001-08-15,-0.008673363311921478,0.0022641833043597973,True,train
2001-08-16,0.003461556609119042,0.0022251756963509763,True,train
2001-08-17,-0.016143099193102105,0.002234494989183461,True,train
2001-08-20,0.009208026716042962,0.002230600423960012,True,train
2001-08-21,-0.017205664102320318,0.002218247184983334,True,train
2001-08-22,0.010307572510523938,0.002244472777562574,True,train
2001-08-23,-0.0035955708433014037,0.002202213769009656,True,train
2001-08-24,0.02054225718196807,0.002214343421239516,True,train
2001-08-27,-0.005983240382019853,0.002211744383895136,True,train
2001-08-28,-0.014730529306074392,0.002202210702836202,True,train
2001-08-29,-0.008960950046806833,0.0021946267620953884,True,train
2001-08-30,-0.019401126007747436,0.0021707888848075327,True,train
2001-08-31,0.007297714073847077,0.002239264287419329,True,train
2001-09-04,-0.006415659901256251,0.002245540435587258,True,train
2001-09-05,0.002465647474189443,0.0023604466992204406,True,train
2001-09-06,-0.026107424692650896,0.0023864517712263167,True,train
2001-09-07,-0.01868016815255907,0.002427188598979904,True,train
2001-09-10,0.012159054632276463,0.002501734960053542,True,train
2001-09-17,-0.053663444436969014,0.0025416093194885296,True,train
2001-09-18,-0.0023998090967819598,0.0030476509810330003,True,train
2001-09-19,-0.020389115082771313,0.0031477748545937316,True,train
2001-09-20,-0.032296217931719426,0.0032780115366761314,True,train
2001-09-21,-0.014592843485366162,0.0032403117212401952,True,train
2001-09-24,0.03455236374956554,0.0031939376268904675,True,train
2001-09-25,0.010373054903628309,0.0031772457153701646,True,train
2001-09-26,-0.0035443633780558328,0.0032257839382644656,True,train
2001-09-27,0.008641881049046245,0.0032075729121182825,True,train
2001-09-28,0.020996425213393916,0.0031802661798864228,True,train
2001-10-01,-0.001629110600212964,0.0031048500012131643,True,train
2001-10-02,0.012485320131411926,0.0025326738393657774,True,train
2001-10-03,0.016625533372446325,0.002554554627054482,True,train
2001-10-04,0.0008380648276866481,0.002528117712422246,True,train
2001-10-05,-0.001956483400448736,0.002560181478196151,True,train
2001-10-09,-0.00536496840077475,0.0025961551400607748,True,train
2001-10-10,0.02202815058305279,0.0026527122124956996,True,train
2001-10-11,0.015390559445805254,0.0025968013709135804,True,train
2001-10-12,-0.004555816535860691,0.0025651633154191236,True,train
2001-10-15,-0.001828126153131484,0.0026338592386042775,True,train
2001-10-16,0.0062930100435585265,0.0026067699607723246,True,train
2001-10-17,-0.021504195162166412,0.0025831464717109218,True,train
2001-10-18,-0.0021388705532549676,0.002546955355446391,True,train
2001-10-19,-0.0006518573208270804,0.0025662401719641695,True,train
2001-10-22,0.019556040156760712,0.0026091454113698932,True,train
2001-10-23,-0.005128663554802634,0.0025861742855082075,True,train
2001-10-24,-0.002666308819839314,0.0025965777841667655,True,train
2001-10-25,0.017793223901434323,0.002634495054002605,True,train
2001-10-26,-0.0022635710755186528,0.0026793500337264527,True,train
2001-10-29,-0.026359636031904256,0.0026529131190942204,True,train
2001-10-30,-0.01207817016678069,0.002704485288132715,True,train
2001-10-31,-0.0033968762512930992,0.0027233382620241373,True,train
2001-11-01,0.025291806050271304,0.0026331891106690652,True,train
2001-11-02,0.006796479656637758,0.0022137418900051026,True,train
2001-11-05,0.01300432370030592,0.00235308469362765,True,train
2001-11-06,0.015420793359020343,0.0023023688605608404,True,train
2001-11-07,-0.0013354244126620512,0.0023870981997196755,True,train
2001-11-08,0.0031131755319037985,0.002352636303199908,True,train
2001-11-09,0.001065176265674059,0.0023305288625909276,True,train
2001-11-13,0.02224475386636171,0.0023177437809878895,True,train
2001-11-14,0.0009598238783162788,0.0022893571260375334,True,train
2001-11-15,0.0018298186485702502,0.002245586352139752,True,train
2001-11-16,-0.004449705276445543,0.0021905496112648234,True,train
2001-11-19,0.012254062429842612,0.0021925036346905104,True,train
2001-11-20,-0.008413924752338877,0.0022520873039886084,True,train
2001-11-21,-0.006642238396125945,0.002292831481023213,True,train
2001-11-23,0.014278488975961888,0.002221968363120032,True,train
2001-11-26,0.002158802266166575,0.0021801442633669205,True,train
2001-11-27,-0.004322275044086533,0.0021671417273639755,True,train
2001-11-28,-0.01827216983999419,0.002221968363120032,True,train
2001-11-29,0.013408959637020108,0.0022122172276611875,True,train
2001-11-30,-0.007164102579197596,0.0022874055364800645,True,train
2001-12-03,-0.0059801452322498175,0.002317096917829855,True,train
2001-12-04,0.01679387092972797,0.0019433380328661085,True,train
2001-12-05,0.018136219205316783,0.0019067150739752216,True,train
2001-12-06,-0.0005112481029337941,0.001844743689385732,True,train
2001-12-07,-0.006669531346867466,0.001833477722408574,True,train
2001-12-10,-0.01887992646707209,0.0019686931755404924,True,train
2001-12-11,-0.002012828131269054,0.00204042304486984,True,train
2001-12-12,0.0011381803377672984,0.002072275488590746,True,train
2001-12-13,-0.019617146330346297,0.0020315343777295956,True,train
2001-12-14,0.009503155309730532,0.0020033621110056854,True,train
2001-12-17,0.010289021840038003,0.0019814721247966155,True,train
2001-12-18,0.005931631890640902,0.002012471298719294,True,train
2001-12-19,0.007019984140023946,0.0019803879189705456,True,train
2001-12-20,-0.009894190918041426,0.0019201414710182559,True,train
2001-12-21,0.002613202047691689,0.0018741992192948843,True,train
2001-12-24,-0.0019156535901487907,0.0018772270330921666,True,train
2001-12-26,0.00547610775700713,0.0018882828949504347,True,train
2001-12-27,0.0060495988992556515,0.0018718084378300387,True,train
2001-12-28,-0.0005170866203722754,0.001871162206977233,True,train
2001-12-31,-0.014763593606056603,0.0019168839381272472,True,train
2002-01-02,0.010703628428505441,0.001917957728498839,True,train
2002-01-03,0.011275220247784178,0.0017397234715675995,True,train
2002-01-04,0.006653666206530279,0.0017291025185091381,True,train
2002-01-07,-0.007081654253563537,0.001735164278450614,True,train
2002-01-08,-0.002314554848265446,0.0017596471696571594,True,train
2002-01-09,-0.008186498934563004,0.001779366894974748,True,train
2002-01-10,0.004403220003272065,0.001811433726922107,True,train
2002-01-11,-0.009869350029710892,0.0018133834672402274,True,train
2002-01-14,-0.006283850396282575,0.0019230306064054216,True,train
2002-01-15,0.00810921559390775,0.0018907463200581627,True,train
2002-01-16,-0.020442013911071595,0.001853902840593915,True,train
2002-01-17,0.007505871983255251,0.001808616018243711,True,train
2002-01-18,-0.004585112025107454,0.0017739440166050537,True,train
2002-01-22,-0.006917363202880704,0.001796700754240297,True,train
2002-01-23,0.007624155610863578,0.0017546622662607363,True,train
2002-01-24,0.0030862725975826393,0.0017538059302890444,True,train
2002-01-25,-0.00026415514310221966,0.0016887963164478013,True,train
2002-01-28,0.002726333456018575,0.0016853243953303398,True,train
2002-01-29,-0.0319470537970093,0.0016753527392981346,True,train
2002-01-30,0.014314932323919236,0.0017329958667984778,True,train
2002-01-31,0.011641967000363187,0.001740589006059657,True,train
2002-02-01,-0.0046937939871922974,0.0016790451809889605,True,train
2002-02-04,-0.025169895483510004,0.001686812286786514,True,train
2002-02-05,-0.00620950142038087,0.0017191057716541454,True,train
2002-02-06,-0.004314517467555581,0.00171651286665667,True,train
2002-02-07,-0.006275401964333332,0.0017366705669475263,True,train
2002-02-08,0.018981815729843192,0.0017507634411234457,True,train
2002-02-11,0.012188171561734693,0.001752924503494565,True,train
2002-02-12,-0.0031457007509764342,0.0017594242384093087,True,train
2002-02-13,0.010566003941765278,0.0017210689936002013,True,train
2002-02-14,-0.001872234219608359,0.001691374546076957,True,train
2002-02-15,-0.010495706889532308,0.0016580029877301672,True,train
2002-02-19,-0.01939507405504498,0.0016762035984218757,True,train
2002-02-20,0.016685996567015436,0.0016898584976245343,True,train
2002-02-21,-0.020924453787290617,0.001677293936594857,True,train
2002-02-22,0.012297083682028528,0.001663418516818841,True,train
2002-02-25,0.01637376658185764,0.0016562664187043837,True,train
2002-02-26,-0.002065799714583232,0.0016371990565865087,True,train
2002-02-27,0.0038587592178038134,0.0016317835274978383,True,train
2002-02-28,-0.0044883378144829926,0.0015461905030862942,True,train
2002-03-01,0.023034468958643438,0.0016083805590097963,True,train
2002-03-04,0.01751756986938931,0.0014347439772456547,True,train
2002-03-05,-0.0032016879422634725,0.001405704959095578,True,train
2002-03-06,0.011803891524926835,0.001382078403860721,True,train
2002-03-07,-0.002143623543251453,0.0014156704827808717,True,train
2002-03-08,0.004197169793813876,0.001449905726380367,True,train
2002-03-11,0.002134654822118685,0.0013116575440383638,True,train
2002-03-12,-0.000597241568957456,0.001317939824553204,True,train
2002-03-13,-0.009690888909770627,0.0013372246410709825,True,train
2002-03-14,-0.0013798179437608871,0.0013794836496239006,True,train
2002-03-15,0.006622862349070909,0.0013521842666730684,True,train
2002-03-18,0.00017140959318982804,0.0013092790272673412,True,train
2002-03-19,0.00666326397999823,0.001236899860911734,True,train
2002-03-20,-0.018995793442360964,0.0012865284219790198,True,train
2002-03-21,0.00043380950684734844,0.001281112892890346,True,train
2002-03-22,-0.00217079925486844,0.001241235467281901,True,train
2002-03-25,-0.012508365976922462,0.0012121995153052852,True,train
2002-03-26,0.005792503827260312,0.0011985415499291725,True,train
2002-03-27,0.0026219474604587123,0.0012431790752531167,True,train
2002-03-28,-0.00043653632503557155,0.0012800256208908185,True,train
2002-04-01,0.00043653632503552135,0.001291298937148997,True,train
2002-04-02,-0.005513971762501345,0.0011387169415472895,True,train
2002-04-03,-0.007046030959018946,0.0011766372775565866,True,train
2002-04-04,-0.004162808595761504,0.0012017725319628456,True,train
2002-04-05,0.00017753170446668155,0.0011658019362716758,True,train
2002-04-08,0.0021274528088662936,0.0011874683357339308,True,train
2002-04-09,-0.007020075185161127,0.0011978718343924853,True,train
2002-04-10,0.011261517865362152,0.0011972194711927717,True,train
2002-04-11,-0.025179967145146885,0.0012136877959662631,True,train
2002-04-12,0.007477192185885472,0.0012000328967636045,True,train
2002-04-15,-0.007658026364575994,0.0012290719149136778,True,train
2002-04-16,0.023507337015803764,0.0012214818418259596,True,train
2002-04-17,-0.0021223731700399334,0.0012121625489934715,True,train
2002-04-18,-0.004347235370532042,0.0012646014694581292,True,train
2002-04-19,0.0036387529431644895,0.001294292850807923,True,train
2002-04-22,-0.016795081900349354,0.0012869202321201048,True,train
2002-04-23,-0.004333731631110813,0.0012468253521117564,True,train
2002-04-24,-0.010094142721093387,0.0012208233462793275,True,train
2002-04-25,0.000548223307364662,0.0012687122721473723,True,train
2002-04-26,-0.019183488080874216,0.0012949347985531587,True,train
2002-04-29,-0.0049474899453017356,0.0013042510252121893,True,train
2002-04-30,0.009314523326500875,0.00131162057772655,True,train
2002-05-01,0.012163803580953805,0.0013181233788147513,True,train
2002-05-02,-0.0038542597428112436,0.0013904217556501217,True,train
2002-05-03,-0.010908865540465265,0.0013943224532204854,True,train
2002-05-06,-0.019808210003037206,0.0014398328623175007,True,train
2002-05-07,-0.0035143004979074697,0.0014298612062852989,True,train
2002-05-08,0.036527377372361586,0.001468648293720759,True,train
2002-05-09,-0.011625911753056623,0.0014426567033428116,True,train
2002-05-10,-0.01901962770120118,0.001461944586034044,True,train
2002-05-13,0.020132722566645108,0.0015039861401870587,True,train
2002-05-14,0.021551555680939027,0.0014855680750954468,True,train
2002-05-15,-0.003908920944703524,0.0014548029033740646,True,train
2002-05-16,0.005178296294099327,0.0014511196602036112,True,train
2002-05-17,0.004881153235737808,0.0014764754351832311,True,train
2002-05-20,-0.01087956865331256,0.001412553093341512,True,train
2002-05-21,-0.009157573409946506,0.001437688347747771,True,train
2002-05-22,0.0022055283139722163,0.0014530694005217351,True,train
2002-05-23,0.010591735503520116,0.0014623886933542232,True,train
2002-05-24,-0.012889213832406085,0.0014400699306922511,True,train
2002-05-28,-0.00544310550747687,0.001436601075748247,True,train
2002-05-29,-0.007428032451712602,0.0014136299498865613,True,train
2002-05-30,-0.0027998436161051723,0.0014292315232338829,True,train
2002-05-31,0.0020539753225173978,0.0014580530869840527,True,train
2002-06-03,-0.026940505636644557,0.0014222968795193289,True,train
2002-06-04,0.002487986994750964,0.0013099145179995414,True,train
2002-06-05,0.009322778395150241,0.0013519530059791021,True,train
2002-06-06,-0.020568013811405866,0.0013556362491495555,True,train
2002-06-07,-0.001160568304718174,0.001345015296091094,True,train
2002-06-10,0.003863260909539869,0.0013651668640350355,True,train
2002-06-11,-0.017307177802460882,0.001341543374973636,True,train
2002-06-12,0.006062429282503493,0.0013502072384329496,True,train
2002-06-13,-0.010091681732969858,0.001366681695553349,True,train
2002-06-14,-0.001478211872970695,0.0013755630134125695,True,train
2002-06-17,0.026471000300171545,0.0013508553185250967,True,train
2002-06-18,0.008130500171403439,0.0013543180411221926,True,train
2002-06-19,-0.02361673792508565,0.001390947132359991,True,train
2002-06-20,-0.012860311596696497,0.0014022130993371455,True,train
2002-06-21,-0.01925342855419828,0.0013714479276157633,True,train
2002-06-24,0.005224085295360914,0.0013603920657574917,True,train
2002-06-25,-0.02270066557309846,0.0013844473974452473,True,train
2002-06-26,0.0016387105583300036,0.001404167122762836,True,train
2002-06-27,0.017347623179849832,0.0014520621809777888,True,train
2002-06-28,-0.0047381632284913015,0.0014707081159237856,True,train
2002-07-01,-0.019695522376212873,0.0014384207634030692,True,train
2002-07-02,-0.02145913134810394,0.0015150029354237676,True,train
2002-07-03,0.005669911304782711,0.0015466409909182278,True,train
2002-07-05,0.039015269918367484,0.0015531407258329681,True,train
2002-07-08,-0.012564740039163838,0.0015488124687438216,True,train
2002-07-09,-0.025508702196133985,0.001561383162120407,True,train
2002-07-10,-0.037080699328532016,0.0015990829775563396,True,train
2002-07-11,0.008108590594650177,0.001613162370104334,True,train
2002-07-12,-0.011043900313989092,0.001613162370104334,True,train
2002-07-15,0.005320582371462919,0.001642418842654314,True,train
2002-07-16,-0.01946478992398999,0.0016890134575774027,True,train
2002-07-17,0.0019856631976125933,0.0016645305663708573,True,train
2002-07-18,-0.03293671529436171,0.001664316178144408,True,train
2002-07-19,-0.03582788776345606,0.0017028888773534187,True,train
2002-07-22,-0.030078382699549912,0.0017039596015515565,True,train
2002-07-23,-0.027753863826993016,0.0016996270613548435,True,train
2002-07-24,0.05795031459269502,0.0017286660795049168,True,train
2002-07-25,-0.00853491685851443,0.0017165364272750533,True,train
2002-07-26,0.018868466478694394,0.0017542362427109895,True,train
2002-07-29,0.04756554105176154,0.001828776471437716,True,train
2002-07-30,0.012949168869435512,0.0017821861396221939,True,train
2002-07-31,0.002416269306605078,0.001768963083045888,True,train
2002-08-01,-0.02645485889367474,0.0018480520894351288,True,train
2002-08-02,-0.022669967451216744,0.002188941596153196,True,train
2002-08-05,-0.03541651011242078,0.002229681490080234,True,train
2002-08-06,0.03310938507469038,0.0022552516532863068,True,train
2002-08-07,0.017288222455094097,0.00218850975352684,True,train
2002-08-08,0.031837355787611835,0.002262838660200571,True,train
2002-08-09,0.0037313911958753746,0.0021887302741002007,True,train
2002-08-12,-0.007366293057993554,0.002069545170768506,True,train
2002-08-13,-0.018375721570709724,0.0020092956566427622,True,train
2002-08-14,0.03587779203835199,0.0020279342423077384,True,train
2002-08-15,0.013784396279223145,0.0018441713677611535,True,train
2002-08-16,-0.002999132255183552,0.001849376791730941,True,train
2002-08-19,0.023116290409320648,0.001929992262027079,True,train
2002-08-20,-0.010643465578199113,0.001929339898827362,True,train
2002-08-21,0.014305499190175975,0.0019503570012633607,True,train
2002-08-22,0.009665930931082336,0.0019663873510635844,True,train
2002-08-23,-0.0217490990638034,0.0019546864752866162,True,train
2002-08-26,0.006952557869941875,0.0019306280774254066,True,train
2002-08-27,-0.011614515953545118,0.0019076600177371748,True,train
2002-08-28,-0.02212057515080203,0.001905713343592505,True,train
2002-08-29,0.00043422618996594544,0.0018721243308458119,True,train
2002-08-30,-0.0039147572172250344,0.0019104795756549192,True,train
2002-09-03,-0.03888082810546383,0.0018870735409934232,True,train
2002-09-04,0.014171895476699354,0.0019066086330917636,True,train
2002-09-05,-0.008524077381470018,0.0018803891728594313,True,train
2002-09-06,0.013648284674129634,0.0019230861563856137,True,train
2002-09-09,0.00730661557631977,0.0019185373787231064,True,train
2002-09-10,0.011406060076032247,0.001866312846484898,True,train
2002-09-11,-0.006235317613746131,0.0018331587425380151,True,train
2002-09-12,-0.01860725253105568,0.0018409632038521896,True,train
2002-09-13,0.0024564687062156587,0.0018201592727085311,True,train
2002-09-16,0.0024504492512942666,0.0018056345559062555,True,train
2002-09-17,-0.023183545018585567,0.0017961039410207755,True,train
2002-09-18,-0.010069943074295207,0.0017898247266793926,True,train
2002-09-19,-0.026217640074634677,0.0017993584077383266,True,train
2002-09-20,-0.004140774725683148,0.001850716188550379,True,train
2002-09-23,-0.008213781114355497,0.001854840472867554,True,train
2002-09-24,-0.01626843246433222,0.0017887497193736918,True,train
2002-09-25,0.024482213578687774,0.001785718839402952,True,train
2002-09-26,0.016228070945583716,0.001804147319949042,True,train
2002-09-27,-0.03537884759053797,0.001842931341211048,True,train
2002-09-30,-0.011669016316655394,0.0019137944591142292,True,train
2002-10-01,0.04693118690544641,0.0019688385492701854,True,train
2002-10-02,-0.030439960856107808,0.002124954852952568,True,train
2002-10-03,-0.010153646666416714,0.002160273085444024,True,train
2002-10-04,-0.018515574027109866,0.002160711060417292,True,train
2002-10-07,-0.020884968384971298,0.002128426774070026,True,train
2002-10-08,0.015548971487488556,0.0021160857997871672,True,train
2002-10-09,-0.028650969090708068,0.0021072075481014044,True,train
2002-10-10,0.031880717324770734,0.0021488111272811514,True,train
2002-10-11,0.04284903787014684,0.002189337849915856,True,train
2002-10-15,0.04697107368213247,0.0022344176333206275,True,train
2002-10-16,-0.024537538027873104,0.0022008237051611354,True,train
2002-10-17,0.019677944119578714,0.0022597684928874484,True,train
2002-10-18,0.004182955111386485,0.002267569888028169,True,train
2002-10-21,0.017113541091881675,0.0022677904086015263,True,train
2002-10-22,-0.007234730700709197,0.00221014728110119,True,train
2002-10-23,0.007567366730931397,0.002263024176539112,True,train
2002-10-24,-0.02061000777587082,0.00226974443202722,True,train
2002-10-25,0.020610007775870746,0.002291196443263026,True,train
2002-10-28,-0.006562465528014957,0.002362053428819299,True,train
2002-10-29,-0.011673731331424336,0.0024500341685222346,True,train
2002-10-30,0.009663003394640988,0.0024220781392641152,True,train
2002-10-31,-0.010227722510578664,0.0024838332863878106,True,train
2002-11-01,0.01957666486239853,0.002479059705044376,True,train
2002-11-04,0.009481886246506996,0.0020263990658147338,True,train
2002-11-05,0.00786976667953735,0.0020430817788146746,True,train
2002-11-06,0.012872723002148352,0.0020437341420143883,True,train
2002-11-07,-0.024810834601779914,0.001985009874861436,True,train
2002-11-08,-0.012305466377234507,0.0017888894782306063,True,train
2002-11-12,0.00789979216558704,0.0017249505885874906,True,train
2002-11-13,0.0010112237950080348,0.0017999287922874849,True,train
2002-11-14,0.01869005617486401,0.0018257133437200035,True,train
2002-11-15,0.007357394973926941,0.0018571320955752153,True,train
2002-11-18,-0.010116626245369341,0.0018436915845990096,True,train
2002-11-19,-0.0013271705547845624,0.0018068481051347618,True,train
2002-11-20,0.022000581984618295,0.001770004625670514,True,train
2002-11-21,0.018449451758242134,0.0017845262762993357,True,train
2002-11-22,-0.007146296623609303,0.0017691421573519175,True,train
2002-11-25,0.0006421101076521389,0.0017498542746606817,True,train
2002-11-26,-0.0192251995987541,0.0017661051450342663,True,train
2002-11-27,0.02774671913767734,0.0017838708469261645,True,train
2002-11-29,-0.0031870357259657514,0.001786474167378111,True,train
2002-12-02,0.0015947469861956347,0.001791886630293331,True,train
2002-12-03,-0.013476081018126718,0.0017599537293704337,True,train
2002-12-04,-0.004532770539083498,0.0017632020637410803,True,train
2002-12-05,-0.01109426930917066,0.0017723039021736615,True,train
2002-12-06,0.006540942072435414,0.0017712166301741342,True,train
2002-12-09,-0.027875972305768833,0.0018232267741858967,True,train
2002-12-10,0.013318698193557361,0.0018030721400684978,True,train
2002-12-11,0.0008816601071237478,0.001776632159262808,True,train
2002-12-12,-0.00011018602580870204,0.001775544887263284,True,train
2002-12-13,-0.015879522622412757,0.0017824825971512921,True,train
2002-12-16,0.0255277160014236,0.0018227918653860864,True,train
2002-12-17,-0.008767212888097689,0.0018169383613241483,True,train
2002-12-18,-0.011624768754501566,0.001845756858900864,True,train
2002-12-19,-0.007152459700969633,0.0018643923783923794,True,train
2002-12-20,0.00926597971620143,0.0018468398477928215,True,train
2002-12-23,0.00033330126648541803,0.001830368456845876,True,train
2002-12-24,-0.0074706060459217,0.0018180213502161091,True,train
2002-12-26,0.00044758774390978555,0.0018466223933929146,True,train
2002-12-27,-0.02274242018112595,0.0018594074749959527,True,train
2002-12-30,0.00831964871511989,0.0018711083507729175,True,train
2002-12-31,0.0013610384757503226,0.0018479197705113248,True,train
2003-01-02,0.03168135894718208,0.001857888360370069,True,train
2003-01-03,0.0030698278916355495,0.0020917883186853496,True,train
2003-01-06,0.01747101713462474,0.0020885399843147065,True,train
2003-01-07,-0.002477202241690829,0.0020761898115114787,True,train
2003-01-08,-0.014556024407721727,0.0020980736653736405,True,train
2003-01-09,0.015418309696306113,0.0021028306989156857,True,train
2003-01-10,0.002690053879868853,0.002115402609226387,True,train
2003-01-13,-0.00032241152288769727,0.0021704436332088857,True,train
2003-01-14,0.0032196105379390843,0.002134035062544448,True,train
2003-01-15,-0.010014624035319619,0.002139885500432929,True,train
2003-01-16,-0.004121086914635567,0.0021426989260037617,True,train
2003-01-17,-0.014889622340259008,0.0021426989260037617,True,train
2003-01-21,-0.015674865246836308,0.0021416116540042378,True,train
2003-01-22,-0.012174672328133917,0.0021379284108337844,True,train
2003-01-23,0.006105863880428392,0.002094805717028154,True,train
2003-01-24,-0.026616476475992575,0.0020954580802278674,True,train
2003-01-27,-0.013754737719534612,0.0020848371271694095,True,train
2003-01-28,0.007367219047117083,0.0020648938151050025,True,train
2003-01-29,0.007544595084775155,0.0020709555750464785,True,train
2003-01-30,-0.02399041985245753,0.0020451648912670484,True,train
2003-01-31,0.019121906745849945,0.0020570801552704625,True,train
2003-02-03,0.001973484852428203,0.0020271713195207687,True,train
2003-02-04,-0.009906334733329112,0.002045811084926182,True,train
2003-02-05,-0.00622687546391621,0.002028034967579806,True,train
2003-02-06,-0.004725366580034853,0.0020356219744940736,True,train
2003-02-07,-0.01227154029797811,0.0020380035574385502,True,train
2003-02-10,0.007047797986072886,0.00207332178993001,True,train
2003-02-11,-0.006927904233194,0.0020544718822120417,True,train
2003-02-12,-0.016069962699080998,0.002080694408617828,True,train
2003-02-13,0.003040440221689342,0.002070511430532631,True,train
2003-02-14,0.021622500675202088,0.002082861603335859,True,train
2003-02-18,0.017434718193442958,0.002090448610250123,True,train
2003-02-19,-0.005268988885318899,0.0020414754785560082,True,train
2003-02-20,-0.010028972778264707,0.00203041961669774,True,train
2003-02-21,0.010028972778264754,0.0020269538279271936,True,train
2003-02-24,-0.016333624172589475,0.0020308545254975503,True,train
2003-02-25,0.007963412285532209,0.0020237024273830895,True,train
2003-02-26,-0.014668480328802035,0.001996830603951047,True,train
2003-02-27,0.013128229035698819,0.001976675969833648,True,train
2003-02-28,0.00661790639233874,0.001953925364545323,True,train
2003-03-03,-0.009586500995036242,0.0019563069474898033,True,train
2003-03-04,-0.016063596037753786,0.0020709611364575532,True,train
2003-03-05,0.008423599280775157,0.0020772464831458476,True,train
2003-03-06,-0.008423599280775188,0.002086562709804878,True,train
2003-03-07,0.006864598472903492,0.002113217078837021,True,train
2003-03-10,-0.024296627722706455,0.002158289512960772,True,train
2003-03-11,-0.00988642592646006,0.0021678262601931633,True,train
2003-03-12,0.006684032000744703,0.0021450725887313844,True,train
2003-03-13,0.03395915793918272,0.002069876930631487,True,train
2003-03-14,0.0032144398950046,0.002055577017510135,True,train
2003-03-17,0.031012977387721838,0.002068362099113173,True,train
2003-03-18,0.005859752932036583,0.002082445774768727,True,train
2003-03-19,0.007646236042509358,0.0020635897347038475,True,train
2003-03-20,0.0021577708757968468,0.0021090878791070466,True,train
2003-03-21,0.01709631839012442,0.0021132090972507678,True,train
2003-03-24,-0.03379767950099226,0.002143326188879996,True,train
2003-03-25,0.00952873527444349,0.00211537015962188,True,train
2003-03-26,-0.005040042923865489,0.002128372695624825,True,train
2003-03-27,0.0008035320810638388,0.002117748676392906,True,train
2003-03-28,-0.005061582644109258,0.002162818044343203,True,train
2003-03-31,-0.022981486841392135,0.002194887942464016,True,train
2003-04-01,0.015224595051067685,0.00216433287586152,True,train
2003-04-02,0.023887238062551847,0.002080586861094056,True,train
2003-04-03,-0.004777688522356453,0.002068885985317088,True,train
2003-04-04,0.0059118439333852805,0.0021180796375845634,True,train
2003-04-07,-0.0019288389122396623,0.002141047697272795,True,train
2003-04-08,0.0015887359819830532,0.0020994410519195837,True,train
2003-04-09,-0.013240732808382288,0.0020851368556906724,True,train
2003-04-10,0.005500224183823625,0.0021042042178085474,True,train
2003-04-11,-0.004122307484331677,0.002071916865287824,True,train
2003-04-14,0.020443590328474974,0.002062597572455336,True,train
2003-04-15,0.009287839954026362,0.002011242857816748,True,train
2003-04-16,-0.017188523943775576,0.0020001869959584764,True,train
2003-04-17,0.014735068657140379,0.001992814377270658,True,train
2003-04-21,0.0010044526009957212,0.001959871595376767,True,train
2003-04-22,0.018675550592148267,0.001972871065206251,True,train
2003-04-23,0.009154422939322369,0.0019891219355798358,True,train
2003-04-24,-0.00893543801458213,0.0019852151056625675,True,train
2003-04-25,-0.012445749377837365,0.0019769757355485827,True,train
2003-04-28,0.01714136599455736,0.0020127319430133066,True,train
2003-04-29,0.0034801524213266006,0.001992791697122357,True,train
2003-04-30,-0.0021736444119452004,0.0019964749402928104,True,train
2003-05-01,-0.0001088312492032937,0.0020304884463848392,True,train
2003-05-02,0.014153956285535799,0.0019231101523743584,True,train
2003-05-05,-0.0019329935920048842,0.0019105394589977731,True,train
2003-05-06,0.009414907153608562,0.0018934157048511105,True,train
2003-05-07,-0.005552649226354891,0.0019215849054015667,True,train
2003-05-08,-0.010116341762799639,0.0018158372468726272,True,train
2003-05-09,0.013750419750012143,0.0017187381209357241,True,train
2003-05-12,0.012194561728133282,0.0017963380421283995,True,train
2003-05-13,-0.0017933247300879267,0.0017436816672638349,True,train
2003-05-14,-0.0021139099611853277,0.0017239619419462462,True,train
2003-05-15,0.006328451301430862,0.001682782856111828,True,train
2003-05-16,-0.0025265605558248277,0.0016340271788176201,True,train
2003-05-19,-0.023678593155142178,0.0016457249884211309,True,train
2003-05-20,-0.002052860542445316,0.001681916104685665,True,train
2003-05-21,0.002052860542445373,0.001641171927651057,True,train
2003-05-22,0.009880846825701355,0.001582882569297915,True,train
2003-05-23,0.002028532586379002,0.0015490730359778576,True,train
2003-05-27,0.01734024583604835,0.0015156953452841598,True,train
2003-05-28,0.0028261561020196573,0.001641168861477603,True,train
2003-05-29,-0.0026165696522598655,0.001651572360136161,True,train
2003-05-30,0.015907169312475666,0.0016145175586189144,True,train
2003-06-02,0.004117365933040441,0.0016082322119306235,True,train
2003-06-03,0.004100482721420623,0.0015124168893289464,True,train
2003-06-04,0.014321545232830786,0.0015598709063971775,True,train
2003-06-05,0.004929317872880219,0.001516527692018186,True,train
2003-06-06,-0.003921370290327229,0.0015076463741589621,True,train
2003-06-09,-0.010227440931488198,0.001504174453041504,True,train
2003-06-10,0.010126668817929268,0.001516310237618279,True,train
2003-06-11,0.010523805826888884,0.00149203745153062,True,train
2003-06-12,0.003085936976280526,0.0014658149251248337,True,train
2003-06-13,-0.010491209393037432,0.0014686314168691206,True,train
2003-06-16,0.02087349506443415,0.001448041873951915,True,train
2003-06-17,0.0,0.0014164068846309087,True,train
2003-06-18,-0.0008857350950420027,0.0014309285352597303,True,train
2003-06-19,-0.015378080518690263,0.001504174453041504,True,train
2003-06-20,-0.00581566067412705,0.0015956240476884404,True,train
2003-06-23,-0.010310454920672561,0.0015932424647439637,True,train
2003-06-24,0.0010155223453770425,0.0015691871330562046,True,train
2003-06-25,-0.010099528710968338,0.001565065914912487,True,train
2003-06-26,0.012937625174316004,0.0014918273464117338,True,train
2003-06-27,-0.011605539509985099,0.001536686609243148,True,train
2003-06-30,-0.0003073010270558425,0.0015958457851959103,True,train
2003-07-01,0.009176262840213553,0.001617947093457979,True,train
2003-07-02,0.012506445333460398,0.0015577815527789383,True,train
2003-07-03,-0.010377392082879652,0.0015369684231149108,True,train
2003-07-07,0.01965565822326398,0.0016167140758114248,True,train
2003-07-08,0.004458809279986175,0.0016405519530992806,True,train
2003-07-09,-0.00565112975028571,0.0016143294266934907,True,train
2003-07-10,-0.012807847164943114,0.001613894517893684,True,train
2003-07-11,0.009421687492821301,0.0016333998549848197,True,train
2003-07-14,0.004876414003990306,0.0016394677472732072,True,train
2003-07-15,-0.0021864569900869792,0.0016572407984461295,True,train
2003-07-16,-0.005887398798442952,0.0017382881113686167,True,train
2003-07-17,-0.01431329931407179,0.001715313919333477,True,train
2003-07-18,0.010201614916522762,0.0017413159251659024,True,train
2003-07-21,-0.012437627862254393,0.0017222485630480275,True,train
2003-07-22,0.009014995501925685,0.0018002649959997855,True,train
2003-07-23,0.0007056065634614319,0.0018158635031736495,True,train
2003-07-24,-0.007586138805908736,0.0018056805250884558,True,train
2003-07-25,0.017512580037288252,0.0018715538241824113,True,train
2003-07-28,-0.0036983673445421987,0.001917930984705593,True,train
2003-07-29,-0.004617082171113065,0.001923356929248745,True,train
2003-07-30,-0.0024173849151167804,0.0019640980401098955,True,train
2003-07-31,0.0023167547406326007,0.0019136027276164466,True,train
2003-08-01,-0.008893411285933678,0.0019175199729881964,True,train
2003-08-04,0.0,0.002083691704471355,True,train
2003-08-05,-0.02144445756593221,0.002147834566886442,True,train
2003-08-06,0.0057911763048326854,0.002101688342391092,True,train
2003-08-07,0.010462672378666433,0.0020566085589863205,True,train
2003-08-08,0.0028530565617396926,0.002075675921104192,True,train
2003-08-11,0.0037577127039142367,0.002082616697165654,True,train
2003-08-12,0.009081813229506802,0.002076760126930262,True,train
2003-08-13,-0.005136242985430883,0.002171240601547938,True,train
2003-08-14,0.002722428151275084,0.002210031972090961,True,train
2003-08-15,0.0031167288841485764,0.0021905327673467333,True,train
2003-08-18,0.008595760913135329,0.002186408483029558,True,train
2003-08-19,0.0037746865711912425,0.0021244389476794204,True,train
2003-08-20,-0.004073361819973439,0.002076760126930262,True,train
2003-08-21,0.003180598099404515,0.0020999425748449395,True,train
2003-08-22,-0.009973155700791516,0.0020258311225711083,True,train
2003-08-25,0.001602440648901658,0.001978801598848213,True,train
2003-08-26,0.0017996436006079792,0.0019833577257917408,True,train
2003-08-27,0.00029961327861461934,0.002008489914024549,True,train
2003-08-28,0.006172271878768827,0.0019536663444419504,True,train
2003-08-29,0.006726042070821247,0.001957994601531097,True,train
2003-09-02,0.013317867951018109,0.001957991535357643,True,train
2003-09-03,0.0054326632319714845,0.0019461816436772243,True,train
2003-09-04,0.0004836586709807638,0.0019591841796801623,True,train
2003-09-05,-0.005624547562658094,0.0020075110805214715,True,train
2003-09-08,0.008232078499685123,0.002044129756304792,True,train
2003-09-09,-0.006580247317768031,0.002060812469304729,True,train
2003-09-10,-0.010148417701000657,0.002077286926425132,True,train
2003-09-11,0.002938040013404441,0.0020627652757963105,True,train
2003-09-12,0.001856234355091412,0.0020400054719876166,True,train
2003-09-15,-0.0035201035875891498,0.002036763269963885,True,train
2003-09-16,0.014489537363889375,0.0020725164112551514,True,train
2003-09-17,-0.0019327854733658279,0.002089422711001907,True,train
2003-09-18,0.011732043843004867,0.001996236547329184,True,train
2003-09-19,-0.008930777370388419,0.0019305745702882238,True,train
2003-09-22,-0.010862245395561857,0.0018841974097650385,True,train
2003-09-23,0.003795803664277492,0.0019739147184937578,True,train
2003-09-24,-0.017937278801579068,0.0019665420998059395,True,train
2003-09-25,-0.008242778022672455,0.0019062956518536497,True,train
2003-09-26,-0.003296230703581547,0.0018831101377655146,True,train
2003-09-29,0.009757179860842026,0.0018625236610217595,True,train
2003-09-30,-0.009757179860842026,0.0019060843298006579,True,train
2003-10-01,0.021086807120363534,0.0018872240066282082,True,train
2003-10-02,0.003618007363203103,0.0020059214703252483,True,train
2003-10-03,0.00913339479808024,0.002059012753989623,True,train
2003-10-06,0.004535604597637715,0.0020657403587587483,True,train
2003-10-07,0.003843955536564698,0.0020711528216739647,True,train
2003-10-08,-0.0024969006880409318,0.0020956430621615306,True,train
2003-10-09,0.002688678217914459,0.0021220830429672204,True,train
2003-10-10,0.0027771233328228013,0.0021294525954815846,True,train
2003-10-14,0.0035209164261516515,0.002131613657852704,True,train
2003-10-15,-0.0026633591945767854,0.002133353293051945,True,train
2003-10-16,0.003992455828812047,0.0021207825996753596,True,train
2003-10-17,-0.010969743179258187,0.0019810122365340223,True,train
2003-10-20,0.0074534388811148405,0.001972769800246587,True,train
2003-10-21,-0.0017151057455087845,0.0019853343612762572,True,train
2003-10-22,-0.0126681126490068,0.001956084021073192,True,train
2003-10-23,-0.0018367489524243404,0.0019680023512500637,True,train
2003-10-24,0.0022230073098425153,0.0019719030488204205,True,train
2003-10-27,0.00048255801895999146,0.0019536950888476914,True,train
2003-10-28,0.013514402018137367,0.0019348421149562658,True,train
2003-10-29,0.0013319323521318396,0.0019890133213391475,True,train
2003-10-30,0.002089479521631218,0.0019838152466503806,True,train
2003-10-31,-0.0009492024628062663,0.0019549936829002072,True,train
2003-11-03,0.0065312817626591545,0.0019348390487828084,True,train
2003-11-04,-0.0021723335819174203,0.0020527169333191646,True,train
2003-11-05,0.0007560889040442148,0.002035816765919317,True,train
2003-11-06,0.005277106042240114,0.002004181776598314,True,train
2003-11-07,-0.00745252171083096,0.0020022351024536443,True,train
2003-11-10,-0.004079898475019912,0.0019959497557653534,True,train
2003-11-12,0.011159566223326365,0.00198988492965042,True,train
2003-11-13,0.0002820892298788108,0.001949793115815529,True,train
2003-11-14,-0.008497846692315365,0.0019439353286460244,True,train
2003-11-17,-0.005038261342853306,0.0019491334033347914,True,train
2003-11-18,-0.010442246389262147,0.0019552012956231823,True,train
2003-11-19,0.008438915569540958,0.001912510444443908,True,train
2003-11-20,-0.009016871081291873,0.0019105637702992381,True,train
2003-11-21,0.004134823041746782,0.0019094795644731717,True,train
2003-11-24,0.013155549917143699,0.0018862909842115756,True,train
2003-11-25,0.0037810947480723424,0.001865059493549131,True,train
2003-11-26,0.003578878200450105,0.0018739408114083513,True,train
2003-11-28,0.0007517545864313867,0.0018453367020580848,True,train
2003-12-01,0.010745270875627459,0.0018403560817692212,True,train
2003-12-02,-0.0025124159931748068,0.002045345381979726,True,train
2003-12-03,-0.0015851387028513715,0.002074163879556442,True,train
2003-12-04,0.00409755469602627,0.002081098523270989,True,train
2003-12-05,-0.006994666062066754,0.002080446160071279,True,train
2003-12-08,0.006715828122330485,0.0021203131702252423,True,train
2003-12-09,-0.0077458447145197715,0.002121617896624673,True,train
2003-12-10,-9.363851394655441e-05,0.0021257391147683907,True,train
2003-12-11,0.011180559286338793,0.0021385241963714254,True,train
2003-12-12,0.0019438066449824658,0.0022158809168424387,True,train
2003-12-15,-0.005006044763118604,0.0021926923365808496,True,train
2003-12-16,0.005191012606259984,0.002173624974462978,True,train
2003-12-17,0.00313852682760103,0.0021859751472662024,True,train
2003-12-18,0.01118150421450912,0.002136132197972467,True,train
2003-12-19,-0.007501633244364762,0.0020763175926465337,True,train
2003-12-22,0.006954659420367926,0.0020990712641083195,True,train
2003-12-23,0.0006381302243499785,0.002112943617710878,True,train
2003-12-24,-0.0010029689219236335,0.002085209325960232,True,train
2003-12-26,0.0007294747886080049,0.002142631932887211,True,train
2003-12-29,0.013221298356730268,0.0021190084438258115,True,train
2003-12-30,0.000179874451412477,0.002149784031001672,True,train
2003-12-31,0.0008990243753294659,0.0021996269802954035,True,train
2004-01-02,-0.0004493768614861086,0.002202660926439594,True,train
2004-01-05,0.010819607967252875,0.0023255094934117176,True,train
2004-01-06,0.0009778267161260298,0.0023283198528090965,True,train
2004-01-07,0.003370565970497584,0.002333303539271414,True,train
2004-01-08,0.003976824233661283,0.002306428649665914,True,train
2004-01-09,-0.008770024572066276,0.002282802094431057,True,train
2004-01-12,0.007357879290686957,0.002306418234211436,True,train
2004-01-13,-0.005846448273892983,0.00230988708915544,True,train
2004-01-14,0.008316445805144934,0.0023092377921291804,True,train
2004-01-15,0.0024639116724173905,0.002242923451888503,True,train
2004-01-16,0.00394724053947583,0.0022034840012533294,True,train
2004-01-20,-0.00026271863436425687,0.002213666979338523,True,train
2004-01-21,0.007850031971865934,0.0022667613291763554,True,train
2004-01-22,-0.0026097920021305307,0.0022437932694881237,True,train
2004-01-23,-0.003228225472177377,0.0022132351367121703,True,train
2004-01-26,0.012505611716422251,0.002253758793173414,True,train
2004-01-27,-0.010323253036690502,0.002277596670461266,True,train
2004-01-28,-0.011488813420060095,0.0022695716885737342,True,train
2004-01-29,0.0009698092661539324,0.002203050309387628,True,train
2004-01-30,0.0,0.0021794237541527713,True,train
2004-02-02,0.004308627056014394,0.0021586167568356587,True,train
2004-02-03,-0.001668517984509868,0.002213290920364385,True,train
2004-02-04,-0.00820725885163197,0.0022156725033088617,True,train
2004-02-05,0.002919984668510377,0.002209169702220664,True,train
2004-02-06,0.01115854532327153,0.0021998504093881793,True,train
2004-02-09,0.00026214483748948246,0.0022085173390209503,True,train
2004-02-10,0.003226751277751248,0.0021883627049035514,True,train
2004-02-11,0.01056653890202661,0.0021662613966414827,True,train
2004-02-12,-0.003625052879906263,0.002188148316677102,True,train
2004-02-13,-0.004506501042167034,0.0022150201401091446,True,train
2004-02-17,0.00899271893430963,0.0022208705779976287,True,train
2004-02-18,-0.0043997353707437865,0.0022174017230536247,True,train
2004-02-19,-0.003724724234399904,0.002197899452135943,True,train
2004-02-20,-0.0030420787667406954,0.0022174017230536247,True,train
2004-02-23,-0.0025275729116555857,0.0022150201401091446,True,train
2004-02-24,-0.0017468512781137271,0.0022306217134564696,True,train
2004-02-25,0.004187420865788912,0.0022171842686537213,True,train
2004-02-26,0.0006091962526332944,0.002223687069741919,True,train
2004-02-27,0.0006957227796595509,0.0022306217134564696,True,train
2004-03-01,0.00986258550295261,0.0022035324356245237,True,train
2004-03-02,-0.005871198738781409,0.002066421269923388,True,train
2004-03-03,0.0018168372796710868,0.0020445374160612297,True,train
2004-03-04,0.00258974093261825,0.0020610057408347177,True,train
2004-03-05,0.0033567135519858983,0.002040851106717319,True,train
2004-03-08,-0.012276441821510976,0.002031748051350625,True,train
2004-03-09,-0.004009410812597765,0.0020280678743536257,True,train
2004-03-10,-0.016910726693938182,0.001987976060518735,True,train
2004-03-11,-0.013053373137007326,0.001972160098944964,True,train
2004-03-12,0.01305337313700736,0.0019951312248066497,True,train
2004-03-15,-0.012333741927739842,0.002012034458379948,True,train
2004-03-16,0.005291765099324903,0.001992532187462266,True,train
2004-03-17,0.011119627003475487,0.001971945710718511,True,train
2004-03-18,0.0002653467727382182,0.001958943174715573,True,train
2004-03-19,-0.017936519417462535,0.001985814998147619,True,train
2004-03-22,-0.012777085050891153,0.0020090005122357577,True,train
2004-03-23,-0.0017343114280650423,0.0019951312248066497,True,train
2004-03-24,0.0008219165469528876,0.001988631489891906,True,train
2004-03-25,0.013149107413644813,0.0020081337608095877,True,train
2004-03-26,0.0002702227594861632,0.002021788660012243,True,train
2004-03-29,0.013952445217155917,0.0020330589100969673,True,train
2004-03-30,0.003369438255412506,0.002043459342582068,True,train
2004-03-31,0.0011500620862721792,0.002043459342582068,True,train
2004-04-01,0.005994378963214009,0.0020263386546088627,True,train
2004-04-02,0.007530029601970075,0.002234632329019038,True,train
2004-04-05,0.005480395294723188,0.002234416091553247,True,train
2004-04-06,-0.003214975355798065,0.002261502303211739,True,train
2004-04-07,-0.0023526719682640386,0.002270821596044227,True,train
2004-04-08,-0.002270695358499083,0.0022576016056413788,True,train
2004-04-12,0.003926851273621304,0.00226778764990003,True,train
2004-04-13,-0.014121189078593097,0.0022714708930704867,True,train
2004-04-14,0.001588705597949852,0.0022667077271815265,True,train
2004-04-15,-0.0037994329609337997,0.0021891304861371523,True,train
2004-04-16,0.0076723577829449505,0.0022417899271751744,True,train
2004-04-19,0.0,0.0022671426359813403,True,train
2004-04-20,-0.016921809426159083,0.0022515441288074693,True,train
2004-04-21,0.006678861927753499,0.0022454762365190853,True,train
2004-04-22,0.013925853849723627,0.0021546820712453167,True,train
2004-04-23,0.0009623430169039622,0.0021765659251074786,True,train
2004-04-26,-0.0014001022922316634,0.002109392182721659,True,train
2004-04-27,0.0008753270013216997,0.0020957372835190037,True,train
2004-04-28,-0.0130329718934575,0.0021410271720426616,True,train
2004-04-29,-0.008813748193198457,0.002116109372036306,True,train
2004-04-30,-0.007810109658043399,0.0021269477794946708,True,train
2004-05-03,0.010667506816305392,0.0021327951512096974,True,train
2004-05-04,-0.0008028542213745391,0.001989463569220789,True,train
2004-05-05,0.006404587204741132,0.002045809319602722,True,train
2004-05-06,-0.008638027231316294,0.0020692122880907604,True,train
2004-05-07,-0.01668432535292289,0.0020438626454580486,True,train
2004-05-10,-0.01032960643816371,0.0019283620022309197,True,train
2004-05-11,0.008418003422403042,0.001981021443268942,True,train
2004-05-12,0.006357850280624935,0.001964553118495454,True,train
2004-05-13,-0.0041734690889231995,0.001998145197415601,True,train
2004-05-14,0.0004545112293416761,0.0019762644097269,True,train
2004-05-17,-0.008579065523356945,0.001997930809189155,True,train
2004-05-18,0.0050286099268341666,0.00200356685885119,True,train
2004-05-19,-0.0034716359186047186,0.0019647767052422722,True,train
2004-05-20,0.0031980118122562785,0.0019784285382714734,True,train
2004-05-21,0.001731712703164043,0.001974092931901303,True,train
2004-05-24,0.004180295951114962,0.0019582739041540745,True,train
2004-05-25,0.014226800966216995,0.0019545875948101636,True,train
2004-05-26,0.003480742467554528,0.0019444015505515125,True,train
2004-05-27,0.005597321540061978,0.0019535033889840937,True,train
2004-05-28,-8.862035252977739e-05,0.0019422300727259152,True,train
2004-06-01,-0.0013299778179064782,0.0019170948183196562,True,train
2004-06-02,0.0037194355291410744,0.001981159814838731,True,train
2004-06-03,-0.00923548829841813,0.0019657787620647703,True,train
2004-06-04,0.00790875424789945,0.0019623129732942203,True,train
2004-06-07,0.0151091559191408,0.00195689744420555,True,train
2004-06-08,0.0013940032211322818,0.0019826819956380685,True,train
2004-06-09,-0.009359348335344376,0.0019207063279410123,True,train
2004-06-10,0.004909254710175573,0.001898605019678947,True,train
2004-06-14,-0.009931067734650174,0.0018691341589025176,True,train
2004-06-15,0.007041002771609156,0.0017859270005430201,True,train
2004-06-16,-0.00017539376731922485,0.001798922187264941,True,train
2004-06-17,-0.001492324971499339,0.0017735694784587752,True,train
2004-06-18,-0.0017585916643540912,0.001769448260315054,True,train
2004-06-21,-0.003791392948550991,0.0017794168501738018,True,train
2004-06-22,0.005022698235217657,0.0017761685158031552,True,train
2004-06-23,0.00857701189534597,0.0017961056955206507,True,train
2004-06-24,-0.003142191738779814,0.0018091082315235887,True,train
2004-06-25,-0.004819735589194102,0.001798269824065224,True,train
2004-06-28,-0.003431737286414359,0.001801738679009228,True,train
2004-06-29,0.00413424726423663,0.001774004387258582,True,train
2004-06-30,0.005340355160751883,0.0017503839643706366,True,train
2004-07-01,-0.013980060889721289,0.0018078065712976155,True,train
2004-07-02,-0.0005314426488499404,0.002008763241575711,True,train
2004-07-06,-0.008809042847978718,0.002020026142379408,True,train
2004-07-07,0.002945000835889081,0.002013961316264478,True,train
2004-07-08,-0.006974889821234772,0.0020204610511792183,True,train
2004-07-09,0.0025989252249383455,0.002023712451723319,True,train
2004-07-12,0.0004473663166682961,0.002023712451723319,True,train
2004-07-13,0.0007154519288640473,0.002016777808008765,True,train
2004-07-14,-0.003044177939244938,0.0020044276352055405,True,train
2004-07-15,-0.006477115054461375,0.0019584853834821656,True,train
2004-07-16,-0.0008126402543475727,0.0019389831125644838,True,train
2004-07-19,-0.004254373714425501,0.001927277953679949,True,train
2004-07-20,0.0126196153136304,0.0019043068278182633,True,train
2004-07-21,-0.018624510380958786,0.001879823936611718,True,train
2004-07-22,0.002733943410854544,0.0018707251643525942,True,train
2004-07-23,-0.008408002232091321,0.001873759110496788,True,train
2004-07-26,-0.001929164029991802,0.0018438533409205482,True,train
2004-07-27,0.009335567148909842,0.001818283177714479,True,train
2004-07-28,0.0030017927519034333,0.0018726791877782846,True,train
2004-07-29,0.004259771924680271,0.0019051839946989044,True,train
2004-07-30,0.002438885160889016,0.0019209999562726787,True,train
2004-08-02,0.0020729434762537823,0.0018930408608411088,True,train
2004-08-03,-0.0077730020350963,0.002083758314098842,True,train
2004-08-04,-9.075937042210337e-05,0.0020573213994666065,True,train
2004-08-05,-0.016468765943992214,0.0020573213994666065,True,train
2004-08-06,-0.014402135597332924,0.002056886490666796,True,train
2004-08-09,0.0014028669773197377,0.0021292613739148404,True,train
2004-08-10,0.012814710333913315,0.0021099734912236046,True,train
2004-08-11,-0.002031898642906396,0.002048867641126176,True,train
2004-08-12,-0.010969713670733185,0.002035212741923517,True,train
2004-08-13,0.001961050997684536,0.002031746953152967,True,train
2004-08-16,0.01030219870582249,0.0020341285360974473,True,train
2004-08-17,0.005616704527004941,0.002034998353697068,True,train
2004-08-18,0.010231158074853832,0.0020568822075592297,True,train
2004-08-19,-0.002912532303122518,0.0020733505323327177,True,train
2004-08-20,0.006994027001602112,0.002073133077932811,True,train
2004-08-23,-0.0025376704601136803,0.0020603479963297797,True,train
2004-08-24,0.0013602498492043004,0.0020612178139293967,True,train
2004-08-25,0.006773564036184714,0.0020577489589853927,True,train
2004-08-26,0.0,0.00202806064380906,True,train
2004-08-27,0.0031453495382726456,0.0020209085456946024,True,train
2004-08-30,-0.008289066170797943,0.002027408280609346,True,train
2004-08-31,0.005233740810361031,0.0020007539115772036,True,train
2004-09-01,0.0018882268271254766,0.001999449185177773,True,train
2004-09-02,0.011255162384094356,0.002087749819476438,True,train
2004-09-03,-0.00409434550696172,0.002098367706361449,True,train
2004-09-07,0.006578367155640934,0.0020448488631782807,True,train
2004-09-08,-0.0024840216486792816,0.002027290200231815,True,train
2004-09-09,-0.0008886383932864332,0.0020324882749205783,True,train
2004-09-10,0.005143171746175468,0.002072362634355566,True,train
2004-09-13,0.0032672796081385943,0.00204592571972333,True,train
2004-09-14,0.002025658827451856,0.0020125510952030863,True,train
2004-09-15,-0.007595201970286962,0.0020318359117208647,True,train
2004-09-16,0.0030096184018033796,0.0020192682845177334,True,train
2004-09-17,8.840104464642521e-05,0.0019947780440301675,True,train
2004-09-20,-0.006027855295479322,0.00195642279922106,True,train
2004-09-21,0.004347235370531955,0.00195836947336573,True,train
2004-09-22,-0.012560817403752754,0.001909178887271712,True,train
2004-09-23,-0.00539332636339939,0.0018461159475751353,True,train
2004-09-24,0.004586152054537092,0.0017977951790807377,True,train
2004-09-27,-0.006390365002190979,0.0017655078265600178,True,train
2004-09-28,0.004774127720288242,0.0017683243183043047,True,train
2004-09-29,0.005019709095783857,0.0018207663049424234,True,train
2004-09-30,-0.0007155116781650257,0.0018350705011713382,True,train
2004-10-01,0.016769829661523322,0.00185197373474464,True,train
2004-10-04,0.0016703578880052222,0.001805976232398275,True,train
2004-10-05,0.0005269622371099317,0.0017700056367071053,True,train
2004-10-06,0.006824759826485826,0.0017600370468483575,True,train
2004-10-07,-0.010783459350010014,0.001757655463903881,True,train
2004-10-08,-0.00832005875625846,0.001768058962562439,True,train
2004-10-12,-0.0039024656302847275,0.0017691358191074882,True,train
2004-10-13,-0.008836562744633287,0.0017914545817694569,True,train
2004-10-14,-0.008101597329522097,0.001794271073513749,True,train
2004-10-15,0.005588142007544284,0.0017866840665994813,True,train
2004-10-18,0.003767817899160838,-0.00022558535969933812,True,train
2004-10-19,-0.008452549642337095,-4.110779180155974e-05,True,train
2004-10-20,-0.0019886224230930617,-5.1516119536214436e-05,True,train
2004-10-21,0.006493540480742811,-6.098184419921161e-05,True,train
2004-10-22,-0.011300577014983586,-0.00010395976493242,True,train
2004-10-25,-0.0011825996767866197,-8.484739478421341e-05,True,train
2004-10-26,0.015176445699274836,-8.610515395927193e-05,True,train
2004-10-27,0.011942004043212771,-5.825525814652526e-05,True,train
2004-10-28,0.003007556177521956,-8.692793501345967e-05,True,train
2004-10-29,-0.00017670058011444193,-6.410901101785262e-05,True,train
2004-11-01,0.0027348187769125794,-4.329482298435474e-05,True,train
2004-11-02,0.00035233784045806267,5.312184945920509e-07,True,train
2004-11-03,0.01251493396348733,6.975948500770322e-06,True,train
2004-11-04,0.013562162274925146,8.455946515762564e-06,True,train
2004-11-05,0.006243836064016414,-2.1577466608087292e-07,True,train
2004-11-08,-0.0014505584640644475,-0.00012400361510130943,True,train
2004-11-09,-0.0019659253225439576,-0.0001254836131163034,True,train
2004-11-10,0.0007697581553696107,-0.0001254836131163034,True,train
2004-11-12,0.007859751420173863,-0.00013985307114365228,True,train
2004-11-15,-0.0005052000571792498,-0.00020622931868041067,True,train
2004-11-16,-0.007184901381696707,-0.00023652846026739165,True,train
2004-11-17,0.005920719151055107,-0.0002479379222647595,True,train
2004-11-18,0.0013483571309698171,-0.0002231944898261097,True,train
2004-11-19,-0.01117897580972665,-0.0002483066442074411,True,train
2004-11-22,0.004757911986362735,-0.00029712674344135534,True,train
2004-11-23,0.0015245221875836994,-0.00028646427460466035,True,train
2004-11-24,0.0023668546304867967,-0.0003182434142066336,True,train
2004-11-26,-0.0007602007793542184,-0.000342320081001898,True,train
2004-11-29,-0.004573186532281097,-0.0003504670642375321,True,train
2004-11-30,0.0006788445919626179,-0.00031580371709181466,True,train
2004-12-01,0.011302447846409911,-0.00025542768913231276,True,train
2004-12-02,0.0008383507528778507,2.7506678423501463e-05,True,train
2004-12-03,-0.0006706499575759043,9.652486419957015e-06,True,train
2004-12-06,-0.000335493718494688,4.0027416493176524e-05,True,train
2004-12-07,-0.00935492576686721,3.4027196915920044e-05,True,train
2004-12-08,0.005825525725467413,2.4703125284103455e-06,True,train
2004-12-09,0.003529400041399783,1.2541804207960236e-05,True,train
2004-12-10,0.0010061436760705792,1.831976857075493e-05,True,train
2004-12-13,0.00867757548344529,-3.3384538206901807e-05,True,train
2004-12-14,0.0034831529872113762,-6.368367979388279e-05,True,train
2004-12-15,0.0007447870462417873,-8.879583417521764e-05,True,train
2004-12-16,-0.0005792519200964728,-7.146638011788081e-05,True,train
2004-12-17,-0.011404869651453013,-6.761292419900193e-05,True,train
2004-12-20,0.00025113037541072726,-8.050238421136204e-05,True,train
2004-12-21,0.007671163830362468,-0.00010309905299163424,True,train
2004-12-22,0.0024059489425131792,-0.0001168017453755995,True,train
2004-12-23,0.0007454656715330807,-8.546711620254811e-05,True,train
2004-12-27,-0.002072196082842117,-4.768775702332015e-05,True,train
2004-12-28,0.0054613596268575145,-5.976398466407337e-05,True,train
2004-12-29,0.0014842940343308731,-6.620871467025342e-05,True,train
2004-12-30,-0.0018970137154947176,-9.673011147169792e-05,True,train
2004-12-31,-0.0021487157592427024,-0.00010873055062620915,True,train
2005-01-03,-0.004726962246275715,-7.895614698543753e-05,True,train
2005-01-04,-0.012294732637566278,-1.8995429717741374e-05,True,train
2005-01-05,-0.006924530971190816,-0.00010063015613969578,True,train
2005-01-06,0.0050714204472826555,-0.0001105596201220714,True,train
2005-01-07,-0.0014342813406421,-6.759327373719384e-05,True,train
2005-01-10,0.0047169692651177495,-8.52252105262765e-05,True,train
2005-01-11,-0.006914604611704488,-0.00011552435211325748,True,train
2005-01-12,0.0032946123963516036,-0.00013915650847959836,True,train
2005-01-13,-0.008044388513048837,-0.00012004457367551999,True,train
2005-01-14,0.005257326749862063,-0.00013078727002950423,True,train
2005-01-18,0.010348864913796772,-0.00014241898724133215,True,train
2005-01-19,-0.010517998324872548,-0.00016479340080714083,True,train
2005-01-20,-0.00610897213770018,-0.0001633134027921486,True,train
2005-01-21,-0.006146521181837428,-0.00014945469440465556,True,train
2005-01-24,-0.0019714207365021633,-8.463867240017693e-05,True,train
2005-01-25,0.0028273522774080314,-0.00013234749556178052,True,train
2005-01-26,0.00299010177590266,-0.00014071673401187638,True,train
2005-01-27,0.001704568256593908,-0.00016975813279832865,True,train
2005-01-28,0.0,-0.00016850038999779646,True,train
2005-01-31,0.0061972552401462514,-0.0001678336243544111,True,train
2005-02-01,0.006327266030882558,-0.00023094739312943743,True,train
2005-02-02,0.003022867198103767,2.8059552294068535e-05,True,train
2005-02-03,-0.00260250798910559,-2.2395892929124445e-06,True,train
2005-02-04,0.010619308451943215,1.42008439065755e-05,True,train
2005-02-07,-0.0013316994067710491,2.9237067577311468e-05,True,train
2005-02-08,0.0011653021991187423,2.2267599624922058e-05,True,train
2005-02-09,-0.0075150782751003216,-1.0681394088662977e-07,True,train
2005-02-10,0.0035975802316345804,7.50831824748912e-05,True,train
2005-02-11,0.008565174834564487,3.219706360729768e-05,True,train
2005-02-14,-0.0007454656715331743,2.9334096063836357e-06,True,train
2005-02-15,0.0037219095343847697,-4.477541355521822e-05,True,train
2005-02-16,0.000660244575141158,-2.7365731980597344e-05,True,train
2005-02-17,-0.008117968021438982,-2.5294756808461744e-05,True,train
2005-02-18,0.0013298649693999419,1.5969336346965263e-05,True,train
2005-02-22,-0.014979994179281853,-7.51635329115756e-06,True,train
2005-02-23,0.007141374525539345,-2.3143554119036888e-05,True,train
2005-02-24,0.006591879454924961,-3.5588503702471685e-05,True,train
2005-02-25,0.009848239900579306,-8.374183729300058e-05,True,train
2005-02-28,-0.006609980770266457,-0.00012152119647223202,True,train
2005-03-01,0.00496160864046561,-0.00010574752891612596,True,train
2005-03-02,-0.0004950923171307346,-0.0001141428833535095,True,train
2005-03-03,0.00041258346130638556,-0.00010421341937113388,True,train
2005-03-04,0.012379761368315713,-0.00011562288136850174,True,train
2005-03-07,0.0004887386668618751,-0.00011844084970131022,True,train
2005-03-08,-0.003753260601480618,-0.00015992719807119728,True,train
2005-03-09,-0.011179734964267973,-0.0001213346065203607,True,train
2005-03-10,0.0022294435070391015,-7.718630582119294e-05,True,train
2005-03-11,-0.007035566692604674,-0.00011200566897043816,True,train
2005-03-14,0.0062104286372541406,-0.00010245447620605384,True,train
2005-03-15,-0.00828917217272343,-0.00016808373058213762,True,train
2005-03-16,-0.008526312908655864,-0.00016334125380541333,True,train
2005-03-17,0.0020127301359624916,-0.00015318953460857591,True,train
2005-03-18,-0.006893677485931724,-0.0001897773901982109,True,train
2005-03-21,-0.0037187537999654094,-0.00020562684624055375,True,train
2005-03-22,-0.010212828752209671,-0.00020088436946382945,True,train
2005-03-23,0.0008550532668771358,-0.00028519059749037255,True,train
2005-03-24,0.001195860653434692,-0.0002800036102847247,True,train
2005-03-28,0.0014501872548595412,-0.0003445973770747398,True,train
2005-03-29,-0.006671242596319482,-0.0003450418875036651,True,train
2005-03-30,0.014060148390093815,-0.0003473351178902642,True,train
2005-03-31,-0.001863312314086627,-0.00036726028506594774,True,train
2005-04-01,-0.004503162209959499,-0.00035169932344899894,True,train
2005-04-04,0.0017016676472381388,-0.00020158064262477612,True,train
2005-04-05,0.004749438057754975,-0.00018269096303516127,True,train
2005-04-06,0.003462954017095145,-0.0001968381658480501,True,train
2005-04-07,0.005381777196618995,-0.00016609451383214555,True,train
2005-04-08,-0.010453626428821078,-0.00014491160385593158,True,train
2005-04-11,0.0007623901363523366,-0.0001943226802469892,True,train
2005-04-12,0.005152261303766502,-0.00022320806302991367,True,train
2005-04-13,-0.011864494229663616,-0.00020839409457363602,True,train
2005-04-14,-0.013129346455059289,-0.00016816548900428115,True,train
2005-04-15,-0.014092048877942128,-0.00014459957184887427,True,train
2005-04-18,0.0030614366511757295,-0.0001539285093987968,True,train
2005-04-19,0.007916214169319015,-0.00014348829577656534,True,train
2005-04-20,-0.014048488654530624,-0.0001251895933440956,True,train
2005-04-21,0.01923386419242502,-0.00015970647376158977,True,train
2005-04-22,-0.0038000083547719884,-0.00022364302418352924,True,train
2005-04-25,0.006554591222115324,-0.0002306787313468544,True,train
2005-04-26,-0.009761273798013755,-0.00023290572252251777,True,train
2005-04-27,0.003898680100548574,-0.0002507599145260657,True,train
2005-04-28,-0.01261713137239949,-0.00024683067012094655,True,train
2005-04-29,0.013481422467357129,-0.00024393691330189433,True,train
2005-05-02,0.005599855439919275,-0.00032786487011045133,True,train
2005-05-03,0.0017167124236893282,-0.00016690361194291077,True,train
2005-05-04,0.007689072754261737,-0.00021757243113450057,True,train
2005-05-05,-0.0003404912842157489,-0.00020667371877699202,True,train
2005-05-06,-0.0031550037153868188,-0.0001572626423859344,True,train
2005-05-09,0.006215194918743464,-0.00027586349561551163,True,train
2005-05-10,-0.010408772673402856,-0.00027683274399064803,True,train
2005-05-11,0.005473836791735985,-0.0002563070503825114,True,train
2005-05-12,-0.01106406023974919,-0.00024838232236134086,True,train
2005-05-13,-0.001985546725238994,-0.00025712028275412004,True,train
2005-05-16,0.009289605865490089,-0.0002696314715484871,True,train
2005-05-17,0.0066558720247603224,-0.0002711114695634811,True,train
2005-05-18,0.01023826746160596,-0.0002927388899686186,True,train
2005-05-19,0.004200274960102064,-0.00026821771274442886,True,train
2005-05-20,-0.0014260995356347103,-0.00033696297915402837,True,train
2005-05-23,0.005525305212082933,-0.00037244910794665895,True,train
2005-05-24,-0.002340345273540988,-0.00035911513750537527,True,train
2005-05-25,-0.0007533911579083309,-0.00034251868830235954,True,train
2005-05-26,0.005345367874328035,-0.00031762878913548995,True,train
2005-05-27,0.0016645608978855312,-0.00035563040352918143,True,train
2005-05-31,-0.006423887541765074,-0.00035563040352918143,True,train
2005-06-01,0.008500731486604325,-0.0003470389098646238,True,train
2005-06-02,0.0021553695978129375,-0.00026104533948555914,True,train
2005-06-03,-0.005064147646261844,-0.0002834197530513678,True,train
2005-06-06,-0.000915946683242044,-0.0002522411398818442,True,train
2005-06-07,0.0007494386708500908,-0.00027461555344765465,True,train
2005-06-08,-0.0018329749380436979,-0.0002741710430187311,True,train
2005-06-09,0.004742299982752903,-0.0002935052330372695,True,train
2005-06-10,-0.0023267952024709723,-0.000333209100660415,True,train
2005-06-13,0.00315645153454563,-0.0003860246835103824,True,train
2005-06-14,0.002319407736830967,-0.0003611347843435111,True,train
2005-06-15,0.001901184539919206,-0.00035935230359677127,True,train
2005-06-16,0.0025568506710144374,-0.0003782419831863861,True,train
2005-06-17,-0.0003295511248753117,-0.00036387252515903724,True,train
2005-06-20,0.00032955112487525947,-0.0003815044619481199,True,train
2005-06-21,0.0005764375671832267,-0.0003690595123646851,True,train
2005-06-22,0.0008228972958140328,-0.00038750468152537465,True,train
2005-06-23,-0.01416582593517086,-0.00037275695228003447,True,train
2005-06-24,-0.007368960148215981,-0.000371499209479504,True,train
2005-06-27,0.0014277763770933465,-0.00035342276226149605,True,train
2005-06-28,0.008357758531140265,-0.00037853491664282743,True,train
2005-06-29,-0.0026668879073991404,-0.00038290867147687015,True,train
2005-06-30,-0.0054391290953994436,-0.0003704637218934336,True,train
2005-07-01,0.002932417797902439,-0.00041424330064992153,True,train
2005-07-05,0.007999368528295468,-0.0003451091261060784,True,train
2005-07-06,-0.008417722761554398,-0.00035970083934789253,True,train
2005-07-07,0.003925942399681977,-0.0003607363269339612,True,train
2005-07-08,0.011356716461131658,-0.0002956980497150208,True,train
2005-07-11,0.005097460196124242,-0.0003393311617432837,True,train
2005-07-12,0.0026208015723847345,-0.0003619278305235559,True,train
2005-07-13,0.0013894985050514812,-0.00034200266334787413,True,train
2005-07-14,0.003912969443457839,-0.000347189650553522,True,train
2005-07-15,-0.000569744261342774,-0.0003523766377591716,True,train
2005-07-18,-0.003996888343339236,-0.00035089663974417935,True,train
2005-07-19,0.0054611390752606955,-0.0003871157733911293,True,train
2005-07-20,0.003408311340469879,-0.00037148857256324996,True,train
2005-07-21,-0.005849880266980289,-0.0004077879337274874,True,train
2005-07-22,0.006659650112524361,-0.0004076414669992659,True,train
2005-07-25,-0.002837098886429347,-0.0003803825489595552,True,train
2005-07-26,0.0012168410800721652,-0.0003828317953496838,True,train
2005-07-27,0.0036418490673565044,-0.00038905427014140036,True,train
2005-07-28,0.006281215508638513,-0.0004133531921511266,True,train
2005-07-29,-0.006685231609188494,-0.000395801482879328,True,train
2005-08-01,-0.0007275665312473582,-0.0004143224405262578,True,train
2005-08-02,0.005966780007384169,-0.00029514666603388563,True,train
2005-08-03,0.0026494482219544314,-0.0003157385988529545,True,train
2005-08-04,-0.008050276853541703,-0.00030536462444165705,True,train
2005-08-05,-0.006812710635908452,-0.0003105516116473049,True,train
2005-08-08,-0.0018734639022012435,-0.00033403730128542426,True,train
2005-08-09,0.006015282818499962,-0.00038492837569147585,True,train
2005-08-10,-0.0004863615392314648,-0.0003454467632827921,True,train
2005-08-11,0.003965191201726106,-0.00036707418368792967,True,train
2005-08-12,-0.006156874153222973,-0.0004019597860481089,True,train
2005-08-15,0.006156874153222991,-0.00038840356039236516,True,train
2005-08-16,-0.013088026667931624,-0.0004077377504109036,True,train
2005-08-17,-8.184719445528391e-05,-0.00036929162558828853,True,train
2005-08-18,-8.179145518618401e-05,-0.00038884807082128874,True,train
2005-08-19,0.002288881691719977,-0.00037180711118934597,True,train
2005-08-22,0.0,-0.0003894390479784321,True,train
2005-08-23,-0.001879804058057494,-0.00038321657318671556,True,train
2005-08-24,-0.00895684808501229,-0.0003703271131743537,True,train
2005-08-25,0.0036252393323280728,-0.0003512151783702771,True,train
2005-08-26,-0.006849576661295989,-0.00035469991234647266,True,train
2005-08-29,0.0076717248826911905,-0.00041055571874371033,True,train
2005-08-30,-0.005273138816425145,-0.00040285324593700156,True,train
2005-08-31,0.012560184400427141,-0.0003060358291160879,True,train
2005-09-01,-0.0007345164356614015,-0.00030550154189456884,True,train
2005-09-02,-0.0017976898585437156,-0.0003527458640770406,True,train
2005-09-06,0.011627568026794271,-0.0004076324220991436,True,train
2005-09-07,0.0016962704551873365,-0.0004259311245316151,True,train
2005-09-08,-0.0033143691149602156,-0.00047726670936659027,True,train
2005-09-09,0.008867438039101717,-0.00047726670936659027,True,train
2005-09-12,-0.00200843612855952,-0.0004884539161494946,True,train
2005-09-13,-0.005564264233810977,-0.0005142328361742131,True,train
2005-09-14,-0.0036456845388113716,-0.0004961563889562034,True,train
2005-09-15,-0.00048707224899542206,-0.0005028233741768452,True,train
2005-09-16,0.002838019111075785,-0.00047941347302496787,True,train
2005-09-19,-0.003325390697305482,-0.0005508964802500883,True,train
2005-09-20,-0.008484943527596942,-0.0005064501358502168,True,train
2005-09-21,-0.009384324369079652,-0.0005580882034169395,True,train
2005-09-22,0.003549994859539543,-0.0005740841261875039,True,train
2005-09-23,0.0008238414175366319,-0.0005614169213896073,True,train
2005-09-26,0.001152163629942913,-0.0006050500334178702,True,train
2005-09-27,-0.00024677151192072707,-0.0006372736834487688,True,train
2005-09-28,0.0009867208808571522,-0.0006576433610533776,True,train
2005-09-29,0.008103883303606988,-0.0006797955194047245,True,train
2005-09-30,0.0030931831446133103,-0.00071949938702787,True,train
2005-10-03,-0.003582502142109129,-0.0007363180914453475,True,train
2005-10-04,-0.011319924462831513,-0.000531511273011152,True,train
2005-10-05,-0.013203463369446344,-0.0005426984797940581,True,train
2005-10-06,-0.00360089419458477,-0.0005424762245795928,True,train
2005-10-07,0.0034337261349666635,-0.000531289017796692,True,train
2005-10-11,-0.0014344023876180587,-0.0005183995577843319,True,train
2005-10-12,-0.007883737726035275,-0.0005287735321956293,True,train
2005-10-13,-0.0005959196084349506,-0.0005398805114612496,True,train
2005-10-14,0.010504102271466158,-0.0005443205055062263,True,train
2005-10-17,0.0037009247698327197,-0.0005900245927066249,True,train
2005-10-18,-0.010889407513722861,-0.0005798066342988569,True,train
2005-10-19,0.016498683141751683,-0.0005606946994947768,True,train
2005-10-20,-0.01777263573019937,-0.0005632101850958394,True,train
2005-10-21,0.003901608795017479,-0.0005947670694833491,True,train
2005-10-24,0.015372656538945486,-0.0005672858962291801,True,train
2005-10-25,-0.0020026530680542424,-0.0005679526618725655,True,train
2005-10-26,-0.002927757064888112,-0.0005951453407013422,True,train
2005-10-27,-0.0106962258328387,-0.0006315867295627556,True,train
2005-10-28,0.014292000872031412,-0.0006249197443421155,True,train
2005-10-31,0.0027507557147485053,-0.0006616636159352731,True,train
2005-11-01,0.0029922773357913064,-0.0006678860907269914,True,train
2005-11-02,0.010403017757039253,-0.0003632517348812741,True,train
2005-11-03,0.004261924738311244,-0.00035725151530401934,True,train
2005-11-04,-0.0013094038577051105,-0.0003676254897153203,True,train
2005-11-07,0.0009822604099382418,-0.000361403014923602,True,train
2005-11-08,0.0,-0.0003676254897153203,True,train
2005-11-09,0.001308119154063577,-0.0003744389416641819,True,train
2005-11-10,0.007732077464865211,-0.0003991823741028317,True,train
2005-11-14,-0.0005657684008606118,-0.0004072535688522238,True,train
2005-11-15,-0.003644798730461632,-0.00043821947608259186,True,train
2005-11-16,0.0020265074363555765,-0.00043133023564748824,True,train
2005-11-17,0.009269413394605084,-0.0004192540080067333,True,train
2005-11-18,0.003923597701612296,-0.0003822878811991122,True,train
2005-11-21,0.005022170740326898,-0.00040310206923264286,True,train
2005-11-22,0.0042847078517531416,-0.0004230272364083264,True,train
2005-11-23,0.005763215906588842,-0.00038383411842504017,True,train
2005-11-25,0.0007868939317119747,-0.0004096130384497552,True,train
2005-11-28,-0.007104496998959761,-0.000396501323222935,True,train
2005-11-29,-0.0011097577170359242,-0.00039354132719295054,True,train
2005-11-30,-0.005407509604466566,-0.00043095196442949693,True,train
2005-12-01,0.010154777847618451,-0.00045776637204028407,True,train
2005-12-02,0.0012620971316169808,-0.00032732933210083935,True,train
2005-12-05,-0.002130740203537181,-0.0003019949225050427,True,train
2005-12-06,0.0018942220527645496,-0.0003138488949313359,True,train
2005-12-07,-0.005852115232988051,-0.00031569761488900797,True,train
2005-12-08,-0.0006347336810500681,-0.0002970301905138549,True,train
2005-12-09,0.002615638384686973,-0.0002648065404829581,True,train
2005-12-12,0.0009494036457019157,-0.0002972524457283184,True,train
2005-12-13,0.006778088914825256,-0.00029473696012725925,True,train
2005-12-14,0.003919729145089907,-0.0002972524457283184,True,train
2005-12-15,-0.002899082282689838,-0.0002772514900663929,True,train
2005-12-16,-0.008510703994948658,-0.0002571040676762476,True,train
2005-12-19,-0.005157321120256151,-0.0002541440716462631,True,train
2005-12-20,0.0009541445118023477,-0.00025910880363745094,True,train
2005-12-21,0.0015881600078965204,-0.0002973326732456025,True,train
2005-12-22,0.005223212721085362,-0.000297554928460066,True,train
2005-12-23,0.0005523747906078841,-0.00028296321521825187,True,train
2005-12-27,-0.010228855774627461,-0.0002822964495748665,True,train
2005-12-28,0.002229113079196524,-0.00028185193914594293,True,train
2005-12-29,-0.004463206206670258,-0.000274593976768156,True,train
2005-12-30,-0.005446551651757716,-0.00029348365635777085,True,train
2006-01-03,0.017436012119186186,-0.00031904032116802754,True,train
2006-01-04,0.0047244662957138485,-0.0002880507297922004,True,train
2006-01-05,0.000628193844785235,-0.00025627159019022544,True,train
2006-01-06,0.008287164848352981,-0.00026893879498812376,True,train
2006-01-09,0.0025660122352417457,-0.00030716266459627876,True,train
2006-01-10,0.0010089621296593323,-0.00030716266459627876,True,train
2006-01-11,0.003175740833141389,-0.00033938631462717556,True,train
2006-01-12,-0.003951766063476638,-0.000358720504645714,True,train
2006-01-13,-0.0009321919112824456,-0.00031257190701639015,True,train
2006-01-17,-0.0027235599280435903,-0.0002788682589704959,True,train
2006-01-18,-0.003982063690106285,-0.0002863484765627481,True,train
2006-01-19,0.003826170044930037,-0.0002940509493694586,True,train
2006-01-20,-0.01840539882488364,-0.0003121273965874631,True,train
2006-01-23,0.0035658895056132956,-0.00030294492576576036,True,train
2006-01-24,0.0010278285459166061,-0.00029153546376839423,True,train
2006-01-25,0.0008688488950266343,-0.0002842775013906073,True,train
2006-01-26,0.005511366887210692,-0.0003345775986395138,True,train
2006-01-27,0.009222360822997894,-0.00034768931386633915,True,train
2006-01-30,-0.0007781994819451504,-0.0003638412526404296,True,train
2006-01-31,-0.007345523630977949,-0.0003717659806615984,True,train
2006-02-01,0.006956137250624235,-0.0003956203922424028,True,train
2006-02-02,-0.011673115104500795,-0.00021207787132017722,True,train
2006-02-03,-0.004976941879377194,-0.0001966729257067562,True,train
2006-02-06,0.0026100527920925876,-0.00019993540446849,True,train
2006-02-07,-0.0088860875821045,-0.00020860712565033517,True,train
2006-02-08,0.009044086732298992,-0.00019889991688242306,True,train
2006-02-09,-0.001659875329956069,-0.00027393389729467137,True,train
2006-02-10,0.0018177892756190007,-0.0002963083108604818,True,train
2006-02-13,-0.0018177892756189515,-0.00028779260568216267,True,train
2006-02-14,0.010544607606255705,-0.0002890503484826966,True,train
2006-02-15,0.0035162915980924757,-0.0002691251813070096,True,train
2006-02-16,0.0074604535614456735,-0.000292979592887814,True,train
2006-02-17,-0.002713542788901589,-0.00028779260568216267,True,train
2006-02-21,-0.00248730840737663,-0.00027320089244035027,True,train
2006-02-22,0.0060521502994583636,-0.00030246454644126605,True,train
2006-02-23,-0.0014708919773459984,-0.00028935283121444416,True,train
2006-02-24,0.002553305762895963,-0.0003136517532241669,True,train
2006-02-27,0.00038631784583362147,-0.000303433794816399,True,train
2006-02-28,-0.009546511825623386,-0.0003049137928313912,True,train
2006-03-01,0.008850985034512806,-0.00026646766800877443,True,train
2006-03-02,-7.72581997135717e-05,-0.00023143403254018494,True,train
2006-03-03,-0.004649056218523512,-0.00021298886337949192,True,train
2006-03-06,-0.0045926703129764825,-0.0002464702562109209,True,train
2006-03-07,-0.0015616224671081865,-0.0002218026122585131,True,train
2006-03-08,0.002107680147841855,-0.0002218026122585131,True,train
2006-03-09,-0.006728827755219305,-0.000172391535867452,True,train
2006-03-10,0.009454296422281913,-0.00015846658826902497,True,train
2006-03-13,0.0018647002129980592,-0.0001713560482813868,True,train
2006-03-14,0.01042433186561112,-0.00018053851910308956,True,train
2006-03-15,0.004445487964497943,-0.00010883325666350384,True,train
2006-03-16,0.0020627554537879637,-0.00014979486708718154,True,train
2006-03-17,-0.0031339882075862063,-0.00012630917744906565,True,train
2006-03-20,-0.0016089453423793541,-0.00013023842185418306,True,train
2006-03-21,-0.0063077695621919705,-0.00014268337143761786,True,train
2006-03-22,0.006077708758892163,-0.00020024143106430782,True,train
2006-03-23,-0.0020730497405904266,-0.00022409584264511222,True,train
2006-03-24,0.000768332096048376,-0.00025113250547036114,True,train
2006-03-27,-0.001460265666124764,-0.00022513133023117915,True,train
2006-03-28,-0.006171930059627298,-0.0002064639058560261,True,train
2006-03-29,0.006248796098647283,-0.00024906153029822034,True,train
2006-03-30,-0.0017703558941502663,-0.0002723912039328154,True,train
2006-03-31,0.0002310886944204431,-0.0002589107667633102,True,train
2006-04-03,-0.0007705818262050205,-0.0002258738843608065,True,train
2006-04-04,0.0063775378668642115,-0.00011694396375362161,True,train
2006-04-05,0.0034407417199286863,-0.00010553450175625548,True,train
2006-04-06,-0.001069187479243891,-9.390278454442756e-05,True,train
2006-04-07,-0.010214764830740868,-9.456955018781292e-05,True,train
2006-04-10,0.0015428281984520068,-0.00011434825063527318,True,train
2006-04-11,-0.008514689438688319,-0.00011434825063527318,True,train
2006-04-12,0.0018639760692133029,-0.0001342734178109567,True,train
2006-04-13,-0.00131991293118897,-0.00014116265824606206,True,train
2006-04-17,-0.0003885693777135897,-0.00014553641308010304,True,train
2006-04-18,0.015731302834524483,-0.00011479276106420022,True,train
2006-04-19,0.0019109503681213925,-3.856727706235373e-05,True,train
2006-04-20,0.001373687130793263,-3.278931269955904e-05,True,train
2006-04-21,0.00015242499468964745,-7.079092709325052e-05,True,train
2006-04-24,-0.001831567608187886,-0.0001021255562663019,True,train
2006-04-25,-0.004133567945070681,-7.87958826317086e-05,True,train
2006-04-26,0.00023007846526114297,-0.00011272178589206115,True,train
2006-04-27,0.004819692613832798,-0.0001014683398982228,True,train
2006-04-28,0.003352402693261653,-4.1905544310329515e-05,True,train
2006-05-01,-0.008172095307094587,-3.681674702174509e-06,True,train
2006-05-02,0.007487321943445573,3.3033335733182595e-05,True,train
2006-05-03,-0.0037366534893554086,6.132774135896024e-05,True,train
2006-05-04,0.0035843792099814046,5.466075613832014e-05,True,train
2006-05-05,0.008791959321294897,3.0584089343057425e-05,True,train
2006-05-08,-0.001208122007105727,4.369580456987758e-05,True,train
2006-05-09,0.0019623714579398684,1.3396662982894866e-05,True,train
2006-05-10,-0.0005279033641698216,1.9619137774613132e-05,True,train
2006-05-11,-0.012144408109516046,-2.3347208610266165e-05,True,train
2006-05-12,-0.01314436418907722,-1.489774264288625e-05,True,train
2006-05-15,0.002009697679705136,-2.45247238935091e-05,True,train
2006-05-16,-0.0014682777120910212,-3.1782686271297766e-05,True,train
2006-05-17,-0.01920732941121256,-4.029839144961342e-05,True,train
2006-05-18,-0.0050580949997496094,-1.563074749720214e-05,True,train
2006-05-19,0.007026987173527589,-2.740893143725158e-05,True,train
2006-05-22,-0.0076610668667681575,-6.370829260149251e-05,True,train
2006-05-23,-0.00764030061190927,-5.229883060412291e-05,True,train
2006-05-24,0.00795739071566077,-6.393054781595256e-05,True,train
2006-05-25,0.01228849790911609,-7.392625100926045e-05,True,train
2006-05-26,0.005075966581524039,-9.200269822727015e-05,True,train
2006-05-30,-0.017919423047363086,-7.289076342319525e-05,True,train
2006-05-31,0.01111957877855785,-9.222495344173368e-05,True,train
2006-06-01,0.00952234483333901,-0.00012919108024935476,True,train
2006-06-02,0.0020952498794478322,-9.2547978072283e-05,True,train
2006-06-05,-0.014680860526997005,-1.6691216013121554e-05,True,train
2006-06-06,-0.0024416598403413097,-9.291670001496805e-05,True,train
2006-06-07,-0.00751970104609803,-8.373422919326357e-05,True,train
2006-06-08,-0.0008743739683871811,-0.00013091831440865953,True,train
2006-06-09,-0.00318599654849321,-0.0001229935863874855,True,train
2006-06-12,-0.010908912468659254,-0.0001354385359709203,True,train
2006-06-13,-0.011681765086430209,-0.00013418079317038985,True,train
2006-06-14,0.007722021191766175,-0.0001620306883672474,True,train
2006-06-15,0.02099270038635746,-0.00022625573321458092,True,train
2006-06-16,-0.011724034243515693,-0.00023314497364968455,True,train
2006-06-19,-0.007893109262881181,-0.00023981195887032812,True,train
2006-06-20,0.003390366326814996,-0.00027159109847230134,True,train
2006-06-21,0.007386671916140745,-0.0002653686236805831,True,train
2006-06-22,-0.004409379405873124,-0.00027951582649347016,True,train
2006-06-23,-0.0001606801364953212,-0.0003003300145270008,True,train
2006-06-26,0.00441002536233939,-0.00033233140934343756,True,train
2006-06-27,-0.008678191827927168,-0.00031988645976000277,True,train
2006-06-28,0.006756209448635876,-0.0003144772173398931,True,train
2006-06-29,0.019999052995855447,-0.00034522086935579593,True,train
2006-06-30,7.858681135723522e-05,-0.00026255065534777286,True,train
2006-07-03,0.004077191383762572,-0.0002273670092868916,True,train
2006-07-05,-0.0057284525077954404,-6.050847044372122e-05,True,train
2006-07-06,0.002907571444284548,-9.169663288855281e-05,True,train
2006-07-07,-0.00653418440620905,-8.3549649652917e-05,True,train
2006-07-10,0.001893773663405444,-5.1325999622021945e-05,True,train
2006-07-11,0.004404987719715705,-5.7548474413738476e-05,True,train
2006-07-12,-0.010731583891383343,-8.391837159560031e-05,True,train
2006-07-13,-0.01639711223958437,-7.621589878889154e-05,True,train
2006-07-14,-0.0038785065058185237,-2.5324824382838215e-05,True,train
2006-07-17,-0.0014583192270458316,-3.98589840309993e-06,True,train
2006-07-18,0.005094870824645191,-4.695224478797576e-05,True,train
2006-07-19,0.01377896666395756,-9.828782962295092e-05,True,train
2006-07-20,-0.006865751029429276,-6.0877192386402795e-05,True,train
2006-07-21,-0.007074592471024697,-3.541387974172888e-06,True,train
2006-07-24,0.018068945156217774,-1.6430847986534727e-05,True,train
2006-07-25,0.003559180984656229,-4.1765257582327894e-05,True,train
2006-07-26,0.0013412615152214654,-3.428503999008091e-05,True,train
2006-07-27,-0.0009466179309755137,1.0383559624254149e-05,True,train
2006-07-28,0.00997302435601477,3.949119762163868e-05,True,train
2006-07-31,-0.001016338139175691,9.45337716472712e-05,True,train
2006-08-01,-0.004939808956408207,9.327602884674248e-05,True,train
2006-08-02,0.006737202138766662,8.550959378816197e-05,True,train
2006-08-03,0.0026510451229338145,6.684216941300891e-05,True,train
2006-08-04,-0.0017146074256663103,6.187743742181936e-05,True,train
2006-08-07,-0.0023428001668598392,0.00011173302424180402,True,train
2006-08-08,-0.0038384587790418288,7.624689544917344e-05,True,train
2006-08-09,-0.003380641556989813,0.00011647550101852831,True,train
2006-08-10,0.0030666379864595717,8.714560780668026e-05,True,train
2006-08-11,-0.0028304178298584537,6.803367300260363e-05,True,train
2006-08-14,0.0007870177727203374,6.262443058249224e-05,True,train
2006-08-15,0.011887245942424735,4.10632493882887e-05,True,train
2006-08-16,0.008283963742278272,7.847388662483683e-05,True,train
2006-08-17,0.0025411158823315516,0.00012210699865310148,True,train
2006-08-18,0.005062941614469253,9.677258905730832e-05,True,train
2006-08-21,-0.0042941369786012205,0.00010343957427794842,True,train
2006-08-22,-7.692423154605965e-05,0.00010862656148359628,True,train
2006-08-23,-0.0027705160458527034,9.099462469451362e-05,True,train
2006-08-24,-0.0008480831260333317,8.329215188780312e-05,True,train
2006-08-25,0.0012333591895603295,6.440247229818653e-05,True,train
2006-08-28,0.004764804130420582,6.188698669712563e-05,True,train
2006-08-29,0.0011494515531742298,5.0477524699759496e-05,True,train
2006-08-30,0.0006124776594195654,4.921978189923078e-05,True,train
2006-08-31,-0.00015311345018277156,8.122117671566752e-05,True,train
2006-09-01,0.0059528435466769634,0.00012714751913052783,True,train
2006-09-05,0.001900490924984684,9.795607467729013e-05,True,train
2006-09-06,-0.008848968372410303,9.10668342421865e-05,True,train
2006-09-07,-0.004607878892220464,7.817737422982467e-05,True,train
2006-09-08,0.002844039840960892,8.587984703653517e-05,True,train
2006-09-11,0.0009973907121276083,9.876930704889701e-05,True,train
2006-09-12,0.009767332510851816,7.321264223864032e-05,True,train
2006-09-13,0.004016516876626467,8.883984306652139e-05,True,train
2006-09-14,7.558712010616368e-05,0.00010795177787059976,True,train
2006-09-15,-0.002043901019474664,8.239511306034307e-05,True,train
2006-09-18,0.0013630647443359332,4.565124146718204e-05,True,train
2006-09-19,-0.00250048878055144,4.6908984267714227e-05,True,train
2006-09-20,0.005296599619619098,0.00010965403110005725,True,train
2006-09-21,-0.0048415210296937575,7.809714671254235e-05,True,train
2006-09-22,-0.0030378537985921664,0.0001395844507443532,True,train
2006-09-25,0.007652960393548345,0.0001514384231706429,True,train
2006-09-26,0.008268904617948138,0.0001772173431953631,True,train
2006-09-27,0.0011970946942471748,0.00014025121638773855,True,train
2006-09-28,-0.0003739524425602614,0.00017180810077524825,True,train
2006-09-29,-0.0008231422516868902,0.00014973616994118713,True,train
2006-10-02,-0.003750098095712814,0.00012565950314592442,True,train
2006-10-03,0.0021017781099316123,0.0001621350154999892,True,train
2006-10-04,0.011629753602779172,0.00015717028350880485,True,train
2006-10-05,0.0019251728689369375,0.00019932339752207553,True,train
2006-10-06,-0.0012583604089123357,0.00016087727269946048,True,train
2006-10-10,0.0013316168128655066,0.00011057717545055398,True,train
2006-10-11,-0.001183546696481869,4.805438383267274e-05,True,train
2006-10-12,0.008622317846139434,2.1017721007423815e-05,True,train
2006-10-13,0.002564994252431294,4.264514141256309e-05,True,train
2006-10-16,0.00153575525954294,2.2053208593494217e-05,True,train
2006-10-17,-0.003147249996053821,4.264514141256309e-05,True,train
2006-10-18,0.0013186278524679102,6.175707621664146e-05,True,train
2006-10-19,0.0016093728829527174,3.7902664635837066e-05,True,train
2006-10-20,0.00021924926063323613,5.03476142192736e-05,True,train
2006-10-23,0.004593387015683635,3.271567743019094e-05,True,train
2006-10-24,0.0029780566990506327,4.271138062349883e-05,True,train
2006-10-25,0.003402973287260804,3.774664863230928e-05,True,train
2006-10-26,0.0031031863260257515,3.6933416260704136e-05,True,train
2006-10-27,-0.006288611634855785,0.00010219394869410633,True,train
2006-10-30,-0.0007254178692759723,0.0001344175987250014,True,train
2006-10-31,-0.00014516889086069897,0.00011678566193591873,True,train
2006-11-01,-0.006772228296421959,0.00016189877197917736,True,train
2006-11-02,-0.0005847232386532082,0.00023461390636449891,True,train
2006-11-03,-0.001756223926674691,0.00024061412594175366,True,train
2006-11-06,0.011215677777240477,0.00016378811550745928,True,train
2006-11-07,0.0038309980326923275,0.00015756564071574101,True,train
2006-11-08,0.002162029143842987,0.00018208681793993077,True,train
2006-11-09,-0.005269137716742543,0.00020267875075899965,True,train
2006-11-10,0.00043421473643912213,0.00016712638275543333,True,train
2006-11-13,0.0024564446200400344,0.00018149584078278394,True,train
2006-11-14,0.007476622157883548,0.00016364164877923776,True,train
2006-11-15,0.0028608884921720655,0.0001563836864014491,True,train
2006-11-16,0.0025677660228262127,0.00010527035678093745,True,train
2006-11-17,0.0002848524641636959,8.845165236346167e-05,True,train
2006-11-20,0.0005695702245403075,0.00016364164877923776,True,train
2006-11-21,0.0009959408232514501,0.0001574191739875195,True,train
2006-11-22,0.0019889108824090516,0.000157641429201983,True,train
2006-11-24,-0.004052994183749884,0.0001640861592081596,True,train
2006-11-27,-0.013846818110246248,0.00016430841442262312,True,train
2006-11-28,0.004325310219581655,0.00017571787641999098,True,train
2006-11-29,0.010376113127905897,0.00020001679842971548,True,train
2006-11-30,0.0004270288932773645,0.00018090486362563885,True,train
2006-12-01,-0.0022083539417805612,0.00021683550284719647,True,train
2006-12-04,0.007601841774919517,0.00029883969037078177,True,train
2006-12-05,0.004308072893832246,0.000291137217564073,True,train
2006-12-06,-0.0008459893361695853,0.0003112846399542183,True,train
2006-12-07,-0.004382527066994274,0.00024128163074409008,True,train
2006-12-08,0.0018401484784215437,0.00026787378314041543,True,train
2006-12-11,0.0028949969882647456,0.00019246153151017756,True,train
2006-12-12,-0.0007758816059669164,0.00017253636433449404,True,train
2006-12-13,0.0010578222956244654,0.00022216969594001344,True,train
2006-12-14,0.00877229417716967,0.00017186959869110868,True,train
2006-12-15,-0.0054648689403266676,0.00013090798826743272,True,train
2006-12-18,-0.0027436747230663474,0.00013090798826743272,True,train
2006-12-19,0.0019003016184169763,0.00016394487066993466,True,train
2006-12-20,-0.0005626799338426193,0.00014853992505651538,True,train
2006-12-21,-0.00366510335937419,0.00014853992505651538,True,train
2006-12-22,-0.006162112725558168,0.00017306110228070166,True,train
2006-12-26,0.005879674259247248,0.00016720734943166844,True,train
2006-12-27,0.006547192860258278,0.00016246487265494415,True,train
2006-12-28,-0.0021072485437656475,0.00011757401782614904,True,train
2006-12-29,-0.0041575058501816566,8.683036581023929e-05,True,train
2007-01-03,-0.0017668474056584307,0.00010075531340866806,True,train
2007-01-04,0.002119864126772099,0.00022122383393717408,True,train
2007-01-05,-0.008008298474352223,0.0002457450111613656,True,train
2007-01-08,0.004614420320951265,0.0002164813571604498,True,train
2007-01-09,-0.0008502453076226242,0.00020507189516308366,True,train
2007-01-10,0.0033260422077738315,0.00019240469036518534,True,train
2007-01-11,0.004370894393650357,0.00018573770514454524,True,train
2007-01-12,0.0075683738727310695,0.00015351405511364498,True,train
2007-01-16,-0.0019566656651750195,0.00014684706989300314,True,train
2007-01-17,0.00041959267899230925,0.00015973652990536324,True,train
2007-01-18,-0.0033618955213329466,0.0001289928778894587,True,train
2007-01-19,0.0019625324317399133,0.00012943738831838227,True,train
2007-01-22,-0.003085573433870615,0.0001051384663086595,True,train
2007-01-23,0.002945497306379953,0.00011802792632101614,True,train
2007-01-24,0.008020924581724027,0.00011113868588591251,True,train
2007-01-25,-0.01180966516624559,0.00012380589068381083,True,train
2007-01-26,-0.0009141645863432136,0.0001055071882513376,True,train
2007-01-29,-0.0005630363215877564,9.906245824515755e-05,True,train
2007-01-30,0.005195842639149313,0.00011920988063530286,True,train
2007-01-31,0.00670070725442648,0.00011172966304305587,True,train
2007-02-01,0.0059647881699142445,0.0001235836354693473,True,train
2007-02-02,0.001382053633760926,0.00011989828754055062,True,train
2007-02-05,0.0002762448710245337,0.00013901022234462726,True,train
2007-02-06,0.00027606326795453665,0.0001518996823569891,True,train
2007-02-07,0.002206187158101373,0.00016004666559262144,True,train
2007-02-08,-0.0013093233735850386,0.00017167838280444936,True,train
2007-02-09,-0.007475130363695073,0.00017315838081944333,True,train
2007-02-12,-0.0034100418875793086,0.00015485967838697184,True,train
2007-02-13,0.008399665583064932,0.00013574774358289347,True,train
2007-02-14,0.006545632178079282,0.00013552548836842995,True,train
2007-02-15,0.0013040215911808207,0.00017938085561115986,True,train
2007-02-16,-0.0004802752777248644,0.00019745730282916957,True,train
2007-02-20,0.0021249455866824704,0.0001989373008441618,True,train
2007-02-21,-0.0004109140585930958,0.0002180492356482367,True,train
2007-02-22,-0.0007538161316508413,0.00021930697844876543,True,train
2007-02-23,-0.003915189045006866,0.0001808608536261521,True,train
2007-02-26,-0.0008951347192265564,0.00022078697646375767,True,train
2007-02-27,-0.03984085559874097,0.0002453081536879474,True,train
2007-02-28,0.01019865997138314,0.0003539133037242185,True,train
2007-03-01,-0.0029846397090259598,0.00030754245088043114,True,train
2007-03-02,-0.01318162496240859,0.000234667351633076,True,train
2007-03-05,-0.009564539582404934,0.0002830429404380684,True,train
2007-03-06,0.01696478743887112,0.00028401218881320134,True,train
2007-03-07,-0.0010026455928576652,0.0002485260600205673,True,train
2007-03-08,0.008419656744006401,0.00028052745483700403,True,train
2007-03-09,0.00028412394000363244,0.00025371304722622036,True,train
2007-03-12,0.0014906253296552321,0.00019222574319440779,True,train
2007-03-13,-0.019625364436198337,0.00022422713801084453,True,train
2007-03-14,0.007422646293107376,0.0002750519732059604,True,train
2007-03-15,0.0013632464274938062,0.00025298004237189753,True,train
2007-03-16,-0.006762633265089978,0.0002366058483833436,True,train
2007-03-19,0.011983052975360028,0.00023016111837716353,True,train
2007-03-20,0.00547715760883012,0.0002108269283586251,True,train
2007-03-21,0.01632339143126571,0.0002033467107663764,True,train
2007-03-22,-0.0007679730592967781,0.0002832791839588785,True,train
2007-03-23,0.0014656576562497243,0.00022276112830220234,True,train
2007-03-26,-0.0013259532549767961,0.00020987166828984397,True,train
2007-03-27,-0.0023770992161852226,0.00024809553789799897,True,train
2007-03-28,-0.007306434478882476,0.00022750360507892663,True,train
2007-03-29,0.0010570767534806875,0.00027543468345499547,True,train
2007-03-30,0.000211281327460728,0.0002553535002757807,True,train
2007-04-02,0.0011261520056116512,0.0002538735022607902,True,train
2007-04-03,0.01070500862503018,0.0003001701049344073,True,train
2007-04-04,0.0011129141953763035,0.0002823159129308611,True,train
2007-04-05,0.0027074845512825253,0.00029372537492822724,True,train
2007-04-09,0.0013855963332588931,0.00028083591491586887,True,train
2007-04-10,0.0011762545355539526,0.00021312613609233803,True,train
2007-04-11,-0.004088259360906388,0.0002260155961046964,True,train
2007-04-12,0.004433978249953348,0.000214606134107332,True,train
2007-04-13,0.004552071017203307,0.000214606134107332,True,train
2007-04-16,0.009451406592599573,0.00019675194210378583,True,train
2007-04-17,0.002654955087961562,0.00022504634772956347,True,train
2007-04-18,0.0012230463149590688,0.0002699372025583586,True,train
2007-04-19,-0.00027170489078436944,0.00030964107018150583,True,train
2007-04-20,0.00939671901661891,0.0003220860197649406,True,train
2007-04-23,-0.0037750993493305463,0.0003143835469582301,True,train
2007-04-24,0.00040514255451489195,0.0003272730069705885,True,train
2007-04-25,0.009139852954961428,0.00035927440178702523,True,train
2007-04-26,0.0011366174783123452,0.00031460580217269364,True,train
2007-04-27,-0.0008021600812851213,0.0002749019345495464,True,train
2007-04-30,-0.008327262720428007,0.0002950493569396917,True,train
2007-05-01,0.00255930159730006,0.00033393999219123206,True,train
2007-05-02,0.005834798365946283,0.00023101743965684395,True,train
2007-05-03,0.005402079354948454,0.00021960797765947955,True,train
2007-05-04,0.003783932933572991,0.00017767711886066892,True,train
2007-05-07,0.00019875297234482137,0.00019701130887920734,True,train
2007-05-08,-0.0013258003285417214,0.00019078883408748908,True,train
2007-05-09,0.0027160671007023687,0.00016916141368235327,True,train
2007-05-10,-0.010507523703168861,0.0001384177616664435,True,train
2007-05-11,0.008520879466470841,0.00015627195366999143,True,train
2007-05-14,-0.0021898667082544446,0.00015604969845553138,True,train
2007-05-15,0.00026574921518655674,0.00015086271124988004,True,train
2007-05-16,0.006817372490696393,0.00013797325123752167,True,train
2007-05-17,-0.001980872504374306,0.00017101013364002535,True,train
2007-05-18,0.008686498903665756,0.00013878648360912856,True,train
2007-05-21,-0.0005243271459415128,0.00012693251118283712,True,train
2007-05-22,-0.0007869564975242376,0.00012715476639730064,True,train
2007-05-23,0.00013123579642857747,0.0001267102559683736,True,train
2007-05-24,-0.009093999297711453,0.0001200432707477335,True,train
2007-05-25,0.004161887974818435,0.0001200432707477335,True,train
2007-05-29,0.003619278371869742,0.00012774574355444226,True,train
2007-05-30,0.008111978471343912,0.00010218907874418731,True,train
2007-05-31,-0.0010429492583512593,9.72243467529995e-05,True,train
2007-06-01,0.004944671650456244,7.937015474945332e-05,True,train
2007-06-04,0.00012982199996098046,0.00011445328910981122,True,train
2007-06-05,-0.003966327819835842,0.0001174132851397957,True,train
2007-06-06,-0.010808143370327646,0.0001308937223093009,True,train
2007-06-07,-0.0182100480369946,0.00012689823869324775,True,train
2007-06-08,0.012927395239857628,0.00013800965698991183,True,train
2007-06-11,0.0017199830182853962,0.00015416159576400398,True,train
2007-06-12,-0.010965447451115991,0.0001743090181541493,True,train
2007-06-13,0.01485737711811136,0.00016801075487619076,True,train
2007-06-14,0.0063659031760689615,0.0001460808517393039,True,train
2007-06-15,0.0013729071448163412,0.0001471163393253743,True,train
2007-06-18,-0.0011766763720075049,0.00014378762135270652,True,train
2007-06-19,0.002482395305779035,0.00018823396575257806,True,train
2007-06-20,-0.013994544331950671,0.00023956955058754975,True,train
2007-06-21,0.005542349575389288,0.0002557877285725759,True,train
2007-06-22,-0.0094536299311751,0.0002324580549379878,True,train
2007-06-25,-0.004793944922534418,0.00029601633414193425,True,train
2007-06-26,-0.01033155956421014,0.00033594245697954155,True,train
2007-06-27,0.014128600222128675,0.0002887583717641473,True,train
2007-06-28,-0.0001329145141460369,0.00028527363778795174,True,train
2007-06-29,0.0003323546014732251,0.00023290256536690965,True,train
2007-07-02,0.009000131386298986,0.00029860760822923715,True,train
2007-07-03,0.0036168984981096173,0.0003052691120689864,True,train
2007-07-05,-0.0010508582858681733,0.00029837987163388625,True,train
2007-07-06,0.00524318334576726,0.0002555599919772285,True,train
2007-07-09,0.00078417656435236,0.00026652494354567104,True,train
2007-07-10,-0.014341459566348165,0.00028089440157302165,True,train
2007-07-11,0.007064882386492301,0.0003366037412420378,True,train
2007-07-12,0.015667099350540965,0.00033097224360746635,True,train
2007-07-13,0.002975081134350246,0.00029252611878484956,True,train
2007-07-16,-0.00012919317990320165,0.00028008116920141476,True,train
2007-07-17,-0.00051684109026669,0.00031378481724730727,True,train
2007-07-18,-0.0018110009360202343,0.0002994153592199532,True,train
2007-07-19,0.003876764479064953,0.00035845341686163885,True,train
2007-07-20,-0.010176108080498432,0.0003251942792446734,True,train
2007-07-23,0.003057219142763628,0.00036134717368068586,True,train
2007-07-24,-0.01749314520546215,0.0003549024436745093,True,train
2007-07-25,0.002046797154737184,0.00034342674246620915,True,train
2007-07-26,-0.02396400948589178,0.00036898340727646584,True,train
2007-07-27,-0.01985534892426686,0.00037745641082550553,True,train
2007-07-30,0.01552223876048834,0.0003528689943903818,True,train
2007-07-31,-0.01132733795221119,0.00031960985677341805,True,train
2007-08-01,0.004860468031188792,0.000355828990420368,True,train
2007-08-02,0.007958504969505535,0.00011043366979257563,True,train
2007-08-03,-0.026082487008919145,0.00010176194861073046,True,train
2007-08-06,0.016620523839504853,0.00020599334381296054,True,train
2007-08-07,0.01061304947976469,0.0001891084001845473,True,train
2007-08-08,0.013844290447480697,0.00013976356300442194,True,train
2007-08-09,-0.030081547530629887,5.117335693642644e-05,True,train
2007-08-10,-0.004687996600081166,0.00017925916371945745,True,train
2007-08-13,0.0035868770559051963,0.00024014594131881867,True,train
2007-08-14,-0.015404143727333714,0.00021103830332143414,True,train
2007-08-15,-0.013871028986756104,0.00023778647172128207,True,train
2007-08-16,0.007487587568271717,0.00030328324767550305,True,train
2007-08-17,0.018200708089912945,0.00046485044728995784,True,train
2007-08-20,-0.0004838937211547581,0.00038025572483801895,True,train
2007-08-21,0.002002924274104859,0.00043633378644971493,True,train
2007-08-22,0.011797937105676871,0.000479744643263523,True,train
2007-08-23,-0.000886786733662165,0.0003871449652731226,True,train
2007-08-24,0.012277566609799027,0.00034069388491204597,True,train
2007-08-27,-0.009347161582382038,0.0002433517301449247,True,train
2007-08-28,-0.022225401358666807,0.0002577211881722753,True,train
2007-08-29,0.019431412176943004,0.0003502546269517383,True,train
2007-08-30,-0.002664933120622603,0.0003778822669341323,True,train
2007-08-31,0.009804684585705346,0.00040114570135778814,True,train
2007-09-04,0.01004495251245674,0.0003465476377610844,True,train
2007-09-05,-0.00869078509536714,0.00034451866236223823,True,train
2007-09-06,0.0022979977589290953,0.00040600596639404733,True,train
2007-09-07,-0.014004290552423427,0.000361337366779714,True,train
2007-09-10,-0.001918824939460042,0.00047764498962269385,True,train
2007-09-11,0.01159323005062651,0.0004676492864293842,True,train
2007-09-12,0.0025730622486887546,0.00040038401803478216,True,train
2007-09-13,0.007008644830469049,0.0004098689715882325,True,train
2007-09-14,-6.722249562361402e-05,0.00030267758035601965,True,train
2007-09-17,-0.005387136213383148,0.0003282342451662746,True,train
2007-09-18,0.029014548111159298,0.0003118600511777224,True,train
2007-09-19,0.005885792120214504,0.0004179401663376228,True,train
2007-09-20,-0.0070671792191289405,0.0004366075907127759,True,train
2007-09-21,-0.002037782520080888,0.00046341244904826023,True,train
2007-09-24,-0.0018441602797519218,0.0004906713670879675,True,train
2007-09-25,-0.0019796961061518937,0.000504818569900858,True,train
2007-09-26,0.005270471696402195,0.0005681545938903427,True,train
2007-09-27,0.005896203534166251,0.0005984537354773254,True,train
2007-09-28,-0.0033368991600016924,0.0006080807167279535,True,train
2007-10-01,0.01120971848449164,0.0005966712547305839,True,train
2007-10-02,-0.0013619556194754572,0.0003136101693251101,True,train
2007-10-03,-0.002013821861668936,0.00034413156612655635,True,train
2007-10-04,0.0015594901847027778,0.00030738769453339185,True,train
2007-10-05,0.011811553525348066,0.0003419045749508895,True,train
2007-10-09,0.00937401056887489,0.0003321215776967354,True,train
2007-10-10,-0.001662900986796183,0.0002867059849217292,True,train
2007-10-11,-0.00481248318280649,0.0002665585625315839,True,train
2007-10-12,0.005516374488640928,0.00030581791972580756,True,train
2007-10-15,-0.008479573772265487,0.00022714318933383763,True,train
2007-10-16,-0.007966593863669422,0.0002258854465333037,True,train
2007-10-17,0.0030516611194461355,0.00030308017891028313,True,train
2007-10-18,-0.003637060281012576,0.0004067868361663021,True,train
2007-10-19,-0.026504744197374995,0.00044123747737286403,True,train
2007-10-22,0.005795926700715579,0.0005143564986165063,True,train
2007-10-23,0.00807150442254348,0.0004649454222254469,True,train
2007-10-24,-0.0018467146015606426,0.0004939868210118974,True,train
2007-10-25,0.0023737359145969434,0.0005515448806385891,True,train
2007-10-26,0.011654678042125092,0.0005500648826235969,True,train
2007-10-29,0.0033144450529296854,0.0005446556402034872,True,train
2007-10-30,-0.006966448407333421,0.0005068762810242575,True,train
2007-10-31,0.0103344742333129,0.0004673946686155738,True,train
2007-11-01,-0.023685975168710096,0.0003651680093745453,True,train
2007-11-02,0.0011249590661196053,0.0002318111011681001,True,train
2007-11-05,-0.0076348513372004176,0.0003169305615662501,True,train
2007-11-06,0.013372397091187168,0.0003192237919528475,True,train
2007-11-07,-0.027736983873518847,0.0003175215387233969,True,train
2007-11-08,-0.005083550320520785,0.00035271917309062997,True,train
2007-11-09,-0.013821665477065976,0.0004465103546706251,True,train
2007-11-13,0.03002490878257641,0.00046332905908810437,True,train
2007-11-14,-0.002772638544505692,0.00032999002588848976,True,train
2007-11-15,-0.014529125297839337,0.00031983830669165235,True,train
2007-11-16,0.0017162672768948537,0.0004838547526962375,True,train
2007-11-19,-0.014021979800453391,0.0004659343214817573,True,train
2007-11-20,0.006102688159422628,0.0005753527038896335,True,train
2007-11-21,-0.02067695064499387,0.000581286684255956,True,train
2007-11-23,0.01714476219377222,0.000687745070633846,True,train
2007-11-26,-0.02231050806407569,0.0006234397982692284,True,train
2007-11-27,0.011427962629887654,0.0006783359055666394,True,train
2007-11-28,0.0314834243582587,0.0005806294678878752,True,train
2007-11-29,0.00033969483785194356,0.0004861052814535607,True,train
2007-11-30,0.010005566196505089,0.000523227424264713,True,train
2007-12-03,-0.006614122771931054,0.0005595267854289487,True,train
2007-12-04,-0.008978376838129857,0.0005438669163038198,True,train
2007-12-05,0.016600963714547844,0.000536164443497111,True,train
2007-12-06,0.014212114995641312,0.0005163195038387115,True,train
2007-12-07,-0.00019876613410010088,0.0004061681165765177,True,train
2007-12-10,0.007723053322946803,0.0003389830756991962,True,train
2007-12-11,-0.02780270477793246,0.00030971942169828563,True,train
2007-12-12,0.009822411190505096,0.00046447316936388053,True,train
2007-12-13,-0.0020775235579555775,0.00034335683053324066,True,train
2007-12-14,-0.012760524340610724,0.00028542049968855766,True,train
2007-12-17,-0.014371933695965764,0.00021919071888002253,True,train
2007-12-18,0.005567964373621205,0.00028297125329843076,True,train
2007-12-19,0.0,0.0003320798469577408,True,train
2007-12-20,0.006286737557044969,0.00035556553659586015,True,train
2007-12-21,0.009019162588026543,0.00040422961982624836,True,train
2007-12-24,0.007398411756353246,0.00037237469173803314,True,train
2007-12-26,0.002142094168891987,0.0003478535145138434,True,train
2007-12-27,-0.012650763396184215,0.0003027404044705865,True,train
2007-12-28,-0.002508697899483509,0.0003123011465102788,True,train
2007-12-31,-0.007427353837871098,0.0004097853289745778,True,train
2008-01-02,-0.008793173650515377,0.0004471959662111259,True,train
2008-01-03,-0.000483053717604219,0.00026835097862054624,True,train
2008-01-04,-0.024811721662867735,0.00030857958418990285,True,train
2008-01-07,-0.0008495230046308404,0.00038851205738240496,True,train
2008-01-08,-0.016280250540592924,0.0003430302253964665,True,train
2008-01-09,0.01045549098845661,0.0003199228069763367,True,train
2008-01-10,0.0065327094984343834,0.00035289345016790465,True,train
2008-01-11,-0.008101234198452033,0.00033734647685730937,True,train
2008-01-14,0.008030494154422212,0.00040254077007977757,True,train
2008-01-15,-0.022258930398947913,0.0004166879728926681,True,train
2008-01-16,-0.008649899237031886,0.0004086167781432743,True,train
2008-01-17,-0.02625795771687526,0.0004540986101292145,True,train
2008-01-18,-0.01032059458315732,0.00046217935415391286,True,train
2008-01-22,-0.01019870582932959,0.0005173021556968329,True,train
2008-01-23,0.02373684178212545,0.0007001420420800972,True,train
2008-01-24,0.008406260081730921,0.0007043597809106121,True,train
2008-01-25,-0.01455095789420934,0.0006074665756034565,True,train
2008-01-28,0.01640123403793492,0.000589243661657227,True,train
2008-01-29,0.004941910454782655,0.0006118403304374992,True,train
2008-01-30,-0.00738501231680373,0.0005707227040102937,True,train
2008-01-31,0.01807006319658524,0.0006140577723378563,True,train
2008-02-01,0.015959946915179078,0.0006948792663882056,True,train
2008-02-04,-0.01268938763489567,-0.00014881571370815687,True,train
2008-02-05,-0.027139023754846153,-9.881366015995416e-05,True,train
2008-02-06,-0.008084494956958121,2.4529669846349092e-05,True,train
2008-02-07,0.0065922003514902105,-4.428183577418268e-05,True,train
2008-02-08,-0.0064418601161177515,-9.093750682255888e-06,True,train
2008-02-11,0.005097025180120963,-1.8422688232178422e-05,True,train
2008-02-12,0.009228356537737334,-3.086763781561322e-05,True,train
2008-02-13,0.010171001750267914,-3.4049889060059485e-05,True,train
2008-02-14,-0.008838512114694566,2.884162450050333e-05,True,train
2008-02-15,-0.00022195834183699382,0.00010454680958718252,True,train
2008-02-19,0.0028079888225779393,4.306905483067967e-05,True,train
2008-02-20,0.0029472014619471025,-1.2129535198478897e-05,True,train
2008-02-21,-0.008348501951769092,-5.7767383187946886e-05,True,train
2008-02-22,0.006138859311718409,-8.56901273604306e-06,True,train
2008-02-25,0.012529980623372603,-1.1529008766029275e-05,True,train
2008-02-26,0.00747218660486101,-9.60574920070359e-05,True,train
2008-02-27,-0.0010123609854538224,-1.612501881453378e-05,True,train
2008-02-28,-0.00981509294648858,-4.493301602704128e-06,True,train
2008-02-29,-0.022535866461816406,3.9518081643548364e-05,True,train
2008-03-03,-0.0023941902462344864,0.00016767967691282137,True,train
2008-03-04,-0.0038274991101421734,-5.93631153252526e-05,True,train
2008-03-05,0.006296372760065818,-3.092224297125169e-05,True,train
2008-03-06,-0.020915136507034263,-5.3949433874097424e-05,True,train
2008-03-07,-0.01035397387001518,-8.377825095565172e-06,True,train
2008-03-10,-0.013270977193561328,-7.652256507270985e-05,True,train
2008-03-11,0.035306859861673506,-9.355397542934289e-05,True,train
2008-03-12,-0.009395473430769083,-0.0003176439666616789,True,train
2008-03-13,0.0022051892301123777,-0.00024675193659370355,True,train
2008-03-14,-0.015616893436210751,-0.0002031946130516809,True,train
2008-03-17,-0.010158650736723418,-9.829645220606718e-05,True,train
2008-03-18,0.040703527925061815,-7.013452500215754e-05,True,train
2008-03-19,-0.025081802837172144,-0.00018963838739593716,True,train
2008-03-20,0.013414792979507475,-0.00023970668015507388,True,train
2008-03-24,0.01979074607995827,-0.0003125276576980106,True,train
2008-03-25,0.000964535292200174,-0.00043069354977397396,True,train
2008-03-26,-0.012311359652061597,-0.0004369822637766245,True,train
2008-03-27,-0.003158121097606688,-0.00035104957100686764,True,train
2008-03-28,-0.009610761513648794,-0.0003452716066440747,True,train
2008-03-31,0.003491780694652975,-0.00037148548782241046,True,train
2008-04-01,0.034555522088644,-0.0003051894678029396,True,train
2008-04-02,0.0006585660381781476,-0.0008446549498930481,True,train
2008-04-03,0.0024840836184243237,-0.0009042177454809414,True,train
2008-04-04,-0.0010951258751176326,-0.0009205919394694971,True,train
2008-04-07,0.00051128226535313,-0.0009031064694086325,True,train
2008-04-08,-0.001022714549438245,-0.000988448185021246,True,train
2008-04-09,-0.007262129549747616,-0.0008808880718463499,True,train
2008-04-10,0.0013978478431396616,-0.0008179207697995468,True,train
2008-04-11,-0.019599731345586527,-0.0008461489362143904,True,train
2008-04-14,-0.003379615031247069,-0.0008052535650016485,True,train
2008-04-15,0.002329435771874452,-0.0008134005482372825,True,train
2008-04-16,0.026733425533660374,-0.0008458464534826429,True,train
2008-04-17,0.0014603649295440219,-0.0009485176231525932,True,train
2008-04-18,0.010380034999132542,-0.0010813459067123485,True,train
2008-04-21,0.0005054133199831177,-0.0010832844034626178,True,train
2008-04-22,-0.004412467633197976,-0.001077586666617109,True,train
2008-04-23,-0.0015961783682079177,-0.0011267754877937047,True,train
2008-04-24,0.004347246992314985,-0.0010596662354026287,True,train
2008-04-25,0.009211339723432682,-0.0011996060146119494,True,train
2008-04-28,0.00021486787402481307,-0.00122042020264548,True,train
2008-04-29,-0.003946781618616082,-0.0011270875198007603,True,train
2008-04-30,-0.005913389518702198,-0.0011206427897945802,True,train
2008-05-01,0.020474626871615376,-0.0010867168865342277,True,train
2008-05-02,0.0027597894880232047,-0.0013338777570689395,True,train
2008-05-05,-0.004816844934236839,-0.0013381852726920464,True,train
2008-05-06,0.008625627572045921,-0.0013118816147211186,True,train
2008-05-07,-0.017971139000645373,-0.001230100421570941,True,train
2008-05-08,-0.002583614183678872,-0.001209574727962806,True,train
2008-05-09,-0.0018701707810600435,-0.0012064587159292938,True,train
2008-05-12,0.011168592711513223,-0.0012112011927060198,True,train
2008-05-13,0.00014230094348909275,-0.0012606122690970792,True,train
2008-05-14,0.002062283717020914,-0.0013858801075472982,True,train
2008-05-15,0.012425112111881841,-0.0014648433323646674,True,train
2008-05-16,0.0009117072176772122,-0.0014349129127203698,True,train
2008-05-19,0.0027300383095413033,-0.0014323974271193071,True,train
2008-05-20,-0.008142135611984166,-0.001389208825519966,True,train
2008-05-21,-0.01705915173315318,-0.0013266860339020865,True,train
2008-05-22,0.00014329042083205314,-0.0013966890431122148,True,train
2008-05-23,-0.013494667410444071,-0.001502844946758359,True,train
2008-05-27,0.007383343430182149,-0.0014197302223214105,True,train
2008-05-28,0.0046049827685124885,-0.0014993602127821633,True,train
2008-05-29,0.0050125199157354935,-0.0014872935344167199,True,train
2008-05-30,0.0024969236864068045,-0.0015272196572543254,True,train
2008-06-02,-0.010385140477211221,-0.0014961875108130268,True,train
2008-06-03,-0.0058485858409695725,-0.0014314038017239003,True,train
2008-06-04,-0.0005069868296995346,-0.0013773304760734042,True,train
2008-06-05,0.01979974636115646,-0.0013730325097256017,True,train
2008-06-06,-0.032413460331194195,-0.0013634813169612174,True,train
2008-06-09,0.0024183943858092707,-0.0013092519753071918,True,train
2008-06-10,-0.004989683685670458,-0.0016004652072369608,True,train
2008-06-11,-0.014821673168416646,-0.0017724726204736505,True,train
2008-06-12,0.003800403307271167,-0.001700464875302319,True,train
2008-06-13,0.012564814273634173,-0.001818999489320964,True,train
2008-06-16,0.0005874281254335956,-0.0018194439997498892,True,train
2008-06-17,-0.004856436299192224,-0.0018092922805530518,True,train
2008-06-18,-0.0097844327276876,-0.0017358045373667298,True,train
2008-06-19,0.0012654795309538962,-0.0017237283097259765,True,train
2008-06-20,-0.021354167346171956,-0.0017899580905345134,True,train
2008-06-23,-0.0009885176139772757,-0.0017110611049280782,True,train
2008-06-24,-0.001979855257142307,-0.0018036607829184786,True,train
2008-06-25,0.004714800499575098,-0.0017588361673006175,True,train
2008-06-26,-0.027535980049919192,-0.001667650248114277,True,train
2008-06-27,-0.0054738716853739555,-0.0015522316461291444,True,train
2008-06-30,0.0035224064745376154,-0.0015948197212960341,True,train
2008-07-01,0.0031206259762343916,-0.001577187784506948,True,train
2008-07-02,-0.01728519255645213,-0.0015903740542468122,True,train
2008-07-03,0.0010297220959599109,-0.001557114916629845,True,train
2008-07-07,-0.010265485804704965,-0.0015042191062625918,True,train
2008-07-08,0.017601352439464663,-0.0014558435174576029,True,train
2008-07-09,-0.01944271823565098,-0.001488435889431183,True,train
2008-07-10,0.00407855440132424,-0.001472874927814236,True,train
2008-07-11,-0.01172050598751146,-0.001546428910211492,True,train
2008-07-14,-0.009085032704114567,-0.0016401398642742013,True,train
2008-07-15,-0.014197467668875542,-0.001533170728256452,True,train
2008-07-16,0.02425104563675017,-0.001496715351088685,True,train
2008-07-17,0.009953508757055432,-0.001513231572774415,True,train
2008-07-18,0.006210756549406856,-0.0015975378008009616,True,train
2008-07-21,0.000555487004278827,-0.0016508781215971383,True,train
2008-07-22,0.01128083803753578,-0.0016710255439872836,True,train
2008-07-23,0.005397977573434556,-0.0017027384443783246,True,train
2008-07-24,-0.02097203976283643,-0.0017866664011868781,True,train
2008-07-25,-0.00023904361753990293,-0.0016527268415548121,True,train
2008-07-28,-0.01477229774782158,-0.0016891019912052916,True,train
2008-07-29,0.02112754169575847,-0.0015856175891637361,True,train
2008-07-30,0.017660676601470384,-0.0016198459751558363,True,train
2008-07-31,-0.013314709108205737,-0.0016504336111682148,True,train
2008-08-01,-0.005296649834134402,-0.001586719315960737,True,train
2008-08-04,-0.009317254671363061,-0.0015808154399906578,True,train
2008-08-05,0.026605103985735033,-0.0016076298476014432,True,train
2008-08-06,0.004430743618374925,-0.0015675572580356179,True,train
2008-08-07,-0.015003724279413187,-0.0016112566092748165,True,train
2008-08-08,0.018410637851189373,-0.0015414000667929098,True,train
2008-08-11,0.010304701975256231,-0.0016148878099792301,True,train
2008-08-12,-0.010459224343974104,-0.0016548139328168392,True,train
2008-08-13,-0.00604839575515286,-0.0015806594239871317,True,train
2008-08-14,0.007516101863309501,-0.0016176255507947546,True,train
2008-08-15,0.004851612485483591,-0.0015931043735705665,True,train
2008-08-18,-0.013768772562622522,-0.0015685831963463785,True,train
2008-08-19,-0.01096417547020019,-0.0015099896491336164,True,train
2008-08-20,0.004635306787112131,-0.0014811705055616294,True,train
2008-08-21,0.0017229326565861337,-0.0014404973895633475,True,train
2008-08-22,0.0143718990852035,-0.0014876152355678077,True,train
2008-08-25,-0.020493936961364236,-0.0015752501815670186,True,train
2008-08-26,0.0029087143840483215,-0.0015341325551398166,True,train
2008-08-27,0.009686861720270255,-0.0015671694375423203,True,train
2008-08-28,0.012054836611185001,-0.0015212430951274565,True,train
2008-08-29,-0.01081182188771379,-0.001577098901524696,True,train
2008-09-02,-0.00623099959713633,-0.0015395417975599263,True,train
2008-09-03,-0.0008598164632628881,-0.0020527179424906557,True,train
2008-09-04,-0.030568840728593654,-0.0020636828940590983,True,train
2008-09-05,0.0031394623849113905,-0.0020697493528472888,True,train
2008-09-08,0.02044540200875438,-0.0020953060176575437,True,train
2008-09-09,-0.030136940885783968,-0.002183976451242825,True,train
2008-09-10,0.004049572190407488,-0.0005838224478503008,True,train
2008-09-11,0.01436449600922686,-0.001987005370168874,True,train
2008-09-12,0.004610454948764836,-0.0019019210555854833,True,train
2008-09-15,-0.04875447746363548,-0.0019459689125712232,True,train
2008-09-16,0.016598937441813715,-0.0016529038937966466,True,train
2008-09-17,-0.04600532985332958,-0.001791900762341142,True,train
2008-09-18,0.02923986473460913,-0.001625588636006581,True,train
2008-09-19,0.033173958207642004,-0.001716644238177943,True,train
2008-09-22,-0.022899629051142227,-0.0020747131086307495,True,train
2008-09-23,-0.023014394403694537,-0.002030646415551345,True,train
2008-09-24,0.0032002490513827865,-0.001994446165750417,True,train
2008-09-25,0.015518420891517469,-0.0019227031406779608,True,train
2008-09-26,0.0004965863265869717,-0.002102892379374532,True,train
2008-09-29,-0.08160234102131002,-0.0020666977397903203,True,train
2008-09-30,0.040556208574456964,-0.0017457132512861077,True,train
2008-10-01,0.0006033156503199565,-0.0020165712707265037,True,train
2008-10-02,-0.03694860343278804,-0.002042059070735248,True,train
2008-10-03,-0.013592199638983034,-0.0019795751709128628,True,train
2008-10-06,-0.05227634139649258,-0.0019916843724312617,True,train
2008-10-07,-0.04582000446475433,-0.001891353701423945,True,train
2008-10-08,-0.025515170038882474,-0.002010876058044493,True,train
2008-10-09,-0.0723976352804696,-0.002114410818514158,True,train
2008-10-10,-0.024554771460483103,-0.002070719709392075,True,train
2008-10-14,-0.01491081326235721,-0.0022696810380439924,True,train
2008-10-15,-0.10363721400630178,-0.0023928046389253676,True,train
2008-10-16,0.04081310905806818,-0.0022992689512687514,True,train
2008-10-17,-0.00598993738101396,-0.0023780944604361344,True,train
2008-10-20,0.05834378724791755,-0.00265281491392169,True,train
2008-10-21,-0.03030998940018303,-0.0028025049254128964,True,train
2008-10-22,-0.05599319011264772,-0.002749063842775165,True,train
2008-10-23,0.011517738702602373,-0.0027244810761717798,True,train
2008-10-24,-0.0520455550624549,-0.002663570705013208,True,train
2008-10-27,-0.03614644645463835,-0.0026979314962065045,True,train
2008-10-28,0.11051700144126947,-0.0027515055438152147,True,train
2008-10-29,-0.007278990506801436,-0.0027843359479490636,True,train
2008-10-30,0.034008992388262854,-0.002683336581986464,True,train
2008-10-31,0.005488532039241634,-0.0026339940721471257,True,train
2008-11-03,0.0028874803579861143,-0.002602301640431872,True,train
2008-11-04,0.0334174774714854,-0.0027438532699869955,True,train
2008-11-05,-0.042936412817299055,-0.0027396273424324753,True,train
2008-11-06,-0.05700556049685368,-0.002709503699223405,True,train
2008-11-07,0.03248444982030644,-0.00258983241704455,True,train
2008-11-10,-0.013191283254229455,-0.0025908542551367235,True,train
2008-11-12,-0.044998730366389454,-0.00249077181336958,True,train
2008-11-13,0.060473799505470355,-0.0024252159189985956,True,train
2008-11-14,-0.05119510801796558,-0.0025413740401687814,True,train
2008-11-17,-0.013365316034717687,-0.002568188680018786,True,train
2008-11-18,0.018661805933449363,-0.0025936995912473337,True,train
2008-11-19,-0.06622423714679959,-0.0026434345157275232,True,train
2008-11-20,-0.07713287548037955,-0.0026326402632602924,True,train
2008-11-21,0.05253837536692061,-0.002738556692592111,True,train
2008-11-24,0.06699560090819655,-0.002786849313265012,True,train
2008-11-25,0.00738189389735484,-0.002985201919210567,True,train
2008-11-26,0.037913233038156725,-0.002970414007841653,True,train
2008-11-28,0.01250988203682692,-0.00297004403406021,True,train
2008-12-01,-0.09274931085985545,-0.0029093771519841842,True,train
2008-12-02,0.03776283423163576,-0.0029115917426884644,True,train
2008-12-03,0.023756874801157082,-0.0029173976791788776,True,train
2008-12-04,-0.023405037912435478,-0.002898460703077894,True,train
2008-12-05,0.03036655658718323,-0.002896676476563424,True,train
2008-12-08,0.03431845965527194,-0.002929385136156,True,train
2008-12-09,-0.016620881236040407,-0.0029124974464542173,True,train
2008-12-10,0.006792527739541777,-0.0028173152374117326,True,train
2008-12-11,-0.02437636150550606,-0.0028017312763314066,True,train
2008-12-12,0.011869188348638461,-0.0027745522729148127,True,train
2008-12-15,-0.014032117517508654,-0.002781772462138253,True,train
2008-12-16,0.045991485581778194,-0.002781396878141956,True,train
2008-12-17,-0.009733761036794407,-0.002720238277743213,True,train
2008-12-18,-0.01886007710841997,-0.0028074931412312553,True,train
2008-12-19,-0.012395904198968362,-0.002792572264891364,True,train
2008-12-22,-0.01289609750222053,-0.0027883238964774328,True,train
2008-12-23,-0.010391432729627236,-0.0029248660377135145,True,train
2008-12-24,0.005786383218398263,-0.00296041442320185,True,train
2008-12-26,0.005753093522237429,-0.0029279539928494447,True,train
2008-12-29,-0.002872409506189945,-0.0029286058571601726,True,train
2008-12-30,0.023426105390897376,-0.0028220768350215924,True,train
2008-12-31,0.01417351609991553,-0.0027536868249697036,True,train
2009-01-02,0.029696519178003356,-0.0026958260075003217,True,train
2009-01-05,-0.0011840118900765962,-0.0025889714874508304,True,train
2009-01-06,0.006655270889422131,-0.0025281500696016437,True,train
2009-01-07,-0.030414020791079847,-0.0025125661085213195,True,train
2009-01-08,0.004072458971089522,-0.0024935073878790638,True,train
2009-01-09,-0.02165192680751759,-0.0025206976117253628,True,train
2009-01-12,-0.024313847924378577,-0.002445861021302039,True,train
2009-01-13,0.0018384891350325745,-0.002455412387453961,True,train
2009-01-14,-0.03195977410592953,-0.0024885190719022426,True,train
2009-01-15,0.0003554989494979771,-0.0024549206691312454,True,train
2009-01-16,0.007789441442275627,-0.0024580142344820264,True,train
2009-01-20,-0.054230493121926245,-0.002332409661056632,True,train
2009-01-21,0.04228552816206686,-0.002320035399653508,True,train
2009-01-22,-0.015587881906289451,-0.002348855314241118,True,train
2009-01-23,0.004341024651663038,-0.0023214000305100888,True,train
2009-01-26,0.0068349650547156315,-0.0024124668361096176,True,train
2009-01-27,0.010106482536221439,-0.0024007388288023682,True,train
2009-01-28,0.03327436615545394,-0.0023728246179805113,True,train
2009-01-29,-0.0330377412165181,-0.002372283277781351,True,train
2009-01-30,-0.02055277472235818,-0.002340574015421537,True,train
2009-02-02,-0.003022794085305067,-0.0023091466435910084,True,train
2009-02-03,0.013949192449676408,-0.0019350465696568054,True,train
2009-02-04,-0.004908084713071081,-0.0019703186748307074,True,train
2009-02-05,0.014770939817922156,-0.001955497102172677,True,train
2009-02-06,0.028098655578234964,-0.0019160871526964114,True,train
2009-02-09,0.0013786205759479541,-0.0018311906471538894,True,train
2009-02-10,-0.04689182743092,-0.001869064599355855,True,train
2009-02-11,0.0058784629296803155,-0.0017626957232052872,True,train
2009-02-12,0.0007175079492551061,-0.001824677554332476,True,train
2009-02-13,-0.01081613109807438,-0.0018264786114915027,True,train
2009-02-17,-0.04371607108689898,-0.0019294944726214163,True,train
2009-02-18,-0.002401295831986448,-0.0019158829351178346,True,train
2009-02-19,-0.010813647502500438,-0.0019561929781449997,True,train
2009-02-20,-0.009768742769734873,-0.0020084632971322514,True,train
2009-02-23,-0.03643457707293585,-0.0019583696193003226,True,train
2009-02-24,0.03720933743960743,-0.0019518012943876128,True,train
2009-02-25,-0.007904162773987183,-0.0020211026184201054,True,train
2009-02-26,-0.016394884307632595,-0.002012191896149205,True,train
2009-02-27,-0.022602131086717107,-0.0020240304275680205,True,train
2009-03-02,-0.046088580810730057,-0.0019113086645130267,True,train
2009-03-03,-0.007535384859036656,-0.0018246686132128605,True,train
2009-03-04,0.023414378910774324,-0.0018747679012596427,True,train
2009-03-05,-0.04170532764167614,-0.001900648786269634,True,train
2009-03-06,0.001742595795658918,-0.00189398115767506,True,train
2009-03-09,-0.01182233087741168,-0.0019122718796801639,True,train
2009-03-10,0.05790036749828206,-0.001985164097601008,True,train
2009-03-11,0.006491304177849674,-0.002045682054118727,True,train
2009-03-12,0.038616930364357996,-0.002081501109706641,True,train
2009-03-13,0.007784145804795886,-0.002146040776200302,True,train
2009-03-16,-0.003027257753259416,-0.0021137020903891687,True,train
2009-03-17,0.030124319961795064,-0.0021189666866804225,True,train
2009-03-18,0.02213739118765506,-0.0021818158201266247,True,train
2009-03-19,-0.012463154293899424,-0.0022538856174472745,True,train
2009-03-20,-0.02865603512577658,-0.002255288649750598,True,train
2009-03-23,0.06936653028023308,-0.002279495832357684,True,train
2009-03-24,-0.01989996573544054,-0.0023302413745003425,True,train
2009-03-25,0.010490666999103533,-0.0022776947751986555,True,train
2009-03-26,0.020175741328649455,-0.0022660772920029774,True,train
2009-03-27,-0.0182132279488019,-0.0021915057614643792,True,train
2009-03-30,-0.035165714082594945,-0.0021590453311119747,True,train
2009-03-31,0.009222423255919477,-0.002123883750049642,True,train
2009-04-01,0.01918107094829613,-0.0020883353645613067,True,train
2009-04-02,0.028818369490195277,-0.002058102923736843,True,train
2009-04-03,0.00989932133186287,-0.002082304496129079,True,train
2009-04-06,-0.007863780065196408,-0.0021262054330445923,True,train
2009-04-07,-0.02360166373399636,-0.0020903863774566767,True,train
2009-04-08,0.01072001070905037,-0.0020548379919683446,True,train
2009-04-09,0.038973672554157054,-0.0020802327688704703,True,train
2009-04-13,0.00023309569590602167,-0.002064759331901714,True,train
2009-04-14,-0.017393826161506316,-0.002000882750148484,True,train
2009-04-15,0.010613325261499617,-0.0019904640816775475,True,train
2009-04-16,0.014556297774207454,-0.0019382986765870101,True,train
2009-04-17,0.006682843455783037,-0.0019779680757331507,True,train
2009-04-20,-0.04281929682176725,-0.001975509544048541,True,train
2009-04-21,0.019348900551471482,-0.0018835642157002952,True,train
2009-04-22,-0.006132055155160468,-0.0018673283903092412,True,train
2009-04-23,0.009769977226737957,-0.0019215486920138285,True,train
2009-04-24,0.014997675375222742,-0.0018728636567000734,True,train
2009-04-27,-0.00950740290971751,-0.0018418118688658409,True,train
2009-04-28,-0.0031503047968277904,-0.0017939004424040884,True,train
2009-04-29,0.02104610179165032,-0.001782166824881989,True,train
2009-04-30,0.00034321583445243154,-0.0017028111959451493,True,train
2009-05-01,0.005361957142381252,-0.0015961548190504427,True,train
2009-05-04,0.0334538991187073,-0.0014037969630606734,True,train
2009-05-05,-0.003416895733412081,-0.0014137239132088943,True,train
2009-05-06,0.017186123866239668,-0.0014246783116641376,True,train
2009-05-07,-0.01398928583484315,-0.00139428399835549,True,train
2009-05-08,0.02306458531751049,-0.0014005760429537661,True,train
2009-05-11,-0.018891078363386136,-0.0013677344183902138,True,train
2009-05-12,-0.002963578750162108,-0.001330783000598558,True,train
2009-05-13,-0.025495407063288844,-0.0012942015565883466,True,train
2009-05-14,0.008533648513944746,-0.0013010405516006365,True,train
2009-05-15,-0.00819542449132723,-0.001287257647679339,True,train
2009-05-18,0.028011214941717693,-0.001273469133543188,True,train
2009-05-19,-0.0012064778723626043,-0.0013073325961989145,True,train
2009-05-20,-0.006716983840170288,-0.001235197156485516,True,train
2009-05-21,-0.01446723477814465,-0.0011740273356570692,True,train
2009-05-22,-0.002132104785256413,-0.0011217017845785177,True,train
2009-05-26,0.025289795148701326,-0.0010996600226970497,True,train
2009-05-27,-0.018014576482497175,-0.0011048084846618806,True,train
2009-05-28,0.013843734301126624,-0.000947887063517526,True,train
2009-05-29,0.017552924223269623,-0.0009063004728859392,True,train
2009-06-01,0.02391996499177469,-0.0008504448702251876,True,train
2009-06-02,0.0008438122335373766,-0.0008667420040453302,True,train
2009-06-03,-0.012732235110220133,-0.0007947611001050906,True,train
2009-06-04,0.009352786340380314,-0.0007377179031493025,True,train
2009-06-05,0.0002115958572229988,-0.0007139912184352254,True,train
2009-06-08,-0.004133325536690749,-0.00103319148042497,True,train
2009-06-09,0.0050847113765080075,-0.0010368039451155026,True,train
2009-06-10,-0.0025391239055125954,-0.0009730434976886939,True,train
2009-06-11,0.004439264940071205,-0.0009419860996396114,True,train
2009-06-12,0.0027383074945380474,-0.0009508912116956581,True,train
2009-06-15,-0.023194999505281578,-0.0009139341836891506,True,train
2009-06-16,-0.013655811319777543,-0.0008628074473353425,True,train
2009-06-17,-0.0009825464701284027,-0.0008423456943897657,True,train
2009-06-18,0.007291735560570102,-0.0007463842662804292,True,train
2009-06-19,-0.0019537649011938806,-0.0007567917143216588,True,train
2009-06-22,-0.030445790153973824,-0.0006973012061109677,True,train
2009-06-23,0.0007837395676382259,-0.0006054720120891414,True,train
2009-06-24,0.008580921513096341,-0.0006050964280928453,True,train
2009-06-25,0.02151563825811823,-0.000635485131186643,True,train
2009-06-26,-0.002609891602732419,-0.0006848388614556847,True,train
2009-06-29,0.009320546954641561,-0.000677243088235949,True,train
2009-06-30,-0.008123521790001337,-0.0007183323503299685,True,train
2009-07-01,0.004124217755158071,-0.0006793035950648525,True,train
2009-07-02,-0.027672835117436293,-0.0005385911420706189,True,train
2009-07-06,-0.00011129120663986641,-0.0004557719740015554,True,train
2009-07-07,-0.019566636688835876,-0.0004489385892041172,True,train
2009-07-08,-0.0006815581250509895,-0.0004878512101428121,True,train
2009-07-09,0.0019299338534081464,-0.0004491043454069813,True,train
2009-07-10,-0.0023845930535050974,-0.000483083942389129,True,train
2009-07-13,0.02403799240078975,-0.00048503953532131813,True,train
2009-07-14,0.005644441291098867,-0.00047163221539631324,True,train
2009-07-15,0.028826725316357917,-0.0004799847668234946,True,train
2009-07-16,-0.001609717830750838,-0.00047726117525415807,True,train
2009-07-17,0.01089517992491908,-0.0004347632706419649,True,train
2009-07-20,0.010567571965960237,-0.0004071862423696629,True,train
2009-07-21,0.004614611738386564,-0.0003840121182844512,True,train
2009-07-22,-0.00020925745973210947,-0.0003828741458658594,True,train
2009-07-23,0.021842393506934663,-0.0003684337674189804,True,train
2009-07-24,0.00408741519394771,-0.00040950619886844127,True,train
2009-07-27,0.0029530179942637443,-0.00033454786390384357,True,train
2009-07-28,-0.004688136282021755,-0.00034767890351441316,True,train
2009-07-29,-0.0024547200895752973,-0.0003513025886346492,True,train
2009-07-30,0.010391257363027434,-0.0003600803459345731,True,train
2009-07-31,0.0014178591870671047,-0.00032402902169381687,True,train
2009-08-03,0.01636176909771272,-0.0002869614695757399,True,train
2009-08-04,0.00258521082258083,-0.00016791111705715019,True,train
2009-08-05,-0.0028839290561714476,-0.00014614002527526225,True,train
2009-08-06,-0.005192265929083119,-0.0001240982633937942,True,train
2009-08-07,0.013029152263833669,-8.262780708862515e-05,True,train
2009-08-10,-0.0020772458120808636,-0.0001360744999412116,True,train
2009-08-11,-0.012554912811579751,-7.013741135908011e-05,True,train
2009-08-12,0.010671817838648352,-8.251728297705915e-05,True,train
2009-08-13,0.007609827034181112,-0.00010337145056348897,True,train
2009-08-14,-0.007709059496523747,-8.639006739469442e-05,True,train
2009-08-17,-0.024913426905220463,-5.985731807397511e-05,True,train
2009-08-18,0.00790276456832154,-8.575503372852157e-05,True,train
2009-08-19,0.008741605694413354,-9.33508069482572e-05,True,train
2009-08-20,0.010251384077759591,-7.300518832910156e-05,True,train
2009-08-21,0.019416214638024672,-9.916235365352473e-05,True,train
2009-08-24,-9.714112779598012e-05,-0.0001533714349284069,True,train
2009-08-25,0.0019406621166559034,-7.777245608278638e-05,True,train
2009-08-26,9.687885188834893e-05,-6.077985248428494e-05,True,train
2009-08-27,0.002226881467030984,-5.589084018932898e-05,True,train
2009-08-28,-0.00019348363131282552,-1.0028700126774731e-05,True,train
2009-08-31,-0.008939023624470115,2.8613250712341762e-05,True,train
2009-09-01,-0.02230431138149598,3.7236472239103244e-05,True,train
2009-09-02,-0.0037995972098968226,0.00017922451642540804,True,train
2009-09-03,0.008280606261845546,0.0001996862693709866,True,train
2009-09-04,0.0139116844684933,0.00018204741167660889,True,train
2009-09-08,0.008585466226855942,0.00018400300460879628,True,train
2009-09-09,0.007645083864563936,0.0002150491822281754,True,train
2009-09-10,0.010166954417670772,0.00019843777284082528,True,train
2009-09-11,-0.00019091689973998687,0.00022932380447218854,True,train
2009-09-14,0.004856016658290553,0.00021656834885791683,True,train
2009-09-15,0.004170645300473453,0.00021413225803271728,True,train
2009-09-16,0.015020921431161585,0.00021272361551454531,True,train
2009-09-17,-0.0014919438631904424,0.00017034184522876986,True,train
2009-09-18,-0.004114485244940842,0.0002132209440521126,True,train
2009-09-21,-0.0025332309346603895,0.00018940056587102815,True,train
2009-09-22,0.005807460648907438,0.00019455463805071252,True,train
2009-09-23,-0.00834705329027164,0.0001984105918237892,True,train
2009-09-24,-0.011080165968645181,0.0002625578436765974,True,train
2009-09-25,-0.005347145275845743,0.0002722141237252382,True,train
2009-09-28,0.017744952749467677,0.00021474572089670747,True,train
2009-09-29,-0.003014317422571151,0.00021860167466978588,True,train
2009-09-30,-0.0038754589759950656,0.00019515688048499583,True,train
2009-10-01,-0.02512593961247314,0.0002209272413834177,True,train
2009-10-02,-0.0046724835234339445,0.0003075627360079377,True,train
2009-10-05,0.014817944072759348,0.0002854160602297519,True,train
2009-10-06,0.014222599327786974,0.0002722794104043306,True,train
2009-10-07,0.0027447928680790113,0.0002529612400921973,True,train
2009-10-08,0.007626773418680683,0.00029442608618251466,True,train
2009-10-09,0.006078491783683554,0.0002515469873591719,True,train
2009-10-13,-0.002045191949544844,0.00019798416018016428,True,train
2009-10-14,0.017069183190070208,0.00026804787263495604,True,train
2009-10-15,0.003652652513381284,0.0002368967811188609,True,train
2009-10-16,-0.007502319731666001,0.0002375486454295906,True,train
2009-10-19,0.008231265832779153,0.0002386922280630359,True,train
2009-10-20,-0.0052968327590818785,0.0002221969530021052,True,train
2009-10-21,-0.009014002502735659,0.0002505251492669995,True,train
2009-10-22,0.01011222487063639,0.00022670477108591158,True,train
2009-10-23,-0.011499137600751325,0.0002746274179773727,True,train
2009-10-26,-0.010884317314062935,0.00026677219508775864,True,train
2009-10-27,-0.0045938813172443785,0.00024837094897108697,True,train
2009-10-28,-0.01906802058596188,0.0002929237501973301,True,train
2009-10-29,0.02122696784837498,0.0003177771869002921,True,train
2009-10-30,-0.029401327916172792,0.0003038837588674268,True,train
2009-11-02,0.007311963944424574,0.0003605401513972154,True,train
2009-11-03,0.0031583682198298357,0.000286665581847546,True,train
2009-11-04,0.002576674073968624,0.00028899675877602955,True,train
2009-11-05,0.018227829937826526,0.0003092374634984709,True,train
2009-11-06,0.0026170571520377807,0.0003406648353289996,True,train
2009-11-09,0.022520586995464765,0.0003782737276462368,True,train
2009-11-10,0.0001824844267555441,0.0003406592251141462,True,train
2009-11-12,-0.01022002457882783,0.0003382119138592432,True,train
2009-11-13,0.00539680215119228,0.00034477462855709955,True,train
2009-11-16,0.014400432924878435,0.00034515582276824913,True,train
2009-11-17,0.001168252265801438,0.00036767808254272935,True,train
2009-11-18,-0.0006288998637843355,0.00036767808254272935,True,train
2009-11-19,-0.013116990928494367,0.0003755445258620451,True,train
2009-11-20,-0.003557580852726131,0.00043247719870626554,True,train
2009-11-23,0.012622182466278805,0.0004055576449595467,True,train
2009-11-24,0.001532827231427791,0.0003917747410382491,True,train
2009-11-25,0.0035076655851257505,0.00041662817774121286,True,train
2009-11-27,-0.016384141869871135,0.0003911172665126677,True,train
2009-11-30,0.003371173007140081,0.00040180099486833085,True,train
2009-12-01,0.012294501061477423,0.00041352339196072674,True,train
2009-12-02,-0.0004493646543567863,0.0004527629055129396,True,train
2009-12-03,-0.0078509879179629,0.0004393668060176416,True,train
2009-12-04,0.00569137345975483,0.00045071361911374133,True,train
2009-12-07,-0.0015326196329653334,0.00037446838617223935,True,train
2009-12-08,-0.011159070159151041,0.00041929185749806606,True,train
2009-12-09,0.0037335201392559208,0.000472097906469628,True,train
2009-12-10,0.005619544904667438,0.0004721035166844797,True,train
2009-12-11,0.0042390252491877264,0.0004347596842519709,True,train
2009-12-14,0.006816800321253684,0.00044068736528365786,True,train
2009-12-15,-0.004659127410461224,0.00044286961665383415,True,train
2009-12-16,0.0015255369106561057,0.0004369531560518506,True,train
2009-12-17,-0.012088522096221622,0.0004949188874179503,True,train
2009-12-18,0.00027223358197046155,0.0005678054951239395,True,train
2009-12-21,0.01011115179137352,0.0005377979862412931,True,train
2009-12-22,0.0035864964165904082,0.0005253244211563066,True,train
2009-12-23,0.001967039180458665,0.0005029182957082459,True,train
2009-12-24,0.0047231421223135365,0.000507426113792054,True,train
2009-12-28,0.002131420512871645,0.00046286770235095566,True,train
2009-12-29,-0.0014204873036290225,0.00037321514948445225,True,train
2009-12-30,-0.0003554373287626369,0.0003967760779956652,True,train
2009-12-31,-0.009644602408190647,0.00042201631912463025,True,train
2010-01-04,0.016817581522337862,0.0003802864131495845,True,train
2010-01-05,0.002643598856945032,0.00046469300201137237,True,train
2010-01-06,0.0007038078265661165,0.0005402919808569964,True,train
2010-01-07,0.004212409508558978,0.0005913138033140867,True,train
2010-01-08,0.003322238148105345,0.0005744373340420099,True,train
2010-01-11,0.001395583828601838,0.0006437386580745007,True,train
2010-01-12,-0.009370002981638407,0.0006747848356938799,True,train
2010-01-13,0.008410764997257939,0.0006693544831997654,True,train
2010-01-14,0.0027009169498924896,0.0006161672400170539,True,train
2010-01-15,-0.01128769842092077,0.0006652334695419586,True,train
2010-01-19,0.012418158601532813,0.000692147413073824,True,train
2010-01-20,-0.010220645289470582,0.0006545385207565868,True,train
2010-01-21,-0.019416386172991826,0.0006507930910950779,True,train
2010-01-22,-0.022544052927681114,0.0006711387097142335,True,train
2010-01-25,0.005114611291248728,0.0006931692511659981,True,train
2010-01-26,-0.004199377146661329,0.0006623937436461991,True,train
2010-01-27,0.004745872500929444,0.0006278728064648895,True,train
2010-01-28,-0.011538609039077309,0.0006089358303639093,True,train
2010-01-29,-0.010928061246273754,0.0006502901523426554,True,train
2010-02-01,0.01543110492539478,0.0006934343110507266,True,train
2010-02-02,0.012030766016371344,0.0007399482245919239,True,train
2010-02-03,-0.0049952006564152355,0.0007434229841538527,True,train
2010-02-04,-0.0313522634255587,0.0007254029322483271,True,train
2010-02-05,0.0020647704604640923,0.0007588795904780541,True,train
2010-02-08,-0.007245425828528924,0.0007847660857028954,True,train
2010-02-09,0.012481996106075654,0.0007574653377450287,True,train
2010-02-10,-0.001960501782608886,0.000707752854124246,True,train
2010-02-11,0.01041187355489067,0.0006345955763186733,True,train
2010-02-12,-0.0008326441583239722,0.0006114158420186117,True,train
2010-02-16,0.015612374766159553,0.0006679617104368325,True,train
2010-02-17,0.004727320371479247,0.0006755574836565682,True,train
2010-02-18,0.005877862099377857,0.0006416940210008416,True,train
2010-02-19,0.002071567724640939,0.000628562981390272,True,train
2010-02-22,0.00017997545875216554,0.0006128357049664922,True,train
2010-02-23,-0.012219060442174298,0.0006659124240376343,True,train
2010-02-24,0.009155683308789709,0.000678772793548622,True,train
2010-02-25,-0.0013544769538892949,0.000681866358899403,True,train
2010-02-26,0.0006323083727991272,0.0007284852771694047,True,train
2010-03-01,0.010331148260388218,0.0007440636280348755,True,train
2010-03-02,0.0027667255246233763,0.0008709903062779998,True,train
2010-03-03,0.0008909230301162593,0.0008806521965414923,True,train
2010-03-04,0.003022998071683764,0.0008668692926201947,True,train
2010-03-05,0.014192142783185868,0.0008203608984617625,True,train
2010-03-08,0.00017501000709962364,0.0007930657607187475,True,train
2010-03-09,0.0016613692008763492,0.0008272055036889058,True,train
2010-03-10,0.004445826400938398,0.0008226976856050994,True,train
2010-03-11,0.004166273983687038,0.0008068542748548967,True,train
2010-03-12,8.663233648235834e-05,0.0007679472641310553,True,train
2010-03-15,0.00025978592649476313,0.0007683284583422031,True,train
2010-03-16,0.00793454608897478,0.0007734825305218875,True,train
2010-03-17,0.005909783854241464,0.0007997502199578784,True,train
2010-03-18,-0.0005124930388941876,0.000786348510247727,True,train
2010-03-19,-0.00918421703957773,0.0007670303399355972,True,train
2010-03-22,0.005331928040412715,0.0007460328570057118,True,train
2010-03-23,0.007008638297849411,0.0007419062331330516,True,train
2010-03-24,-0.004866667656301655,0.0007298026418295078,True,train
2010-03-25,-0.0016274346283278308,0.000725576714274985,True,train
2010-03-26,-0.0006002632244438974,0.000730355202458375,True,train
2010-03-29,0.006327493184199144,0.000772085108433419,True,train
2010-03-30,0.0006816788832363015,0.0007782722391349809,True,train
2010-03-31,-0.00341298559350487,0.0007613957698628989,True,train
2010-04-01,0.006814362325993116,0.0008024794217420684,True,train
2010-04-05,0.008116370759604164,0.000841676127732836,True,train
2010-04-06,0.0023549108923503737,0.0007329760746537812,True,train
2010-04-07,-0.005728746086956263,0.000750879992232889,True,train
2010-04-08,0.0034579888332470334,0.0008299537306404401,True,train
2010-04-09,0.006545897909380512,0.0008075419949775276,True,train
2010-04-12,0.0015879882252557648,0.0008161708267191425,True,train
2010-04-13,0.0007513793182308664,0.0008383175024973249,True,train
2010-04-14,0.011285495150812497,0.000829036806444982,True,train
2010-04-15,0.0008247977433660892,0.0008414110678481058,True,train
2010-04-16,-0.016040238300054046,0.0008572544785983086,True,train
2010-04-19,0.003762992705505476,0.0008993655787845022,True,train
2010-04-20,0.008891160968433695,0.0008831409738231516,True,train
2010-04-21,-0.0018215918796602485,0.0008462944699282118,True,train
2010-04-22,0.002979090092242369,0.0008674080871845166,True,train
2010-04-23,0.006506640213619445,0.0008297991948672794,True,train
2010-04-26,-0.0037835140707141238,0.0008135745899059306,True,train
2010-04-27,-0.023934721305534017,0.0008156350967348323,True,train
2010-04-28,0.007567461440571651,0.000842278370167121,True,train
2010-04-29,0.01232119625003323,0.0008766887832368613,True,train
2010-04-30,-0.017107298062115472,0.0008943276409312372,True,train
2010-05-03,0.012878593629034965,0.000912993946932639,True,train
2010-05-04,-0.02379564824956689,0.000844134156230943,True,train
2010-05-05,-0.005974217301031707,0.0008566133315307829,True,train
2010-05-06,-0.03377756013827084,0.0009217880316906169,True,train
2010-05-07,-0.014986902014040687,0.0010150202580157652,True,train
2010-05-10,0.043098758755416446,0.0008416587939017763,True,train
2010-05-11,-0.002844967850533354,0.0008450286395669925,True,train
2010-05-12,0.013889070369081925,0.0008325382438374475,True,train
2010-05-13,-0.012508723045040719,0.0007659436807297346,True,train
2010-05-14,-0.01827089714928948,0.0007928632344764552,True,train
2010-05-17,0.0005266639830137934,0.0008591815172697328,True,train
2010-05-18,-0.013695777875115493,0.0008450174191372856,True,train
2010-05-19,-0.005710216971873679,0.0008626506666168116,True,train
2010-05-20,-0.038490854168254394,0.0007833006478948253,True,train
2010-05-21,0.0144936733660201,0.0007370460931914163,True,train
2010-05-24,-0.012914131398167888,0.0007084416166120884,True,train
2010-05-25,0.0010207453303537242,0.0006862949408339043,True,train
2010-05-26,-0.006046825553713463,0.0006108008758849981,True,train
2010-05-27,0.032949375950392046,0.0005689492253686812,True,train
2010-05-28,-0.012629063129892903,0.0005374169396414382,True,train
2010-06-01,-0.016966787409664248,0.0006570826116054414,True,train
2010-06-02,0.02570602431815267,0.0004888405027742224,True,train
2010-06-03,0.0034382702333982623,0.0004670806314220413,True,train
2010-06-04,-0.03576898954706794,0.00047288656791245366,True,train
2010-06-07,-0.012529030611540445,0.0005116278224334293,True,train
2010-06-08,0.01065499571192364,0.0004460607076327422,True,train
2010-06-09,-0.005360427367806205,0.0004557225978962347,True,train
2010-06-10,0.028812387188318606,0.0004553414036850851,True,train
2010-06-11,0.004843941060874733,0.0004303774428705536,True,train
2010-06-14,-0.0015511492416383926,0.00042971996834497393,True,train
2010-06-15,0.022482982500254326,0.00040551278573788645,True,train
2010-06-16,-0.0003572148251135461,0.00040101057786893005,True,train
2010-06-17,0.0016064287827814688,0.000419295689659184,True,train
2010-06-18,-0.0036628086484648773,0.0004556064635698135,True,train
2010-06-21,-0.002868153662510322,0.0004414423654373681,True,train
2010-06-22,-0.016653511309698187,0.0004607661459643513,True,train
2010-06-23,-0.0031078300439305855,0.0004580481646098665,True,train
2010-06-24,-0.016709414156597283,0.0004946239984052279,True,train
2010-06-25,0.004180456417740076,0.00046629019192548013,True,train
2010-06-28,-0.0031569567990760968,0.00047697953049599673,True,train
2010-06-29,-0.03136178183129671,0.00048392343940500265,True,train
2010-06-30,-0.009545440672120495,0.0004577606638657295,True,train
2010-07-01,-0.004466451516584146,0.00048403396351657385,True,train
2010-07-02,-0.005464545121263898,0.0005351725341993779,True,train
2010-07-06,0.006534433933522147,0.0005344101457770804,True,train
2010-07-07,0.03101021579508176,0.00052409639120286,True,train
2010-07-08,0.009846781213063644,0.0005081368461262378,True,train
2010-07-09,0.007437700818930991,0.0005270794324420732,True,train
2010-07-12,0.0006481753596675234,0.0005363601284944161,True,train
2010-07-13,0.014975748341800932,0.0005291455494858301,True,train
2010-07-14,-9.12145912251244e-05,0.0005404923625819298,True,train
2010-07-15,0.00027354925667707266,0.0005809241501503644,True,train
2010-07-16,-0.02792079852960168,0.0005709915897872935,True,train
2010-07-19,0.005889217674980952,0.0005454806785587466,True,train
2010-07-20,0.011030397955411464,0.0005547613746110895,True,train
2010-07-21,-0.013083031817336045,0.0005845094338238627,True,train
2010-07-22,0.02207635403180313,0.0006014964272075124,True,train
2010-07-23,0.008641565267584804,0.0006031813500401179,True,train
2010-07-26,0.010361798255722676,0.0006348793919702268,True,train
2010-07-27,-8.959263874577318e-05,0.0006342331378743488,True,train
2010-07-28,-0.006475435927445757,0.0006276704231764907,True,train
2010-07-29,-0.004884243689705883,0.0006459555349667447,True,train
2010-07-30,-0.00018139529141471419,0.0006694003291515347,True,train
2010-08-02,0.022329811863111174,0.0006950161542767959,True,train
2010-08-03,-0.004800443990249213,0.0007724812686079208,True,train
2010-08-04,0.00666106634379463,0.0007790439833057789,True,train
2010-08-05,-0.0010628178021457471,0.0007693877032571399,True,train
2010-08-06,-0.004084529642724342,0.0007724756583930674,True,train
2010-08-09,0.005324340215268623,0.0007763260019512941,True,train
2010-08-10,-0.005413339070867241,0.0007228680886690025,True,train
2010-08-11,-0.027789538140495923,0.0006589746762712175,True,train
2010-08-12,-0.006148835941590866,0.000627011574456382,True,train
2010-08-13,-0.0029501238551002756,0.0006149079831528365,True,train
2010-08-16,-0.000461702205493389,0.0006015006632278351,True,train
2010-08-17,0.012210334957605155,0.0006385738255607638,True,train
2010-08-18,0.0018233625266918447,0.0006519811454857669,True,train
2010-08-19,-0.01754998577361119,0.0006965451671417169,True,train
2010-08-20,-0.0032496057617003382,0.0007079968941345292,True,train
2010-08-23,-0.0038201400270727,0.0007400761302757877,True,train
2010-08-24,-0.014954465907509937,0.0007076156999233814,True,train
2010-08-25,0.003877658045916859,0.0006583893244104626,True,train
2010-08-26,-0.006724456507921019,0.0006421647194491138,True,train
2010-08-27,0.015371109587680456,0.0006466669273180702,True,train
2010-08-30,-0.01461121403185606,0.0006309836625558816,True,train
2010-08-31,0.0,0.0006444902861627456,True,train
2010-09-01,0.029473074762299892,0.0006448658701590417,True,train
2010-09-02,0.009269117295732054,0.00064241698191673,True,train
2010-09-03,0.01288816319351248,0.0006513164837579234,True,train
2010-09-07,-0.011336447593291653,0.0006885554022937179,True,train
2010-09-08,0.006998476751605747,0.000696261699625023,True,train
2010-09-09,0.004608461620370114,0.0006831306600144534,True,train
2010-09-10,0.005036028486484737,0.0006519795684983582,True,train
2010-09-13,0.011061645693765295,0.000665768082634511,True,train
2010-09-14,-0.0006211979963804253,0.0006830201359028839,True,train
2010-09-15,0.0038098685943884405,0.000699625935075384,True,train
2010-09-16,-0.0002653232992093284,0.000698482352441937,True,train
2010-09-17,-0.004965915904409151,0.0007180711928536487,True,train
2010-09-20,0.015174541232009573,0.000705315737239377,True,train
2010-09-21,-0.002015827187534707,0.0007143257631921397,True,train
2010-09-22,-0.004925297416943684,0.0007074811579649964,True,train
2010-09-23,-0.008144504797387559,0.0006802909341186974,True,train
2010-09-24,0.02041246043715341,0.0006751368619390113,True,train
2010-09-27,-0.004801642300214529,0.0006871299291309873,True,train
2010-09-28,0.003494382300763337,0.0006806721283298452,True,train
2010-09-29,-0.0017456314878353456,0.0007310308660465024,True,train
2010-09-30,-0.002974665094215054,0.0006613483478028603,True,train
2010-10-01,0.004196940333946503,0.0006944550322511428,True,train
2010-10-04,-0.007532008003013176,0.0005601888490754069,True,train
2010-10-05,0.019931909311899858,0.0005398320100265443,True,train
2010-10-06,-8.61993040877103e-05,0.0005332636851138346,True,train
2010-10-07,-0.0012073077592180878,0.0005274521384085688,True,train
2010-10-08,0.005593109491180671,0.0005180553080298047,True,train
2010-10-12,0.0030814079394163698,0.0005100727303840678,True,train
2010-10-13,0.007746993425400246,0.0004893403073389126,True,train
2010-10-14,-0.003908570613088435,0.0004955274380404745,True,train
2010-10-15,0.0020411460379590823,0.0004957981081400529,True,train
2010-10-18,0.004915696325866874,0.0005094704879497862,True,train
2010-10-19,-0.013191080241147462,0.0004760931334019218,True,train
2010-10-20,0.00971874111759183,0.00048819672470546555,True,train
2010-10-21,0.00220334416965626,0.0005278717340664579,True,train
2010-10-22,0.0018606333571330367,0.0005426933067244882,True,train
2010-10-25,0.002952952838726183,0.0005854618814362614,True,train
2010-10-26,0.0001685137954895532,0.0005948587118150255,True,train
2010-10-27,-0.0028680236400969593,0.0005844400433440873,True,train
2010-10-28,0.00016896927621975281,0.0006354618658011794,True,train
2010-10-29,0.0007598154624697652,0.0006060893905847024,True,train
2010-11-01,0.00033753199285844657,0.0006292635146699123,True,train
2010-11-02,0.00789922125406232,0.0008472252830137982,True,train
2010-11-03,0.004009659797000971,0.0008707862115250094,True,train
2010-11-04,0.019074978229640414,0.0008306138736264464,True,train
2010-11-05,0.0037554054925776144,0.0007464797565062218,True,train
2010-11-08,-0.0018759710064512286,0.0006836306230600196,True,train
2010-11-09,-0.007210168547720283,0.0006677872123098168,True,train
2010-11-10,0.004021160607864356,0.0006462980110572142,True,train
2010-11-12,-0.011908861079369145,0.0006086778983102718,True,train
2010-11-15,-0.001415295344837037,0.0006066286119110736,True,train
2010-11-16,-0.01570203215134482,0.0006589541629896251,True,train
2010-11-17,0.0005076365059888257,0.0006935856242825007,True,train
2010-11-18,0.014611040526956012,0.0007308189326034418,True,train
2010-11-19,0.002747155368112735,0.0007170360286821425,True,train
2010-11-22,-0.0008316573393951529,0.0007174172228932921,True,train
2010-11-23,-0.014582939436894508,0.0007081309166260975,True,train
2010-11-24,0.014666091871414004,0.0007523081338560444,True,train
2010-11-26,-0.011715564095365463,0.0007277309774675143,True,train
2010-11-29,0.003025725961046843,0.0007523193542857496,True,train
2010-11-30,-0.00563860777792251,0.0007510212358791436,True,train
2010-12-01,0.02104465366343367,0.0008303656443862783,True,train
2010-12-02,0.012727481608891575,0.0005699919429121552,True,train
2010-12-03,0.0026889552576654517,0.0005720580599559086,True,train
2010-12-06,-0.0010583941766391873,0.0006288745984737096,True,train
2010-12-07,0.0005700533050127482,0.0006861828553142279,True,train
2010-12-08,0.00365688065175551,0.0006270903719592397,True,train
2010-12-09,0.0038860424158987726,0.0006147329412006727,True,train
2010-12-10,0.005800863871851226,0.0006200031477067783,True,train
2010-12-13,0.0006424205277645551,0.0006938235102527824,True,train
2010-12-14,0.000882723744171901,0.0007131416805649139,True,train
2010-12-15,-0.0045825517546696,0.0007492426266821148,True,train
2010-12-16,0.005785017145967775,0.0007447404188131584,True,train
2010-12-17,-0.0041746739927536365,0.0007299188461551316,True,train
2010-12-20,0.002410571038917316,0.0007714942163570149,True,train
2010-12-21,0.00632028122768749,0.0007559158654915406,True,train
2010-12-22,0.0031054640754708323,0.0007608048777864966,True,train
2010-12-23,-0.0014320975249110487,0.0007338853240397777,True,train
2010-12-27,0.0003980342481033424,0.0007456133313470253,True,train
2010-12-28,0.0014315280222058227,0.0006832559162235387,True,train
2010-12-29,0.0007149659719904494,0.0006928128925903151,True,train
2010-12-30,-0.0015895484886163213,0.0007622191305195238,True,train
2010-12-31,0.000238587340784555,0.0007546233572997864,True,train
2011-01-03,0.010284924806456493,0.0007950551448682244,True,train
2011-01-04,-0.0005511136072903331,0.0006642169475164945,True,train
2011-01-05,0.005184176449207462,0.0006210671785935699,True,train
2011-01-06,-0.0019605542977314794,0.0005968712164161876,True,train
2011-01-07,-0.0019644056228539015,0.000613477015588686,True,train
2011-01-10,-0.0012592165286221444,0.0006369105893437726,True,train
2011-01-11,0.0035375764400234224,0.0006293092059091853,True,train
2011-01-12,0.008984096335089451,0.0006790329099596697,True,train
2011-01-13,-0.001634611894315131,0.0006765912089196201,True,train
2011-01-14,0.007218628320147511,0.0006617696362615898,True,train
2011-01-18,0.0017000329763009424,0.000645158226874238,True,train
2011-01-19,-0.009853858305382115,0.000658946741010389,True,train
2011-01-20,-0.0013264010662401664,0.0006658962601342484,True,train
2011-01-21,0.0022615980751737276,0.0006382199281800838,True,train
2011-01-24,0.005670664070208581,0.0006655206761379522,True,train
2011-01-25,0.00054200693836145,0.000645550641515091,True,train
2011-01-26,0.0038633953715288857,0.000662537634898739,True,train
2011-01-27,0.002464819238374171,0.0006803366385811291,True,train
2011-01-28,-0.01761718927405389,0.0007127914587186819,True,train
2011-01-31,0.007488268048510469,0.0007331370773378375,True,train
2011-02-01,0.015882014747780775,0.0007179455308983663,True,train
2011-02-02,-0.0019140226299316067,0.0005814012318715641,True,train
2011-02-03,0.002219875228518332,0.0005365777605457391,True,train
2011-02-04,0.002825146975337663,0.0005279545390189794,True,train
2011-02-07,0.006232973504143775,0.0005148291096232598,True,train
2011-02-08,0.004536229780100495,0.0005293800121817065,True,train
2011-02-09,-0.002265542719678451,0.0004769607676361476,True,train
2011-02-10,0.00037796628868440123,0.00048493212485217936,True,train
2011-02-11,0.00595257201654703,0.00044037371341108453,True,train
2011-02-14,0.0024010822182387254,0.0004152439963936872,True,train
2011-02-15,-0.003152668796160044,0.0004053170462454646,True,train
2011-02-16,0.006295543499705147,0.00043739067217186955,True,train
2011-02-17,0.002983917822945191,0.00041703944333786047,True,train
2011-02-18,0.0020834800346416875,0.00045529458975097567,True,train
2011-02-22,-0.020273985764222773,0.00046869629946112365,True,train
2011-02-23,-0.006163211746435969,0.0004490962386197086,True,train
2011-02-24,-0.0006872426132549282,0.0004715135844974728,True,train
2011-02-25,0.010636043322289847,0.00048052361045023556,True,train
2011-02-28,0.006177449798552023,0.00047330342122679434,True,train
2011-03-01,-0.016813493120841887,0.0005281755872421131,True,train
2011-03-02,0.0021363709867891836,0.0005465830789240927,True,train
2011-03-03,0.017077598345467793,0.0005203153894881001,True,train
2011-03-04,-0.00752052872084866,0.0004730558273370756,True,train
2011-03-07,-0.007881879144340674,0.0005413184826328372,True,train
2011-03-08,0.008711915857417783,0.0005306291440623223,True,train
2011-03-09,-0.0014341432848760949,0.0005109297795390429,True,train
2011-03-10,-0.018679283098206725,0.0005082117981845546,True,train
2011-03-11,0.006902350439859637,0.0004999529402243859,True,train
2011-03-14,-0.006056159320269047,0.0005406610081072575,True,train
2011-03-15,-0.011523312921841292,0.0005503172881558948,True,train
2011-03-16,-0.018686241077615323,0.000497886823180629,True,train
2011-03-17,0.013148228441042051,0.0005027646150458816,True,train
2011-03-18,-0.000704169174871776,0.00048203219200072464,True,train
2011-03-21,0.015378969497287495,0.0004992954656988045,True,train
2011-03-22,-0.003474598786978691,0.00048036409981267424,True,train
2011-03-23,0.002857776653072565,0.00046864170272027834,True,train
2011-03-24,0.00951795829774732,0.0004696747612421559,True,train
2011-03-25,0.003051178262846453,0.00047934226172050183,True,train
2011-03-28,-0.0024401973806626944,0.00041622806838956944,True,train
2011-03-29,0.006696151143217117,0.00040901348938098166,True,train
2011-03-30,0.006877581773286894,0.00039858921069519347,True,train
2011-03-31,-0.001356707580398848,0.00040103091173524646,True,train
2011-04-01,0.004214633913717411,0.00040759923664795625,True,train
2011-04-04,0.0008257994924441352,0.00034391749875042725,True,train
2011-04-05,-0.0001500113599201931,0.0003759911246768305,True,train
2011-04-06,0.003147234928549288,0.00032910714652210384,True,train
2011-04-07,-0.0025469811049454493,0.0003359461415343955,True,train
2011-04-08,-0.0034563615456314934,0.0003758862107801162,True,train
2011-04-11,-0.0030151830882110937,0.0003621033068588169,True,train
2011-04-12,-0.007502065749284654,0.0003452268375867384,True,train
2011-04-13,-7.602408655647419e-05,0.000397646082132299,True,train
2011-04-14,0.0007603288565081602,0.00041181018026474614,True,train
2011-04-15,0.0036418533742727916,0.00041425749151965084,True,train
2011-04-18,-0.011271983621468707,0.00045327502635506174,True,train
2011-04-19,0.005728048761922306,0.0004543024746620876,True,train
2011-04-20,0.013539849979458639,0.0004760679562291221,True,train
2011-04-21,0.0050958793078750555,0.0004832881454525633,True,train
2011-04-25,-0.0010470376441327701,0.0004787803273687552,True,train
2011-04-26,0.008568349018922112,0.0004746537034960967,True,train
2011-04-27,0.006507491060485546,0.0004891989958396917,True,train
2011-04-28,0.0032379338274032936,0.0005046668225935982,True,train
2011-04-29,0.002348222061735955,0.0005112295372914546,True,train
2011-05-02,-0.0015403741155360815,0.0005233331285949983,True,train
2011-05-03,-0.003603647942207419,0.0004336613023026032,True,train
2011-05-04,-0.006652847605774444,0.0004243806062502603,True,train
2011-05-05,-0.0090896260574921,0.0004333906322030231,True,train
2011-05-06,0.004406088628249448,0.00041547549419421355,True,train
2011-05-09,0.003867357757845281,0.0004237231317246806,True,train
2011-05-10,0.0084999507437913,0.00039126270137227435,True,train
2011-05-11,-0.010580489282121406,0.0004060842740303012,True,train
2011-05-12,0.004749188055977086,0.00042887720390436326,True,train
2011-05-13,-0.007728996292128419,0.0004067305281261792,True,train
2011-05-16,-0.006361514237382823,0.0003943562667230553,True,train
2011-05-17,-0.00015020477889104715,0.00044651606159873923,True,train
2011-05-18,0.008896275522450333,0.00043208129336671196,True,train
2011-05-19,0.002378770623743367,0.00041547549419421355,True,train
2011-05-20,-0.007976426741533248,0.0004344124702951972,True,train
2011-05-23,-0.011668766889634,0.000415088689768214,True,train
2011-05-24,-0.0008333064581316544,0.0004154698839793601,True,train
2011-05-25,0.0033290675181164124,0.00040065392153618325,True,train
2011-05-26,0.004597020882442528,0.00041405563124633296,True,train
2011-05-27,0.0038272120360345356,0.00046582862169601905,True,train
2011-05-31,0.010357377711179271,0.00045926029678330926,True,train
2011-06-01,-0.022717166176830932,0.00048824035735893154,True,train
2011-06-02,-0.0010622109838710119,0.0005279040749818272,True,train
2011-06-03,-0.009994342882886753,0.0005277935508702595,True,train
2011-06-06,-0.010637616137775861,0.000527787940655406,True,train
2011-06-07,-0.0006200509676611306,0.0005091160244391525,True,train
2011-06-08,-0.004196202712369402,0.0005560056128087326,True,train
2011-06-09,0.007602206791408592,0.000559861566581811,True,train
2011-06-10,-0.014007975946590421,0.0005222526742645738,True,train
2011-06-13,0.0007833801882340768,0.0005526469875732232,True,train
2011-06-14,0.012606270353002092,0.0005608946251036886,True,train
2011-06-15,-0.01794548154718442,0.0005428801834130147,True,train
2011-06-16,0.0022020015898782607,0.0005650156387614954,True,train
2011-06-17,-0.0019657957500154952,0.000542979487094879,True,train
2011-06-20,0.005103005354319755,0.0005197997527948174,True,train
2011-06-21,0.01361094348212197,0.0005487854235852914,True,train
2011-06-22,-0.006043709656474322,0.0005380960850147748,True,train
2011-06-23,-0.0028796775585726827,0.0005625739377214441,True,train
2011-06-24,-0.011681411413365773,0.0005715783534593535,True,train
2011-06-27,0.008871539110088738,0.0005101322523164715,True,train
2011-06-28,0.012968523040000554,0.00043517952756672723,True,train
2011-06-29,0.008527694305573862,0.0004234683509040382,True,train
2011-06-30,0.009516992828594329,0.000502442785629725,True,train
2011-07-01,0.014667959789823864,0.0005579668159557735,True,train
2011-07-05,-0.0008217279968376062,0.0004852468367774476,True,train
2011-07-06,0.0011950383290817402,0.0005041782026635796,True,train
2011-07-07,0.010321996966352439,0.0005100946632655597,True,train
2011-07-08,-0.00711751769102607,0.0004815014071159387,True,train
2011-07-11,-0.01824574939739419,0.0005174197663857169,True,train
2011-07-12,-0.004328573677972774,0.0005050398947677396,True,train
2011-07-13,0.003342978783620863,0.0004922844391534679,True,train
2011-07-14,-0.006926265084537383,0.0004988527640661777,True,train
2011-07-15,0.005787920961467227,0.0005056917590784676,True,train
2011-07-18,-0.008234905998654835,0.000478766595116897,True,train
2011-07-19,0.01610116918648337,0.0004524932954660544,True,train
2011-07-20,-0.0006029228774295955,0.00045917775470518535,True,train
2011-07-21,0.013775853108294189,0.000449786534541273,True,train
2011-07-22,0.0006689436860065935,0.0004911464667348743,True,train
2011-07-25,-0.005588479875640823,0.00049190885515717,True,train
2011-07-26,-0.003743079629607383,0.00046770167255008425,True,train
2011-07-27,-0.020688008283868003,0.00047361813315206433,True,train
2011-07-28,-0.002913926393876417,0.00046434304731457314,True,train
2011-07-29,-0.006858045597718971,0.0004785071454470203,True,train
2011-08-01,-0.004261778954100261,0.00047307118273805064,True,train
2011-08-02,-0.02587945553195333,0.0004456600432900873,True,train
2011-08-03,0.005404132327946673,0.0004899477846316037,True,train
2011-08-04,-0.04797410605219454,0.0004968973037554631,True,train
2011-08-05,-0.0014978808010258596,0.000481799450783001,True,train
2011-08-08,-0.06734057403046549,0.0005041062725491992,True,train
2011-08-09,0.045450506361566,0.00038789291928771445,True,train
2011-08-10,-0.045183316167242776,0.00033441256514601427,True,train
2011-08-11,0.04390567430386801,0.00031199521926824833,True,train
2011-08-12,0.006710587086638596,0.0002857659312789987,True,train
2011-08-15,0.02094405066518224,0.0002496762055915012,True,train
2011-08-16,-0.008575935434864694,0.0002702981045250921,True,train
2011-08-17,0.0006687439260467234,0.00025971929006614325,True,train
2011-08-18,-0.044075765203905146,0.0002594486199665614,True,train
2011-08-19,-0.01646528708952503,0.00021331580980442702,True,train
2011-08-22,0.0007987218438405377,0.00021022224445364605,True,train
2011-08-23,0.03238053100952896,0.00018948982140848739,True,train
2011-08-24,0.013986236514564057,0.00016554769868612831,True,train
2011-08-25,-0.015361311166349485,0.00018399856667924465,True,train
2011-08-26,0.0144293000086114,0.00015088627201611214,True,train
2011-08-29,0.02833097486821802,0.00016195680479777833,True,train
2011-08-30,0.002633310389515277,0.00018979889295480702,True,train
2011-08-31,0.004428058995465284,0.00018166177953591114,True,train
2011-09-01,-0.01052813442253418,0.0001743310662009022,True,train
2011-09-02,-0.02588195859748386,0.00013289802657421787,True,train
2011-09-06,-0.0073241736349348215,0.0001138009044852218,True,train
2011-09-07,0.02781705881741318,6.999927125157096e-05,True,train
2011-09-08,-0.010445922841278862,6.538092905619512e-05,True,train
2011-09-09,-0.0265592965591247,6.678957157437056e-05,True,train
2011-09-12,0.006449138924880436,5.544275847826907e-05,True,train
2011-09-13,0.009129364315030244,5.078410546761891e-06,True,train
2011-09-14,0.013749150659437749,3.93482791331487e-06,True,train
2011-09-15,0.017110031462982917,4.979696797586912e-05,True,train
2011-09-16,0.0007408630840709541,3.8345240983055084e-05,True,train
2011-09-19,-0.01000710591017769,7.041886690945832e-05,True,train
2011-09-20,-0.0011643330667982065,5.9834442235657745e-05,True,train
2011-09-21,-0.02990088453258005,3.929217698461426e-06,True,train
2011-09-22,-0.03285838920438979,6.221993180207178e-06,True,train
2011-09-23,0.006007087857023056,-7.09626048161615e-05,True,train
2011-09-26,0.023501795078211662,-6.243868697126259e-05,True,train
2011-09-27,0.0111217080893046,-0.00010363847317685151,True,train
2011-09-28,-0.020629935026862865,-8.893303484524238e-05,True,train
2011-09-29,0.007872385070655765,-7.682383332684693e-05,True,train
2011-09-30,-0.02530677345236948,-5.635647016641668e-05,True,train
2011-10-03,-0.028870583198134143,-5.456663343709513e-05,True,train
2011-10-04,0.021686152138976265,-0.00013833620048557364,True,train
2011-10-05,0.018345918331616917,-0.0001601016820526116,True,train
2011-10-06,0.017929541235911752,-0.00014577743793215206,True,train
2011-10-07,-0.006718361097380832,-0.00015168828831928043,True,train
2011-10-11,0.0010029683037337549,-0.00012243194742922459,True,train
2011-10-12,0.008733705463807771,-0.00012112821880776517,True,train
2011-10-13,-0.0019895377667991324,-7.396796033860495e-05,True,train
2011-10-14,0.016949538097382644,-6.316248744166718e-05,True,train
2011-10-17,-0.019275689955516838,-1.0080158155671703e-05,True,train
2011-10-18,0.0193572900874667,-3.4828680961919434e-05,True,train
2011-10-19,-0.011899566641168823,-1.2030140873005649e-05,True,train
2011-10-20,0.004365972639690508,-1.987056398365314e-06,True,train
2011-10-21,0.01880931170308042,1.0768399215908137e-05,True,train
2011-10-24,0.012186446402285757,9.740950908880552e-06,True,train
2011-10-25,-0.019635255461081465,2.9064731435863786e-05,True,train
2011-10-26,0.010107221430194213,5.5061750772274556e-05,True,train
2011-10-27,0.034242080982544706,8.573234439535928e-05,True,train
2011-10-28,-0.00023324478600182926,0.00014875284425927733,True,train
2011-10-31,-0.024401100692920532,0.00019201313729376966,True,train
2011-11-01,-0.02828471383858199,0.00015488474286954115,True,train
2011-11-02,0.016179855229439512,-7.258226811569096e-06,True,train
2011-11-03,0.018063168192773142,-1.0710961100071636e-06,True,train
2011-11-04,-0.006117658080253967,-8.004260104253064e-07,True,train
2011-11-07,0.0061968797835613475,2.2702229660054307e-07,True,train
2011-11-08,0.012749012855056313,-1.4854000031306464e-05,True,train
2011-11-09,-0.037607949922965934,-1.5997582664750015e-05,True,train
2011-11-10,0.009374531373710209,-5.491581381829834e-05,True,train
2011-11-14,-0.00951938462996258,-8.195150189144011e-05,True,train
2011-11-15,0.004929665261295321,-7.53831769787286e-05,True,train
2011-11-16,-0.015990107007195373,-9.92091653746665e-05,True,train
2011-11-17,-0.016004250782027264,-0.00013438196686670414,True,train
2011-11-18,-0.001065158454634802,-0.00015500386580029508,True,train
2011-11-21,-0.019202705822494955,-0.000149844183405759,True,train
2011-11-22,-0.003935539588244083,-0.0001453419755368026,True,train
2011-11-23,-0.022312738036471796,-0.00015603692432217264,True,train
2011-11-25,-0.0018892339364911,-0.00015836810125065617,True,train
2011-11-28,0.028555236610433046,-0.00017676934736732958,True,train
2011-11-29,0.002836204472583442,-0.00015989287809525105,True,train
2011-11-30,0.04032536892293411,-0.00018203955387343512,True,train
2011-12-01,-0.00015999874525770224,-0.0001469828867078169,True,train
2011-12-02,-0.0008806037437761391,-0.0002153783736313676,True,train
2011-12-05,0.010833311305441844,-0.0001710850220750012,True,train
2011-12-06,0.00031686403144940925,-0.000204191706523282,True,train
2011-12-07,0.0037155757240585952,-0.00017494097584807612,True,train
2011-12-08,-0.022180631722513985,-0.0001817799708603695,True,train
2011-12-09,0.016800443984299855,-0.0001676158727279206,True,train
2011-12-12,-0.014705003659321118,-0.00015600399974709592,True,train
2011-12-13,-0.009382872547278114,-0.00018525473042230005,True,train
2011-12-14,-0.010703196119725814,-0.0002200463377031881,True,train
2011-12-15,0.003607764201080332,-0.00021130137163515549,True,train
2011-12-16,-0.004840670529557982,-0.00024272874346568246,True,train
2011-12-19,-0.010749197572835998,-0.0002312770164728667,True,train
2011-12-20,0.02981139092228546,-0.00024365127787599056,True,train
2011-12-21,0.0019346871431293285,-0.0002365416127641188,True,train
2011-12-22,0.008819801376116914,-0.0002673171202839178,True,train
2011-12-23,0.008900978771407796,-0.00026384236072198725,True,train
2011-12-27,0.0007908769409957418,-0.00026498594335543427,True,train
2011-12-28,-0.013210410439571862,-0.000278387653065584,True,train
2011-12-29,0.010281030123043508,-0.00024994332247427024,True,train
2011-12-30,-0.004928097882550799,-0.000275835427913965,True,train
2012-01-03,0.015810606026642245,-0.00024028704242562947,True,train
2012-01-04,0.0015673745421439895,-0.00032144878941218515,True,train
2012-01-05,0.002658923525334799,-0.0002952916240877637,True,train
2012-01-06,-0.002580601326588266,-0.000292844312832859,True,train
2012-01-09,0.002424473747871864,-0.00028177378005119283,True,train
2012-01-10,0.00863315158446976,-0.0003000645020562985,True,train
2012-01-11,0.0005418810563717929,-0.0002507276024318137,True,train
2012-01-12,0.002396488092430158,-0.00028551920971270177,True,train
2012-01-13,-0.00518675978121626,-0.00025898085017713075,True,train
2012-01-17,0.0038732716653284865,-0.0002781884963776963,True,train
2012-01-18,0.010995519885351227,-0.000249208435802074,True,train
2012-01-19,0.005262586317009751,-0.00027547612523806143,True,train
2012-01-20,0.003720365914206534,-0.00025137385652768997,True,train
2012-01-23,-0.0025800313373851107,-0.0002521362449499874,True,train
2012-01-24,-0.0011403345768214964,-0.00023976198354686354,True,train
2012-01-25,0.008332680793951502,-0.00022597907962556424,True,train
2012-01-26,-0.005142899472747521,-0.0002635991923725083,True,train
2012-01-27,-0.0004550440413475089,-0.00025936204438828034,True,train
2012-01-30,-0.003419678873827171,-0.00026864274044062324,True,train
2012-01-31,-0.00038058390580182833,-0.00026749915780717795,True,train
2012-02-01,0.008719065503894516,-0.00027330509429759203,True,train
2012-02-02,0.001583944965608829,-0.00022902662610476375,True,train
2012-02-03,0.01392134381835218,-0.00023212019145554472,True,train
2012-02-06,-0.0006691426782849391,-0.00020465929750966214,True,train
2012-02-07,0.002525601923559161,-0.0002024826563543393,True,train
2012-02-08,0.002963252495042481,-0.0001728451212531356,True,train
2012-02-09,0.0012566859316234706,-0.00018005970026172338,True,train
2012-02-10,-0.007415131080261282,-0.00017734732912209027,True,train
2012-02-13,0.007415131080261385,-0.00019552752701562821,True,train
2012-02-14,-0.0012566859316235118,-0.00022282827497349667,True,train
2012-02-15,-0.004671036354375908,-0.00023791490751625365,True,train
2012-02-16,0.011012309579391845,-0.00024138966707818246,True,train
2012-02-17,0.002642595690965567,-0.00020969162514807536,True,train
2012-02-21,0.0004397358434986928,-0.00020350449444651343,True,train
2012-02-22,-0.00322937852330844,-0.00020143837740275658,True,train
2012-02-23,0.004401137416320357,-0.00019036784462109213,True,train
2012-02-24,0.002193214767479755,-0.0002134314445947326,True,train
2012-02-27,0.00167836143890253,-0.00020338836012009226,True,train
2012-02-28,0.0029120135218652925,-0.00021022735513238217,True,train
2012-02-29,-0.003933236060081258,-0.00020404022443082023,True,train
2012-03-01,0.005168284152638876,-0.00017852931320227507,True,train
2012-03-02,-0.0030540903552762613,-0.0002797514408742624,True,train
2012-03-05,-0.004086684251318728,-0.0002621125831798847,True,train
2012-03-06,-0.014733231512984004,-0.000307322858931711,True,train
2012-03-07,0.006951680361283761,-0.00030140639832972917,True,train
2012-03-08,0.009899914873447515,-0.000301787592540877,True,train
2012-03-09,0.0038601266890066765,-0.00030976455997176224,True,train
2012-03-12,7.264769404171427e-05,-0.00031839339171337716,True,train
2012-03-13,0.01786530538934012,-0.00030525674188795586,True,train
2012-03-14,-0.0010714998762810766,-0.00029119755765222473,True,train
2012-03-15,0.0057727241840531155,-0.00029683773793977297,True,train
2012-03-16,-0.002989100243923629,-0.0002616705466625853,True,train
2012-03-19,0.0039125287957505715,-0.00023577844122289054,True,train
2012-03-20,-0.002915168971612883,-0.00022790638768872308,True,train
2012-03-21,-0.00163902206680534,-0.0002478764223115826,True,train
2012-03-22,-0.007229620640635165,-0.000232949935756838,True,train
2012-03-23,0.0032275227086085503,-0.0002222605971863214,True,train
2012-03-26,0.0139375558596752,-0.000234634858589447,True,train
2012-03-27,-0.003111979619512397,-0.00021981889614627013,True,train
2012-03-28,-0.004970873392590558,-0.0002229180717119028,True,train
2012-03-29,-0.0017100502619177978,-0.00022497857854080622,True,train
2012-03-30,0.004127545319883938,-0.00022253687750075496,True,train
2012-04-02,0.007288189356439629,-0.00023334235039769273,True,train
2012-04-03,-0.0040975108534866776,-0.00020127103054451076,True,train
2012-04-04,-0.00996019845413259,-0.0001985530491900242,True,train
2012-04-05,-0.0005006781849393335,-0.0002154351286769579,True,train
2012-04-09,-0.01129462095995572,-0.0002405648456943535,True,train
2012-04-10,-0.016927351249561472,-0.00025875065380274315,True,train
2012-04-11,0.00806164958284261,-0.00024703386692520243,True,train
2012-04-12,0.012981025165336122,-0.0002712410495322882,True,train
2012-04-13,-0.01195965358781548,-0.00024366963147484134,True,train
2012-04-16,-0.0006564523893733154,-0.0002387862293947371,True,train
2012-04-17,0.014703475288866496,-0.0002384050351835875,True,train
2012-04-18,-0.0033850816765037045,-0.0002291243391312446,True,train
2012-04-19,-0.006441591294652862,-0.000244973360096299,True,train
2012-04-20,0.0016686312071105618,-0.00025116049079786096,True,train
2012-04-23,-0.008444424521305168,-0.0002846483694572931,True,train
2012-04-24,0.003794271533622065,-0.0002639159464121327,True,train
2012-04-25,0.013598798225997724,-0.000244973360096299,True,train
2012-04-26,0.006944729536737264,-0.0002432940474785452,True,train
2012-04-27,0.0016396063201724895,-0.0002657113933563094,True,train
2012-04-30,-0.0037108747547531236,-0.00027189852405787134,True,train
2012-05-01,0.006200870687420012,-0.000293282811413758,True,train
2012-05-02,-0.002988674748570388,-0.0002443203358589909,True,train
2012-05-03,-0.007654702013019944,-0.00023080249182242003,True,train
2012-05-04,-0.016289952979268458,-0.0002359565640021044,True,train
2012-05-07,0.0007297052588564099,-0.00024627031857632486,True,train
2012-05-08,-0.004019760818253804,-0.00023660842831283238,True,train
2012-05-09,-0.005949538524837831,-0.0002555510146286695,True,train
2012-05-10,0.0020606334141373803,-0.0002783495547175833,True,train
2012-05-11,-0.0030188415573872214,-0.0002655940991033081,True,train
2012-05-14,-0.011122760326664573,-0.0002876302507699262,True,train
2012-05-15,-0.005758133548508667,-0.00032963643705940376,True,train
2012-05-16,-0.0038321007961062774,-0.000348960217586387,True,train
2012-05-17,-0.014942074823610709,-0.00036725093959149267,True,train
2012-05-18,-0.008595563981053293,-0.0003961204760555472,True,train
2012-05-21,0.017042143153895094,-0.00041930021035560885,True,train
2012-05-22,0.0017412710545933409,-0.00037034450494227364,True,train
2012-05-23,0.0005294160058288494,-0.00041708516775354476,True,train
2012-05-24,0.0019637053428055115,-0.00040563344076073246,True,train
2012-05-25,-0.0032497679497885865,-0.00042468655118813557,True,train
2012-05-29,0.01203920355045307,-0.0004491644038948032,True,train
2012-05-30,-0.014616417103779963,-0.00045882629415829566,True,train
2012-05-31,-0.0022033461851589573,-0.0004708249715651234,True,train
2012-06-01,-0.025499186098984584,-0.00048319923296824725,True,train
2012-06-04,-0.0004682553453806065,-0.0004940228428582608,True,train
2012-06-05,0.007543693044012312,-0.0004688931258408618,True,train
2012-06-06,0.022219683685399394,-0.0004565188644377379,True,train
2012-06-07,0.0006060285751731634,-0.0004469674982858149,True,train
2012-06-08,0.007920109403916804,-0.00047182654520363035,True,train
2012-06-11,-0.01277853673432137,-0.000493210832559517,True,train
2012-06-12,0.011425195187419059,-0.000510092912046449,True,train
2012-06-13,-0.006415289197970859,-0.0005039001711300353,True,train
2012-06-14,0.010544602119150941,-0.0005224615632347229,True,train
2012-06-15,0.005007283489523609,-0.0004934758924442454,True,train
2012-06-18,0.0019363565545029568,-0.0005072644065803964,True,train
2012-06-19,0.009626161675834072,-0.0005103579719311774,True,train
2012-06-20,-0.0016225479379806827,-0.0005000442173569569,True,train
2012-06-21,-0.022694265300738328,-0.0005006904714528332,True,train
2012-06-22,0.007672126668571888,-0.00048717262741626403,True,train
2012-06-25,-0.016164709374456528,-0.00046345716313189213,True,train
2012-06-26,0.005013215176026021,-0.00048201855523657966,True,train
2012-06-27,0.008976130181058067,-0.00045960120935881546,True,train
2012-06-28,-0.0028576113221010406,-0.0004692630996223062,True,train
2012-06-29,0.02462107206103697,-0.0004978675762016341,True,train
2012-07-02,0.0030078772716375956,-0.0005127940627563769,True,train
2012-07-03,0.006571352219776147,-0.0004817788876858159,True,train
2012-07-05,-0.004522329974862246,-0.0004759729511954018,True,train
2012-07-06,-0.009548976618500212,-0.00047494550288837596,True,train
2012-07-09,-0.001255479363605407,-0.00046555428272446707,True,train
2012-07-10,-0.008758371916199225,-0.00047792854412759093,True,train
2012-07-11,0.00014911869005202993,-0.0004647918943021679,True,train
2012-07-12,-0.004856804553746215,-0.0004419933542132541,True,train
2012-07-13,0.016638618556256375,-0.00043749114634429945,True,train
2012-07-16,-0.0023601112279798006,-0.0004313040156427375,True,train
2012-07-17,0.006843604159668158,-0.00041263209942648225,True,train
2012-07-18,0.007379528046410284,-0.00041507380046653525,True,train
2012-07-19,0.002617236116542275,-0.00036986352471470897,True,train
2012-07-20,-0.009190396713817285,-0.00037024471892585856,True,train
2012-07-23,-0.01016362332194233,-0.0003660075709416323,True,train
2012-07-24,-0.008623975160813382,-0.00037219470164319424,True,train
2012-07-25,0.00022407733233724853,-0.0003683387478701141,True,train
2012-07-26,0.01636279364520529,-0.0003780006381336066,True,train
2012-07-27,0.01826497631335944,-0.0003835359045244388,True,train
2012-07-30,0.0,-0.0003601960242363648,True,train
2012-07-31,-0.0070189945103160956,-0.00033251408206734674,True,train
2012-08-01,-0.0008718516690747392,-0.0003452695376816202,True,train
2012-08-02,-0.006928496250222446,-0.0004914682368638871,True,train
2012-08-03,0.019639072154451945,0.0007125607461169875,True,train
2012-08-06,0.001935613842245032,0.0001779935733868559,True,train
2012-08-07,0.005001169250315094,0.00021895141299395397,True,train
2012-08-08,0.0012107701431819514,0.00016603891006016983,True,train
2012-08-09,0.0008537539798698818,0.00014796770192505566,True,train
2012-08-10,0.0016343633414736432,0.0001430064345571631,True,train
2012-08-13,-0.0004970850944157594,0.00017366790033767986,True,train
2012-08-14,0.000141987596809055,0.00017111004013870552,True,train
2012-08-15,0.0011358251214389945,0.0001289259633739586,True,train
2012-08-16,0.0073514753644729515,8.913733800410512e-05,True,train
2012-08-17,0.0013371377143855268,6.598749015051615e-05,True,train
2012-08-20,7.039959068116194e-05,7.845188069905135e-05,True,train
2012-08-21,-0.0030287604712871475,7.861425489691232e-05,True,train
2012-08-22,0.0004232514132957488,7.767298614630422e-05,True,train
2012-08-23,-0.008213042605260772,0.00015192992513262532,True,train
2012-08-24,0.006024690231016378,0.00017190542485069973,True,train
2012-08-27,0.00021196806714667913,0.00015849976555102827,True,train
2012-08-28,-0.0009896049156417712,0.00017847526526910268,True,train
2012-08-29,0.0007776368484949471,0.0001888524624045311,True,train
2012-08-30,-0.007233996182479838,0.00017894589964440738,True,train
2012-08-31,0.004757673786441624,0.00019124791599564595,True,train
2012-09-04,-0.0009213997015155756,0.0002455293552638925,True,train
2012-09-05,-0.0008512103525127161,-0.00015283160011573052,True,train
2012-09-06,0.020093415455824763,-0.0001686327130065203,True,train
2012-09-07,0.003887526914222616,-0.00022166462334669013,True,train
2012-09-10,-0.005697676160437924,-0.00020842133824484216,True,train
2012-09-11,0.002783448723683429,-0.00021337461962490575,True,train
2012-09-12,0.003329838126721963,-0.00021816552680713544,True,train
2012-09-13,0.01512158156392947,-0.00025283849646756673,True,train
2012-09-14,0.004424396498419365,-0.0002451815013189175,True,train
2012-09-17,-0.003401595097850954,-0.0003104989397921358,True,train
2012-09-18,-0.0008181782275811471,-0.00027711778077438645,True,train
2012-09-19,0.0005454918532837904,-0.00025458445326736676,True,train
2012-09-20,6.823056817389438e-05,-0.00024545678506001853,True,train
2012-09-21,-0.005742114290003215,-0.00024273658307324628,True,train
2012-09-24,-0.0015093391243115365,-0.00023299239451094952,True,train
2012-09-25,-0.010698896138496448,-0.00020790123921498455,True,train
2012-09-26,-0.005637043488175715,-0.00019064594148368239,True,train
2012-09-27,0.009377390550657554,-0.00015550233744794986,True,train
2012-09-28,-0.004642939406933167,-0.00016510064003059932,True,train
2012-10-01,0.002635995374562496,-0.00015441518271769664,True,train
2012-10-02,0.001038559160788957,-0.00017668920237114832,True,train
2012-10-03,0.004074706734846275,-0.0001607257152825281,True,train
2012-10-04,0.007142455613396262,-0.00015816788749358282,True,train
2012-10-05,6.83922858572033e-05,-0.00017765626461817285,True,train
2012-10-09,-0.009936615428929485,-0.00022156050675099445,True,train
2012-10-10,-0.006400454454726661,-0.0001929702549154748,True,train
2012-10-11,0.000558204251342108,-0.00018623804029924487,True,train
2012-10-12,-0.0032838542746947688,-0.00017408190992765013,True,train
2012-10-15,0.0082936143668975,-0.00015858905721433114,True,train
2012-10-16,0.010082203211906414,-0.00015842668301650417,True,train
2012-10-17,0.004524609653617291,-0.0001755196065499759,True,train
2012-10-18,-0.0026024918357319808,-0.00022374412148972248,True,train
2012-10-19,-0.016804848135725563,-0.00022039091092982202,True,train
2012-10-22,0.00013949980669822847,-0.0001885840292358068,True,train
2012-10-23,-0.013973513048603455,-0.00021157150289994112,True,train
2012-10-24,-0.0028324186407206386,-0.000188275769058336,True,train
2012-10-25,0.002903088657786816,-0.00019578687822734142,True,train
2012-10-26,-0.0005657159257664017,-0.0002337965702294935,True,train
2012-10-31,0.0,-0.00019641988680046962,True,train
2012-11-01,0.010415997374597061,-0.00015902671515326608,True,train
2012-11-02,-0.008931486463534484,-0.0002095395550300999,True,train
2012-11-05,0.0020465660519948573,-0.00020380737909726082,True,train
2012-11-06,0.007794713531612405,-0.00018127405159024113,True,train
2012-11-07,-0.02292448913901554,-0.00022184157138134195,True,train
2012-11-08,-0.012096979082725046,-0.00016626832147040999,True,train
2012-11-09,0.0008690107520277212,-0.00014166428876793286,True,train
2012-11-13,-0.0034775880194807783,-0.00014182666296575983,True,train
2012-11-14,-0.013590744815579842,-0.00013959358357247542,True,train
2012-11-15,-0.0016934491130524733,-0.00013386140763963633,True,train
2012-11-16,0.004925199712301825,-0.00013115769387104376,True,train
2012-11-19,0.020037038884988225,-0.00013115769387104376,True,train
2012-11-20,0.0004311408302978512,-0.00015399928155553771,True,train
2012-11-21,0.0018661684098468076,-0.00018705569217763313,True,train
2012-11-23,0.013533035130504684,-0.0001993577085288717,True,train
2012-11-26,-0.002124668235753366,-0.00021515882141966147,True,train
2012-11-27,-0.005117654272755331,-0.00018705569217763313,True,train
2012-11-28,0.008020234257834215,-0.0001797069572064547,True,train
2012-11-29,0.004654697726772232,-0.0001747536758263911,True,train
2012-11-30,0.00021105836400327273,-0.0001691838740913859,True,train
2012-12-03,-0.004936518987100227,-0.0001691838740913859,True,train
2012-12-04,-0.0014149061462090321,3.80020583124821e-05,True,train
2012-12-05,0.0017683470567419492,4.551316748148751e-05,True,train
2012-12-06,0.0033864554359557186,4.774624687477538e-05,True,train
2012-12-07,0.003024074427342408,5.525735604378426e-05,True,train
2012-12-10,0.0004212128506911867,3.0490949143476692e-05,True,train
2012-12-11,0.006785386519996082,4.342597406784693e-05,True,train
2012-12-12,0.0004878345883405068,2.856612992766308e-05,True,train
2012-12-13,-0.006150782136168171,-4.019646319127629e-06,True,train
2012-12-14,-0.0037228207141397356,-1.965838501208697e-05,True,train
2012-12-17,0.011683752096523075,1.16355805920218e-05,True,train
2012-12-18,0.011067352697539948,-2.3508023443710724e-05,True,train
2012-12-19,-0.007457066070580858,-7.461511456806694e-05,True,train
2012-12-20,0.005735835941309844,-5.703506844110737e-05,True,train
2012-12-21,-0.01618598029706901,-5.208178706104724e-05,True,train
2012-12-24,-0.0030861158221656805,-1.3747346663234294e-05,True,train
2012-12-26,-0.004223913993006298,-2.3653909423358016e-05,True,train
2012-12-27,-0.001341304377040368,-1.6305174452179577e-05,True,train
2012-12-28,-0.010866961580575455,6.228153054840119e-06,True,train
2012-12-31,0.016853570296344864,3.199690890593604e-06,True,train
2013-01-02,0.025307232530281845,-1.071888449898431e-05,True,train
2013-01-03,-0.002261914248915973,5.37715209238121e-06,True,train
2013-01-04,0.004382063908518389,-2.1784708399041203e-05,True,train
2013-01-07,-0.0027364996312892855,-1.906450641226895e-05,True,train
2013-01-08,-0.0028814383464779896,-1.1553397243260072e-05,True,train
2013-01-09,0.002538822618967544,1.1596450618708148e-05,True,train
2013-01-10,0.007918155104775441,2.1973647754133102e-05,True,train
2013-01-11,-6.795516932659728e-05,-1.176200107835118e-06,True,train
2013-01-14,-0.0006802210887327481,8.730362652288604e-06,True,train
2013-01-15,0.0006802210887327338,8.730362652288604e-06,True,train
2013-01-16,-0.0001360279599216413,2.103237900352717e-05,True,train
2013-01-17,0.0064395880109128344,2.3265458396815042e-05,True,train
2013-01-18,0.0022272599158720922,-1.2348780014222183e-05,True,train
2013-01-22,0.005378907836690007,1.352126983452176e-05,True,train
2013-01-23,0.0016079751161445402,1.8474551214581886e-05,True,train
2013-01-24,0.00026781274064164483,1.5916723425636603e-05,True,train
2013-01-25,0.005606344041853558,2.4839735720552647e-05,True,train
2013-01-28,-0.0011986727020707087,-5.181265685688663e-05,True,train
2013-01-29,0.003923765991413277,-6.714313537237518e-05,True,train
2013-01-30,-0.003923765991413354,-8.486906747897857e-05,True,train
2013-01-31,-0.0024686296734874246,-7.627080357971994e-05,True,train
2013-02-01,0.010234744303814203,-6.620186662176578e-05,True,train
2013-02-04,-0.011304144668602559,-0.0003943637747038063,True,train
2013-02-05,0.010047057361337028,-0.00036626064546177797,True,train
2013-02-06,0.0007279746716896792,-0.0003969216024927516,True,train
2013-02-07,-0.001323957173225456,-0.00037966630476144944,True,train
2013-02-08,0.005548939530563959,-0.00036130736408171785,True,train
2013-02-11,-0.00019763994248934072,-0.00036386519187066313,True,train
2013-02-12,0.0016458741196453063,-0.00036959736780349875,True,train
2013-02-13,0.0008547169853668696,-0.00039786287124335754,True,train
2013-02-14,0.0009197175496727924,-0.00041016488759459957,True,train
2013-02-15,-0.001182606441312753,-0.00037710847697250416,True,train
2013-02-19,0.007466627480102244,-0.0003929095898632974,True,train
2013-02-20,-0.012541637747840189,-0.0004053739804123664,True,train
2013-02-21,-0.006097567843170686,-0.00039213069531051845,True,train
2013-02-22,0.00972520140623874,-0.00037184693541496977,True,train
2013-02-25,-0.019210264686089513,-0.0003673642884102109,True,train
2013-02-26,0.006822341075306378,-0.00031705258005682024,True,train
2013-02-27,0.012519617305904326,-0.0003196104078457655,True,train
2013-02-28,-0.001976826207379364,-0.00034531808349667903,True,train
2013-03-01,0.003292509216928123,-0.00032200586143688384,True,train
2013-03-04,0.0053109495180547524,-0.0004120222340303452,True,train
2013-03-05,0.00891900808606313,-0.0004165048810351041,True,train
2013-03-06,0.0013601913974636344,-0.00043183535955059263,True,train
2013-03-07,0.0018106496178148855,-0.0004540439386619549,True,train
2013-03-08,0.004255074819991709,-0.0004788103455622625,True,train
2013-03-11,0.003788467853968727,-0.0005168200375644111,True,train
2013-03-12,-0.002245717238507568,-0.0005192154911555294,True,train
2013-03-13,0.0014121655224659311,-0.000499402365635282,True,train
2013-03-14,0.005309815492435571,-0.000499239991437455,True,train
2013-03-15,-0.005758871198111227,-0.0005069134748042908,True,train
2013-03-18,-0.0055341235315858415,-0.0004837636269423226,True,train
2013-03-19,-0.0023257366140840134,-0.00046953679137527043,True,train
2013-03-20,0.006961045320596425,-0.00043631800655534805,True,train
2013-03-21,-0.00857932575928796,-0.00046697896358632515,True,train
2013-03-22,0.008001110346472698,-0.0004674495979616264,True,train
2013-03-25,-0.004186186431325619,-0.0004521191194461413,True,train
2013-03-26,0.007970765961989446,-0.00044382911572435693,True,train
2013-03-27,0.0,-0.00044429975009965816,True,train
2013-03-28,0.003068440217427903,-0.00042464899877724463,True,train
2013-04-01,-0.0039651824449908925,-0.0004323224821440805,True,train
2013-04-02,0.0049222092343260155,-0.00030667118978236485,True,train
2013-04-03,-0.010190836992467653,-0.00032742558405321823,True,train
2013-04-04,0.004050311816510627,-0.00029723526139754583,True,train
2013-04-05,-0.004501306157524532,-0.00025394753961967276,True,train
2013-04-08,0.006744432648754667,-0.00021972871611635955,True,train
2013-04-09,0.0034508806903607403,-0.000239541841636607,True,train
2013-04-10,0.012174382692949959,-0.0002494484043967307,True,train
2013-04-11,0.003271910497494264,-0.0002817259204660437,True,train
2013-04-12,-0.0024529046728204904,-0.00027437718549486526,True,train
2013-04-15,-0.0234465885739041,-0.00022374072874581374,True,train
2013-04-16,0.014654910174762463,-0.0002088808846056299,True,train
2013-04-17,-0.014719343059893182,-0.00023203073246759812,True,train
2013-04-18,-0.006273270181493821,-0.00022212416970747786,True,train
2013-04-19,0.008655802114729601,-0.00021461306053846899,True,train
2013-04-22,0.004428067270146573,-0.00022212416970747786,True,train
2013-04-23,0.010256504155200347,-0.00021972871611635955,True,train
2013-04-24,0.0006336317918098495,-0.00021909570754322788,True,train
2013-04-25,0.0040455135524108034,-0.00021414242616316775,True,train
2013-04-26,-0.0017678926858903429,-0.00022165353533217316,True,train
2013-04-29,0.006676333484770011,-0.0001964164940565609,True,train
2013-04-30,0.0023825306217472595,-0.00018812649033478,True,train
2013-05-01,-0.008806157890127678,-0.00020153214963445146,True,train
2013-05-02,0.009244484452722372,-0.0002835474529414954,True,train
2013-05-03,0.010089741437126454,-0.0002809896251525501,True,train
2013-05-06,0.0025375453495845883,-0.0003538346610129639,True,train
2013-05-07,0.005055854606350943,-0.0003662990515620329,True,train
2013-05-08,0.0045406608592606645,-0.00037364778653321135,True,train
2013-05-09,-0.0028201321698346125,-0.00036357884957526065,True,train
2013-05-10,0.0032486391341189657,-0.0003686945051531512,True,train
2013-05-13,0.0007951652062149737,-0.0004349697005951621,True,train
2013-05-14,0.010280849124774243,-0.00043147060405561086,True,train
2013-05-15,0.00537197256402703,-0.00046213156108658796,True,train
2013-05-16,-0.004706451693700021,-0.0004547828261154095,True,train
2013-05-17,0.009630543371476553,-0.00040128028139993846,True,train
2013-05-20,-5.996205573657439e-05,-0.00045717827970652783,True,train
2013-05-21,0.0014367287699826572,-0.0004645270146777028,True,train
2013-05-22,-0.00744527922700781,-0.00045222499832646423,True,train
2013-05-23,-0.0028969526118580733,-0.0004891310473801834,True,train
2013-05-24,-0.0008465316261579002,-0.000481619938211178,True,train
2013-05-28,0.0059709202535344254,-0.00047155100125322383,True,train
2013-05-29,-0.00651547802709189,-0.0005520530322622869,True,train
2013-05-30,0.0036852517450562663,-0.0005526860408354185,True,train
2013-05-31,-0.014456063768440826,-0.0005632256121686739,True,train
2013-06-03,0.005491222748205635,-0.0005777771961313835,True,train
2013-06-04,-0.004818456677759147,-0.0005773564308317741,True,train
2013-06-05,-0.014099875084750964,-0.000603388854878345,True,train
2013-06-06,0.009012353932596352,-0.0005804013812142107,True,train
2013-06-07,0.012640276575702901,-0.0005679369906651417,True,train
2013-06-10,0.0,-0.0006259221823853682,True,train
2013-06-11,-0.010369088944428652,-0.0006506885892856792,True,train
2013-06-12,-0.008311613667880477,-0.0006567455136141757,True,train
2013-06-13,0.01509420400859605,-0.0006815119205144833,True,train
2013-06-14,-0.006292296273244697,-0.0006435022285123278,True,train
2013-06-17,0.007691935760106994,-0.000605021902134871,True,train
2013-06-18,0.007874551687688627,-0.0006189404775244489,True,train
2013-06-19,-0.01391321406483253,-0.0006213359311155672,True,train
2013-06-20,-0.025090386433772593,-0.0006946351131330956,True,train
2013-06-21,-0.002072325111285639,-0.0007604561624179954,True,train
2013-06-24,-0.012716520551955237,-0.0008267148696418161,True,train
2013-06-25,0.00956829998834733,-0.0008706191117746377,True,train
2013-06-26,0.009852246442467346,-0.0008960185272480839,True,train
2013-06-27,0.005852718517490001,-0.0008521142851152588,True,train
2013-06-28,-0.004105782825966687,-0.000813796332935636,True,train
2013-07-01,0.0058425329038531955,-0.0008056357269753088,True,train
2013-07-02,-0.0009299928938790574,-0.0010735730074247392,True,train
2013-07-03,0.0004340727795370589,-0.001058550789086725,True,train
2013-07-05,0.01073094156035213,-0.0010866539183287567,True,train
2013-07-08,0.00568856580219072,-0.0012046950069646706,True,train
2013-07-09,0.007171587367699543,-0.0011539126642359752,True,train
2013-07-10,0.0003632693020297336,-0.00115135483644703,True,train
2013-07-11,0.013528751372094909,-0.0011738716757358665,True,train
2013-07-12,0.0004179254640164185,-0.0011077588544916826,True,train
2013-07-15,0.003813383705693657,-0.0011289838831378372,True,train
2013-07-16,-0.0037536292618262097,-0.0010903411825625535,True,train
2013-07-17,0.0025635252612579034,-0.0010753189642245392,True,train
2013-07-18,0.005462861341752235,-0.0010496112885736257,True,train
2013-07-19,0.0017749564340242825,-0.001071982241882815,True,train
2013-07-22,0.0019488111570598785,-0.001039704725813502,True,train
2013-07-23,-0.0021261560749871247,-0.0010320312424466661,True,train
2013-07-24,-0.003672308281860282,-0.0010497571745532695,True,train
2013-07-25,0.002429922114447677,-0.00108713385798229,True,train
2013-07-26,0.001065009792686694,-0.0010814016820494508,True,train
2013-07-29,-0.003079684265066841,-0.0010560022665760116,True,train
2013-07-30,0.0,-0.0010868255978048157,True,train
2013-07-31,0.0007115943074703315,-0.001094174332775994,True,train
2013-08-01,0.011491990153753543,-0.0010684666571250806,True,train
2013-08-02,0.0016978036666044569,-0.0012239735531489396,True,train
2013-08-05,-0.0014634863110602509,-0.0011474835347693307,True,train
2013-08-06,-0.005698697921155843,-0.0011832601473781984,True,train
2013-08-07,-0.0032457204179320064,-0.0011807023195892531,True,train
2013-08-08,0.003658098266502237,-0.0011586561146757178,True,train
2013-08-09,-0.0028899521295076844,-0.0011355062668137496,True,train
2013-08-12,-0.0011819453496080385,-0.0011439586447333644,True,train
2013-08-13,0.002952293111514549,-0.0011586561146757178,True,train
2013-08-14,-0.005142586190813852,-0.001219036759987066,True,train
2013-08-15,-0.014084743088398959,-0.001219036759987066,True,train
2013-08-16,-0.003311179935328551,-0.0012544886242002694,True,train
2013-08-19,-0.006412590268578053,-0.0012891615938607007,True,train
2013-08-20,0.004903884769901881,-0.0013089747193809481,True,train
2013-08-21,-0.006179242260351285,-0.0012843706866784675,True,train
2013-08-22,0.009073923623194202,-0.0013174270973005595,True,train
2013-08-23,0.0033665871097505054,-0.0013463091210953702,True,train
2013-08-26,-0.003727952885139062,-0.0012932772107552004,True,train
2013-08-27,-0.016215083080727662,-0.0012838412823703814,True,train
2013-08-28,0.003544813767649206,-0.0012303387376549103,True,train
2013-08-29,0.001584946109555965,-0.0012683484296570659,True,train
2013-08-30,-0.0031725015019858902,-0.0012403911863946779,True,train
2013-09-03,0.0045116861575577125,-0.00123990406380119,True,train
2013-09-04,0.008238979257379415,-0.001267362986770406,True,train
2013-09-05,0.0012662068534256092,-0.0012957743761899086,True,train
2013-09-06,0.0004818468302001357,-0.001367944121762589,True,train
2013-09-09,0.009530516022100581,-0.0013258188128659372,True,train
2013-09-10,0.0073699604577225734,-0.0013031395993792702,True,train
2013-09-11,0.0031335869583339654,-0.0013625366942254073,True,train
2013-09-12,-0.0026599510905387694,-0.0013314051028191325,True,train
2013-09-13,0.002246689393560989,-0.0013156039899283392,True,train
2013-09-16,0.005770807024894481,-0.0013133709105350548,True,train
2013-09-17,0.0044525807626902185,-0.001291999995909253,True,train
2013-09-18,0.011507715438112824,-0.0012686877738494577,True,train
2013-09-19,-0.0016772714204791152,-0.0011778250339231529,True,train
2013-09-20,-0.011878521592229619,-0.0012048245202167449,True,train
2013-09-23,-0.00463825025914021,-0.0011896399276809036,True,train
2013-09-24,-0.0023566493352781682,-0.0011853196548739751,True,train
2013-09-25,-0.0028945615191714137,-0.001155437592395777,True,train
2013-09-26,0.0038379237820074645,-0.001146164038208785,True,train
2013-09-27,-0.00460720699909815,-0.0011552917064161297,True,train
2013-09-30,-0.005342581627234101,-0.0011479429714449513,True,train
2013-10-01,0.007885037842500666,-0.001147634711267477,True,train
2013-10-02,-0.0009453130049468067,-0.0011506631400042336,True,train
2013-10-03,-0.009263710042895584,-0.0011275132921422654,True,train
2013-10-04,0.007548128275420309,-0.0011359656700618767,True,train
2013-10-07,-0.008682302092439639,-0.0011506631400042336,True,train
2013-10-08,-0.011714993948873946,-0.0011622898660677422,True,train
2013-10-09,0.000724963033520689,-0.001175841411347061,True,train
2013-10-10,0.02132883685530792,-0.0011694762268410902,True,train
2013-10-11,0.006422532529079709,-0.0011658147561037085,True,train
2013-10-15,-0.007280477763183888,-0.0011608614747236484,True,train
2013-10-16,0.01386925907348073,-0.001191360057556795,True,train
2013-10-17,0.0066610566196149456,-0.0011453686220103294,True,train
2013-10-18,0.006731696931421397,-0.0011003184552144732,True,train
2013-10-21,5.730959621005006e-05,-0.001095365173834413,True,train
2013-10-22,0.005774635255459071,-0.0011076671901856516,True,train
2013-10-23,-0.004800262440657756,-0.0010547976540433122,True,train
2013-10-24,0.003316865503675075,-0.0010424956376920737,True,train
2013-10-25,0.004557131627001405,-0.0010658078597518723,True,train
2013-10-28,0.0015900894094799476,-0.001055268288418617,True,train
2013-10-29,0.005319777444716878,-0.001060221569798677,True,train
2013-10-30,-0.004979385063899464,-0.001057517856030088,True,train
2013-10-31,-0.00284026559417544,-0.0010757144225119926,True,train
2013-11-01,0.0023864410628936217,-0.0010670996703945508,True,train
2013-11-04,0.003512325739623857,-0.0013981286198344843,True,train
2013-11-05,-0.003171894751748496,-0.0013879137968968863,True,train
2013-11-06,0.0050927786073059,-0.0014176334851772575,True,train
2013-11-07,-0.012723861244583412,-0.0014071104020621887,True,train
2013-11-08,0.01340092000813424,-0.0013818733607865764,True,train
2013-11-12,-0.0020322949079467256,-0.0014649332195845848,True,train
2013-11-13,0.007992377337158595,-0.0014855252396576077,True,train
2013-11-14,0.004976939488140353,-0.001455026656824461,True,train
2013-11-15,0.004341533945090801,-0.0014167087046448382,True,train
2013-11-18,-0.0035051911186586623,-0.0014323474433377975,True,train
2013-11-19,-0.002176033180973402,-0.0014023030066617724,True,train
2013-11-20,-0.0031328560370073636,-0.0014112683006712867,True,train
2013-11-21,0.008036219496011009,-0.0014529817451254222,True,train
2013-11-22,0.004989996456698458,-0.0014483367239228363,True,train
2013-11-25,-0.0009959754838664901,-0.0014393714299133185,True,train
2013-11-26,0.0002767030728486098,-0.0014289942327778936,True,train
2013-11-27,0.0024322978063884737,-0.0014035948173044509,True,train
2013-11-29,-0.0006627367900007738,-0.0014130307456892734,True,train
2013-12-02,-0.002600069079033429,-0.0014128683714914395,True,train
2013-12-03,-0.004329965585636263,-0.0016762040285603665,True,train
2013-12-04,-0.000111295608764601,-0.0016554496342895166,True,train
2013-12-05,-0.0044051332292273275,-0.0016961795282784409,True,train
2013-12-06,0.011114930327336266,-0.0017083191704318525,True,train
2013-12-09,0.0025390059438117393,-0.0017057613426429072,True,train
2013-12-10,-0.0035896429954381825,-0.0016932969520938382,True,train
2013-12-11,-0.011294518887728793,-0.0016659727174045853,True,train
2013-12-12,-0.003306693935240864,-0.0016936052122713124,True,train
2013-12-13,-0.00011230783838704457,-0.0017196211480997002,True,train
2013-12-16,0.006212767889755312,-0.0017069943833528042,True,train
2013-12-17,-0.0031855579625094804,-0.0017119476647328644,True,train
2013-12-18,0.016928408301777012,-0.001692134539212617,True,train
2013-12-19,-0.0011563725711971535,-0.0017010998332221347,True,train
2013-12-20,0.00038557810609273727,-0.0017216753650769745,True,train
2013-12-23,0.005328372245571922,-0.001697525478531612,True,train
2013-12-24,0.0021889895778297104,-0.0017200423178204485,True,train
2013-12-26,0.0050710757904248675,-0.0017473665525097014,True,train
2013-12-27,-5.436080963754459e-05,-0.001776573324700166,True,train
2013-12-30,-0.00016318317114723317,-0.0017756320559495602,True,train
2013-12-31,0.00472169933228343,-0.001750232640476121,True,train
2014-01-02,-0.009629868327046057,-0.001764459476043173,True,train
2014-01-03,-0.00016401290049113769,-0.001976562886179454,True,train
2014-01-06,-0.002902117187023616,-0.0019923639990702437,True,train
2014-01-07,0.006122887751066847,-0.0019669645835968044,True,train
2014-01-08,0.00021803021842171992,-0.0019570580208366807,True,train
2014-01-09,0.0006536393957016858,-0.0019955383472141375,True,train
2014-01-10,0.002719018487703163,-0.0019811491374492583,True,train
2014-01-13,-0.013394382993537016,-0.0019120078540408245,True,train
2014-01-14,0.010838707619623187,-0.0018973103840984676,True,train
2014-01-15,0.005375657004934926,-0.001917123509618715,True,train
2014-01-16,-0.0013005609938404182,-0.0019327622483116778,True,train
2014-01-17,-0.004238439124883918,-0.0019129491227914304,True,train
2014-01-21,0.0029361844691950666,-0.0019001764720648871,True,train
2014-01-22,0.0006513807078344103,-0.0018974562700781114,True,train
2014-01-23,-0.008226965035855842,-0.0019290584958596944,True,train
2014-01-24,-0.021566827807321755,-0.0018674283216202694,True,train
2014-01-27,-0.004931390760639816,-0.0018444408479561282,True,train
2014-01-28,0.005937134119493119,-0.0018618585198852608,True,train
2014-01-29,-0.00965161611537867,-0.0018597713264716167,True,train
2014-01-30,0.010544657770921622,-0.001816970727287235,True,train
2014-01-31,-0.005875639218870396,-0.0018267149158495248,True,train
2014-02-03,-0.022762410956105997,-0.0018013319885942722,True,train
2014-02-04,0.006980239059416479,-0.001558582009396299,True,train
2014-02-05,-0.0012551417795379596,-0.0015839814248697383,True,train
2014-02-06,0.013100981927253019,-0.0016216828566944196,True,train
2014-02-07,0.012319547789767769,-0.0016368509610120777,True,train
2014-02-10,0.0018349241591687877,-0.00161578830656375,True,train
2014-02-11,0.010884393064174505,-0.0016216828566944196,True,train
2014-02-12,0.0004945012924563468,-0.0016550475274939858,True,train
2014-02-13,0.005149497398179926,-0.001672140451027454,True,train
2014-02-14,0.005503704430046969,-0.0016288692174677676,True,train
2014-02-18,0.0011948147561046214,-0.001636217952438946,True,train
2014-02-19,-0.006643825496230725,-0.0016160965667412243,True,train
2014-02-20,0.0058836615608325316,-0.001639408788801023,True,train
2014-02-21,-0.0011413719586445905,-0.001654576893118681,True,train
2014-02-24,0.005531490590065675,-0.001631735305434187,True,train
2014-02-25,-0.0003786738339705235,-0.0016524896997050405,True,train
2014-02-26,5.415221164403405e-05,-0.001622299377049368,True,train
2014-02-27,0.005233784227441233,-0.0016020156171538194,True,train
2014-02-28,0.0025260606329176537,-0.0015869933988158016,True,train
2014-03-03,-0.007056875232514314,-0.0015893888524069165,True,train
2014-03-04,0.013957742813019232,-0.0014708929166012026,True,train
2014-03-05,0.0009058598019917311,-0.001520733990579292,True,train
2014-03-06,0.002287622013029504,-0.0015232918183682373,True,train
2014-03-07,0.0004250442831957784,-0.0015673584346988893,True,train
2014-03-10,-0.000531272767466321,-0.001594828555367786,True,train
2014-03-11,-0.004954899378260192,-0.0015895670138102516,True,train
2014-03-12,0.0002670318698479846,-0.0015822182788390732,True,train
2014-03-13,-0.01127653119657927,-0.001564962981107771,True,train
2014-03-14,-0.0028119692918967985,-0.001516576091970194,True,train
2014-03-17,0.00900298889015155,-0.0015250284698898088,True,train
2014-03-18,0.007112529310234612,-0.001560642708300846,True,train
2014-03-19,-0.005343034619756702,-0.0015450039696078832,True,train
2014-03-20,0.005822490887499918,-0.0016414107177727781,True,train
2014-03-21,-0.008289942190954327,-0.0016278426842752762,True,train
2014-03-24,-0.004143935612563078,-0.0016029139031771382,True,train
2014-03-25,0.004734527087535646,-0.0016011349699409684,True,train
2014-03-26,-0.007218283562339287,-0.0016035304235320867,True,train
2014-03-27,-0.002110672608378221,-0.0015728694665011096,True,train
2014-03-28,0.004918018095382473,-0.0015578472481630953,True,train
2014-03-31,0.0081610601340628,-0.0015751025458943975,True,train
2014-04-01,0.006608804693012863,-0.001572236457927978,True,train
2014-04-02,0.003341051948654623,-0.002136499928644023,True,train
2014-04-03,-0.0013244683853621871,-0.0021749802550214796,True,train
2014-04-04,-0.01189258073598757,-0.0021570919487170458,True,train
2014-04-07,-0.011113010807849042,-0.0021136583409595254,True,train
2014-04-08,0.004114393854145101,-0.0020853928375196666,True,train
2014-04-09,0.010693512369671362,-0.0020751780145820686,True,train
2014-04-10,-0.021229657140335145,-0.002066255002287156,True,train
2014-04-11,-0.009049389440753466,-0.0020339774862178396,True,train
2014-04-14,0.00784752523142513,-0.002021513095668774,True,train
2014-04-15,0.006863863679962793,-0.002028861830639949,True,train
2014-04-16,0.010423273290011996,-0.002029640725192728,True,train
2014-04-17,0.001395868925531808,-0.002032036178783843,True,train
2014-04-21,0.0034812123592844494,-0.0020856846094789577,True,train
2014-04-22,0.0045342201285770226,-0.0020853763493014835,True,train
2014-04-23,-0.002344555055441828,-0.0020939746132007386,True,train
2014-04-24,0.0020251812722585937,-0.002068266937549825,True,train
2014-04-25,-0.008232744912048813,-0.00206570910976088,True,train
2014-04-28,0.0031621625061776805,-0.002053244719211811,True,train
2014-04-29,0.004644564876318868,-0.0020685751977272994,True,train
2014-04-30,0.002978237388480504,-0.00207864413468525,True,train
2014-05-01,0.00010622489651740348,-0.0020505410054432217,True,train
2014-05-02,-0.0014347050623716305,-0.001906024969851327,True,train
2014-05-05,0.0019124560357089329,-0.0018965890414665044,True,train
2014-05-06,-0.008742056756520605,-0.0019194306291510019,True,train
2014-05-07,0.005872040001730826,-0.0019095240663908782,True,train
2014-05-08,-0.001065141267661032,-0.0019061873440491574,True,train
2014-05-09,0.0014908640741451138,-0.001900925802491623,True,train
2014-05-12,0.00968895241931179,-0.001913552567238519,True,train
2014-05-13,0.0008953966509186361,-0.001936231780725186,True,train
2014-05-14,-0.004749146940660102,-0.0019031753701030975,True,train
2014-05-15,-0.008819074848976698,-0.001865944572653721,True,train
2014-05-16,0.0034625639099159088,-0.0018458231869559992,True,train
2014-05-19,0.0036625345528009737,-0.0018506140941382324,True,train
2014-05-20,-0.006324942897985657,-0.001854788480965517,True,train
2014-05-21,0.008389142317992792,-0.0018420158302389737,True,train
2014-05-22,0.002429191380413593,-0.001870443707876663,True,train
2014-05-23,0.004000688395200657,-0.0018777924428478414,True,train
2014-05-27,0.0061277492246281,-0.0018653280522987724,True,train
2014-05-28,-0.0007312582530142972,-0.001863711493260433,True,train
2014-05-29,0.005159569670869052,-0.001813237410709212,True,train
2014-05-30,0.0016101682139850486,-0.0018207485198782174,True,train
2014-06-02,0.0011411445211815911,-0.0018304927084405107,True,train
2014-06-03,-0.0005184902657909735,-0.0020408245369628215,True,train
2014-06-04,0.002020775236730499,-0.0020813920567539224,True,train
2014-06-05,0.006500871665655083,-0.0020889031659229278,True,train
2014-06-06,0.004771360308708942,-0.0020761305151963845,True,train
2014-06-09,0.0010231070301474096,-0.0020839498845428676,True,train
2014-06-10,0.00010227655847740272,-0.0021021464510247723,True,train
2014-06-11,-0.0034825802233566547,-0.0021203430175066804,True,train
2014-06-12,-0.0071050338184486484,-0.0021173145553424304,True,train
2014-06-13,0.003043888126587143,-0.0020743515819602147,True,train
2014-06-16,0.0008237908095477173,-0.0020954142364085424,True,train
2014-06-17,0.002775539156899192,-0.0021169475252321712,True,train
2014-06-18,0.007312889933115217,-0.0021525617636432084,True,train
2014-06-19,0.0011203404246319865,-0.002116639265054697,True,train
2014-06-20,-0.0027521208372956207,-0.0021314991091948843,True,train
2014-06-23,-0.0003062506147779578,-0.0021399514871144956,True,train
2014-06-24,-0.006042355057687075,-0.0021265458278148207,True,train
2014-06-25,0.0045096155423069,-0.0021095987902609963,True,train
2014-06-26,-0.0007160728049762725,-0.0020942683117455077,True,train
2014-06-27,0.0019424678874069455,-0.0020636073547145306,True,train
2014-06-30,-0.0005108346708272296,-0.0020682523759171165,True,train
2014-07-01,0.006670922554447326,-0.0020690312704698954,True,train
2014-07-02,0.0010145435407266552,-0.001998054408418295,True,train
2014-07-03,0.004906067745438288,-0.0020411797559983375,True,train
2014-07-07,-0.003487418339836897,-0.0020649626124334373,True,train
2014-07-08,-0.006450760216380564,-0.0020473825663064812,True,train
2014-07-09,0.0044742276320883885,-0.002017192243650809,True,train
2014-07-10,-0.003964823961894276,-0.0020096811344818,True,train
2014-07-11,0.0013742426112776122,-0.0019803284763116914,True,train
2014-07-14,0.005022741978227536,-0.0019812697450622974,True,train
2014-07-15,-0.001874277448919999,-0.0019937341356113664,True,train
2014-07-16,0.0036944852458726377,-0.002001553504957846,True,train
2014-07-17,-0.011431017976897126,-0.001999466311544202,True,train
2014-07-18,0.010167338522886066,-0.0019512417966044554,True,train
2014-07-21,-0.001873233673284749,-0.0019826816481882045,True,train
2014-07-22,0.004348495626861532,-0.001975170539019199,True,train
2014-07-23,0.00221753162873713,-0.001959369426128406,True,train
2014-07-24,5.0313408376554216e-05,-0.001967351169672716,True,train
2014-07-25,-0.004692556922979242,-0.002003436042459058,True,train
2014-07-28,0.0004045400044576213,-0.001981065089149865,True,train
2014-07-29,-0.004306560695288627,-0.0019963955676653537,True,train
2014-07-30,0.00015230512990941898,-0.0019789778957362246,True,train
2014-07-31,-0.019945796563103725,-0.002036800713258624,True,train
2014-08-01,-0.003060228760792488,-0.0020254822473725932,True,train
2014-08-04,0.007194831067147849,-0.0021009991529483997,True,train
2014-08-05,-0.009743559398901468,-0.002098603699357285,True,train
2014-08-06,0.00031250165374449124,-0.0020912549643861064,True,train
2014-08-07,-0.005429449664381589,-0.0020992367079304165,True,train
2014-08-08,0.01150249072739809,-0.0020529370122064766,True,train
2014-08-11,0.0028937470907637024,-0.0020607563815529598,True,train
2014-08-12,-0.001394182298915415,-0.0020741620408526347,True,train
2014-08-13,0.006746157238177152,-0.0020757785998909706,True,train
2014-08-14,0.004710700930836769,-0.0020551865798179476,True,train
2014-08-15,-0.00020431841579859373,-0.0020297871643445084,True,train
2014-08-18,0.00834440265577117,-0.0020000674760641372,True,train
2014-08-19,0.005205311964475726,-0.002040797370053065,True,train
2014-08-20,0.0026679373634005605,-0.002061714138521749,True,train
2014-08-21,0.002911511688360783,-0.0020851722465611913,True,train
2014-08-22,-0.0015550809860649785,-0.002070150028223177,True,train
2014-08-25,0.005057696293721403,-0.0020817767542866857,True,train
2014-08-26,0.0006491642961786279,-0.0020742656451176768,True,train
2014-08-27,-0.0003994299852845429,-0.0020713995571512572,True,train
2014-08-28,-0.0005494673357816639,-0.0020509534230578816,True,train
2014-08-29,0.002843995009300593,-0.002028111835373384,True,train
2014-09-02,-0.000498385845512326,-0.002022217285242718,True,train
2014-09-03,-0.0005484810298512821,-0.002261630543483238,True,train
2014-09-04,-0.0014473975288912405,-0.0022486955185588714,True,train
2014-09-05,0.004485175863692967,-0.002281914303378787,True,train
2014-09-08,-0.0025890195015090887,-0.0022862510644039054,True,train
2014-09-09,-0.006351395420682992,-0.0022993319753079194,True,train
2014-09-10,0.0037557317613714147,-0.002317528541789824,True,train
2014-09-11,0.0011489159871027328,-0.0023507473266097464,True,train
2014-09-12,-0.005858355616396487,-0.002348189498820801,True,train
2014-09-15,-0.0007536066019086681,-0.0023929314054391866,True,train
2014-09-16,0.007510174147197439,-0.002385582670468008,True,train
2014-09-17,0.0013458829902710334,-0.0023744265787798043,True,train
2014-09-18,0.005315894500358037,-0.002403470976772442,True,train
2014-09-19,-0.005565006730506278,-0.002405866430363557,True,train
2014-09-22,-0.007752961616901403,-0.002380937649265419,True,train
2014-09-23,-0.005740772251970257,-0.0023681649985388756,True,train
2014-09-24,0.007797424031039491,-0.0023453234108543816,True,train
2014-09-25,-0.016267099146391652,-0.0023735889142942404,True,train
2014-09-26,0.007913990154607694,-0.0023325507601278384,True,train
2014-09-29,-0.001820760274506641,-0.0023587290701540566,True,train
2014-09-30,-0.0026357933796497157,-0.0023334920288784443,True,train
2014-10-01,-0.013644579409955858,-0.0023485142472164586,True,train
2014-10-02,0.00015434249226246204,-0.0024712296918236974,True,train
2014-10-03,0.010949197845781487,-0.0024836940823727664,True,train
2014-10-06,-0.0011711056950984994,-0.00250266954340745,True,train
2014-10-07,-0.015556719198476667,-0.0024790490611701806,True,train
2014-10-08,0.017338238566358213,-0.0024335282599990196,True,train
2014-10-09,-0.020032483790296044,-0.002401147139664661,True,train
2014-10-10,-0.011480047880891237,-0.0024013095138624915,True,train
2014-10-14,0.001546177619546366,-0.00238614140954483,True,train
2014-10-15,-0.006789133113090686,-0.0023117385845788686,True,train
2014-10-16,-0.0008585372388379305,-0.002267688456466403,True,train
2014-10-17,0.011741592523610402,-0.0022906924183487276,True,train
2014-10-20,0.00966294083322011,-0.0023294810049036586,True,train
2014-10-21,0.019617166125424336,-0.0023112844384217505,True,train
2014-10-22,-0.007136263856155378,-0.0023264525427394087,True,train
2014-10-23,0.011557789576533795,-0.002350073024976678,True,train
2014-10-24,0.007665614275054814,-0.0023698861504969256,True,train
2014-10-27,-0.001375425042685637,-0.002372443978285871,True,train
2014-10-28,0.011404943846823197,-0.0023650952433146924,True,train
2014-10-29,-0.0015131801965537893,-0.002382821175421296,True,train
2014-10-30,0.00639014101743165,-0.0024172730009511117,True,train
2014-10-31,0.011370553040350334,-0.0024150399215578273,True,train
2014-11-03,0.0005453268766036159,-0.002440747597208741,True,train
2014-11-04,-0.003475313437724476,-0.002235412999193994,True,train
2014-11-05,0.0062962901151845125,-0.0022304597178139304,True,train
2014-11-06,0.003995159710403093,-0.002235412999193994,True,train
2014-11-07,0.0009348444478750926,-0.002263678502633853,True,train
2014-11-10,0.0031424920396511623,-0.002220407269074163,True,train
2014-11-12,-0.001077992764964315,-0.0022667069647980993,True,train
2014-11-13,0.0011270157869625015,-0.0022668693389959298,True,train
2014-11-14,0.00024485493737586646,-0.0022563462558808575,True,train
2014-11-17,0.0006362527995617031,-0.002249468155284984,True,train
2014-11-18,0.005757275562255267,-0.002261932545834053,True,train
2014-11-19,-0.0016067478083489474,-0.0022542755506854,True,train
2014-11-20,0.0017526811092214323,-0.002276954764172067,True,train
2014-11-21,0.005336406489951131,-0.002264182113445524,True,train
2014-11-24,0.0028023492708348792,-0.0022416487859385006,True,train
2014-11-25,-0.0007239612172844485,-0.002239253332347386,True,train
2014-11-26,0.0025557519845063425,-0.002203314345540691,True,train
2014-11-28,-0.0021213123627911875,-0.0022018601607001823,True,train
2014-12-01,-0.006974081304460973,-0.002152386116832352,True,train
2014-12-02,0.0064430493475267124,-0.0023202664536455184,True,train
2014-12-03,0.0038556270232549296,-0.002382529636458075,True,train
2014-12-04,-0.001106946212658195,-0.0023932150937709742,True,train
2014-12-05,0.0016359351908886233,-0.002365111964528946,True,train
2014-12-08,-0.006705118522477449,-0.002436281671418232,True,train
2014-12-09,-0.0006778318697984036,-0.0024060913487625596,True,train
2014-12-10,-0.016161265350257942,-0.002393951706609148,True,train
2014-12-11,0.00505708093270082,-0.002352134657889974,True,train
2014-12-12,-0.01629345335566466,-0.002373359686536125,True,train
2014-12-15,-0.006893158682127761,-0.002309025798528111,True,train
2014-12-16,-0.008051932446890809,-0.0023355123687318034,True,train
2014-12-17,0.019415118999434836,-0.0023101294414765473,True,train
2014-12-18,0.024427900848919635,-0.0023664980741584345,True,train
2014-12-19,-0.0012581395558283978,-0.002423012592819969,True,train
2014-12-22,0.004589476089477543,-0.0023982461859196613,True,train
2014-12-23,0.0013486769467520566,-0.002412268365574285,True,train
2014-12-24,9.628548455284291e-05,-0.002467695729505566,True,train
2014-12-26,0.003219522533656475,-0.0024649755275187903,True,train
2014-12-29,0.0013424049232263024,-0.00245506896475867,True,train
2014-12-30,-0.005380465984895672,-0.002432227377074176,True,train
2014-12-31,-0.00997255115969937,-0.0024060490670479613,True,train
2015-01-02,-0.0005353218810906789,-0.002385457046974935,True,train
2015-01-05,-0.018224704391309896,-0.0022371450501862053,True,train
2015-01-06,-0.009463605301043171,-0.002210924458445389,True,train
2015-01-07,0.01238416446271821,-0.002159979741518863,True,train
2015-01-08,0.01758942196896442,-0.0021413125406616502,True,train
2015-01-09,-0.008045850650524594,-0.002178543338111027,True,train
2015-01-12,-0.007864410784303022,-0.0021400630117335735,True,train
2015-01-13,-0.0028166552925896677,-0.0020940715761871113,True,train
2015-01-14,-0.006055516659335229,-0.002078270463296318,True,train
2015-01-15,-0.00920280734937316,-0.002044905792496752,True,train
2015-01-16,0.013029015212169084,-0.001980263644311267,True,train
2015-01-20,0.0021303120503250923,-0.0020294294280016195,True,train
2015-01-21,0.005035328178608657,-0.0020436139818540734,True,train
2015-01-22,0.01476151841513954,-0.0020632647331764904,True,train
2015-01-23,-0.005497884589195941,-0.0020781245773166743,True,train
2015-01-26,0.002339047553843913,-0.0020306789569296997,True,train
2015-01-27,-0.01327828342652442,-0.0020463176956226625,True,train
2015-01-28,-0.012907278436190254,-0.002048875523411608,True,train
2015-01-29,0.009201099807839798,-0.0019776470465895334,True,train
2015-01-30,-0.012654655369977563,-0.002000326260076197,True,train
2015-02-02,0.012308007234080716,-0.0019417245480010253,True,train
2015-02-03,0.014357598431818042,-0.002298993243956035,True,train
2015-02-04,-0.003815112433447579,-0.0023697510864028083,True,train
2015-02-05,0.010044443487849221,-0.0023770998213739833,True,train
2015-02-06,-0.002769171580171533,-0.002387006384134107,True,train
2015-02-09,-0.004485833994275648,-0.0025041675265698553,True,train
2015-02-10,0.01059699136311393,-0.0025040051523720283,True,train
2015-02-11,0.0005800508695519904,-0.0025396193907830655,True,train
2015-02-12,0.009570858374647587,-0.002534666109403002,True,train
2015-02-13,0.004107961910773728,-0.0024997271612797016,True,train
2015-02-17,0.0015718492913825036,-0.0025442644119856514,True,train
2015-02-18,9.520403681022817e-05,-0.002620283795989959,True,train
2015-02-19,-0.0007141423028772691,-0.0025422195002866126,True,train
2015-02-20,0.00598268610330135,-0.0025891522045836807,True,train
2015-02-23,-0.00014202285941751803,-0.0025913852839769685,True,train
2015-02-24,0.002836703895820476,-0.002535324911472552,True,train
2015-02-25,-0.0008501449347451169,-0.0024815141065796104,True,train
2015-02-26,-0.001182005263873215,-0.0024720781781947913,True,train
2015-02-27,-0.003412007888514674,-0.002521081587687317,True,train
2015-03-02,0.006293652868157811,-0.002495065651858929,True,train
2015-03-03,-0.004112460593604039,-0.002743527590989541,True,train
2015-03-04,-0.004224519912689943,-0.0027690728924426276,True,train
2015-03-05,0.0010934940593430274,-0.002758225060931898,True,train
2015-03-06,-0.014164303542830515,-0.0027504056915854183,True,train
2015-03-09,0.0041360161355503125,-0.002853074019991242,True,train
2015-03-10,-0.01635496324619298,-0.0028195469749938487,True,train
2015-03-11,-0.0023444170772539082,-0.0027872694589245323,True,train
2015-03-12,0.012633822390026958,-0.0027724096147843484,True,train
2015-03-13,-0.006151203606017958,-0.002753742413927139,True,train
2015-03-16,0.01327207520486987,-0.0027765840016116365,True,train
2015-03-17,-0.0029768836718046376,-0.002753434153749665,True,train
2015-03-18,0.011949857413652766,-0.002757874519039822,True,train
2015-03-19,-0.004571903851391089,-0.0026383179230129554,True,train
2015-03-20,0.004334286293663943,-0.002682838685500722,True,train
2015-03-23,-0.0019504949383876927,-0.0026443583591232653,True,train
2015-03-24,-0.005634858781188561,-0.002647078561110041,True,train
2015-03-25,-0.014762257583974083,-0.002613859776290122,True,train
2015-03-26,-0.0023842078093592196,-0.002644050098945791,True,train
2015-03-27,0.0022870558594804166,-0.0026996398370749027,True,train
2015-03-30,0.012126018644524963,-0.0026485327459505534,True,train
2015-03-31,-0.008777944644853434,-0.002658601682908504,True,train
2015-04-01,-0.0035425545791513123,-0.002637847288637654,True,train
2015-04-02,0.0035910432838057197,-0.002702798352513601,True,train
2015-04-06,0.006710621534576819,-0.0027275647594139085,True,train
2015-04-07,-0.002649916276626036,-0.002713542579759285,True,train
2015-04-08,0.0033713703247297945,-0.0026989909957965755,True,train
2015-04-09,0.004413738655682361,-0.0027119095325027626,True,train
2015-04-10,0.0054423174598343445,-0.0027526394264916904,True,train
2015-04-13,-0.004533193036131167,-0.002753110060866995,True,train
2015-04-14,0.001911267978839088,-0.002729489578629722,True,train
2015-04-15,0.004476989696910224,-0.00270425253735411,True,train
2015-04-16,-0.00028515950922429695,-0.002698357987223444,True,train
2015-04-17,-0.011570210421864109,-0.0026905386178769607,True,train
2015-04-20,0.00909536735125444,-0.002675987033914251,True,train
2015-04-21,-0.0011920372980215694,-0.002717658196653785,True,train
2015-04-22,0.004902081312495939,-0.0027250069316249632,True,train
2015-04-23,0.0025130944190238187,-0.002767969905007179,True,train
2015-04-24,0.002317780830921687,-0.0027448200571452107,True,train
2015-04-27,-0.004166426309473084,-0.002729651952827549,True,train
2015-04-28,0.003173770022919549,-0.002729489578629722,True,train
2015-04-29,-0.004123107649340438,-0.0027726149262097648,True,train
2015-04-30,-0.010070965675104416,-0.0028100080978569718,True,train
2015-05-01,0.010783035269824706,-0.002821018303565532,True,train
2015-05-04,0.0028433631675065375,-0.002793158374920914,True,train
2015-05-05,-0.011517967610371698,-0.0028129715004411616,True,train
2015-05-06,-0.00412530271224632,-0.0028412370038810204,True,train
2015-05-07,0.0039816888570755144,-0.0028923440950053766,True,train
2015-05-08,0.013080164912577465,-0.0028468232938342157,True,train
2015-05-11,-0.004784105551113027,-0.002817778895841578,True,train
2015-05-12,-0.0029958171116046452,-0.0028960478474573566,True,train
2015-05-13,0.0001905168811565613,-0.0028880661039130465,True,train
2015-05-14,0.010373597439841523,-0.002887611957755932,True,train
2015-05-15,0.0010832249856105275,-0.0028592005683364258,True,train
2015-05-18,0.0031019606997134404,-0.0028040814645826154,True,train
2015-05-19,-0.00032857261420882785,-0.00286749057205821,True,train
2015-05-20,-0.0007043455255603524,-0.002909307620777391,True,train
2015-05-21,0.0029081830623212813,-0.0028931982477091236,True,train
2015-05-22,-0.002391590627457102,-0.002863640933626583,True,train
2015-05-26,-0.01080993571497929,-0.0028926853316192207,True,train
2015-05-27,0.009447401532239053,-0.002855454534169844,True,train
2015-05-28,-0.0011289409059975048,-0.0028503388785919535,True,train
2015-05-29,-0.00623234928167894,-0.002844769076856945,True,train
2015-06-01,0.0020345299428383883,-0.0028267183963546806,True,train
2015-06-02,-0.0009931039518940384,-0.0032822381204114966,True,train
2015-06-03,0.002645992661753648,-0.0033218643714519915,True,train
2015-06-04,-0.008482426280820986,-0.003395796562042655,True,train
2015-06-05,-0.0017146972646251792,-0.0033448518451161327,True,train
2015-06-08,-0.006168619894907657,-0.0034246785858374623,True,train
2015-06-09,-0.00014390319658276506,-0.003401058103600193,True,train
2015-06-10,0.011921934417045426,-0.0034344392626179387,True,train
2015-06-11,0.003218365841152159,-0.003482663777557689,True,train
2015-06-12,-0.007684367470106338,-0.003419887678655229,True,train
2015-06-15,-0.004294690257143493,-0.0034227537666216487,True,train
2015-06-16,0.005436866635543014,-0.003404719574337571,True,train
2015-06-17,0.0016157989488703656,-0.003382040360850904,True,train
2015-06-18,0.010345664549366142,-0.003365460353407339,True,train
2015-06-19,-0.009301520060152167,-0.0033902432485258295,True,train
2015-06-22,0.0051100269172874,-0.0033402398003499097,True,train
2015-06-23,0.0007076352479650247,-0.0034084398150077376,True,train
2015-06-24,-0.0072892513339581156,-0.00344661188120772,True,train
2015-06-25,-0.0030450084842962195,-0.0034133930963877977,True,train
2015-06-26,-0.00019058942764842233,-0.003420741831358976,True,train
2015-06-29,-0.021193400386544974,-0.0034895748545899323,True,train
2015-06-30,0.002091123042273471,-0.0033746045098328667,True,train
2015-07-01,0.007983561804533027,-0.003381953244804045,True,train
2015-07-02,-0.0009160939023287139,-0.003483404042503583,True,train
2015-07-06,-0.002850019269083222,-0.0034490981029534143,True,train
2015-07-07,0.006269022964348443,-0.0033727539705534493,True,train
2015-07-08,-0.0169195914419475,-0.0033470462949025323,True,train
2015-07-09,0.0018073674353340466,-0.003313681624102966,True,train
2015-07-10,0.012512903433965095,-0.0033928918444693507,True,train
2015-07-13,0.010976783887015968,-0.0034746598926246805,True,train
2015-07-14,0.004328647072469884,-0.003501146462828373,True,train
2015-07-15,-0.0003322749991173715,-0.0034776883547889305,True,train
2015-07-16,0.007992298232542884,-0.0034420741163778967,True,train
2015-07-17,0.0008474630965250066,-0.0034506723802771484,True,train
2015-07-20,0.0005175647063325456,-0.0034436319054834442,True,train
2015-07-21,-0.003959077354646671,-0.003477158950480841,True,train
2015-07-22,-0.0017962043362016416,-0.0034648569341296023,True,train
2015-07-23,-0.0056458576058752,-0.0034715303788130474,True,train
2015-07-24,-0.010426191888768848,-0.0034250683088912805,True,train
2015-07-27,-0.005834326602727022,-0.0034198067673337426,True,train
2015-07-28,0.012208209755053484,-0.003396819293669605,True,train
2015-07-29,0.006855548966037117,-0.0034196608813541023,True,train
2015-07-30,0.000237211748935537,-0.003437386813460702,True,train
2015-07-31,-0.0015190704461810003,-0.003438165708013481,True,train
2015-08-03,-0.0033786547413504576,-0.0033867668449298373,True,train
2015-08-04,-0.0019561921695385102,-0.003451060070194207,True,train
2015-08-05,0.0032900371616514136,-0.0035080452232310426,True,train
2015-08-06,-0.008221456210205291,-0.003532503369953876,True,train
2015-08-07,-0.0019217356495132233,-0.0035020047871207292,True,train
2015-08-10,0.012520522679780615,-0.003485528383942206,True,train
2015-08-11,-0.009064126222849762,-0.0035203637278004712,True,train
2015-08-12,0.0011973468333049738,-0.003451222444392041,True,train
2015-08-13,-0.001245244213287163,-0.0034485187306234517,True,train
2015-08-14,0.003635645525430537,-0.0035029625440895253,True,train
2015-08-17,0.005571301686068404,-0.003510781913436005,True,train
2015-08-18,-0.0029008300621226205,-0.0034855448721603927,True,train
2015-08-19,-0.007936873561101215,-0.003526437140347151,True,train
2015-08-20,-0.021102463987507057,-0.0034616326179638356,True,train
2015-08-21,-0.030564844895498506,-0.003452504949756484,True,train
2015-08-24,-0.043019060773217356,-0.003420919212193091,True,train
2015-08-25,-0.011837575935620176,-0.0033842178190518005,True,train
2015-08-26,0.03767507232034739,-0.003489768723642237,True,train
2015-08-27,0.024434189577847116,-0.0035271618952894407,True,train
2015-08-28,5.015434330204552e-05,-0.0035197966721000756,True,train
2015-08-31,-0.00811190049770867,-0.0035413299609237045,True,train
2015-09-01,-0.03030220476613541,-0.003567200010772445,True,train
2015-09-02,0.01880317454798349,-0.003677814961123401,True,train
2015-09-03,0.0007161826950495659,-0.0037009648089853624,True,train
2015-09-04,-0.015252558886480107,-0.003685634330469874,True,train
2015-09-08,0.024820496117270316,-0.0036557522679916757,True,train
2015-09-09,-0.013462033317038494,-0.00370925481270715,True,train
2015-09-10,0.005427070554778015,-0.0037042850431089,True,train
2015-09-11,0.004533996729467052,-0.0037193072614469143,True,train
2015-09-14,-0.0037174376932770856,-0.003680193926496326,True,train
2015-09-15,0.012421952003654629,-0.0036862508508248223,True,train
2015-09-16,0.008629322886787182,-0.0037922723897905602,True,train
2015-09-17,-0.002250492116810325,-0.0037996211247617352,True,train
2015-09-18,-0.021661856460941403,-0.003697628086643645,True,train
2015-09-21,0.00515430579598654,-0.0036449044364809495,True,train
2015-09-22,-0.013064729640802282,-0.0037060804645632564,True,train
2015-09-23,-0.0015999464112404114,-0.0036498577178610096,True,train
2015-09-24,-0.003622318098044462,-0.003665188196376498,True,train
2015-09-25,-0.0002591719675881542,-0.0036366144327591686,True,train
2015-09-28,-0.025417592615977622,-0.0036803727889123464,True,train
2015-09-29,0.0005849074337178979,-0.003634543727563711,True,train
2015-09-30,0.01848642383981401,-0.0036062947123420355,True,train
2015-10-01,0.0026057966968957543,-0.0036189214770889315,True,train
2015-10-02,0.014827306906029528,-0.003701468032311892,True,train
2015-10-05,0.017638402790987828,-0.003646878332866175,True,train
2015-10-06,-0.0034321335058390325,-0.003700218503383812,True,train
2015-10-07,0.008157197237427178,-0.003687754112834743,True,train
2015-10-08,0.008986147060895028,-0.003711520481051663,True,train
2015-10-09,0.0005961897858329525,-0.003733891434360856,True,train
2015-10-13,-0.006322067297061622,-0.0037287757787829653,True,train
2015-10-14,-0.004805569292141318,-0.00369874783032512,True,train
2015-10-15,0.015237884828707922,-0.003633780933743974,True,train
2015-10-16,0.004536264104484977,-0.003675127348087847,True,train
2015-10-19,0.0004917905119611764,-0.0036725695202989017,True,train
2015-10-20,-0.001279248893057329,-0.0036776851758767923,True,train
2015-10-21,-0.0062228296715968155,-0.0037220600523849186,True,train
2015-10-22,0.01675256391876057,-0.003688841267564996,True,train
2015-10-23,0.010902063353210822,-0.003667453864721011,True,train
2015-10-26,-0.0024607115434295357,-0.003711666367031307,True,train
2015-10-27,-0.001934207037161375,-0.003699201976482238,True,train
2015-10-28,0.011310388060510447,-0.0036915449813335853,True,train
2015-10-29,-0.0005744416718742212,-0.003746913575332085,True,train
2015-10-30,-0.004319083243286122,-0.0038048987670523116,True,train
2015-11-02,0.011761498942322644,-0.003784923267334237,True,train
2015-11-03,0.0028951851601861857,-0.003720441556446321,True,train
2015-11-04,-0.003037781853460959,-0.0037541309756415446,True,train
2015-11-05,-0.0009988192150948924,-0.003778059718056292,True,train
2015-11-06,-0.0005235756025601468,-0.0037935525707696073,True,train
2015-11-09,-0.009375326864791323,-0.0038577405727979776,True,train
2015-11-10,0.0023041279790732326,-0.003857107564224839,True,train
2015-11-12,-0.014058155525712998,-0.0038341200905607047,True,train
2015-11-13,-0.01129180396066122,-0.0038475257498603796,True,train
2015-11-16,0.015092416612007657,-0.0038139987048629864,True,train
2015-11-17,-0.0007297375488420926,-0.0038301245661494336,True,train
2015-11-18,0.015741486470022985,-0.0038068123440896384,True,train
2015-11-19,-0.0008626950128019091,-0.0038332989142933274,True,train
2015-11-20,0.003637559679012878,-0.0038213051581195596,True,train
2015-11-23,-0.0011472358042738835,-0.003842059552390413,True,train
2015-11-24,0.001338362468840361,-0.0038399723589767724,True,train
2015-11-25,-0.00014330512521115962,-0.0038321529896302893,True,train
2015-11-27,0.0011458663953237897,-0.0038297575360391745,True,train
2015-11-30,-0.004160173924404083,-0.003821938166692695,True,train
2015-12-01,0.009490450885066217,-0.0038227170612454703,True,train
2015-12-02,-0.010257449923871885,-0.0038282497944092282,True,train
2015-12-03,-0.014101736427653467,-0.003849150074659722,True,train
2015-12-04,0.01931517094939084,-0.003936854954660323,True,train
2015-12-07,-0.006076957285399038,-0.003904415064393176,True,train
2015-12-08,-0.006742183714605439,-0.003868800825982139,True,train
2015-12-09,-0.00781007941193869,-0.0038839854185179837,True,train
2015-12-10,0.002577753866826495,-0.00386609711221355,True,train
2015-12-11,-0.01957139224450698,-0.0038894093342733485,True,train
2015-12-14,0.005039731091601978,-0.003809744967749846,True,train
2015-12-15,0.010443087190806444,-0.0039055351955597957,True,train
2015-12-16,0.014525990261195328,-0.0039306098626375775,True,train
2015-12-17,-0.015355472214624757,-0.0039622120884191606,True,train
2015-12-18,-0.023909439079209505,-0.003921644568628063,True,train
2015-12-21,0.008215306163752094,-0.0038908377256174423,True,train
2015-12-22,0.009033315810359144,-0.0038954827468200316,True,train
2015-12-23,0.012307267310985573,-0.003929009791817425,True,train
2015-12-24,-0.0016517448457780042,-0.003954717467468338,True,train
2015-12-28,-0.0022876495781282502,-0.003945427425063163,True,train
2015-12-29,0.010615388596981797,-0.003948764147404884,True,train
2015-12-30,-0.007112996716000444,-0.00401264388925578,True,train
2015-12-31,-0.010053757792281173,-0.0040048245199093,True,train
2016-01-04,-0.014078085007925907,-0.003974163562878323,True,train
2016-01-05,0.001689927007703208,-0.004038981689053742,True,train
2016-01-06,-0.012694424235767466,-0.004057340629733477,True,train
2016-01-07,-0.02428405608086669,-0.003998105909085167,True,train
2016-01-08,-0.011037264550851656,-0.003977043254636839,True,train
2016-01-11,0.00098951882672483,-0.003959009062352761,True,train
2016-01-12,0.008035935275933019,-0.0039762643600840634,True,train
2016-01-13,-0.025256914003050034,-0.003943516209639449,True,train
2016-01-14,0.016283534966571953,-0.003910297424819527,True,train
2016-01-15,-0.02169988356339567,-0.0039352426941358515,True,train
2016-01-19,0.0013302473733657163,-0.0038785658012764866,True,train
2016-01-20,-0.012897900120246417,-0.0039020239093159256,True,train
2016-01-21,0.00558635257993934,-0.0038737748940942535,True,train
2016-01-22,0.02030769803135791,-0.003886093398663675,True,train
2016-01-25,-0.015231968150443788,-0.003924881985218606,True,train
2016-01-26,0.013550903858818436,-0.003910184515276253,True,train
2016-01-27,-0.010942894888797574,-0.003889121860827925,True,train
2016-01-28,0.0051956203891779336,-0.0038886512264526205,True,train
2016-01-29,0.024084964269730853,-0.003878436403515026,True,train
2016-02-01,-0.00036144939393017284,-0.0038107493049471045,True,train
2016-02-02,-0.01818653213249616,-0.0037487406882339806,True,train
2016-02-03,0.005977050088959229,-0.00366666437990118,True,train
2016-02-04,0.0015670049933292577,-0.003663019397381985,True,train
2016-02-05,-0.019233943619154967,-0.003649776112280137,True,train
2016-02-08,-0.013552441469451462,-0.003663960666132591,True,train
2016-02-09,5.390053706405582e-05,-0.0035686410726979423,True,train
2016-02-10,-0.0008631692180783777,-0.0035825173663729185,True,train
2016-02-11,-0.013093407548559899,-0.0035836210093213514,True,train
2016-02-12,0.02040723728401265,-0.0035239321425159266,True,train
2016-02-16,0.016737426755310383,-0.00360871216461732,True,train
2016-02-17,0.016202759074790542,-0.003642239209614713,True,train
2016-02-18,-0.004104266053931545,-0.003664772537121736,True,train
2016-02-19,-0.00046862110648894636,-0.0036187811015752705,True,train
2016-02-22,0.014375338238185034,-0.0036355069949984865,True,train
2016-02-23,-0.012710020835624369,-0.0036538659356782216,True,train
2016-02-24,0.0045652165522275185,-0.0036307160878162534,True,train
2016-02-25,0.01203902175994836,-0.003625129797863058,True,train
2016-02-26,-0.0023039559647323607,-0.003589044925076716,True,train
2016-02-29,-0.007873442465843388,-0.0036572026580199424,True,train
2016-03-01,0.023234905755165118,-0.003633890435960147,True,train
2016-03-02,0.004482389657385098,-0.003781756087859023,True,train
2016-03-03,0.003911930269274466,-0.003776478058083302,True,train
2016-03-04,0.003248267069200911,-0.003763851293336406,True,train
2016-03-07,0.0007979835169487722,-0.003794658136347027,True,train
2016-03-08,-0.010977841492832026,-0.0038155584165975205,True,train
2016-03-09,0.004927411997454838,-0.0037571025905019893,True,train
2016-03-10,0.0008021077540981509,-0.0037975077360952597,True,train
2016-03-11,0.016008302673559786,-0.003813292360767863,True,train
2016-03-14,-0.001283099965603017,-0.0038495231195338486,True,train
2016-03-15,-0.00163096797736353,-0.0038343385269980074,True,train
2016-03-16,0.005770518268001061,-0.0038320889593865363,True,train
2016-03-17,0.006324057359171008,-0.0037652395253041787,True,train
2016-03-18,-0.0012224641214868177,-0.003745264025586101,True,train
2016-03-21,0.001417886970066765,-0.0037064589508129867,True,train
2016-03-22,-0.0005375979969664496,-0.003737428168021438,True,train
2016-03-23,-0.006621358917105653,-0.0037562412548582842,True,train
2016-03-24,-0.00044304677354087214,-0.003697152420189625,True,train
2016-03-28,0.0005906603961285388,-0.003720302268051593,True,train
2016-03-29,0.00920757617414379,-0.003707837877502524,True,train
2016-03-30,0.004378122265993535,-0.003618779864308804,True,train
2016-03-31,-0.0024298986034664554,-0.0036229542511360888,True,train
2016-04-01,0.006788862696050751,-0.003584473924758632,True,train
2016-04-04,-0.0032432110714291375,-0.003605713686772021,True,train
2016-04-05,-0.010038080323305401,-0.0035953364896365927,True,train
2016-04-06,0.010861974375772835,-0.0035491826798923,True,train
2016-04-07,-0.012038068466954956,-0.0035694664397878523,True,train
2016-04-08,0.0026931246825536883,-0.0035183593486634995,True,train
2016-04-11,-0.0023499262871009264,-0.0035308237392125685,True,train
2016-04-12,0.009269685759992688,-0.003530661365014738,True,train
2016-04-13,0.010050344745569607,-0.0035769610607386745,True,train
2016-04-14,4.804935924526134e-05,-0.003567362758156025,True,train
2016-04-15,-0.001106307293156729,-0.003587954778229048,True,train
2016-04-18,0.007002122987938071,-0.0035518699054427096,True,train
2016-04-19,0.0031492529930353965,-0.0035672003839581946,True,train
2016-04-20,0.0009524391531007965,-0.003575328013482152,True,train
2016-04-21,-0.0053929300679508956,-0.0036136459656617784,True,train
2016-04-22,0.0,-0.0036342379857348048,True,train
2016-04-25,-0.0017242238515329578,-0.003644923443047697,True,train
2016-04-26,0.0014849118217189086,-0.0036576960937742403,True,train
2016-04-27,0.0020561268160365796,-0.003670306370302953,True,train
2016-04-28,-0.009117189551687043,-0.0036219194811653727,True,train
2016-04-29,-0.005413494396528191,-0.003587613541615204,True,train
2016-05-02,0.007917006727903951,-0.0035695628611129397,True,train
2016-05-03,-0.008741260291898584,-0.003935061601668566,True,train
2016-05-04,-0.005593852465674445,-0.003870711225442365,True,train
2016-05-05,-0.00019509872031052427,-0.0038608046626822413,True,train
2016-05-06,0.003652393918966363,-0.0038322308990649118,True,train
2016-05-09,0.0008260157836741845,-0.003860496402504767,True,train
2016-05-10,0.012357147062368385,-0.0038448576638118077,True,train
2016-05-11,-0.009398777285479427,-0.0038448576638118077,True,train
2016-05-12,0.0002905028778884563,-0.0038384501975912318,True,train
2016-05-13,-0.008752380516923645,-0.003861762419651034,True,train
2016-05-16,0.00981688549310407,-0.003839391466341841,True,train
2016-05-17,-0.009377386467228545,-0.0038754763391281796,True,train
2016-05-18,0.0002928424326074842,-0.0038941435399853924,True,train
2016-05-19,-0.0034709854349154676,-0.003986905305631092,True,train
2016-05-20,0.006297506898184872,-0.003966459171537713,True,train
2016-05-23,-0.0013635199140756289,-0.0039690169993266584,True,train
2016-05-24,0.012878983047929088,-0.003974911549457328,True,train
2016-05-25,0.006760201618305196,-0.003987684200183871,True,train
2016-05-26,0.00028664449717812366,-0.003997753137141822,True,train
2016-05-27,0.004290054491167181,-0.0039482626050558085,True,train
2016-05-31,-0.001904443317603481,-0.003971883087293078,True,train
2016-06-01,0.0020471213925653863,-0.003948100230857978,True,train
2016-06-02,0.003039080061627184,-0.003874659100327041,True,train
2016-06-03,-0.0029915494147823756,-0.003846555971085009,True,train
2016-06-06,0.0050755857453942625,-0.00374503356734222,True,train
2016-06-07,0.001560109874706457,-0.0037657879616130735,True,train
2016-06-08,0.003254347695984139,-0.0037499868487222802,True,train
2016-06-09,-0.0013664428476379365,-0.003742475739553275,True,train
2016-06-10,-0.009522727241363724,-0.003722191979657726,True,train
2016-06-13,-0.007741653686631843,-0.003683241018904968,True,train
2016-06-14,-0.001968853053697048,-0.0036733344561448444,True,train
2016-06-15,-0.0013949028973121098,-0.0036838740274780964,True,train
2016-06-16,0.002979888413175233,-0.0036519635415190425,True,train
2016-06-17,-0.00891804144940485,-0.0036425276131342235,True,train
2016-06-20,0.006419414364319795,-0.003664736192245586,True,train
2016-06-21,0.0028345466901189614,-0.0037060826065894587,True,train
2016-06-22,-0.0016324790244543145,-0.0037341857358314905,True,train
2016-06-23,0.01293847956182914,-0.003718855257316002,True,train
2016-06-24,-0.0365696685376438,-0.003759893411482404,True,train
2016-06-27,-0.018072179297399276,-0.0036304467409136003,True,train
2016-06-28,0.01787530622973483,-0.0035545732428889356,True,train
2016-06-29,0.01688424782083095,-0.0035520154150999904,True,train
2016-06-30,0.013553300509066859,-0.0035644633174308727,True,train
2016-07-01,0.002098248017361924,-0.001156572381372089,True,validation
2016-07-05,-0.007219186088535558,-0.0002843140026590531,True,validation
2016-07-06,0.005979877546764581,-0.00029380401372132637,True,validation
2016-07-07,-0.0006202671162166356,-0.00030882577991550597,True,validation
2016-07-08,0.014780671622370336,-0.00029976208063505573,True,validation
2016-07-11,0.0035207172688849625,-0.00032111000091159187,True,validation
2016-07-12,0.007237118478405407,-0.00035995685771013965,True,validation
2016-07-13,-0.00013957140384917246,-0.0003788236977322764,True,validation
2016-07-14,0.005567929041885831,-0.0003645487306640538,True,validation
2016-07-15,-0.0013427171281419333,-0.00037022176038117567,True,validation
2016-07-18,0.0026837042929593294,-0.0003898642429331875,True,validation
2016-07-19,-0.001017111588374389,-0.0003660583924606129,True,validation
2016-07-20,0.004154335272333999,-0.000381425738811612,True,validation
2016-07-21,-0.003784350391765712,-0.00040645594371496247,True,validation
2016-07-22,0.004475111612983524,-0.00038465005976693993,True,validation
2016-07-25,-0.002719638439119201,-0.0003880277112862118,True,validation
2016-07-26,0.00046149564697253075,-0.0003946296837608117,True,validation
2016-07-27,-0.0010616739994665047,-0.00041982332354172157,True,validation
2016-07-28,0.0011539616552978648,-0.0004047828469458581,True,validation
2016-07-29,0.0016132702810723982,-0.00039879305168681167,True,validation
2016-08-01,-0.0008293447316518964,-0.0003599467246187054,True,validation
2016-08-02,-0.006427913514755386,-0.0003510003565206795,True,validation
2016-08-03,0.0029184447567219564,-0.0003586733528624462,True,validation
2016-08-04,0.0010634134397508202,-0.0003612854966022212,True,validation
2016-08-05,0.008145603052374027,-0.0003330309707435407,True,validation
2016-08-08,-0.000595968315540014,-0.00039890746923921866,True,validation
2016-08-09,0.0005959683155400788,-0.0004108870597573115,True,validation
2016-08-10,-0.002478057786678795,-0.0003800203901588562,True,validation
2016-08-11,0.004629931131066985,-0.0003623677698232175,True,validation
2016-08-12,-0.000869287796278908,-0.00042425443958407074,True,validation
2016-08-15,0.002879625436932779,-0.00038018382503641427,True,validation
2016-08-16,-0.0051709970669315255,-0.00038862232915767717,True,validation
2016-08-17,0.0018792589198994053,-0.00042425443958407074,True,validation
2016-08-18,0.0022414093410686566,-0.00040382624063109896,True,validation
2016-08-19,-0.0014632253579312236,-0.00037879603572774784,True,validation
2016-08-22,-4.573412505607312e-05,-0.0004170301855802997,True,validation
2016-08-23,0.002011440410315236,-0.0004099693664540874,True,validation
2016-08-24,-0.005127959125894508,-0.00039015334471667,True,validation
2016-08-25,-0.0006888263581850463,-0.00040796939992986635,True,validation
2016-08-26,-0.0018851182451652374,-0.0004237854886188421,True,validation
2016-08-29,0.004912243731562431,-0.0004778458314739864,True,validation
2016-08-30,-0.0016500169196297673,-0.0004385305534406517,True,validation
2016-08-31,-0.0028480661919428932,-0.00043776504566115553,True,validation
2016-09-01,4.597606430745329e-05,-0.0004357650791369347,True,validation
2016-09-02,0.004497876776550799,-0.00041411435078190367,True,validation
2016-09-06,0.0030178517248761133,-0.0004357669041659834,True,validation
2016-09-07,-9.133537020113622e-05,-0.0003837065278350601,True,validation
2016-09-08,-0.0022856108530928034,-0.0003857064943592807,True,validation
2016-09-09,-0.024225904232664935,-0.0004296237783429954,True,validation
2016-09-12,0.014245376567656747,-0.0004418987806351414,True,validation
2016-09-13,-0.014479851973302187,-0.0004451231015904708,True,validation
2016-09-14,-0.00037526072489496744,-0.00046201021414661245,True,validation
2016-09-15,0.009943386171964634,-0.00043436786550348633,True,validation
2016-09-16,-0.008911775715804298,-0.00041439851320212626,True,validation
2016-09-19,0.00018749025330848054,-0.0004369800092432611,True,validation
2016-09-20,4.683132298528012e-05,-0.00045157174350112916,True,validation
2016-09-21,0.011182714263452255,-0.0004509595662855752,True,validation
2016-09-22,0.006281708192279977,-0.00044912303463891246,True,validation
2016-09-23,-0.005494333315913308,-0.00044467435925247514,True,validation
2016-09-26,-0.008135228165556755,-0.0004242461602995029,True,validation
2016-09-27,0.00618880917830181,-0.00041903197713356963,True,validation
2016-09-28,0.004951270145156846,-0.0004059813627483105,True,validation
2016-09-29,-0.009088473714841045,-0.00040659353996386487,True,validation
2016-09-30,0.00751783387621049,-0.0003835531972711181,True,validation
2016-10-03,-0.002406982601896969,-0.0004256339496081696,True,validation
2016-10-04,-0.005110851274313622,-0.0004113554764490065,True,validation
2016-10-05,0.00441548537526153,-0.00043223241773997353,True,validation
2016-10-06,0.0006953658990521912,-0.0004546504789035501,True,validation
2016-10-07,-0.0034353383527250857,-0.000457252518329709,True,validation
2016-10-11,-0.012710015414798806,-0.00043544663438168664,True,validation
2016-10-12,0.0013111114791328417,-0.00046446666801986357,True,validation
2016-10-13,-0.0032809000419824937,-0.0004656910224509719,True,validation
2016-10-14,0.0005162772650287091,-0.0004434262918513376,True,validation
2016-10-17,-0.003478218474305837,-0.0004483338138893875,True,validation
2016-10-18,0.006242841251259704,-0.00041807932150648595,True,validation
2016-10-19,0.0026635780981098226,-0.0004254569060741986,True,validation
2016-10-20,-0.0018684324057799974,-0.000417467144290932,True,validation
2016-10-21,0.00046739983361037736,-0.000435436530068071,True,validation
2016-10-24,0.004243733710348447,-0.00043682431937673745,True,validation
2016-10-25,-0.0033561828212316756,-0.000436048707283625,True,validation
2016-10-26,-0.002009734835974423,-0.00045064044154149237,True,validation
2016-10-27,-0.0026703879415080705,-0.0004570890834521505,True,validation
2016-10-28,-0.0029597864996322065,-0.0004667519420045222,True,validation
2016-10-31,4.709480680828749e-05,-0.0004613743239610295,True,validation
2016-11-01,-0.007271769477388027,-0.0004627621132696964,True,validation
2016-11-02,-0.006036805088636923,-0.000306437982581441,True,validation
2016-11-03,-0.004587634463296051,-0.00029323403763224006,True,validation
2016-11-04,-0.0011022248571398241,-0.00030429478980689424,True,validation
2016-11-07,0.021817279300208343,-0.0002938563191614103,True,validation
2016-11-08,0.004493789925349073,-0.0003108967622814946,True,validation
2016-11-09,0.010546239323610773,-0.0003465187683942715,True,validation
2016-11-10,0.002492469706366672,-0.0003944045274453644,True,validation
2016-11-14,0.0007851928585295469,-0.0004008329607287902,True,validation
2016-11-15,0.007772488184279982,-0.0004745458904437936,True,validation
2016-11-16,-0.0018801044990033242,-0.000489137624701661,True,validation
2016-11-17,0.0051275595309297475,-0.00046087299452936444,True,validation
2016-11-18,-0.002240077221939921,-0.0004969538472937532,True,validation
2016-11-21,0.007523089941767798,-0.0005205962628884381,True,validation
2016-11-22,0.001951344701679288,-0.0005285860246717056,True,validation
2016-11-23,0.0005438502559692207,-0.0005213718749815508,True,validation
2016-11-25,0.0037085987146661397,-0.0005569938810943277,True,validation
2016-11-28,-0.004705929702431552,-0.0005543817373545529,True,validation
2016-11-29,0.0019484268841791865,-0.0005407189457537402,True,validation
2016-11-30,-0.0024020441155120547,-0.000519678569585214,True,validation
2016-12-01,-0.003682229577616673,-0.0005385555443519613,True,validation
2016-12-02,0.0005007870409156275,-0.0005476517264205063,True,validation
2016-12-05,0.005990792838490881,-0.0005187850233462714,True,validation
2016-12-06,0.0031624013392542805,-0.0005353767241283599,True,validation
2016-12-07,0.01299596662238256,-0.0005319990726090889,True,validation
2016-12-08,0.002445750159526804,-0.0005117343085336758,True,validation
2016-12-09,0.006022250168650405,-0.0005299991060848679,True,validation
2016-12-12,-0.0011484872275314443,-0.0005600901635902107,True,validation
2016-12-13,0.006651836271533833,-0.000556090230541769,True,validation
2016-12-14,-0.008288512430090727,-0.0005674576438443075,True,validation
2016-12-15,0.004108745406762527,-0.0006388650909474201,True,validation
2016-12-16,-0.007834517480746128,-0.0006388448823201878,True,validation
2016-12-19,0.0021750480279245188,-0.0006406915182804664,True,validation
2016-12-20,0.0038501369946166023,-0.0006026106989918565,True,validation
2016-12-21,-0.0027865184962017906,-0.0006130491696373403,True,validation
2016-12-22,-0.0017289126848319208,-0.0005721927717313967,True,validation
2016-12-23,0.0014631310002082348,-0.0005834068544699929,True,validation
2016-12-27,0.0024779761561614494,-0.0005781825669904431,True,validation
2016-12-28,-0.008298848896098833,-0.0006310185554144786,True,validation
2016-12-29,-0.0002227868219520829,-0.0006127537578632866,True,validation
2016-12-30,-0.0036617318546013607,-0.0005797337911766678,True,validation
2017-01-03,0.007620897001746236,-0.000562693348056584,True,validation
2017-01-04,0.005931566752148794,-0.0006482106220861707,True,validation
2017-01-05,-0.0007947721565786297,-0.0006608023898198171,True,validation
2017-01-06,0.003571410142046549,-0.0005950792218880811,True,validation
2017-01-09,-0.0033063709791562737,-0.000638537659220183,True,validation
2017-01-10,0.0,-0.0006274870113591449,True,validation
2017-01-11,0.0028221174544804995,-0.0006102831333615025,True,validation
2017-01-12,-0.0025130948926670037,-0.0006136607848807737,True,validation
2017-01-13,0.00229288989012677,-0.0006030689836713477,True,validation
2017-01-17,-0.003529688404831017,-0.0006260992220504782,True,validation
2017-01-18,0.00220750641521052,-0.0005952426567656394,True,validation
2017-01-19,-0.00371138291563596,-0.0006419153107394542,True,validation
2017-01-20,0.0036673047365514515,-0.0006595679310750927,True,validation
2017-01-23,-0.0026055418811031677,-0.0006171704132965404,True,validation
2017-01-24,0.006391260133969621,-0.0005784774167923766,True,validation
2017-01-25,0.008618296722527514,-0.0006277723188195829,True,validation
2017-01-26,-0.0010460035313087782,-0.0006460371163707749,True,validation
2017-01-27,-0.0015710263233611212,-0.0006249967402022492,True,validation
2017-01-30,-0.006220988062862284,-0.0006297621810301872,True,validation
2017-01-31,-8.79154100085011e-05,-0.0006349864685097372,True,validation
2017-02-01,0.00039545793813170556,-0.0006119562301306069,True,validation
2017-02-02,0.0006588162274107837,-0.0006669276597869483,True,validation
2017-02-03,0.006869236012564833,-0.0006583257207881264,True,validation
2017-02-06,-0.0017893546657388251,-0.0006615500417434558,True,validation
2017-02-07,4.372317790355026e-05,-0.0006168672499802456,True,validation
2017-02-08,0.0013095424917520316,-0.0006130307518093622,True,validation
2017-02-09,0.005915120656897009,-0.0006033678932569908,True,validation
2017-02-10,0.003938411107139749,-0.000647438507804647,True,validation
2017-02-13,0.005427814518752642,-0.000645438541280426,True,validation
2017-02-14,0.003987368557542392,-0.0006466628957115343,True,validation
2017-02-15,0.0052067943735727325,-0.0006868970120883077,True,validation
2017-02-16,-0.000851703264593723,-0.000701325311468617,True,validation
2017-02-17,0.0015750843771027802,-0.0006572546969209607,True,validation
2017-02-21,0.0059375429953654295,-0.0006494283700152518,True,validation
2017-02-22,-0.000888409695124651,-0.0006560303424898524,True,validation
2017-02-23,0.0006769490091659686,-0.0006580303090140732,True,validation
2017-02-24,0.0012680294472507694,-0.0006263981316361213,True,validation
2017-02-27,0.0015616553239042482,-0.0005705012571343147,True,validation
2017-02-28,-0.002702815899256432,-0.0006371533677231053,True,validation
2017-03-01,0.013900476034819913,-0.0006491329582411984,True,validation
2017-03-02,-0.0063173288108460054,-0.00048205638070630656,True,validation
2017-03-03,0.0006293142321694911,-0.0005044744418698829,True,validation
2017-03-06,-0.0029823450487956103,-0.0005044744418698829,True,validation
2017-03-07,-0.002991330425974492,-0.0004984846466108363,True,validation
2017-03-08,-0.0018582759113619427,-0.0005036988297767702,True,validation
2017-03-09,0.0012673866464249699,-0.0005411674718498259,True,validation
2017-03-10,0.0034980620464540755,-0.0005568302299748596,True,validation
2017-03-13,0.000504711334320593,-0.000549616080284705,True,validation
2017-03-14,-0.003833939850330953,-0.0005838604014024313,True,validation
2017-03-15,0.008616226851996199,-0.0005852481907110982,True,validation
2017-03-16,-0.001968880798203005,-0.0005247493102589122,True,validation
2017-03-17,-0.006098721201673768,-0.000545789686427438,True,validation
2017-03-20,-0.00109748641307614,-0.0005293614205229081,True,validation
2017-03-21,-0.012922639108276665,-0.0005043312156195569,True,validation
2017-03-22,0.0023503912797317797,-0.0004760766897608764,True,validation
2017-03-23,-0.0010676689588160469,-0.0004742401581142139,True,validation
2017-03-24,-0.0007266587302462943,-0.00046886254007072166,True,validation
2017-03-27,-0.0010268054951853855,-0.0004630260753756175,True,validation
2017-03-28,0.00725047829387214,-0.00047301580368310555,True,validation
2017-03-29,0.0009344007884925202,-0.0004986581858020111,True,validation
2017-03-30,0.003179113888548334,-0.0004650260418998383,True,validation
2017-03-31,-0.002330309697588091,-0.00048406645154414323,True,validation
2017-04-03,-0.0017407339005489856,-0.0004768523018539889,True,validation
2017-04-04,0.0006371738167705391,-0.000418954094151333,True,validation
2017-04-05,-0.002977065765407665,-0.0004281682103657086,True,validation
2017-04-06,0.0028072140437375797,-0.00042617834815510385,True,validation
2017-04-07,-0.0010199112454537345,-0.00042095406067555385,True,validation
2017-04-10,0.0005950584255413305,-0.00045857603331255197,True,validation
2017-04-11,-0.001190471156455239,-0.0004579638560969978,True,validation
2017-04-12,-0.004391483266076876,-0.0004118932750251207,True,validation
2017-04-13,-0.006516095822653078,-0.0004198931411220038,True,validation
2017-04-17,0.008820870798886493,-0.0003916386152633235,True,validation
2017-04-18,-0.002988697482894407,-0.00039547511343420664,True,validation
2017-04-19,-0.0018402893127950092,-0.00036477187871330964,True,validation
2017-04-20,0.008106166241988226,-0.0003752103493587936,True,validation
2017-04-21,-0.0031919675206105603,-0.0003916386152633235,True,validation
2017-04-24,0.010937881902130022,-0.0003856488200042771,True,validation
2017-04-25,0.005801768898692426,-0.0004284950801208252,True,validation
2017-04-26,-0.0006290351658648944,-0.00046196378914543923,True,validation
2017-04-27,0.0008386256551509145,-0.0004541374622397303,True,validation
2017-04-28,-0.002181775908701382,-0.00042971943455193356,True,validation
2017-05-01,0.0025169526318786625,-0.00045491307433284276,True,validation
2017-05-02,0.00037705141196537673,-0.0003118552988557422,True,validation
2017-05-03,-0.0012153319250617428,-0.0003034167947344793,True,validation
2017-05-04,0.0011734088389643792,-0.00031338631441473505,True,validation
2017-05-05,0.003929288415371179,-0.00033765101153858997,True,validation
2017-05-08,-0.00016686117395984122,-0.00033503886779881497,True,validation
2017-05-09,-0.0009183937940459313,-0.0003428651947045239,True,validation
2017-05-10,0.001794215824099324,-0.0003764973386066962,True,validation
2017-05-11,-0.0020448217218897295,-0.00035868128339349966,True,validation
2017-05-12,-0.001672419299264369,-0.0003626812164419413,True,validation
2017-05-15,0.005508306898499835,-0.00031000866289546364,True,validation
2017-05-16,-0.000915946683242044,-0.0003278247181086602,True,validation
2017-05-17,-0.017903375551923166,-0.00030739651915568864,True,validation
2017-05-18,0.004020390632640581,-0.0002800810402676791,True,validation
2017-05-19,0.006483113050925737,-0.0002892951564820545,True,validation
2017-05-22,0.005064601618306679,-0.00029789709548087547,True,validation
2017-05-23,0.002210309181044507,-0.00030249910143125523,True,validation
2017-05-24,0.0023301202833640117,-0.00031692740081156454,True,validation
2017-05-25,0.004768107829548058,-0.0003057234223865844,True,validation
2017-05-26,-0.00020678756911771007,-0.00031110104043007665,True,validation
2017-05-30,-0.0008692151411252482,-0.00031110104043007665,True,validation
2017-05-31,-0.0002484679612337303,-0.00029406059730999233,True,validation
2017-06-01,0.007920825887608271,-0.00028883630983044233,True,validation
2017-06-02,0.003322865488960124,-0.00024166144919737743,True,validation
2017-06-05,-0.0007374331472786077,-0.00023798838590405238,True,validation
2017-06-06,-0.003201968087731701,-0.00027423267354600013,True,validation
2017-06-07,0.0018485306828973202,-0.00025719223042591603,True,validation
2017-06-08,0.0004923482644446555,-0.00027162052980622513,True,validation
2017-06-09,-0.0015188948314465666,-0.0002808346460206007,True,validation
2017-06-12,-0.00020544836984530822,-0.0002940385909698017,True,validation
2017-06-13,0.004877968445439268,-0.0002966507347095767,True,validation
2017-06-14,-0.0012684285469737472,-0.00031984440796626505,True,validation
2017-06-15,-0.0019261955968753132,-0.0002851412401969266,True,validation
2017-06-16,-0.004646314455727953,-0.0002831412736727058,True,validation
2017-06-19,0.00829064572206334,-0.000259947600416017,True,validation
2017-06-20,-0.0067669344344192285,-0.0002909676005784143,True,validation
2017-06-21,-0.0002469238618551728,-0.0002865189251919768,True,validation
2017-06-22,-0.0004528731087584111,-0.0002839067814522018,True,validation
2017-06-23,0.0011935246151813209,-0.0002687028699787802,True,validation
2017-06-26,0.0006578200308041038,-0.0002660907262390052,True,validation
2017-06-27,-0.008088820773010475,-0.00028268242702109343,True,validation
2017-06-28,0.00891059742278559,-0.00029633511430829027,True,validation
2017-06-29,-0.008827709082089772,-0.00026776382300810965,True,validation
2017-06-30,0.0018627634061266214,-0.0002973960338618401,True,validation
2017-07-03,0.0016941953757414919,-0.0002946204552445068,True,validation
2017-07-05,0.0023093644883827986,-0.0002461097320365852,True,validation
2017-07-06,-0.009186529833769774,-0.00024749752134525186,True,validation
2017-07-07,0.006464190025662,-0.00023873214746887215,True,validation
2017-07-10,0.0010732931559087027,-0.0002425686456397555,True,validation
2017-07-11,-0.0007429118580426037,-0.00024195646842420132,True,validation
2017-07-12,0.007486633392334205,-0.00021553847421218377,True,validation
2017-07-13,0.0016788639705180453,-0.00019849803109209902,True,validation
2017-07-14,0.004653257098670055,-0.0002169262635208502,True,validation
2017-07-17,-0.00012217222732245696,-0.00019849803109209902,True,validation
2017-07-18,0.0005293466284006042,-0.0002058756156598121,True,validation
2017-07-19,0.005399391200699996,-0.0002008147630578206,True,validation
2017-07-20,0.000445265476278358,-0.00020680455831686702,True,validation
2017-07-21,-0.0008907293022224442,-0.00020158027083731701,True,validation
2017-07-24,-0.00024305269356146515,-0.0001911418001918333,True,validation
2017-07-25,0.0024279343347230285,-0.00020358023736153784,True,validation
2017-07-26,4.039408718685109e-05,-0.00023105915112710544,True,validation
2017-07-27,-0.0009299708830424845,-0.00019942697374915395,True,validation
2017-07-28,-0.0011738006479158243,-0.00020126350539581648,True,validation
2017-07-31,-0.0005671665497943276,-0.00017761098548751573,True,validation
2017-08-01,0.002226328264181252,-0.00018022312922729073,True,validation
2017-08-02,0.00048506393876542676,-0.000269053583668304,True,validation
2017-08-03,-0.0019417308635190523,-0.0002842574951417256,True,validation
2017-08-04,0.0018204869352030433,-0.00026521708549742066,True,validation
2017-08-07,0.0018575011648817466,-0.0002842574951417256,True,validation
2017-08-08,-0.0024640031174037115,-0.0002862574616659464,True,validation
2017-08-09,-4.0421859814094676e-05,-0.00029070613705238393,True,validation
2017-08-10,-0.014215858360501283,-0.00026706372145769903,True,validation
2017-08-11,0.001475775532283997,-0.00026983930007503233,True,validation
2017-08-14,0.00986433721640411,-0.00024603344960278935,True,validation
2017-08-15,-0.00012168656353959788,-0.0002710636545061407,True,validation
2017-08-16,0.00174286369876638,-0.00028610413110200395,True,validation
2017-08-17,-0.015713671950320925,-0.00026645154424214485,True,validation
2017-08-18,-0.001564387398651075,-0.00026062518386065674,True,validation
2017-08-21,0.0007824682031745127,-0.00027183926659925316,True,validation
2017-08-22,0.010402717245512966,-0.00026262515038487757,True,validation
2017-08-23,-0.0035918605262235397,-0.0002684515107663657,True,validation
2017-08-24,-0.002333404239043672,-0.0002620129731693234,True,validation
2017-08-25,0.0023334042390438093,-0.00027183926659925316,True,validation
2017-08-28,4.0928855422689685e-05,-0.0002878187901657872,True,validation
2017-08-29,0.0011442066207465451,-0.00027261487869236585,True,validation
2017-08-30,0.0047263601077370794,-0.0002760026345252533,True,validation
2017-08-31,0.005998036163940785,-0.00027461484521658667,True,validation
2017-09-01,0.0014131625448807665,-0.00027277831356992415,True,validation
2017-09-05,-0.007207963182428161,-0.00029196530367043855,True,validation
2017-09-06,0.003407972920508354,-0.00024605815747612,True,validation
2017-09-07,-0.00012150912368609306,-0.0002505068328625573,True,validation
2017-09-08,-0.001175370640639,-0.0002216401297883226,True,validation
2017-09-11,0.010609449593480138,-0.0002222523070038768,True,validation
2017-09-12,0.0033649686098124413,-0.0002649351322428666,True,validation
2017-09-13,0.0004797693782589755,-0.00027798574662812534,True,validation
2017-09-14,-0.00031984101313377365,-0.00028918972505310525,True,validation
2017-09-15,-0.0036051709400428365,-0.00030116931557119765,True,validation
2017-09-18,0.0021246275872453704,-0.00031576104982906504,True,validation
2017-09-19,0.0010006204632380786,-0.00032619952047454855,True,validation
2017-09-20,0.0003599637585029596,-0.0003241995539503277,True,validation
2017-09-21,-0.002682945539843174,-0.0003618215265873263,True,validation
2017-09-22,0.00020048133328691878,-0.0003585972056319971,True,validation
2017-09-25,-0.002046712076003897,-0.0003665869674152639,True,validation
2017-09-26,0.0006024343345111111,-0.0003495465242951798,True,validation
2017-09-27,0.0038867727139802652,-0.0003541485302455596,True,validation
2017-09-28,0.0011990530863811022,-0.000380861936231631,True,validation
2017-09-29,0.003508874052771569,-0.0003610459144942136,True,validation
2017-10-02,0.004329315033571895,-0.00036641342822408955,True,validation
2017-10-03,0.0021378260553165727,-0.00032994478453225577,True,validation
2017-10-04,0.0011857360751527833,-0.00031474087305883376,True,validation
2017-10-05,0.005907622152979601,-0.00031735301679860855,True,validation
2017-10-06,-0.0011394557373643071,-0.00033316910548758494,True,validation
2017-10-10,0.0026348332265438115,-0.0003721788674332495,True,validation
2017-10-11,0.0015697717521929854,-0.00034253655226590234,True,validation
2017-10-12,-0.0014912096319125536,-0.00034253655226590234,True,validation
2017-10-13,0.0012166549542219028,-0.000341312197834794,True,validation
2017-10-16,0.0013326920457795463,-0.0003382513117570231,True,validation
2017-10-17,0.0007048631214624703,-0.00036528148318459527,True,validation
2017-10-18,0.0009781099737367755,-0.00036005719570504527,True,validation
2017-10-19,0.0002736684194568484,-0.0004055155995613682,True,validation
2017-10-20,0.005147182821886276,-0.0003936893396072176,True,validation
2017-10-23,-0.003896969419021379,-0.00041456628089818503,True,validation
2017-10-24,0.0017555633745319232,-0.00039675022568498846,True,validation
2017-10-25,-0.004962418292052873,-0.00041117852506529756,True,validation
2017-10-26,0.0012918200248079085,-0.0004236169622350021,True,validation
2017-10-27,0.008142940958378798,-0.00043682090718420285,True,validation
2017-10-30,-0.0037320397514387566,-0.0004051887298062516,True,validation
2017-10-31,0.001556699677022446,-0.0003909137609898843,True,validation
2017-11-01,0.0013212979863173313,-0.00040611767246330585,True,validation
2017-11-02,0.0003883129120887515,-0.00015515878894371447,True,validation
2017-11-03,0.00333313948964476,-0.00015132229077283112,True,validation
2017-11-06,0.0015464680535225,-0.00016791399155491912,True,validation
2017-11-07,-0.000695596986573822,-0.00015209790286594338,True,validation
2017-11-08,0.0016994554859494032,-0.000164077493384036,True,validation
2017-11-09,-0.0036342907541265517,-0.00018650565886122817,True,validation
2017-11-10,-0.0003099875604187004,-0.00017252610181891516,True,validation
2017-11-13,0.0009294382850910487,-0.0002112190983230794,True,validation
2017-11-14,-0.002325217451833892,-0.0002370249153195432,True,validation
2017-11-15,-0.005017839305914511,-0.00021859668289079203,True,validation
2017-11-16,0.008465055348010226,-0.00022076008429257137,True,validation
2017-11-17,-0.0029430388124721918,-0.0002497801179307483,True,validation
2017-11-20,0.001704907667696995,-0.0002597698462382359,True,validation
2017-11-21,0.006521478333189071,-0.0002901776691850795,True,validation
2017-11-22,-0.0008849657864718609,-0.0002817290607502003,True,validation
2017-11-24,0.002307067052553484,-0.0002613109661108446,True,validation
2017-11-27,-0.0004993348656304272,-0.0002685251158009996,True,validation
2017-11-28,0.010093697243671753,-0.0002665352535903946,True,validation
2017-11-29,-0.000608865143803894,-0.00027113725954077436,True,validation
2017-11-30,0.008716868297143729,-0.0003013917519236759,True,validation
2017-12-01,-0.0020776191554762393,-0.0002940040630423468,True,validation
2017-12-04,-0.0012106577450937816,-0.00026534570048754227,True,validation
2017-12-05,-0.0036031069881391526,-0.00028254957848518466,True,validation
2017-12-06,0.00018991240550295883,-0.0002999067870467695,True,validation
2017-12-07,0.0031481207607982854,-0.00026028484788555056,True,validation
2017-12-08,0.005438294285834409,-0.00028516172222495945,True,validation
2017-12-11,0.0030084930440527815,-0.00028316175570073905,True,validation
2017-12-12,0.0017633095564034158,-0.0002957535234343854,True,validation
2017-12-13,-0.00011245395534321217,-0.0003023554959089862,True,validation
2017-12-14,-0.004094580692557239,-0.0002628868873117093,True,validation
2017-12-15,0.0031944935073848556,-0.0002854683833528437,True,validation
2017-12-18,0.0063212133655446145,-0.0002974479738709361,True,validation
2017-12-19,-0.003847806193067688,-0.0003025088264729278,True,validation
2017-12-20,-0.0005242031016257336,-0.00033259988397827105,True,validation
2017-12-21,0.00205752979580027,-0.00033704855936470836,True,validation
2017-12-22,-0.000261551542800174,-0.00034580382892747136,True,validation
2017-12-26,-0.001196960370748745,-0.00036300770692511376,True,validation
2017-12-27,0.0004864450917694262,-0.00036838532496860643,True,validation
2017-12-28,0.0020552999273804086,-0.00033429433441482196,True,validation
2017-12-29,-0.0037776485465138097,-0.0003521103896280183,True,validation
2018-01-02,0.007131832978848311,-0.0003356821237234886,True,validation
2018-01-03,0.006305236517900342,-0.00033023660939489156,True,validation
2018-01-04,0.004205969006937856,-0.0003436039892216506,True,validation
2018-01-05,0.0066419636880151334,-0.00035680793417085135,True,validation
2018-01-08,0.001827018359887614,-0.0003600322551261803,True,validation
2018-01-09,0.00226085897400062,-0.00035603232207773866,True,validation
2018-01-10,-0.0015310520430786246,-0.00037690926336870654,True,validation
2018-01-11,0.007269587246673126,-0.00037429711962893154,True,validation
2018-01-12,0.006497814656286375,-0.0003632363674542778,True,validation
2018-01-16,-0.0034241493275315635,-0.00036983833992887774,True,validation
2018-01-17,0.00948652123001412,-0.00039840963122905857,True,validation
2018-01-18,-0.0016822221528580157,-0.00041745004087336327,True,validation
2018-01-19,0.004539330364915846,-0.00041528663947158393,True,validation
2018-01-22,0.008098068600671672,-0.0004251129329015137,True,validation
2018-01-23,0.0021202385831359228,-0.0004435411653302649,True,validation
2018-01-24,-0.0003884261136045274,-0.00042450075568595974,True,validation
2018-01-25,0.0004236517551174197,-0.0004455411318544859,True,validation
2018-01-26,0.011511318685595344,-0.0004338682024642778,True,validation
2018-01-29,-0.006651965730186924,-0.00047610228536527086,True,validation
2018-01-30,-0.01031003729590082,-0.00045873497249007016,True,validation
2018-01-31,0.000496697061447709,-0.0004777753821343753,True,validation
2018-02-01,-0.0011358251214389856,-0.0004779287126983173,True,validation
2018-02-02,-0.022010383111866608,-0.000207831889205475,True,validation
2018-02-05,-0.042722279513735646,-0.00020812730097952863,True,validation
2018-02-06,0.019510663660577923,-0.0001566892061777758,True,validation
2018-02-07,-0.005439623715762403,-0.00016989315112697677,True,validation
2018-02-08,-0.03823046263704881,-0.00021857587593862842,True,validation
2018-02-09,0.014909817475535768,-0.00020459631889631499,True,validation
2018-02-12,0.01457772518222007,-0.00014500502743373662,True,validation
2018-02-13,0.0024843000945013955,-0.00017341288385635915,True,validation
2018-02-14,0.013405963996401723,-0.00019323900990739326,True,validation
2018-02-15,0.012679402008324459,-0.00025051356940425026,True,validation
2018-02-16,0.00029291601113895456,-0.00025926883896701326,True,validation
2018-02-20,-0.006280865885799406,-0.00028247261653731835,True,validation
2018-02-21,-0.004986643075721539,-0.00032010469348793254,True,validation
2018-02-22,0.0012952397605923607,-0.00033237969578007857,True,validation
2018-02-23,0.015813643085869314,-0.00032516554608992424,True,validation
2018-02-26,0.011545350102960344,-0.00032271683722770754,True,validation
2018-02-27,-0.01256512215254109,-0.00030091095327968516,True,validation
2018-02-28,-0.01018174210369951,-0.0003437572133962333,True,validation
2018-03-01,-0.014647454403250413,-0.0003221046600121536,True,validation
2018-03-02,0.005141687129042214,-0.0001531607966929183,True,validation
2018-03-05,0.011491677564123457,-0.00018202749976715276,True,validation
2018-03-06,0.0025317951848754217,-0.00017464991519944013,True,validation
2018-03-07,-0.00036655098033279134,-0.00019108828541758612,True,validation
2018-03-08,0.004827420552534636,-0.0001969247501126905,True,validation
2018-03-09,0.017252680326730694,-0.00019770036220580277,True,validation
2018-03-12,-0.0012558752739862213,-0.00021474080532588686,True,validation
2018-03-13,-0.006483661588719202,-0.00021812856115877434,True,validation
2018-03-14,-0.00514480123251495,-0.00021030223425306518,True,validation
2018-03-15,-0.0010902701411566486,-0.00020846570260640287,True,validation
2018-03-16,-0.002913286019644701,-0.00023749584055819564,True,validation
2018-03-19,-0.013622718723915883,-0.0002513119627229508,True,validation
2018-03-20,0.001699254141819521,-0.0002539241064627258,True,validation
2018-03-21,-0.0019210893881974704,-0.0002795664885816317,True,validation
2018-03-22,-0.025314885505682536,-0.0002615971028044925,True,validation
2018-03-23,-0.021545054881122266,-0.00024594444899307503,True,validation
2018-03-26,0.026991461654006305,-0.00024456676399802423,True,validation
2018-03-27,-0.017158090832078213,-0.00028157655941946904,True,validation
2018-03-28,-0.0029591687796165682,-0.00022230203339839013,True,validation
2018-03-29,0.01269666927359303,-0.00023889373418047857,True,validation
2018-04-02,-0.021820975402381346,-0.00022584311979522028,True,validation
2018-04-03,0.012735537427426051,-0.00022674358236989662,True,validation
2018-04-04,0.010642286151652277,-0.0002509981751801355,True,validation
2018-04-05,0.007861027034026642,-0.0002536103189199105,True,validation
2018-04-06,-0.022537931476096573,-0.0002706507620399946,True,validation
2018-04-09,0.004916274982333761,-0.00024117188175020615,True,validation
2018-04-10,0.015775273241340624,-0.00025637579322362793,True,validation
2018-04-11,-0.00525604477589649,-0.00027556953343187466,True,validation
2018-04-12,0.008193452924804723,-0.00027495735621632027,True,validation
2018-04-13,-0.0029374081489083083,-0.0002919977993364048,True,validation
2018-04-16,0.008188119499643706,-0.00031719143911731465,True,validation
2018-04-17,0.010641624190932739,-0.0003297832068509608,True,validation
2018-04-18,0.0007399911570353793,-0.00034376276389327465,True,validation
2018-04-19,-0.005562986896832211,-0.0003554255889698663,True,validation
2018-04-20,-0.008515567039637552,-0.0003783024967850548,True,validation
2018-04-23,-0.00014996071858595708,-0.00040056722738468845,True,validation
2018-04-24,-0.013558875321530377,-0.0004223731113327106,True,validation
2018-04-25,0.00246859804023608,-0.000417607670504773,True,validation
2018-04-26,0.010114411105506966,-0.0004358825723695815,True,validation
2018-04-27,0.0009383152387381556,-0.00043404604072291874,True,validation
2018-04-30,-0.007720255132814476,-0.00043159733186070204,True,validation
2018-05-01,0.0017752982142209552,-0.0004283730109053731,True,validation
2018-05-02,-0.00674014707048817,-0.0003414783996695144,True,validation
2018-05-03,-0.0022061439922913396,-0.00033548860441046753,True,validation
2018-05-04,0.012863350788101215,-0.0003414885039831302,True,validation
2018-05-07,0.003377585715348559,-0.00035930455919632744,True,validation
2018-05-08,0.0,-0.0003447128249384596,True,validation
2018-05-09,0.009619352007434372,-0.00036314105736721036,True,validation
2018-05-10,0.009307162267612242,-0.0003881712622705619,True,validation
2018-05-11,0.003046663385067629,-0.00038111044314434917,True,validation
2018-05-14,0.00047635667222540955,-0.00037588615566479916,True,validation
2018-05-15,-0.006910793655447388,-0.0003837124825705079,True,validation
2018-05-16,0.004196215302757945,-0.0004144157172914051,True,validation
2018-05-17,-0.0008451280934807857,-0.00041241575076718406,True,validation
2018-05-18,-0.0025031234696764274,-0.00041026245367902143,True,validation
2018-05-21,0.007490428315173807,-0.00039260983334338294,True,validation
2018-05-22,-0.0027840224319636165,-0.00041841565033984675,True,validation
2018-05-23,0.002747405579097633,-0.00042701758933866773,True,validation
2018-05-24,-0.0020506729982943967,-0.000374957213007744,True,validation
2018-05-25,-0.002385518768943073,-0.00034731486436461877,True,validation
2018-05-29,-0.01156767701107844,-0.0003296622440289803,True,validation
2018-05-30,0.013256463199218327,-0.00021096996573649802,True,validation
2018-05-31,-0.006144745477856272,-0.00028821387753471465,True,validation
2018-06-01,0.009769804893101726,-0.00026517353484196786,True,validation
2018-06-04,0.004740164911957537,-0.0002813751885274657,True,validation
2018-06-05,0.0007273171485391942,-0.00032222148211979214,True,validation
2018-06-06,0.008325795761088207,-0.00030041559817177,True,validation
2018-06-07,-0.00010814852973372621,-0.00033189444498577946,True,validation
2018-06-08,0.002952004907865754,-0.0003070175706463708,True,validation
2018-06-11,0.001329124999213643,-0.0003096297143861458,True,validation
2018-06-12,0.0012915832391962585,-0.0003260579802906755,True,validation
2018-06-13,-0.003196033347797097,-0.0003406497145485433,True,validation
2018-06-14,0.0025145935900984335,-0.00038227162023398266,True,validation
2018-06-15,-0.0057568829444289435,-0.00038243505511154074,True,validation
2018-06-18,-0.0020589410069597174,-0.0003448029781609268,True,validation
2018-06-19,-0.0038401581926364673,-0.0003606291711635186,True,validation
2018-06-20,0.0017045399875246503,-0.0003442009052589893,True,validation
2018-06-21,-0.006288568780855549,-0.00036646563585862255,True,validation
2018-06-22,0.0018215605524504461,-0.00037246553543128524,True,validation
2018-06-25,-0.013706339472387726,-0.000377689822910835,True,validation
2018-06-26,0.0022115972772832767,-0.00036387370074608075,True,validation
2018-06-27,-0.008318746370276053,-0.00035588393896281286,True,validation
2018-06-28,0.005701216707823484,-0.0003416089701464462,True,validation
2018-06-29,0.0014386048230611169,-0.0003474454348415502,True,validation
2018-07-02,0.0021356807072243403,-0.0003454454683173296,True,validation
2018-07-03,-0.003537447464279723,-0.0004214033336669952,True,validation
2018-07-05,0.00812486423702682,-0.0003897711562890428,True,validation
2018-07-06,0.008422663255079442,-0.00039713863654314025,True,validation
2018-07-09,0.008964060732821678,-0.00038132254785416386,True,validation
2018-07-10,0.003591957963733901,-0.00041034258149234143,True,validation
2018-07-11,-0.007341362398798512,-0.00042293434922598735,True,validation
2018-07-12,0.009025140287613701,-0.000413108055796058,True,validation
2018-07-13,0.0007871806047899389,-0.00042769979005392584,True,validation
2018-07-16,-0.0008945664750428539,-0.00041787349662399565,True,validation
2018-07-17,0.004037106955921009,-0.000421709994794879,True,validation
2018-07-18,0.0021013892624929227,-0.0004455158452671222,True,validation
2018-07-19,-0.0037785578169255564,-0.0004269241779608136,True,validation
2018-07-20,-0.0011435368899324159,-0.0004270876128383719,True,validation
2018-07-23,0.0018576111890104257,-0.00043276064265591755,True,validation
2018-07-24,0.005019405531929277,-0.00047145363916008135,True,validation
2018-07-25,0.008486400193444807,-0.00045440309172638054,True,validation
2018-07-26,-0.0023619061672846917,-0.0004769845877675165,True,validation
2018-07-27,-0.006799313952093535,-0.0005000148261466457,True,validation
2018-07-30,-0.005237203675095492,-0.00047897444997812037,True,validation
2018-07-31,0.00491725038771483,-0.00047159686541040774,True,validation
2018-08-01,-0.0016720374025657521,-0.00047636230623834537,True,validation
2018-08-02,0.00543287371593472,-0.00033879900755761304,True,validation
2018-08-03,0.004275670079224741,-0.0003315848578674587,True,validation
2018-08-06,0.003660459201019565,-0.0003039425092243326,True,validation
2018-08-07,0.00329687760242284,-0.0003067079835280492,True,validation
2018-08-08,-0.0004202687152244611,-0.00034356444838555154,True,validation
2018-08-09,-0.0013670944295027395,-0.0003475643814339932,True,validation
2018-08-10,-0.006722667999259242,-0.0003139322375318202,True,validation
2018-08-13,-0.0037504821950417855,-0.00028967764472158136,True,validation
2018-08-14,0.006360402336152668,-0.0003007383968962351,True,validation
2018-08-15,-0.007495421687086555,-0.00031594230836965733,True,validation
2018-08-16,0.008058854565280422,-0.00029690189872535176,True,validation
2018-08-17,0.0035142010040534032,-0.000312105810198774,True,validation
2018-08-20,0.0021376696150321346,-0.00029490193220113115,True,validation
2018-08-21,0.0023425576654248943,-0.0002832391071245395,True,validation
2018-08-22,-0.0005938163953526431,-0.0002910654340302478,True,validation
2018-08-23,-0.0013287814676808238,-0.0002884633946040895,True,validation
2018-08-24,0.006000370927635234,-0.0002944531898631355,True,validation
2018-08-27,0.007864333972650215,-0.0003116570678607783,True,validation
2018-08-28,0.0004830589898629278,-0.0003452892117629504,True,validation
2018-08-29,0.005366361323691596,-0.0003497378871493877,True,validation
2018-08-30,-0.004056601512742224,-0.0003451257768853921,True,validation
2018-08-31,3.448017043630606e-05,-0.00032270771572181557,True,validation
2018-09-04,-0.0017237817279795312,-0.0003107281252037236,True,validation
2018-09-05,-0.0026950426934643306,-0.00024430307891915547,True,validation
2018-09-06,-0.003014590593621199,-0.00024691522265893047,True,validation
2018-09-07,-0.001945247067113778,-0.00022326270275062972,True,validation
2018-09-10,0.0017370162067597659,-0.00028714933903570294,True,validation
2018-09-11,0.0032919780210391766,-0.00030174107329357077,True,validation
2018-09-12,0.0002421686584574769,-0.0003247713116727013,True,validation
2018-09-13,0.005897047898963309,-0.00030434311271973036,True,validation
2018-09-14,0.00017196992111143846,-0.00031632270323782253,True,validation
2018-09-17,-0.005308373230784791,-0.00033736307940634763,True,validation
2018-09-18,0.005411499028350448,-0.00033736307940634763,True,validation
2018-09-19,0.001065045901419516,-0.0003668419596961365,True,validation
2018-09-20,0.008071129316734715,-0.0003686784913427988,True,validation
2018-09-21,-0.005430607129735593,-0.0003602298829079196,True,validation
2018-09-24,-0.0033275660804232346,-0.0003550055954283696,True,validation
2018-09-25,-0.0009281641822477785,-0.00037543379438134184,True,validation
2018-09-26,-0.0029967303134387914,-0.0003740460050726752,True,validation
2018-09-27,0.0027903545616681496,-0.0003742094399502335,True,validation
2018-09-28,0.00010319319975419512,-0.0003715972962104585,True,validation
2018-10-01,0.003468145787024826,-0.0003563933847370367,True,validation
2018-10-02,-0.0005829464933681313,-0.0003066821293196292,True,validation
2018-10-03,0.0005486341601209336,-0.00030684556419718727,True,validation
2018-10-04,-0.007846412218619621,-0.00033616100960941805,True,validation
2018-10-05,-0.005612719892668467,-0.00035842574020905236,True,validation
2018-10-09,-0.0014603577813288276,-0.00037208853180986483,True,validation
2018-10-10,-0.032175327738924224,-0.0003682520336389817,True,validation
2018-10-11,-0.022272704268319985,-0.00037408849833408565,True,validation
2018-10-12,0.013792813721223516,-0.00034860955109273844,True,validation
2018-10-15,-0.005632860513300101,-0.00034922172830829283,True,validation
2018-10-16,0.021630259784663514,-0.0003524460492636216,True,validation
2018-10-17,0.00017836608767098192,-0.0003670377835214896,True,validation
2018-10-18,-0.01454642966960099,-0.0003860781931657943,True,validation
2018-10-19,-0.0005428169793680889,-0.0003780985356961436,True,validation
2018-10-22,-0.004498756680096918,-0.00042294476233691166,True,validation
2018-10-23,-0.005103814901447561,-0.00042294476233691166,True,validation
2018-10-24,-0.030767008987836523,-0.00040575098865288555,True,validation
2018-10-25,0.017781489427391158,-0.000366292484369226,True,validation
2018-10-26,-0.017743878014358665,-0.000383332927489309,True,validation
2018-10-29,-0.005555679735930936,-0.0003470987441609786,True,validation
2018-10-30,0.01470975811483792,-0.0003470987441609786,True,validation
2018-10-31,0.010624230324527811,-0.0003779654137594339,True,validation
2018-11-01,0.010585627590690578,-0.00040560776240256,True,validation
2018-11-02,-0.005940593358602918,-0.0002511201144864135,True,validation
2018-11-05,0.005501774145743519,-0.00031100681772304635,True,validation
2018-11-06,0.0063079476191934235,-0.000309782463291938,True,validation
2018-11-07,0.021182942264952046,-0.00031776212076158874,True,validation
2018-11-08,-0.0018165656782744369,-0.00033834365027850255,True,validation
2018-11-09,-0.009816258332266129,-0.00035677188270725373,True,validation
2018-11-13,-0.001872867488496103,-0.0003245275281137474,True,validation
2018-11-14,-0.006860150527645864,-0.0002941298094805201,True,validation
2018-11-15,0.01038254163095934,-0.00028016035675182275,True,validation
2018-11-16,0.002597246901833087,-0.0002899967544953688,True,validation
2018-11-19,-0.017059178822574482,-0.0002451505278545994,True,validation
2018-11-20,-0.01867955357480556,-0.00023455872664517432,True,validation
2018-11-21,0.0034017265425041,-0.0002371708703849491,True,validation
2018-11-23,-0.006701102367690993,-0.00025437474838259106,True,validation
2018-11-26,0.016015415321976274,-0.0002563747149068123,True,validation
2018-11-27,0.0033588160210941014,-0.0002781805988548345,True,validation
2018-11-28,0.022764226209489338,-0.0002794150575995587,True,validation
2018-11-29,-0.0021874574443871125,-0.00026743546708146585,True,validation
2018-11-30,0.006076771771168585,-0.00027604751039390354,True,validation
2018-12-03,0.01315450635189911,-0.000268833360703749,True,validation
2018-12-04,-0.032938972726007744,-0.00024320068295455126,True,validation
2018-12-06,-0.001518279337333273,-0.00021049748170943235,True,validation
2018-12-07,-0.023510162043045117,-0.00017548765281220988,True,validation
2018-12-10,0.0018952321119764235,-0.00015368176886418772,True,validation
2018-12-11,0.00022717742319274082,-0.00015368176886418772,True,validation
2018-12-12,0.005022713334834678,-0.00019468139302045682,True,validation
2018-12-13,-0.0003390778254033106,-0.00018207952097319463,True,validation
2018-12-14,-0.018637364083155077,-0.00016748778671532658,True,validation
2018-12-17,-0.019813379448779447,-0.0001490595542865754,True,validation
2018-12-18,-0.001097088026179746,-0.00012141720564345015,True,validation
2018-12-19,-0.015088990911623237,-7.85709455269016e-05,True,validation
2018-12-20,-0.016411886126272028,-6.0918325191263323e-05,True,validation
2018-12-21,-0.02652501947718206,-9.916257935743212e-05,True,validation
2018-12-24,-0.026778295497672407,-7.259125458147168e-05,True,validation
2018-12-26,0.049289909317996004,-1.116343147223144e-05,True,validation
2018-12-27,0.007648047996319477,-6.183601849448807e-05,True,validation
2018-12-28,-0.0012908207168937115,-2.4214045857489513e-05,True,validation
2018-12-31,0.008720686114660408,-7.642553702633201e-06,True,validation
2019-01-02,0.0010397701860406516,2.598959019953868e-05,True,validation
2019-01-03,-0.024152091139486728,-4.1044098523454215e-05,True,validation
2019-01-04,0.03294696944123263,5.186257139979658e-05,True,validation
2019-01-07,0.007853723405748247,-4.165627573900861e-05,True,validation
2019-01-08,0.009351468556684412,-6.146219316280864e-05,True,validation
2019-01-09,0.004662604047895456,-9.84719885842528e-05,True,validation
2019-01-10,0.003521348908550946,-8.188028780216437e-05,True,validation
2019-01-11,0.0003862283308007157,-8.971671902148915e-05,True,validation
2019-01-14,-0.00611960961238011,-7.927824837600586e-05,True,validation
2019-01-15,0.011395631602565357,-7.252294533746304e-05,True,validation
2019-01-16,0.0024169150781274914,-7.313512255301656e-05,True,validation
2019-01-17,0.007558078730287087,-8.8339034026439e-05,True,validation
2019-01-18,0.013222209602931542,-9.294103997681876e-05,True,validation
2019-01-22,-0.013602591137040479,-0.00013394066413308786,True,validation
2019-01-23,0.0020902522366409632,-9.647202206003198e-05,True,validation
2019-01-24,0.0005312894201534258,-9.508423275136511e-05,True,validation
2019-01-25,0.00842583732694401,-7.543164589150558e-05,True,validation
2019-01-28,-0.007629258522316065,-0.00010445167952968272,True,validation
2019-01-29,-0.0013278682247815595,-0.0001090637897936792,True,validation
2019-01-30,0.01570676929998593,-7.281950215173036e-05,True,validation
2019-01-31,0.008744102128510768,-3.979953546511287e-05,True,validation
2019-02-01,0.0004815085008072138,2.2087134295739955e-05,True,validation
2019-02-04,0.007010817745824104,-6.184686685907406e-05,True,validation
2019-02-05,0.004183085590188793,-6.967319376478256e-05,True,validation
2019-02-06,-0.001319126204606274,-6.061240811434856e-05,True,validation
2019-02-07,-0.009578527266094447,-5.401043563974927e-05,True,validation
2019-02-08,0.0012207935612057648,-2.437822478601817e-05,True,validation
2019-02-11,0.0005544138732615392,5.2640903813283395e-06,True,validation
2019-02-12,0.01277742078377807,-2.1766081046243387e-05,True,validation
2019-02-13,0.0032416722801614796,-4.0806490690548525e-05,True,validation
2019-02-14,-0.0022206731625570315,-6.061240811434856e-05,True,validation
2019-02-15,0.010838312654595526,-3.958213625944061e-05,True,validation
2019-02-19,0.0017290843444572733,-5.156172677753257e-05,True,validation
2019-02-20,0.002013438816184354,-3.3745671564336215e-05,True,validation
2019-02-21,-0.0035622087717305444,-2.0684952865461428e-05,True,validation
2019-02-22,0.006180848820195919,-4.893947872414107e-05,True,validation
2019-02-25,0.0013603065239562613,-8.7053623473686e-06,True,validation
2019-02-26,-0.0007157028820414423,-3.0511246295390326e-05,True,validation
2019-02-27,-0.0004296895897642695,-5.4810413920389905e-06,True,validation
2019-02-28,-0.0018642707295814414,-2.835794920722813e-05,True,validation
2019-03-01,0.006224383297258263,-4.0174104847761575e-05,True,validation
2019-03-04,-0.0036441021995717456,-6.477021789827366e-05,True,validation
2019-03-05,-0.0013610005125166476,-6.232150903605696e-05,True,validation
2019-03-06,-0.006075340033059994,-6.232150903605696e-05,True,validation
2019-03-07,-0.00840058828033787,-4.2515591612255627e-05,True,validation
2019-03-08,-0.002001996443957229,3.5549894596212384e-06,True,validation
2019-03-11,0.014397105360716386,1.6758934408821983e-05,True,validation
2019-03-12,0.003763873770286568,-1.6692980199287631e-06,True,validation
2019-03-13,0.006597410473970337,2.259539910392551e-05,True,validation
2019-03-14,-0.000639973980175984,1.9983255364150725e-05,True,validation
2019-03-15,0.0005333400882334389,7.54481819444661e-06,True,validation
2019-03-18,0.0036192965574422,3.318720031335234e-05,True,validation
2019-03-19,0.00024793202768967686,1.79832888399299e-05,True,validation
2019-03-20,-0.003014475661975376,8.769172625554527e-06,True,validation
2019-03-21,0.011231393051487988,5.944175964781202e-05,True,validation
2019-03-22,-0.01943396344627371,5.345196438876626e-05,True,validation
2019-03-25,-0.0007522666061259927,0.00014036883905297,True,validation
2019-03-26,0.007426435726463338,0.0001892149987421806,True,validation
2019-03-27,-0.005242807627602643,0.00020241894369138046,True,validation
2019-03-28,0.0037832780734960493,0.00022607146359968164,True,validation
2019-03-29,0.006285712996999891,0.00022008166834063545,True,validation
2019-04-01,0.011789391005819612,0.00018706170165401666,True,validation
2019-04-02,0.0004897329633613274,5.086507914787378e-05,True,validation
2019-04-03,0.0015723974501072329,7.728307335989285e-05,True,validation
2019-04-04,0.0026498594304710924,5.164069124098669e-05,True,validation
2019-04-05,0.00482854485141518,5.486501219631587e-05,True,validation
2019-04-08,0.0007620937553832577,3.827331141422743e-05,True,validation
2019-04-09,-0.005138046264924557,3.105916172407375e-05,True,validation
2019-04-10,0.0034051838877499486,4.5497565417999125e-05,True,validation
2019-04-11,-0.0002775961504166229,7.651756558039622e-05,True,validation
2019-04-12,0.00674315615413969,4.288542167822391e-05,True,validation
2019-04-15,-0.0006550340323746307,9.87555930522183e-06,True,validation
2019-04-16,0.0006550340323745708,1.0487736520776222e-05,True,validation
2019-04-17,-0.002449894897439293,6.661342663508499e-06,True,validation
2019-04-18,0.001967235540263141,1.3263315138109522e-05,True,validation
2019-04-22,0.0008616382323780712,3.430369130663462e-05,True,validation
2019-04-23,0.008951499012848906,2.78550493959767e-05,True,validation
2019-04-24,-0.002221784437925413,4.6283281824727445e-05,True,validation
2019-04-25,-0.0006162223571992094,8.313974668222894e-05,True,validation
2019-04-26,0.004645982083609567,7.39256304678527e-05,True,validation
2019-04-29,0.0015665152911773707,0.0001213840008483973,True,validation
2019-04-30,0.0005102788065382311,0.00010234359120409216,True,validation
2019-05-01,-0.007544857686864009,0.0001273737961074435,True,validation
2019-05-02,-0.0021612896914326185,4.1987369960087145e-05,True,validation
2019-05-03,0.009740191305968461,3.1309385783643943e-06,True,validation
2019-05-06,-0.004123688019534811,2.3559137531335966e-05,True,validation
2019-05-07,-0.016840741177932043,3.476311595631675e-05,True,validation
2019-05-08,-0.0013901712259481384,5.6405565026780395e-05,True,validation
2019-05-09,-0.0030303411039887115,3.6752978166920865e-05,True,validation
2019-05-10,0.005010806005722352,6.316086806532279e-05,True,validation
2019-05-13,-0.02545139089151207,6.454865737398965e-05,True,validation
2019-05-14,0.0090030333354504,0.00012458869117456346,True,validation
2019-05-15,0.0058403701425228565,0.00010877260248558663,True,validation
2019-05-16,0.009218637124873778,0.00014101695707909338,True,validation
2019-05-17,-0.006486112083815541,0.00010999695691669541,True,validation
2019-05-20,-0.006633991589894881,0.0001106091341322498,True,validation
2019-05-21,0.008975264330872007,0.00010078284070232004,True,validation
2019-05-22,-0.0030761895837895115,5.916093501688157e-05,True,validation
2019-05-23,-0.012293830495202978,7.957902965623686e-05,True,validation
2019-05-24,0.002265752281506773,0.0001738734888881528,True,validation
2019-05-28,-0.009344053622205415,0.00013101712445798925,True,validation
2019-05-29,-0.006733326325221417,0.00016648580000682388,True,validation
2019-05-30,0.0027274726482023966,0.0001902916504790673,True,validation
2019-05-31,-0.013566904278608705,0.00021793399912219298,True,validation
2019-06-03,-0.002546130046076572,0.00030700417087456064,True,validation
2019-06-04,0.021474402541057206,0.00011374878162675496,True,validation
2019-06-05,0.00862484793483843,5.907626155605668e-05,True,validation
2019-06-06,0.0064816219771665325,9.424952533083767e-05,True,validation
2019-06-07,0.009957305414700513,5.3851974076507114e-05,True,validation
2019-06-10,0.004578438629390509,8.67186101991828e-05,True,validation
2019-06-11,-0.0002422943746959857,4.787228313107676e-05,True,validation
2019-06-12,-0.0017668048057677373,2.467860987438817e-05,True,validation
2019-06-13,0.00411776944390607,6.107622808027794e-05,True,validation
2019-06-14,-0.0011055795772838002,0.0001033103109812708,True,validation
2019-06-17,0.0003801577932667984,9.532054919800421e-05,True,validation
2019-06-18,0.010416577802197647,8.07288149401366e-05,True,validation
2019-06-19,0.0022546508773736394,8.51774903265737e-05,True,validation
2019-06-20,0.009508962073565962,0.0001876251462193169,True,validation
2019-06-21,-0.006306552614024858,0.00021388980986739243,True,validation
2019-06-24,-0.0012251902104004116,0.00017504348279928595,True,validation
2019-06-25,-0.009856358925298136,0.00022633835135071282,True,validation
2019-06-26,-0.0009979132649959425,0.0002335525010408678,True,validation
2019-06-27,0.0035397008525598983,0.00018410426844971952,True,validation
2019-06-28,0.005132603226520216,0.00021497093804817482,True,validation
2019-07-01,0.009037548842095075,0.00020698117626490736,True,validation
2019-07-02,0.002600920307729814,7.103288439506278e-05,True,validation
2019-07-03,0.007963334238251185,8.269570947165485e-05,True,validation
2019-07-05,-0.0011385205318621082,9.175649512208799e-05,True,validation
2019-07-08,-0.005509972729984998,8.396874094417431e-07,True,validation
2019-07-09,0.001245753973685271,-5.379975856084108e-07,True,validation
2019-07-10,0.00476665199014585,-3.3557964272226334e-05,True,validation
2019-07-11,0.0023414923296165937,4.462499449666042e-05,True,validation
2019-07-12,0.004466959747767127,1.5146114206871994e-05,True,validation
2019-07-15,0.00033257767027727755,2.4360230421247367e-05,True,validation
2019-07-16,-0.0032304866243351086,3.479870106673109e-05,True,validation
2019-07-17,-0.0068282785807129015,3.1665236887791666e-06,True,validation
2019-07-18,0.003654215241084162,3.924737645316862e-05,True,validation
2019-07-19,-0.005570394083371622,8.42469336578798e-05,True,validation
2019-07-22,0.002453428423312244,6.044108318563682e-05,True,validation
2019-07-23,0.007124626357165882,6.566537066518682e-05,True,validation
2019-07-24,0.0046885338992122775,4.0635165761835484e-05,True,validation
2019-07-25,-0.004788524830942085,6.33688473266978e-05,True,validation
2019-07-26,0.006677687088676026,3.8338642423346465e-05,True,validation
2019-07-29,-0.001822852707620898,4.095078616312168e-05,True,validation
2019-07-30,-0.0024577057220653642,5.0777079593051014e-05,True,validation
2019-07-31,-0.011000724758174285,4.8164935853275796e-05,True,validation
2019-08-01,-0.008746054656595139,1.8818032459982925e-05,True,validation
2019-08-02,-0.007558001636935497,4.935987469097385e-05,True,validation
2019-08-05,-0.030534562051236183,5.779837881223632e-05,True,validation
2019-08-06,0.013925491826036846,0.00016068467272935824,True,validation
2019-08-07,0.0005905602442628199,0.0001506949444218704,True,validation
2019-08-08,0.019430085399064805,0.00016574552533135016,True,validation
2019-08-09,-0.006834829537225516,0.0001341032436397824,True,validation
2019-08-12,-0.012248036560968258,0.00012950123768940306,True,validation
2019-08-13,0.01543201892451634,0.0001780205276234962,True,validation
2019-08-14,-0.030013508527833754,0.00010998062772603909,True,validation
2019-08-15,0.002638291974810791,0.00018169359091682125,True,validation
2019-08-16,0.014647209402758953,0.0002615496464548131,True,validation
2019-08-19,0.011975711839357873,0.000262325258547926,True,validation
2019-08-20,-0.0076920481599652675,0.0002084182462567235,True,validation
2019-08-21,0.008102546592543804,0.00023467280559118318,True,validation
2019-08-22,-0.0003078841215291663,0.00019367318143491408,True,validation
2019-08-23,-0.026023122154553956,0.00014882695479414556,True,validation
2019-08-26,0.01099773278241975,0.0002357438294583493,True,validation
2019-08-27,-0.003931345687920276,0.00020871365803077713,True,validation
2019-08-28,0.007016909077711493,0.00022298862684714486,True,validation
2019-08-29,0.01269204412996975,0.0002500187982747166,True,validation
2019-08-30,-0.00044433402609787723,0.00021976430589181525,True,validation
2019-09-03,-0.005864390220290473,0.00024818226662805384,True,validation
2019-09-04,0.011286478156974084,0.0001955715049843168,True,validation
2019-09-05,0.012773460188535899,0.00022736711723982637,True,validation
2019-09-06,0.0007719149547857201,0.00012063422083820503,True,validation
2019-09-09,0.0005032265567412442,0.00014428674074650578,True,validation
2019-09-10,-0.00023479389778833577,0.00010421605924729096,True,validation
2019-09-11,0.007085811591525636,2.3901157057687385e-05,True,validation
2019-09-12,0.0034578234743840117,1.3462686412203662e-05,True,validation
2019-09-13,-0.0006640732187665699,-2.339377844529783e-05,True,validation
2019-09-16,-0.0030935331973263717,-8.772915706836736e-05,True,validation
2019-09-17,0.0025288152959086615,-3.843425504116175e-05,True,validation
2019-09-18,0.0005979624441213626,-2.2005989136630964e-05,True,validation
2019-09-19,-6.649019064353332e-05,-5.6567075695858424e-05,True,validation
2019-09-20,-0.009343326984650329,-2.753693774406544e-05,True,validation
2019-09-23,-0.00023473092821791204,1.3309355848261858e-05,True,validation
2019-09-24,-0.007877755495086642,2.835993675774119e-05,True,validation
2019-09-25,0.005897336435891073,9.423643525341939e-05,True,validation
2019-09-26,-0.002085349793006957,1.9911328322862014e-05,True,validation
2019-09-27,-0.005401789367287827,4.417602544671672e-05,True,validation
2019-09-30,0.004627041562282594,6.798187591896014e-05,True,validation
2019-10-01,-0.011966037944808815,6.598190939473888e-05,True,validation
2019-10-02,-0.01782256975732099,-0.00013933357690323433,True,validation
2019-10-03,0.008159414042596264,-7.790575379399301e-05,True,validation
2019-10-04,0.013441358871681356,-4.651670730601966e-06,True,validation
2019-10-07,-0.004323992734015643,-1.202925529831503e-05,True,validation
2019-10-08,-0.01564650102944047,-6.347745441368392e-05,True,validation
2019-10-09,0.009451571885068203,-3.306963146684056e-05,True,validation
2019-10-10,0.00674071872143132,-7.652806879894264e-05,True,validation
2019-10-11,0.010313595972103153,-0.00012781283303675366,True,validation
2019-10-15,0.009851608993839914,-0.00020628109926607865,True,validation
2019-10-16,-0.0016073235020462092,-0.0001870772547442152,True,validation
2019-10-17,0.0029447380856263902,-0.00016265922705641805,True,validation
2019-10-18,-0.004386771567574111,-0.00017786313852983984,True,validation
2019-10-21,0.006756293820613877,-0.00016065926053219744,True,validation
2019-10-22,-0.0032720579067960155,-0.00019229143791014936,True,validation
2019-10-23,0.002905360610081085,-0.00016863891800184818,True,validation
2019-10-24,0.001632620885338126,-0.0001534350065284264,True,validation
2019-10-25,0.004086624568167749,-0.0001508228627886514,True,validation
2019-10-28,0.005620718076230189,-0.00019305694568964534,True,validation
2019-10-29,-0.0002967678740017448,-0.00020471977076623698,True,validation
2019-10-30,0.003062563302630958,-0.00020149544981090802,True,validation
2019-10-31,-0.0026668923721071673,-0.0001772408570006696,True,validation
2019-11-01,0.009221284008705375,-9.692595481106581e-05,True,validation
2019-11-04,0.0040096562307791505,-0.00011752954484258457,True,validation
2019-11-05,-0.001106759036372921,-0.00015561036413119442,True,validation
2019-11-06,0.00022798861467572957,-0.00018308927789676224,True,validation
2019-11-07,0.003510556766204136,-0.00016021237008157396,True,validation
2019-11-08,0.002463087100965253,-0.0002245477487046435,True,validation
2019-11-12,0.002105755666127964,-0.00022054781565620206,True,validation
2019-11-13,0.00032359198641246465,-0.0001995074394876763,True,validation
2019-11-14,0.0014547216463183545,-0.0001738650573687708,True,validation
2019-11-15,0.007210321143979856,-0.00013240658656088976,True,validation
2019-11-18,0.0007373414343136282,-0.0001594367579884615,True,validation
2019-11-19,-0.00028847292621450566,-0.00015161043108275298,True,validation
2019-11-20,-0.0037257267963938866,-0.00014777393291186942,True,validation
2019-11-21,-0.001610202646275832,-0.00011752954484258457,True,validation
2019-11-22,0.0022214083249144432,-0.0001517738659603115,True,validation
2019-11-25,0.007720326379659303,-0.0001577636612193577,True,validation
2019-11-26,0.002263102331097842,-0.0001545393402640281,True,validation
2019-11-27,0.004447635578399138,-0.00012228488135690658,True,validation
2019-11-29,-0.003715571088483604,-0.0001619068205181251,True,validation
2019-12-02,-0.008531029798460417,-0.00014270297599626165,True,validation
2019-12-03,-0.00672913193653607,-0.00016221503925053235,True,validation
2019-12-04,0.006151301101662149,-8.666557788886663e-05,True,validation
2019-12-05,0.0017963614766311558,-0.00013273615896074393,True,validation
2019-12-06,0.009092586613345464,-0.00012934840312785623,True,validation
2019-12-09,-0.003149076906539473,-0.00015237864150698674,True,validation
2019-12-10,-0.00111571743447098,-0.00016374605480952474,True,validation
2019-12-11,0.0028346690886243957,-0.0001717257122791757,True,validation
2019-12-12,0.00858208537583208,-0.00014148132420989086,True,validation
2019-12-13,0.0005989516697319707,-0.0001860006810955432,True,validation
2019-12-16,0.006846522302296509,-0.0001380935683770036,True,validation
2019-12-17,0.00021909125352912617,-0.0001715622774016174,True,validation
2019-12-18,6.254776132376092e-05,-0.0001517462556642,True,validation
2019-12-19,0.004090616263375843,-0.00015097064357108775,True,validation
2019-12-20,-0.0005298471481675991,-0.00013714441709271677,True,validation
2019-12-23,0.0015265684873094025,-0.00014574635609153775,True,validation
2019-12-24,3.116122791065835e-05,-0.0001549604723059127,True,validation
2019-12-26,0.005309143350541635,-0.00013853220640138342,True,validation
2019-12-27,-0.0002478076548954347,-0.00015573608439902538,True,validation
2019-12-30,-0.0055284759156675346,-0.00010888989123403626,True,validation
2019-12-31,0.0024263514356685496,-0.0001041244504060982,True,validation
2020-01-02,0.009308464399828981,-0.00010796094857698155,True,validation
2020-01-03,-0.0076010483986278365,-0.00015123263777938167,True,validation
2020-01-06,0.00380779332143604,-0.00010593766880061749,True,validation
2020-01-07,-0.002815737819690788,-0.00012298821623431787,True,validation
2020-01-08,0.005315384309479369,-0.000126824714405201,True,validation
2020-01-09,0.006757763910630538,-0.0001689054667422525,True,validation
2020-01-10,-0.0028818539244586834,-0.00016245682483159414,True,validation
2020-01-13,0.006853806284860935,-0.0001335800174437436,True,validation
2020-01-14,-0.001525786018845352,-0.00015200824987249436,True,validation
2020-01-15,0.0022573074615838975,-0.00015017171822583161,True,validation
2020-01-16,0.008283978494246641,-0.0001363555960610769,True,validation
2020-01-17,0.0031076970399105484,-0.00015217168475005266,True,validation
2020-01-21,-0.001960119478876216,-0.00014878392891716496,True,validation
2020-01-22,0.00012075499797367417,-9.948902688995914e-05,True,validation
2020-01-23,0.001146215804953398,-9.887684967440475e-05,True,validation
2020-01-24,-0.008932858535968823,-8.244858376987504e-05,True,validation
2020-01-27,-0.016159270785999106,-6.279599691001595e-05,True,validation
2020-01-28,0.01042465373821599,-2.9949569414571952e-05,True,validation
2020-01-29,-0.0008263669800950709,-4.1000217275609634e-05,True,validation
2020-01-30,0.0032400993602699547,-1.4745657941149948e-05,True,validation
2020-01-31,-0.018324781429623002,-1.214361851499166e-05,True,validation
2020-02-03,0.007401083897971815,4.728423807002862e-05,True,validation
2020-02-04,0.015126295011474384,-3.6760268642659815e-05,True,validation
2020-02-05,0.011481839611606393,-8.144306040587003e-05,True,validation
2020-02-06,0.003359206688677661,-0.0001050854760005545,True,validation
2020-02-07,-0.005343909914229443,-9.924901130545054e-05,True,validation
2020-02-10,0.007437595617929694,-6.977013101566168e-05,True,validation
2020-02-11,0.0017315497884897969,-3.613798711348958e-05,True,validation
2020-02-12,0.006422105641496987,-6.977013101566168e-05,True,validation
2020-02-13,-0.0010675361685061084,-0.0001000246233985628,True,validation
2020-02-14,0.0016008319963013102,-9.680030244323384e-05,True,validation
2020-02-18,-0.0025803258874645633,-7.57599262747083e-05,True,validation
2020-02-19,0.004769841309919101,-6.732142215344497e-05,True,validation
2020-02-20,-0.0041167086031452735,-7.653553836782078e-05,True,validation
2020-02-21,-0.010351661133344124,-4.828101250914027e-05,True,validation
2020-02-24,-0.03372784139233276,-1.2046829180809016e-05,True,validation
2020-02-25,-0.030770750603140915,5.1217525575094616e-05,True,validation
2020-02-26,-0.0036849962639194165,9.021718320714289e-05,True,validation
2020-02-27,-0.04595146753683802,0.00012201279546265268,True,validation
2020-02-28,-0.004210390573741874,0.00014857401592499684,True,validation
2020-03-02,0.04239500466012263,0.00034529592242242384,True,validation
2020-03-03,-0.02905036247634815,-0.0008705632899119456,True,validation
2020-03-04,0.04117363701185871,-0.0007642892401619362,True,validation
2020-03-05,-0.03380675024137826,-0.0007272693404268766,True,validation
2020-03-06,-0.016669275633020057,-0.0006653927749796396,True,validation
2020-03-09,-0.08131252304186744,-0.000576190626330777,True,validation
2020-03-10,0.050450587293811376,-0.0005685872151441091,True,validation
2020-03-11,-0.04997673845028892,-0.0006852783818721555,True,validation
2020-03-12,-0.10056886056624313,-0.0007046243076041304,True,validation
2020-03-13,0.08202809219873311,-0.0007631523894327298,True,validation
2020-03-16,-0.11588653747701536,-0.0007843449511249836,True,validation
2020-03-17,0.05258492094923695,-0.0006805611725318698,True,validation
2020-03-18,-0.05195975100253782,-0.0008216692219074986,True,validation
2020-03-19,0.0021227225413289978,-0.0009752662300209134,True,validation
2020-03-20,-0.04991337303957533,-0.0009378166515348757,True,validation
2020-03-23,-0.025900755458341244,-0.000922826696507093,True,validation
2020-03-24,0.08673099436253733,-0.0008565115599870349,True,validation
2020-03-25,0.014859233619037203,-0.000916082642822381,True,validation
2020-03-26,0.05674869876971943,-0.0008684507332506629,True,validation
2020-03-27,-0.030238259991311155,-0.0008074727975196324,True,validation
2020-03-30,0.031959525345806684,-0.0007420562907157803,True,validation
2020-03-31,-0.015017586594124019,-0.0007001187646290547,True,validation
2020-04-01,-0.04604904148877963,-0.0007105673395881547,True,validation
2020-04-02,0.022813182552417124,0.00235703413498113,True,validation
2020-04-03,-0.01455967225366192,0.0023694826764644513,True,validation
2020-04-06,0.06500673748543066,0.0023700948536800053,True,validation
2020-04-07,0.0010189609599744974,0.002335238355346724,True,validation
2020-04-08,0.033017294838593204,0.0023530847235007694,True,validation
2020-04-09,0.015102738376915347,0.0023709108830275824,True,validation
2020-04-13,-0.009172087816788214,0.0024443373602419335,True,validation
2020-04-14,0.029066322582236008,0.002477539825393128,True,validation
2020-04-15,-0.021477091502921486,0.0025078044220896455,True,validation
2020-04-16,0.004812695780353366,0.002549404974107638,True,validation
2020-04-17,0.026656961689813345,0.0025636900472376218,True,validation
2020-04-20,-0.01777502481605561,0.0025638534821151803,True,validation
2020-04-21,-0.030833763390650033,0.0025624656928065134,True,validation
2020-04-22,0.021951826516892335,0.002562914435144509,True,validation
2020-04-23,-7.173145408748019e-05,0.0025400375273293206,True,validation
2020-04-24,0.013842458314098777,0.002551710456719529,True,validation
2020-04-27,0.014315484816994305,0.002554934777674858,True,validation
2020-04-28,-0.004609026663486172,0.002536057802908112,True,validation
2020-04-29,0.025841699275864903,0.0025709143012413926,True,validation
2020-04-30,-0.009354281772853417,0.0025729142677656134,True,validation
2020-05-01,-0.02683016199258795,0.0025749142342898343,True,validation
2020-05-04,0.002754429163740411,0.0021002599504017262,True,validation
2020-05-05,0.009196902343131827,0.002101025458181223,True,validation
2020-05-06,-0.006801801811007939,0.0020998011037501145,True,validation
2020-05-07,0.011994593193006048,0.002105495487235107,True,validation
2020-05-08,0.01641079994986407,0.002137576406951055,True,validation
2020-05-11,0.00020514089839544992,0.0021002610954419408,True,validation
2020-05-12,-0.020132891412706133,0.0020787618726218027,True,validation
2020-05-13,-0.017844129300901634,0.0020838227252237946,True,validation
2020-05-14,0.011896269895517233,0.002087649119081062,True,validation
2020-05-15,0.004586432752557939,0.0020934855837761654,True,validation
2020-05-18,0.03000500773344127,0.0020928734065606114,True,validation
2020-05-19,-0.010324294894732978,0.0020779963648423073,True,validation
2020-05-20,0.016845334676130815,0.0021093319854059906,True,validation
2020-05-21,-0.006927885641062185,0.00213483114127457,True,validation
2020-05-22,0.001897268327780096,0.002141902064714398,True,validation
2020-05-26,0.012245272426979939,0.0021431264191455065,True,validation
2020-05-27,0.014769397145406274,0.002143136523459123,True,validation
2020-05-28,-0.0018466536446246286,0.0021429831928951805,True,validation
2020-05-29,0.004446008688818559,0.0021615748602014898,True,validation
2020-06-01,0.004033587965397369,0.002178461972757632,True,validation
2020-06-02,0.008246054531519834,0.0016304479941654584,True,validation
2020-06-03,0.013220475147309174,0.0016086421102174363,True,validation
2020-06-04,-0.0026301691177292247,0.0016016014997184563,True,validation
2020-06-05,0.02530660249279807,0.0016063770448600104,True,validation
2020-06-08,0.01201500997240837,0.0016090195015406338,True,validation
2020-06-09,-0.0074846343424244625,0.0016239167518861712,True,validation
2020-06-10,-0.005595627288950511,0.0016461814824858055,True,validation
2020-06-11,-0.059377407948608144,0.0016618240319836066,True,validation
2020-06-12,0.011904529469550793,0.001637069030227077,True,validation
2020-06-15,0.009292336713778283,0.0016340081441493062,True,validation
2020-06-16,0.019064798523327483,0.0016287838566697557,True,validation
2020-06-17,-0.004162497775089666,0.0016195798447689966,True,validation
2020-06-18,0.0003849452014608686,0.0016426201874617432,True,validation
2020-06-19,-0.010122210350604972,0.001647068862848181,True,validation
2020-06-22,0.0063946878036367834,0.00164506889632396,True,validation
2020-06-23,0.0045931078389241774,0.001647068862848181,True,validation
2020-06-24,-0.025839694081199537,0.0016524464808916725,True,validation
2020-06-25,0.010663485031515948,0.001640456786059964,True,validation
2020-06-26,-0.024038096459339246,0.0016504364100538359,True,validation
2020-06-29,0.014590600813082581,0.0016528851189160526,True,validation
2020-06-30,0.012728196521442903,0.001656262770435324,True,validation
2020-07-01,0.006980392070335714,0.0016576505597439904,True,validation
2020-07-02,0.005491854742917902,0.001395905851883792,True,validation
2020-07-06,0.01531932074415112,0.0014103442555777179,True,validation
2020-07-07,-0.010367352129633484,0.0014201806533212635,True,validation
2020-07-08,0.007619548988834753,0.00142785364966303,True,validation
2020-07-09,-0.0057091876716751115,0.0014370778701910216,True,validation
2020-07-10,0.010158770368597723,0.0014505873312278925,True,validation
2020-07-13,-0.008696669557654454,0.0014461386558414547,True,validation
2020-07-14,0.012875768095466747,0.001446750833057009,True,validation
2020-07-15,0.009145287724412185,0.0014724033194895307,True,validation
2020-07-16,-0.00329888738868124,0.0014545872642763341,True,validation
2020-07-17,0.002894875756376014,0.0014610359061869925,True,validation
2020-07-20,0.008049099456827503,0.0014796275734933013,True,validation
2020-07-21,0.002125275847297115,0.0014688723374063173,True,validation
2020-07-22,0.005675918714983156,0.0014945248238388386,True,validation
2020-07-23,-0.012003449762736863,0.0015003612885339428,True,validation
2020-07-24,-0.0064612134078021995,0.0014916060189711794,True,validation
2020-07-27,0.007265973018451793,0.0015088098969688218,True,validation
2020-07-28,-0.006362589928741833,0.0015035957138028883,True,validation
2020-07-29,0.012223710163119286,0.001511422040708597,True,validation
2020-07-30,-0.003574304927252317,0.0015187895209626935,True,validation
2020-07-31,0.007871143932114598,0.0015318401353479523,True,validation
2020-08-03,0.006928106146781003,0.0015318401353479523,True,validation
2020-08-04,0.0038551736353535687,0.0009393857881165456,True,validation
2020-08-05,0.00619174651583392,0.0009444466407185375,True,validation
2020-08-06,0.006662293756877345,0.0009504465402911998,True,validation
2020-08-07,0.0007176581385700891,0.0009556708277707498,True,validation
2020-08-10,0.002984453160198847,0.0009372425953419988,True,validation
2020-08-11,-0.008288928022774745,0.0009300284456518443,True,validation
2020-08-12,0.013846051698275444,0.000901927250357106,True,validation
2020-08-13,-0.0018094117950114884,0.0009093149392384353,True,validation
2020-08-14,2.9717119300824814e-05,0.000897642009848227,True,validation
2020-08-17,0.003171569384628661,0.0009096216003663194,True,validation
2020-08-18,0.0021580407948689,0.0009030095235781029,True,validation
2020-08-19,-0.004172416749373015,0.0009042338780092113,True,validation
2020-08-20,0.003108728585502381,0.0009010095570538825,True,validation
2020-08-21,0.0035411161582373403,0.0009114480276993658,True,validation
2020-08-24,0.010082155503900299,0.0008888665316582312,True,validation
2020-08-25,0.0034931965962736824,0.0009080703761800944,True,validation
2020-08-26,0.009975685076455696,0.0008970197283190563,True,validation
2020-08-27,0.002184163117804633,0.0008805813581009105,True,validation
2020-08-28,0.006438619734780553,0.0008644597533242651,True,validation
2020-08-31,-0.003629114393204243,0.0008816636313219075,True,validation
2020-09-01,0.009374514174085585,0.0008933365607121154,True,validation
2020-09-02,0.014360393117624624,0.0007465465990521545,True,validation
2020-09-03,-0.03502042462644392,0.0007470054457037667,True,validation
2020-09-04,-0.008198218003101077,0.0007574439163492504,True,validation
2020-09-08,-0.027703141558992693,0.0007328838074513416,True,validation
2020-09-09,0.019554908673632087,0.0007373324828377787,True,validation
2020-09-10,-0.017516163589897774,0.0007308838409271208,True,validation
2020-09-11,0.0005089689668963855,0.0007327203725737835,True,validation
2020-09-14,0.013085281479949857,0.0007419344887881589,True,validation
2020-09-15,0.005039640391992443,0.0007405568037931083,True,validation
2020-09-16,-0.003976517595813861,0.0007353325163135583,True,validation
2020-09-17,-0.008834169361647914,0.0007373324828377787,True,validation
2020-09-18,-0.015574449506466947,0.0007511587093161501,True,validation
2020-09-21,-0.011191968358818668,0.000739332449362,True,validation
2020-09-22,0.010132868136627598,0.0007405568037931083,True,validation
2020-09-23,-0.023464099472423144,0.0007491587427919297,True,validation
2020-09-24,0.0026619179740412294,0.0007353325163135583,True,validation
2020-09-25,0.016037664619024165,0.0007307204060495623,True,validation
2020-09-28,0.016472922256805595,0.0007380878863036588,True,validation
2020-09-29,-0.005460909306988011,0.0007150475436109127,True,validation
2020-09-30,0.007553371925994548,0.0007466898253024803,True,validation
2020-10-01,0.006399479587811491,0.0007250372719184005,True,validation
2020-10-02,-0.009539817709959986,0.00044197007953969674,True,validation
2020-10-05,0.017577689434087954,0.0004467355203676346,True,validation
2020-10-06,-0.014317981848638596,0.00043846045112392977,True,validation
2020-10-07,0.017256912933913654,0.0004501333805141381,True,validation
2020-10-08,0.008823468516178457,0.0004324807601784994,True,validation
2020-10-09,0.008890513079114816,0.0004627352525614012,True,validation
2020-10-13,-0.006547472151973233,0.0004389294020891582,True,validation
2020-10-14,-0.006303238972997072,0.00044721457564647887,True,validation
2020-10-15,-0.0012366240602409524,0.00046764277459945044,True,validation
2020-10-16,-0.0006044746150335752,0.00046441845364412126,True,validation
2020-10-19,-0.01532018543497615,0.00046580624295278813,True,validation
2020-10-20,0.003997714914079781,0.00045521444174336217,True,validation
2020-10-21,-0.0018947226418669315,0.00046274535687501703,True,validation
2020-10-22,0.005470303091080673,0.00046413314618368347,True,validation
2020-10-23,0.0033894308282106864,0.0004497048468033748,True,validation
2020-10-26,-0.01865279937878164,0.00043633746697661555,True,validation
2020-10-27,-0.003453356836822834,0.00045599005383647464,True,validation
2020-10-28,-0.0347766890949763,0.000457214408267583,True,validation
2020-10-29,0.010112194021458154,0.00045199012078803256,True,validation
2020-10-30,-0.01047960099113011,0.00045092920123448316,True,validation
2020-11-02,0.011146089588536665,0.0004662965475854628,True,validation
2020-11-03,0.01750186960441162,0.00037612219781809307,True,validation
2020-11-04,0.022103140022991602,0.0003709080146521589,True,validation
2020-11-05,0.01931502780985749,0.0004040599582352724,True,validation
2020-11-06,-0.00022840255085774324,0.00041912064345836844,True,validation
2020-11-09,0.012487373892100521,0.00040208020033828413,True,validation
2020-11-10,-0.001467651996983042,0.00039596853249635865,True,validation
2020-11-12,-0.00974826547845668,0.0003853767312869327,True,validation
2020-11-13,0.013749537340944966,0.00040609023770034206,True,validation
2020-11-16,0.012405285253222402,0.00040809020422456245,True,validation
2020-11-17,-0.005392820493601607,0.00039488625927536214,True,validation
2020-11-18,-0.012107823670750925,0.00040593690713640026,True,validation
2020-11-19,0.004201333813765502,0.0004303650391378135,True,validation
2020-11-20,-0.006871371590023763,0.00042483409053037944,True,validation
2020-11-23,0.005976546496514336,0.00044387450017468414,True,validation
2020-11-24,0.015985270793455963,0.0004472622560075714,True,validation
2020-11-25,-0.0015429483273409826,0.00045126218905601305,True,validation
2020-11-27,0.0027811336248563354,0.00044004810631741685,True,validation
2020-11-30,-0.004436962743950226,0.00045109875417845497,True,validation
2020-12-01,0.010878009496786719,0.00045893518539777975,True,validation
2020-12-02,0.002101553792160207,0.00045492895173944057,True,validation
2020-12-03,-0.00027268937840814114,0.00047214293405069925,True,validation
2020-12-04,0.008580723421316999,0.0004765916094371368,True,validation
2020-12-07,-0.0020570277183633748,0.0004735307233593661,True,validation
2020-12-08,0.0029218890348672224,0.0004951832767434456,True,validation
2020-12-09,-0.009009334055422738,0.000496407631174554,True,validation
2020-12-10,-0.00032714936465622605,0.00047214293405069925,True,validation
2020-12-11,-0.0011732759734402675,0.000496407631174554,True,validation
2020-12-14,-0.004487213805949941,0.0005208256588623513,True,validation
2020-12-15,0.013428850562282912,0.0005010096371249337,True,validation
2020-12-16,0.0015681226371862288,0.0005117648732119182,True,validation
2020-12-17,0.0055763854485796,0.0004971731389540506,True,validation
2020-12-18,-0.008254471160338154,0.0005011730720024922,True,validation
2020-12-21,-0.0035819189593352158,0.0004979487510471631,True,validation
2020-12-22,-0.0016868324984086337,0.0005005608947869383,True,validation
2020-12-23,0.000898237947576225,0.000504397392957821,True,validation
2020-12-24,0.003882847409394716,0.0004973365738316087,True,validation
2020-12-28,0.008554131171718198,0.0005011730720024922,True,validation
2020-12-29,-0.0019096114566623322,0.000503785215742267,True,validation
2020-12-30,0.0014257821834272697,0.000512387154741088,True,validation
2020-12-31,0.005067957435210907,0.000518223619436192,True,validation
2021-01-04,-0.013707503856706086,0.000514845967916921,True,validation
2021-01-05,0.0068637194394418535,0.0004255559486248321,True,validation
2021-01-06,0.005960712786412508,0.0003960669640214274,True,validation
2021-01-07,0.014748206878934089,0.000372119032339073,True,validation
2021-01-08,0.00568154407760871,0.0003801188984359563,True,validation
2021-01-11,-0.006763647820054095,0.00038750658731728565,True,validation
2021-01-12,0.0002111968248231544,0.00039673080784527687,True,validation
2021-01-13,0.002689359178759961,0.0003941186641055021,True,validation
2021-01-14,-0.0035081264856747932,0.00040501598140259753,True,validation
2021-01-15,-0.007319379326411326,0.00038736336106695926,True,validation
2021-01-19,0.007821294369327695,0.00041300574318586455,True,validation
2021-01-20,0.013743811934587761,0.00041024026888214753,True,validation
2021-01-21,0.0009112405658674767,0.0004188422078809685,True,validation
2021-01-22,-0.0035456950282216223,0.0004150057097100854,True,validation
2021-01-25,0.003936063384946354,0.00041100577666164373,True,validation
2021-01-26,-0.0015621500362329908,0.0004114545189996396,True,validation
2021-01-27,-0.024744086832159302,0.0004260462532575072,True,validation
2021-01-28,0.008563429768650509,0.0004180564914742402,True,validation
2021-01-29,-0.02022269647323826,0.0004136078160878031,True,validation
2021-02-01,0.016508490980280167,0.0004197610462244074,True,validation
2021-02-02,0.014041184037211015,0.0002497409002550372,True,validation
2021-02-03,0.000786005576084967,0.0002505165123481497,True,validation
2021-02-04,0.011301605342968543,0.0002512921244412626,True,validation
2021-02-05,0.003928132782376073,0.00024606783696171216,True,validation
2021-02-08,0.007195986710037045,0.0002634351498369131,True,validation
2021-02-09,-0.0006660427582991057,0.0002566798467983707,True,validation
2021-02-10,-0.0004357475256623747,0.0002546798802741494,True,validation
2021-02-11,0.0016137630790994486,0.0002539042681810374,True,validation
2021-02-12,0.004927623881120012,0.000248067803485933,True,validation
2021-02-16,-0.0008663767311644201,0.0002430069508839415,True,validation
2021-02-17,0.00022945839907139974,0.00023012987568985692,True,validation
2021-02-18,-0.0042650864514255605,0.0002531702183826037,True,validation
2021-02-19,-0.0017675379341602648,0.0002531702183826037,True,validation
2021-02-22,-0.007721449861292021,0.00024749718856505827,True,validation
2021-02-23,0.0012136425422739111,0.00024043636943884596,True,validation
2021-02-24,0.010959056064222558,0.00022998779447974595,True,validation
2021-02-25,-0.02439082995098161,0.00021554939078582015,True,validation
2021-02-26,-0.005165940747434498,0.00018886629774059714,True,validation
2021-03-01,0.02395106712203497,0.00022079388689260227,True,validation
2021-03-02,-0.007833823617744123,0.00020987542976847774,True,validation
2021-03-03,-0.013334212282538064,0.00020648767393559005,True,validation
2021-03-04,-0.012452018277786133,0.00019743699259877276,True,validation
2021-03-05,0.018229412041131404,0.00019576389582966853,True,validation
2021-03-08,-0.004991200397351102,0.00019453954139856018,True,validation
2021-03-09,0.014176548996697468,0.00016428504901565928,True,validation
2021-03-10,0.006205293537590554,0.0001615094703983264,True,validation
2021-03-11,0.010088099450077105,0.00016872362008848053,True,validation
2021-03-12,0.0013458750409823536,0.0001827031771307933,True,validation
2021-03-15,0.005945862646910351,0.0001739692612354772,True,validation
2021-03-16,-0.0012621164725121602,0.00017780575940636034,True,validation
2021-03-17,0.0034040808005609087,0.00016659167666776458,True,validation
2021-03-18,-0.01465654612606892,0.000172734802490753,True,validation
2021-03-19,-0.00512191230295539,0.00015770443020850537,True,validation
2021-03-22,0.007953256654126096,0.00017415290474026785,True,validation
2021-03-23,-0.007901935661560477,0.00019104001729640992,True,validation
2021-03-24,-0.00509643329642724,0.0001868766493704102,True,validation
2021-03-25,0.005609811654462973,0.00019870290932456035,True,validation
2021-03-26,0.01598648900436745,0.00019547858836923117,True,validation
2021-03-29,-0.0005052344367457635,0.00019825416698656447,True,validation
2021-03-30,-0.002656483529543106,0.0001971932474330142,True,validation
2021-03-31,0.004045148971267885,0.0001904379443944718,True,validation
2021-04-01,0.010741185232806828,0.00019243791091869264,True,validation
2021-04-05,0.014251081264420035,0.00017250631592195288,True,validation
2021-04-06,-0.0005907597654681743,0.0001831183257586114,True,validation
2021-04-07,0.0011566272792055982,0.00019016904057120743,True,validation
2021-04-08,0.004735548127749245,0.0001869447196158787,True,validation
2021-04-09,0.007243848936019295,0.00020137301899618692,True,validation
2021-04-12,0.0003645218005266528,0.00018755689683143265,True,validation
2021-04-13,0.002959300408599511,0.0001717408081424567,True,validation
2021-04-14,-0.0034209812420000177,0.00018678128473831974,True,validation
2021-04-15,0.010685163961720182,0.00018416914099854452,True,validation
2021-04-16,0.0033368524241360826,0.00019690298994230315,True,validation
2021-04-19,-0.004925156345594385,0.00018984217081609083,True,validation
2021-04-20,-0.007348477578193882,0.00018339352890543248,True,validation
2021-04-21,0.009417614757574322,0.00019121985581114142,True,validation
2021-04-22,-0.009175085074076507,0.0001892198892869206,True,validation
2021-04-23,0.01078405484306848,0.00018584223776764918,True,validation
2021-04-26,0.002085444856357964,0.0001852300605520948,True,validation
2021-04-27,-0.00021552654317645608,0.00017063832629422718,True,validation
2021-04-28,-0.0002874410014608353,0.00017879152295505315,True,validation
2021-04-29,0.006352572384720713,0.00017617937921527793,True,validation
2021-04-30,-0.006592194060024323,0.00018616910752276578,True,validation
2021-05-03,0.0021544578388955128,0.000188781251262541,True,validation
2021-05-04,-0.006188446669683591,0.00010575624630565364,True,validation
2021-05-05,0.0003127485587299854,0.00010436845699698721,True,validation
2021-05-06,0.007953869811847956,0.00010298066768832078,True,validation
2021-05-07,0.007251634350647923,0.0001088171323834243,True,validation
2021-05-10,-0.009951734842057724,0.00012218451221018356,True,validation
2021-05-11,-0.008964816426748533,0.00010053195882610408,True,validation
2021-05-12,-0.02147416122439174,9.208335039122446e-05,True,validation
2021-05-13,0.011940940721582477,8.641032057367902e-05,True,validation
2021-05-14,0.015238637296052007,8.302256474079133e-05,True,validation
2021-05-17,-0.0025477662854817987,8.747124012722885e-05,True,validation
2021-05-18,-0.008653007871549738,8.947120665144968e-05,True,validation
2021-05-19,-0.002625225391685325,8.685906291167446e-05,True,validation
2021-05-20,0.010700500368250966,8.702249778923341e-05,True,validation
2021-05-21,-0.0008190512307528181,9.868532286582549e-05,True,validation
2021-05-24,0.010142660245798076,8.409358860795788e-05,True,validation
2021-05-25,-0.0022211905080248458,0.0001051339647764834,True,validation
2021-05-26,0.0019825807983610447,0.00010558270711447928,True,validation
2021-05-27,0.0005248371143394763,0.00012079672290151713,True,validation
2021-05-28,0.0017871401816827895,0.00011896019125485482,True,validation
2021-06-01,-0.0008812450285228658,0.00011818457916174191,True,validation
2021-06-02,0.0015713649531690686,0.00014008490323712047,True,validation
2021-06-03,-0.0037182681475316022,0.0001651151081404718,True,validation
2021-06-04,0.009104302666706848,0.0001420848697613413,True,validation
2021-06-07,-0.0009706641654232866,0.00015834970078831313,True,validation
2021-06-08,0.00021314277144534677,0.00014053364557511635,True,validation
2021-06-09,-0.0014930266854129297,0.00016018623243497544,True,validation
2021-06-10,0.004637614499841,0.00015004317356354536,True,validation
2021-06-11,0.0016511283615731592,0.00015985936267985884,True,validation
2021-06-14,0.0022364551356958834,0.00014926756147043288,True,validation
2021-06-15,-0.0018358532711675475,0.0001494309963479914,True,validation
2021-06-16,-0.005599007397880924,0.0001494309963479914,True,validation
2021-06-17,-0.0003316845189309103,0.00011580895675943493,True,validation
2021-06-18,-0.01684846142861668,0.00011995097101798798,True,validation
2021-06-21,0.01421443907866227,9.58182507906284e-05,True,validation
2021-06-22,0.0053319558957808455,7.63189944947111e-05,True,validation
2021-06-23,-0.001206038275566232,8.952293944391228e-05,True,validation
2021-06-24,0.005898330097850598,8.230878975375774e-05,True,validation
2021-06-25,0.0035457628657765165,8.553311070908691e-05,True,validation
2021-06-28,0.0020139007430977347,6.0044059154123856e-05,True,validation
2021-06-29,0.000537930442515654,9.413504970790833e-05,True,validation
2021-06-30,0.0008413231950273803,7.954331545004072e-05,True,validation
2021-07-01,0.005521325035644198,9.919590230990025e-05,True,validation
2021-07-02,0.00761447541383626,-4.8455205953064264e-05,True,validation
2021-07-06,-0.0018231322201708873,-4.001670183180093e-05,True,validation
2021-07-07,0.0035278257625641373,-2.6364014544604745e-05,True,validation
2021-07-08,-0.008181371774258997,-2.1303161942613042e-05,True,validation
2021-07-09,0.010618205050717838,0.0012012776568157686,True,test
2021-07-12,0.003575519743758136,0.0003451328171665911,True,test
2021-07-13,-0.0034147884341721576,0.0004144670726016708,True,test
2021-07-14,0.0014911026849908,0.00037612318293086096,True,test
2021-07-15,-0.0034213749975135267,0.00040992988267642903,True,test
2021-07-16,-0.00787451950063324,0.0004136114109527394,True,test
2021-07-19,-0.014878052663657744,0.0003923941579985566,True,test
2021-07-20,0.014228704817839114,0.0004323275017308727,True,test
2021-07-21,0.008063698904327666,0.0004350562272222916,True,test
2021-07-22,0.0020919392091566717,0.0004140529906234573,True,test
2021-07-23,0.010235435525559838,0.00043838339303753013,True,test
2021-07-26,0.0024518414542581742,0.00042152571712157205,True,test
2021-07-27,-0.004567986877577146,0.0004200711978856025,True,test
2021-07-28,-0.00041015036141902467,0.00044045617207253524,True,test
2021-07-29,0.004138831952258488,0.00043692887378189835,True,test
2021-07-30,-0.004868256855177465,0.0004398379122572235,True,test
2021-08-02,-0.0021002482810405123,0.00045085772402167176,True,test
2021-08-03,0.008102549274361074,0.00039447940057012957,True,test
2021-08-04,-0.004931060854894027,0.00039053397256831016,True,test
2021-08-05,0.006312891310267438,0.0003930248813324665,True,test
2021-08-06,0.001651072964839652,0.00035390958230012366,True,test
2021-08-09,-0.000813875728381726,0.0003481093748523341,True,test
2021-08-10,0.0012431773269283135,0.0003248153621899282,True,test
2021-08-11,0.0024817965361683763,0.0003123410311878169,True,test
2021-08-12,0.002992468333533074,0.0003127789480803163,True,test
2021-08-13,0.0018181841249573095,0.00031174255855382304,True,test
2021-08-16,0.0023518871523535295,0.000321488194003432,True,test
2021-08-17,-0.0065768132903881865,0.0003458185961923313,True,test
2021-08-18,-0.011005332567218418,0.00032459736258291176,True,test
2021-08-19,0.0015471260202363857,0.00032605188182057495,True,test
2021-08-20,0.007925586914016684,0.00033603530405852976,True,test
2021-08-23,0.008758054757839811,0.00032957918011122453,True,test
2021-08-24,0.0015861657791226762,0.0003281246608735614,True,test
2021-08-25,0.0020961617618364863,0.00031959575787326956,True,test
2021-08-26,-0.005920666684245556,0.0003277244006652545,True,test
2021-08-27,0.008901220366445443,0.00031252137411064097,True,test
2021-08-30,0.0043879402073269185,0.0003437260299580153,True,test
2021-08-31,-0.0014826752766506047,0.00036452913385626493,True,test
2021-09-01,0.0005313280284991321,0.0003585109268014589,True,test
2021-09-02,0.0030718919689984346,0.00023293169759352697,True,test
2021-09-03,-0.00024278828829097984,0.0002350044766465134,True,test
2021-09-07,-0.0035819242678236233,0.0002239846648820653,True,test
2021-09-08,-0.0012189852589251802,0.0002094375548269676,True,test
2021-09-09,-0.004289403379351001,0.00021254672340644725,True,test
2021-09-10,-0.007915804602961613,0.00021085441738043827,True,test
2021-09-13,0.002555962345060828,0.0002106542872762848,True,test
2021-09-14,-0.005411123266716993,0.00023394829993869074,True,test
2021-09-15,0.008317948028820436,0.00023913024757115698,True,test
2021-09-16,-0.0015864847538577863,0.0002410028965199899,True,test
2021-09-17,-0.012987385545187127,0.00022165431185940348,True,test
2021-09-20,-0.016814764556054212,0.00022103605204408007,True,test
2021-09-21,-0.0009450682547066522,0.00022476348043888312,True,test
2021-09-22,0.009707543940329367,0.00023454677257268462,True,test
2021-09-23,0.012076800409973613,0.0002074876748312832,True,test
2021-09-24,0.0016458558976701042,0.00018441166177589373,True,test
2021-09-27,-0.002865015749021722,0.00016195390853582757,True,test
2021-09-28,-0.020357664264720066,0.00014716901169238388,True,test
2021-09-29,0.0016817239644042515,0.00013596885700511182,True,test
2021-09-30,-0.012297651231544271,0.0001418067211370939,True,test
2021-10-01,0.01181411400616329,0.0001536825795052111,True,test
2021-10-04,-0.01297991418698259,0.0001253989347588608,True,test
2021-10-05,0.010351222342687637,0.00012436254523236754,True,test
2021-10-06,0.004147443256090675,0.00011230634394142618,True,test
2021-10-07,0.008608528312384057,9.461240862265643e-05,True,test
2021-10-08,-0.0018254427571049513,6.820922738077074e-05,True,test
2021-10-12,-0.0024645757133769123,6.759096756544744e-05,True,test
2021-10-13,0.0035911585106904727,4.655007687885194e-05,True,test
2021-10-14,0.0166807426749286,3.840164690553768e-05,True,test
2021-10-15,0.0075869543117504275,4.693054990582946e-05,True,test
2021-10-18,0.002956146931003544,5.304554928000824e-06,True,test
2021-10-19,0.007685261401572693,-1.28272972832684e-05,True,test
2021-10-20,0.003920029332475949,9.049852825666871e-06,True,test
2021-10-21,0.0026048418167514496,1.094228895582932e-05,True,test
2021-10-22,-0.0010367179522190301,-3.6501782972651756e-05,True,test
2021-10-25,0.0053484730742988295,-5.7542673659247254e-05,True,test
2021-10-26,0.0008996142644518357,-4.859564094778553e-05,True,test
2021-10-27,-0.004440031532488743,-4.257743389297962e-05,True,test
2021-10-28,0.009602609985319628,-5.636359789412248e-05,True,test
2021-10-29,0.002027078014334198,-5.947276647360212e-05,True,test
2021-11-01,0.00171873670344748,-3.866966257535251e-05,True,test
2021-11-02,0.004034943423944309,-0.0001819142993811151,True,test
2021-11-03,0.0060866720883999866,-0.00014736268816591526,True,test
2021-11-04,0.004701451142290312,-0.00015838249993036337,True,test
2021-11-05,0.0034636037212191872,-0.00010240952500159041,True,test
2021-11-08,0.0008533567819509025,-7.538808394438152e-05,True,test
2021-11-09,-0.0033108462216263693,-0.00012285194305419202,True,test
2021-11-10,-0.00807740109324133,-8.020934573119967e-05,True,test
2021-11-12,0.0075185095590189445,-0.00018173395645829104,True,test
2021-11-15,0.00034236368205134573,-0.00021000978664900986,True,test
2021-11-16,0.0039500133996668236,-0.00021768264304563244,True,test
2021-11-17,-0.0024321748554379046,-0.00023202962299657666,True,test
2021-11-18,0.0033906571651105342,-0.00021517194710014658,True,test
2021-11-19,-0.0017898543376422005,-0.0002116446488094969,True,test
2021-11-22,-0.002819144795260718,-0.00020646270117703075,True,test
2021-11-23,0.0013251158447456824,-0.0003138251760361042,True,test
2021-11-24,0.0026662985058638765,-0.0002948570644024952,True,test
2021-11-26,-0.022555649048239746,-0.00032671763674938534,True,test
2021-11-29,0.012191982366394495,-0.00020393221805021546,True,test
2021-11-30,-0.01964940742643132,-0.00021495202981466357,True,test
2021-12-01,-0.011169348998625553,-0.00021498968649885598,True,test
2021-12-02,0.015200191196353595,-0.00029170754531674086,True,test
2021-12-03,-0.00873939036972244,-0.00035580916303749855,True,test
2021-12-06,0.011773729778026496,-0.0003208770787953212,True,test
2021-12-07,0.020473797351641076,-0.0003710121895921121,True,test
2021-12-08,0.0026444678463242634,-0.00041305631428111065,True,test
2021-12-09,-0.0067744345903001085,-0.0004084351825984459,True,test
2021-12-10,0.009369465607831392,-0.000429038156392542,True,test
2021-12-13,-0.00889782554948822,-0.00040488809712646687,True,test
2021-12-14,-0.00690382017527565,-0.0003868136887807195,True,test
2021-12-15,0.01550423111912541,-0.00039825163025633754,True,test
2021-12-16,-0.008857629685864326,-0.0004225820324452366,True,test
2021-12-17,-0.01420702934872906,-0.00038261068680922464,True,test
2021-12-20,-0.010690344140578838,-0.0003982318430750081,True,test
2021-12-21,0.01760314396298361,-0.0003959212772336756,True,test
2021-12-22,0.00994905844539419,-0.0004454381282151433,True,test
2021-12-23,0.006202800766794267,-0.000419653206788581,True,test
2021-12-27,0.014052946964016847,-0.0004518942521624486,True,test
2021-12-28,-0.0008175294103820851,-0.00049664728522262,True,test
2021-12-29,0.0012783904192747832,-0.0004789533499038501,True,test
2021-12-30,-0.0027683573402238052,-0.0004920459407212846,True,test
2021-12-31,-0.002523367923998611,-0.00047020644729654185,True,test
2022-01-03,0.0057732639583171685,-0.00047020644729654185,True,test
2022-01-04,-0.00033499501095328297,-0.00030003065620949794,True,test
2022-01-05,-0.01938889823036019,-0.0002987564798946587,True,test
2022-01-06,-0.0009398549007887172,-0.0003501657670062887,True,test
2022-01-07,-0.003961347119826814,-0.0003940825406441202,True,test
2022-01-10,-0.0012451409261460564,-0.0003878265468009685,True,test
2022-01-11,0.009067038551736909,-0.0004317433204388001,True,test
2022-01-12,0.002699894341785254,-0.00040990382701405694,True,test
2022-01-13,-0.013874393518961387,-0.00043008867109698345,True,test
2022-01-14,0.0004089371946281227,-0.0004240506768608479,True,test
2022-01-18,-0.017868303713834164,-0.00050477218368969,True,test
2022-01-19,-0.01043784312485474,-0.0005771649176223938,True,test
2022-01-20,-0.011129775432800469,-0.000551798125907001,True,test
2022-01-21,-0.019825881722007412,-0.0005942405931258402,True,test
2022-01-24,0.004237743773401898,-0.000532847883776255,True,test
2022-01-25,-0.012284115838726838,-0.0005265721027517737,True,test
2022-01-26,-0.0025119476945792865,-0.0005627585761274609,True,test
2022-01-27,-0.004950195532161598,-0.0006555937281127659,True,test
2022-01-28,0.02453202410233454,-0.0007032557996482636,True,test
2022-01-31,0.01785078977354817,-0.0006845056876216709,True,test
2022-02-01,0.006734200164012837,-0.0007186193819443715,True,test
2022-02-02,0.009667204382406813,-0.0004082789931007765,True,test
2022-02-03,-0.023785622375082246,-0.00038394859091187743,True,test
2022-02-04,0.004691187114582218,-0.0004186805450499012,True,test
2022-02-07,-0.0032144373543599647,-0.0005424627789129056,True,test
2022-02-08,0.00819419553949726,-0.0005345521357279371,True,test
2022-02-09,0.014530032891025087,-0.0005805416884187551,True,test
2022-02-10,-0.018128986189386964,-0.0005903249805525566,True,test
2022-02-11,-0.019915729123292567,-0.0008312906380926282,True,test
2022-02-14,-0.003274670851420668,-0.0007392917455296627,True,test
2022-02-15,0.015998210716834927,-0.0008204313820696744,True,test
2022-02-16,0.0011201972565205234,-0.0008251951999909708,True,test
2022-02-17,-0.02159287321665315,-0.000781876898987133,True,test
2022-02-18,-0.006496106913848236,-0.0007649994359093735,True,test
2022-02-22,-0.010789647538041604,-0.0007435780721958004,True,test
2022-02-23,-0.017897872870124194,-0.0008299373130524712,True,test
2022-02-24,0.014937003586184076,-0.0008463768592377315,True,test
2022-02-25,0.02182411504576,-0.0008406797636659145,True,test
2022-02-28,-0.002561805447203176,-0.0008411176805584138,True,test
2022-03-01,-0.015347444189967911,-0.0007584641632367504,True,test
2022-03-02,0.018229049206145667,-0.0004870666658494812,True,test
2022-03-03,-0.004990905914229309,-0.0006770232964862296,True,test
2022-03-04,-0.00815780439569187,-0.0007051187837541241,True,test
2022-03-07,-0.029922431219487004,-0.0006820229835174052,True,test
2022-03-08,-0.007610587910874293,-0.0007354852625006921,True,test
2022-03-09,0.026457707170737758,-0.0008261704043861595,True,test
2022-03-10,-0.004525779260906256,-0.0008738146064187939,True,test
2022-03-11,-0.012796587712040324,-0.0009303662668002313,True,test
2022-03-14,-0.007335159693643303,-0.0009530618068286434,True,test
2022-03-15,0.021752137407685203,-0.0010749713917428147,True,test
2022-03-16,0.021931933271714867,-0.0010647501827165142,True,test
2022-03-17,0.012433317136645933,-0.0011301655511147695,True,test
2022-03-18,0.0077914139875613605,-0.0011068913256336928,True,test
2022-03-21,-0.0002924353773164843,-0.001121295749450159,True,test
2022-03-22,0.011633459968707478,-0.0012817221607626795,True,test
2022-03-23,-0.012962065201010127,-0.0013204193300838522,True,test
2022-03-24,0.014961874573180461,-0.0012623933632834223,True,test
2022-03-25,0.004871712340952904,-0.0012594843248080957,True,test
2022-03-28,0.007087859739227372,-0.0014207469955429554,True,test
2022-03-29,0.012294934342103209,-0.0014605182110748148,True,test
2022-03-30,-0.006193935772894751,-0.0014478635371498795,True,test
2022-03-31,-0.015510993469158118,-0.0014091663678287066,True,test
2022-04-01,0.0028301043466709796,-0.001377961711981332,True,test
2022-04-04,0.008530092526005388,-0.0009740546784135989,True,test
2022-04-05,-0.012711778187951285,-0.0009677986845704473,True,test
2022-04-06,-0.010049685888730729,-0.0010451930232127926,True,test
2022-04-07,0.005026315031306617,-0.001043082587475614,True,test
2022-04-08,-0.0026775161462258518,-0.0010226599566043422,True,test
2022-04-11,-0.01724004370458936,-0.0010850692682990901,True,test
2022-04-12,-0.0037121114853793627,-0.001074192142773274,True,test
2022-04-13,0.011388482839123713,-0.000988829717080438,True,test
2022-04-14,-0.012529931210354926,-0.0009730084307105009,True,test
2022-04-18,0.0004110548011065768,-0.0010776422100170725,True,test
2022-04-19,0.016013767300200717,-0.0010728407354115837,True,test
2022-04-20,-0.0007418198482218364,-0.0012141365616705336,True,test
2022-04-21,-0.015066483396335524,-0.001196480283035956,True,test
2022-04-22,-0.02782262309124242,-0.0012815653475777874,True,test
2022-04-25,0.0057808391465373225,-0.0013264987235607826,True,test
2022-04-26,-0.02938846712083878,-0.001250321117367754,True,test
2022-04-27,0.0028078373008030367,-0.0011693618237505663,True,test
2022-04-28,0.024945698119335478,-0.0012095135123094023,True,test
2022-04-29,-0.037655816727894316,-0.001261939401766196,True,test
2022-05-02,0.006001399663298588,-0.0013291501880664336,True,test
2022-05-03,0.004573567561620413,-0.0013578012716666283,True,test
2022-05-04,0.029998447023786144,-0.00139508157843433,True,test
2022-05-05,-0.03618983821471714,-0.001286026797549248,True,test
2022-05-06,-0.005986811165077935,-0.001350271101508637,True,test
2022-05-09,-0.03254103072846203,-0.0013644000818525646,True,test
2022-05-10,0.0023078626978000794,-0.0012740558386314161,True,test
2022-05-11,-0.01601366905204431,-0.0012747117551309322,True,test
2022-05-12,-0.0010444756685108931,-0.0013063721973736687,True,test
2022-05-13,0.02362653009661004,-0.0012129385727543693,True,test
2022-05-16,-0.004065818917765487,-0.0012790555256625919,True,test
2022-05-17,0.020361686007753992,-0.0012582326345830128,True,test
2022-05-18,-0.04114660289301177,-0.0013853618238138423,True,test
2022-05-19,-0.0061434534278095535,-0.001357902465864134,True,test
2022-05-20,0.00043644105618661204,-0.0013208401587034482,True,test
2022-05-23,0.018537199486682282,-0.0012840354255124378,True,test
2022-05-24,-0.007663063186207389,-0.0013316796275450727,True,test
2022-05-25,0.008796104601187101,-0.0011833292047048235,True,test
2022-05-26,0.01978437609715666,-0.001151107946512285,True,test
2022-05-27,0.0242526532107174,-0.0011224139866103967,True,test
2022-05-31,-0.0056267842656148054,-0.0011332336682706916,True,test
2022-06-01,-0.008121418909250052,-0.001180897657484655,True,test
2022-06-02,0.018864421193364102,-0.0005566873459029828,True,test
2022-06-03,-0.01654768451432691,-0.0005502312219556776,True,test
2022-06-06,0.003040144313791592,-0.0005612510337201259,True,test
2022-06-07,0.009546509960919805,-0.0006326073781263359,True,test
2022-06-08,-0.010931687318656349,-0.0006426284570484832,True,test
2022-06-09,-0.02407026535921321,-0.0006759058919488441,True,test
2022-06-10,-0.02942433294241372,-0.0007237680935884949,True,test
2022-06-13,-0.0387077297869094,-0.0009430943878079771,True,test
2022-06-14,-0.003017895623606632,-0.001275583364334322,True,test
2022-06-15,0.014155672225600201,-0.001331118422370596,True,test
2022-06-16,-0.03365610467930433,-0.0011078071257866354,True,test
2022-06-17,-0.0021569913683171533,-0.0010539069299108487,True,test
2022-06-21,0.02486198821984487,-0.0010788932485992636,True,test
2022-06-22,-0.0018146207734581258,-0.0011225722354487495,True,test
2022-06-23,0.009754832753127888,-0.000976512591268503,True,test
2022-06-24,0.03129890514558157,-0.0009299047787623617,True,test
2022-06-27,-0.0038270180837005926,-0.0009671276416645424,True,test
2022-06-28,-0.02064449206841294,-0.001004370291748052,True,test
2022-06-29,-0.0008147218221505732,-0.0010305733428857841,True,test
2022-06-30,-0.00815748224765673,-0.0009877306154586383,True,test
2022-07-01,0.010520974806040478,-0.0008616180285729723,True,test
2022-07-05,0.0018867962567546738,0.0003185158693100093,True,test
2022-07-06,0.003371649041169943,0.00034595544007838823,True,test
2022-07-07,0.014866093490139646,0.00019905953647580163,True,test
2022-07-08,-0.0008229221592758011,0.00014952289831300452,True,test
2022-07-11,-0.011489328872573118,6.19271378256884e-05,True,test
2022-07-12,-0.008888314142629599,0.00011662593643962178,True,test
2022-07-13,-0.0052655258712118085,0.00015968666347378397,True,test
2022-07-14,-0.0024314384736241856,6.872607811577868e-05,True,test
2022-07-15,0.018924870585949317,4.730471440220533e-05,True,test
2022-07-18,-0.008291210361567363,7.163511659110462e-05,True,test
2022-07-19,0.026660608249491968,5.4777440694674323e-05,True,test
2022-07-20,0.0063529388038422304,-2.03439887905318e-05,True,test
2022-07-21,0.01013169497427413,-2.7238029630336337e-05,True,test
2022-07-22,-0.00932140619483879,0.00011923974426108022,True,test
2022-07-25,0.0012142034327721227,0.00023367660288278248,True,test
2022-07-26,-0.011901553256690168,0.00020332799363907673,True,test
2022-07-27,0.025634966306172267,0.0001895794863221265,True,test
2022-07-28,0.012464382307969491,0.0002463887206732398,True,test
2022-07-29,0.014473476936627391,0.0003298784974172422,True,test
2022-08-01,-0.002965633102317808,0.00030839968983814776,True,test
2022-08-02,-0.006619203971790231,0.0005751613210069405,True,test
2022-08-03,0.015538153058459486,0.00043219105822484396,True,test
2022-08-04,-0.0006758195102500098,0.00039680318758730446,True,test
2022-08-05,-0.001691586587316715,0.000460068545885723,True,test
2022-08-08,-0.0011616074468590203,0.0002553270184055298,True,test
2022-08-09,-0.003978907493970385,0.00029711356912485434,True,test
2022-08-10,0.020786429765404738,0.00022844826358695393,True,test
2022-08-11,0.0,0.0002698741284606278,True,test
2022-08-12,0.01678731391991028,0.0002605466227221889,True,test
2022-08-15,0.0041122990463738915,0.0002499072839847183,True,test
2022-08-16,0.0019568280048181492,0.0003019150437303421,True,test
2022-08-17,-0.007123328512293311,0.000251980063037705,True,test
2022-08-18,0.0029021967606395493,0.0002241025753768266,True,test
2022-08-19,-0.01352914016466342,0.00028132993943910905,True,test
2022-08-22,-0.02104234080823713,0.00024037964814212567,True,test
2022-08-23,-0.0024221883835108577,0.0001721324723153951,True,test
2022-08-24,0.0031960689006255184,0.0001981551805303038,True,test
2022-08-25,0.014018799822279613,0.00012887161517707922,True,test
2022-08-26,-0.03443518641605107,0.0001515097113399691,True,test
2022-08-29,-0.006634162182883885,0.00013672481449652596,True,test
2022-08-30,-0.011038555340141412,8.160788617142208e-05,True,test
2022-08-31,-0.007638144093185962,5.016544353570146e-05,True,test
2022-09-01,0.003132950370552341,5.289413908820379e-05,True,test
2022-09-02,-0.01060041669643158,0.000781947297743842,True,test
2022-09-06,-0.0037802866698074516,0.0008862006040234356,True,test
2022-09-07,0.017805499790206458,0.0007716031896602381,True,test
2022-09-08,0.006515022772704955,0.0008321200652248251,True,test
2022-09-09,0.015415807866336319,0.0007994608901397875,True,test
2022-09-12,0.01069030589635327,0.0007328485764735437,True,test
2022-09-13,-0.04445617414726737,0.0007099726935223078,True,test
2022-09-14,0.0038085611016787993,0.0005505648022334181,True,test
2022-09-15,-0.011418237468483304,0.0005309784307844867,True,test
2022-09-16,-0.011757555003970535,0.00045001913716729734,True,test
2022-09-19,0.00772501365470151,0.00045380400942762267,True,test
2022-09-20,-0.011544939646675469,0.00036347955338780335,True,test
2022-09-21,-0.017597716278495924,0.0003508050922815392,True,test
2022-09-22,-0.008435311285113283,0.0003033233636688653,True,test
2022-09-23,-0.016896770479683878,0.00020930913591843403,True,test
2022-09-26,-0.009941945708146676,0.0001235681548770887,True,test
2022-09-27,-0.0025560147287469804,5.8247887028546955e-05,True,test
2022-09-28,0.019485277712052225,3.3885326731191573e-06,True,test
2022-09-29,-0.0211102318049051,0.00020235155756531589,True,test
2022-09-30,-0.015584342130975551,0.00010893772012734657,True,test
2022-10-03,0.026058736876293866,5.296474519857555e-05,True,test
2022-10-04,0.03051625785631023,0.0010455525432896198,True,test
2022-10-05,-0.0023309545840216068,0.0010744466332956613,True,test
2022-10-06,-0.010369374353980875,0.0010255659116323807,True,test
2022-10-07,-0.02829032366362611,0.0009583353381508132,True,test
2022-10-11,-0.006353116679683497,0.0008840699552692772,True,test
2022-10-12,-0.003303916475803451,0.0008649789445783658,True,test
2022-10-13,0.02604884437309545,0.0008758184134199905,True,test
2022-10-14,-0.023052420113011996,0.0006891710814668764,True,test
2022-10-17,0.025372338438406875,0.0006766967504647642,True,test
2022-10-18,0.011681134209780814,0.0007027194586796716,True,test
2022-10-19,-0.007111707070068097,0.0007224861730514287,True,test
2022-10-20,-0.008420690769296463,0.0006041038864279067,True,test
2022-10-21,0.024010899985540957,0.0005306747629687091,True,test
2022-10-24,0.01216220459272166,0.0006256401378725227,True,test
2022-10-25,0.015842429934322933,0.000617111234872232,True,test
2022-10-26,-0.007562620874207404,0.000700105650858214,True,test
2022-10-27,-0.0053542858291678735,0.0007443831103416936,True,test
2022-10-28,0.02351207926820392,0.0008344697795931661,True,test
2022-10-31,-0.007249487083864056,0.0007351982908418856,True,test
2022-11-01,-0.0043854662275687375,0.0006382373679319374,True,test
2022-11-02,-0.025416488450460573,0.0008859500594793576,True,test
2022-11-03,-0.010350243431810614,0.0008272483889980825,True,test
2022-11-04,0.01429053495439394,0.0007269602979016391,True,test
2022-11-07,0.009520119545588271,0.0007632042151428466,True,test
2022-11-08,0.005380911362788072,0.000701831292974592,True,test
2022-11-09,-0.020817264954697857,0.0007544573125355396,True,test
2022-11-10,0.05349730918360128,0.0007878119784827512,True,test
2022-11-14,-0.008543112649075422,0.0010642903233961305,True,test
2022-11-15,0.008492875431373566,0.0010242991905787886,True,test
2022-11-16,-0.007657991471811043,0.0010706494291152558,True,test
2022-11-17,-0.0030645516997969695,0.001100361909040773,True,test
2022-11-18,0.004530126744089201,0.0010300221669797285,True,test
2022-11-21,-0.0036427210104271073,0.00096237346378699,True,test
2022-11-22,0.013367258722167092,0.0010018871053491742,True,test
2022-11-23,0.006281852116995351,0.0010209979032214148,True,test
2022-11-25,-0.00022373869113219644,0.001047999557097294,True,test
2022-11-28,-0.016085692069329978,0.001078605740310675,True,test
2022-11-29,-0.0017190202256002212,0.0010425996098578113,True,test
2022-11-30,0.0310146332570357,0.001015160039089432,True,test
2022-12-01,-0.0007361122062505647,0.0010936482111237942,True,test
2022-12-02,-0.0011543830035115122,0.0009813593676924392,True,test
2022-12-05,-0.01815302749679934,0.0009702821120624681,True,test
2022-12-06,-0.014519702260977834,0.0008491711298864446,True,test
2022-12-07,-0.0017026469976163603,0.000929036590111617,True,test
2022-12-08,0.007803400621268784,0.001018267212759421,True,test
2022-12-09,-0.007498240360482925,0.0009751866985439304,True,test
2022-12-12,0.014314303078420583,0.0009496197767243841,True,test
2022-12-13,0.007541335653240813,0.0008942650616109342,True,test
2022-12-14,-0.006414056305424778,0.001056363991768135,True,test
2022-12-15,-0.024765822310819672,0.001039107973341862,True,test
2022-12-16,-0.016457910405921157,0.0010393081034460166,True,test
2022-12-19,-0.008515818978745046,0.0010888626111116772,True,test
2022-12-20,0.0013674650624644056,0.0010046138059921859,True,test
2022-12-21,0.014841756314111894,0.0009896862229101105,True,test
2022-12-22,-0.014368875361936895,0.0010232014445988157,True,test
2022-12-23,0.005735784166452185,0.0010011241643857272,True,test
2022-12-27,-0.00395130702221525,0.0009247860024512063,True,test
2022-12-28,-0.012505743674206015,0.0009011115167618221,True,test
2022-12-29,0.017840227729302435,0.0009088220298426371,True,test
2022-12-30,-0.0026375503873759484,0.0008859084902072076,True,test
2023-01-03,-0.004218769051922785,0.0008201522231446341,True,test
2023-01-04,0.007690540861836688,0.0013007598201808263,True,test
2023-01-05,-0.01147902847194515,0.0013386207300796604,True,test
2023-01-06,0.02267311516744916,0.001262225124279614,True,test
2023-01-09,-0.0005670573357700661,0.001465512132522143,True,test
2023-01-10,0.006988367474913615,0.001526865267509071,True,test
2023-01-11,0.012568547576673746,0.0014717483391839658,True,test
2023-01-12,0.003634171365240132,0.001523936441852414,True,test
2023-01-13,0.003871999812680603,0.001615239843553204,True,test
2023-01-17,-0.001833577055333756,0.0015203516996962424,True,test
2023-01-18,-0.015913973799226742,0.0015636304263374227,True,test
2023-01-19,-0.007306444430314214,0.0016801400640121108,True,test
2023-01-20,0.018457644417167424,0.0016424990713987597,True,test
2023-01-23,0.011927172921546549,0.0015888366623113192,True,test
2023-01-24,-0.00107386763214943,0.0015241167847752377,True,test
2023-01-25,0.0003747271121324628,0.0016196034012661937,True,test
2023-01-26,0.010930412793652575,0.0016239867461605119,True,test
2023-01-27,0.0022950608748414985,0.001577141146866026,True,test
2023-01-30,-0.012626202210392873,0.0015627743797337517,True,test
2023-01-31,0.0145963030912504,0.0015059651453826397,True,test
2023-02-01,0.010571694025693542,0.0015390622373601757,True,test
2023-02-02,0.014452053374916023,0.0016634022474470989,True,test
2023-02-03,-0.01068598363290454,0.0016698385842130736,True,test
2023-02-06,-0.006130111277800135,0.0014721516533141828,True,test
2023-02-07,0.012993845860082188,0.0013456209367173457,True,test
2023-02-08,-0.010994997340289235,0.0013108889825793214,True,test
2023-02-09,-0.00870697310092209,0.001321310321709776,True,test
2023-02-10,0.0023309475334816784,0.0012865783675717508,True,test
2023-02-13,0.011670623663536151,0.0012581024072768794,True,test
2023-02-14,-0.0004602757868875422,0.0012439357702487604,True,test
2023-02-15,0.003242112385601186,0.0011713052495277102,True,test
2023-02-16,-0.013864479472520551,0.0011459384578123176,True,test
2023-02-17,-0.0025013844442150304,0.0011357746926515377,True,test
2023-02-21,-0.020264879913440236,0.001146196031781994,True,test
2023-02-22,-0.0013790551427742468,0.0010721486485074727,True,test
2023-02-23,0.005305305448697813,0.001088568407511403,True,test
2023-02-24,-0.010739837078983187,0.0010912594463797134,True,test
2023-02-27,0.0034000513205539825,0.0009716227706226812,True,test
2023-02-28,-0.003702824624668304,0.000972241030438005,True,test
2023-03-01,-0.0038432905240252365,0.0009366728168776414,True,test
2023-03-02,0.007747202640651336,0.0009061725500034666,True,test
2023-03-03,0.015910572248883096,0.0009038996408463262,True,test
2023-03-06,0.0006925006534723625,0.0009508681391981163,True,test
2023-03-07,-0.01544743147428181,0.0009217362624037283,True,test
2023-03-08,0.0016307895385843638,0.0008197558652812747,True,test
2023-03-09,-0.018622175035731294,0.0007718936636416235,True,test
2023-03-10,-0.014534563011705798,0.0009026075950286242,True,test
2023-03-13,-0.0014262668368289762,0.0011799994304111964,True,test
2023-03-14,0.016394930701474304,0.0016845231736437776,True,test
2023-03-15,-0.0062739791116780946,0.0015234606330130716,True,test
2023-03-16,0.01739303757900711,0.001762393085862816,True,test
2023-03-17,-0.015570840749814475,0.0015754881799400246,True,test
2023-03-20,0.009569695461115801,0.0018897026180164705,True,test
2023-03-21,0.013045068527290258,0.0017833765326838906,True,test
2023-03-22,-0.017193461403886095,0.001556738067913432,True,test
2023-03-23,0.002699747151757449,0.0017523522197593388,True,test
2023-03-24,0.006540576296236363,0.0019251102758353397,True,test
2023-03-27,0.0018680966845833614,0.0019300920933636523,True,test
2023-03-28,-0.002247180268645281,0.001758427870679668,True,test
2023-03-29,0.014430264607990103,0.001681433792245628,True,test
2023-03-30,0.005838178311722907,0.0016331336737134784,True,test
2023-03-31,0.013996224623975942,0.0016264397629778262,True,test
2023-04-03,0.0038032995781799427,0.001671155139353806,True,test
2023-04-04,-0.005563565040138121,0.0019977352675185495,True,test
2023-04-05,-0.002621700935942733,0.0021302644039888604,True,test
2023-04-06,0.003893285494786008,0.0021723085286778606,True,test
2023-04-10,0.0010258499102318234,0.002151685767702435,True,test
2023-04-11,0.0002685508198280116,0.001976694376831953,True,test
2023-04-12,-0.004084316547969953,0.0019564897455676975,True,test
2023-04-13,0.01319527739381285,0.0020260110977092663,True,test
2023-04-14,-0.002445752734606423,0.0020149912859448206,True,test
2023-04-17,0.0035818310251139345,0.0019003364277161011,True,test
2023-04-18,0.0006520292826832333,0.0018058664135703088,True,test
2023-04-19,-0.0001689546841105706,0.0018010649389648206,True,test
2023-04-20,-0.00547205963912668,0.0017521663477986747,True,test
2023-04-21,0.0007766414272094301,0.0018420726741273262,True,test
2023-04-24,0.001042621402772541,0.0018133589270441074,True,test
2023-04-25,-0.01600116801417094,0.001865366686789732,True,test
2023-04-26,-0.0042446173996722346,0.002108843040275289,True,test
2023-04-27,0.019712474971588356,0.0020632914044769702,True,test
2023-04-28,0.008498950231163765,0.0019036833830839263,True,test
2023-05-01,-0.0010102543650607994,0.0019386154673261035,True,test
2023-05-02,-0.011302869513427875,0.00217535450304772,True,test
2023-05-03,-0.006887669499263906,0.0023251990194882903,True,test
2023-05-04,-0.007108150576824931,0.0023963750209716767,True,test
2023-05-05,0.018343304165668557,0.0025185600493583867,True,test
2023-05-08,0.00026651163202968074,0.0023620611965448225,True,test
2023-05-09,-0.004394965239957476,0.002278848780951825,True,test
2023-05-10,0.004661479781751272,0.0022659563202385444,True,test
2023-05-11,-0.0017455002398152337,0.0023668824583316416,True,test
2023-05-12,-0.001311146072652117,0.002382884087624401,True,test
2023-05-15,0.003444130053141995,0.0023013065341918916,True,test
2023-05-16,-0.006705099417769526,0.0022728503610783476,True,test
2023-05-17,0.012065880064935735,0.0022006577572497975,True,test
2023-05-18,0.009587111502516284,0.0021463394316628415,True,test
2023-05-19,-0.0014561460225211089,0.0020406118189642553,True,test
2023-05-22,0.0004060458540662169,0.002002951039169575,True,test
2023-05-23,-0.01128628870935317,0.0019890221889298015,True,test
2023-05-24,-0.0072711729419161625,0.0020191904552506823,True,test
2023-05-25,0.008622616459603612,0.001971746383322201,True,test
2023-05-26,0.012867526857071395,0.0018033716721405193,True,test
2023-05-30,0.00038087042973229825,0.001769020191029474,True,test
2023-05-31,-0.005560642409936827,0.0018453781401453258,True,test
2023-06-01,0.009456169066444198,0.0019017692447852678,True,test
2023-06-02,0.01435759348122755,0.002188292820339911,True,test
2023-06-05,-0.0019181014640489555,0.002030757577999855,True,test
2023-06-06,0.002175091593377299,0.0020707091364545365,True,test
2023-06-07,-0.003463718994750308,0.002027828752343198,True,test
2023-06-08,0.006030349968389047,0.001976657252019915,True,test
2023-06-09,0.001792694599673949,0.0020178453301052442,True,test
2023-06-12,0.009030960948294134,0.0019551982316221494,True,test
2023-06-13,0.006571298368602579,0.00198227711654488,True,test
2023-06-14,0.00119012422692229,0.0018834039703234402,True,test
2023-06-15,0.012321448558557475,0.0018338296754764494,True,test
2023-06-16,-0.007119760382108064,0.0019376846392262035,True,test
2023-06-20,-0.005201688176449508,0.0018725268447976218,True,test
2023-06-21,-0.005136896694487098,0.0018968572469865216,True,test
2023-06-22,0.0036032107426930415,0.0018964391172753533,True,test
2023-06-23,-0.007588727735143791,0.001808843356788035,True,test
2023-06-26,-0.004094122473882703,0.0018662708509544707,True,test
2023-06-27,0.010903649709285458,0.0019195527870149338,True,test
2023-06-28,0.0005042661095765424,0.0018400480126354087,True,test
2023-06-29,0.003933614456099705,0.0018693800195339503,True,test
2023-06-30,0.011731634842625023,0.0017149916024575664,True,test
2023-07-03,0.0011498750213830315,0.0017291007956201651,True,test
2023-07-05,-0.001488305087145732,0.00174418012648969,True,test
2023-07-06,-0.007861482478151452,0.0017398344382795637,True,test
2023-07-07,-0.0025279066989746814,0.001690117457193942,True,test
2023-07-10,0.0025279066989747885,0.0017334159710164516,True,test
2023-07-11,0.00634833630815346,0.00181042983663182,True,test
2023-07-12,0.008013723862516888,0.0017893889459452235,True,test
2023-07-13,0.007905551787355664,0.0019427409734951153,True,test
2023-07-14,-0.0006230225390383416,0.0020673792539617894,True,test
2023-07-17,0.003466202570648931,0.0019296107259934884,True,test
2023-07-18,0.007403116820647034,0.0019242107787540048,True,test
2023-07-19,0.0022212915573065956,0.0019277380770446554,True,test
2023-07-20,-0.006656595178376628,0.0019379018422054353,True,test
2023-07-21,0.0,0.0018763287899330261,True,test
2023-07-24,0.00445734209675547,0.0018586348546142549,True,test
2023-07-25,0.002726333456018575,0.0018684181467480566,True,test
2023-07-26,0.00015370179135724575,0.0018332482757175347,True,test
2023-07-27,-0.006652049928426125,0.0018615438930895817,True,test
2023-07-28,0.009742708386939452,0.0017741661322092806,True,test
2023-07-31,0.0019022320924179325,0.00181182691200396,True,test
2023-08-01,-0.0028656708129788785,0.0018088980863473058,True,test
2023-08-02,-0.01400847075222544,0.0017596122562538695,True,test
2023-08-03,-0.0028699721428423856,0.0017815091935441344,True,test
2023-08-04,-0.004533025778414631,0.0017453603768526399,True,test
2023-08-07,0.008690655340468388,0.0018583427162366783,True,test
2023-08-08,-0.0043581583971775105,0.001872927482975969,True,test
2023-08-09,-0.006707683059238894,0.0018914398082142151,True,test
2023-08-10,0.0003588894044134793,0.0018491776839182003,True,test
2023-08-11,-0.0005832692666972918,0.0018192274172043358,True,test
2023-08-14,0.005504828419965597,0.0017513983710887764,True,test
2023-08-15,-0.011717240012162844,0.0016902057918433428,True,test
2023-08-16,-0.007365221768905127,0.00172061184495257,True,test
2023-08-17,-0.00764906407671764,0.0016715131236822722,True,test
2023-08-18,0.00048119583651082097,0.001690063105604712,True,test
2023-08-21,0.0064852171709036625,0.001707957171027636,True,test
2023-08-22,-0.0027122888788976324,0.0016553311514666876,True,test
2023-08-23,0.01107618151551332,0.0016234507919384682,True,test
2023-08-24,-0.013956004395686512,0.0017020618630301312,True,test
2023-08-25,0.007025064852663816,0.0016772935439487331,True,test
2023-08-28,0.0063213390295188574,0.0016383585878392126,True,test
2023-08-29,0.014351295283905607,0.0016754208949999,True,test
2023-08-30,0.004110354001076374,0.00178174698033248,True,test
2023-08-31,-0.0014644620760757739,0.0017586333105928977,True,test
2023-09-01,0.0018634704461354505,0.0018060773825213797,True,test
2023-09-05,-0.004331297871981201,0.001779219529677546,True,test
2023-09-06,-0.006745137677816119,0.0016993540694523737,True,test
2023-09-07,-0.0030749462677503296,0.0016431433077352562,True,test
2023-09-08,0.0015049542106842105,0.0017068267957448422,True,test
2023-09-11,0.006555105162656671,0.0016753843531091238,True,test
2023-09-12,-0.005500711436984432,0.001679149438188119,True,test
2023-09-13,0.0011653100058186942,0.00167434796358263,True,test
2023-09-14,0.008585412055525241,0.0016901692499525656,True,test
2023-09-15,-0.01564260552722776,0.001651053950920224,True,test
2023-09-18,0.0005862678085058179,0.0016331598854973,True,test
2023-09-19,-0.0020759838480750876,0.0016085916965200555,True,test
2023-09-20,-0.009235844351152545,0.0015802960791480069,True,test
2023-09-21,-0.016666477191231367,0.0015498900260387805,True,test
2023-09-22,-0.0022510799334294423,0.00155281693401697,True,test
2023-09-25,0.0041963720245047674,0.0015592928451456049,True,test
2023-09-26,-0.014800251479124848,0.0015522759052484982,True,test
2023-09-27,0.0003990537106883037,0.0015930835103068483,True,test
2023-09-28,0.005780704134190364,0.0015317105881385937,True,test
2023-09-29,-0.002429856399603727,0.0015825016154349001,True,test
2023-10-02,-0.00039778993267751666,0.0015968485953858427,True,test
2023-10-03,-0.01347647032989409,0.0016472075418972332,True,test
2023-10-04,0.007255588282934912,0.0015967117452547943,True,test
2023-10-05,-0.0003768516258725016,0.001696163576928901,True,test
2023-10-06,0.011802882777938796,0.0017109484737723429,True,test
2023-10-10,0.0051913408829109865,0.001660395233264382,True,test
2023-10-11,0.004087915912236972,0.0017877047654180364,True,test
2023-10-12,-0.006115110502897607,0.0017703913031262442,True,test
2023-10-13,-0.004993314857244581,0.0016899075830857499,True,test
2023-10-16,0.01046649133332179,0.0017183835433806196,True,test
2023-10-17,-4.5913197049638914e-05,0.001660775706291361,True,test
2023-10-18,-0.013414646956172782,0.0015621601340395945,True,test
2023-10-19,-0.00882523202971711,0.0015588508353559603,True,test
2023-10-20,-0.012364165589842322,0.0015884582857270428,True,test
2023-10-23,-0.0017347143698367156,0.0016442509177329902,True,test
2023-10-24,0.007511114561209817,0.001677708695556176,True,test
2023-10-25,-0.014456175911054608,0.0017114042601677065,True,test
2023-10-26,-0.012046887403205692,0.0016452675200781548,True,test
2023-10-27,-0.004543076364740735,0.0017132769091165395,True,test
2023-10-30,0.011884883929670366,0.0017284997228524815,True,test
2023-10-31,0.006260627657925518,0.0016918753325842941,True,test
2023-11-01,0.010608265814448672,0.001656905591657925,True,test
2023-11-02,0.018983031132927274,0.0015346205112025,True,test
2023-11-03,0.009082025844375438,0.0015343252805486316,True,test
2023-11-06,0.002297847915620259,0.001680184794624725,True,test
2023-11-07,0.00284199554427769,0.00158115109266179,True,test
2023-11-08,0.0007321314630716516,0.001611699832009648,True,test
2023-11-09,-0.007829319807058255,0.0015998061041386678,True,test
2023-11-10,0.01548430309641447,0.0014951723248320973,True,test
2023-11-13,-0.000953639754326823,0.0014943162782284272,True,test
2023-11-14,0.019214937613587866,0.0015134647327848614,True,test
2023-11-15,0.0021148073588667295,0.0017292260720295017,True,test
2023-11-16,0.00122238529807709,0.0016337196683572155,True,test
2023-11-17,0.0012430303845870662,0.0017050760127634255,True,test
2023-11-20,0.007668124752286348,0.0016667593164692305,True,test
2023-11-21,-0.0021817926592202913,0.0016644487506278973,True,test
2023-11-22,0.0038533997022272832,0.0016910897186581293,True,test
2023-11-24,0.0006151656456207858,0.0016769032944486794,True,test
2023-11-27,-0.0018025831074994956,0.001641134950784163,True,test
2023-11-28,0.0009896124396357015,0.0017268382751413165,True,test
2023-11-29,-0.0007036685470760853,0.001825073374366105,True,test
2023-11-30,0.003929728299914877,0.0019240872891477107,True,test
2023-12-01,0.005898459934950831,0.001841891475899876,True,test
2023-12-04,-0.005263235464555216,0.001865051631625504,True,test
2023-12-05,-0.00019708162213514347,0.0017938756301421176,True,test
2023-12-06,-0.004037918727864448,0.0018747774798937838,True,test
2023-12-07,0.007601436708841672,0.0018578821473131616,True,test
2023-12-08,0.004289938682770291,0.0018745396931054382,True,test
2023-12-11,0.003882020560905879,0.0017484468934011003,True,test
2023-12-12,0.004556834710761382,0.0017484468934011003,True,test
2023-12-13,0.013695899627010042,0.0017353166458994743,True,test
2023-12-14,0.003204233465814398,0.00200226735497026,True,test
2023-12-15,-0.0056940753497524595,0.0021089541261484906,True,test
2023-12-18,0.005609309688445641,0.002044434378716562,True,test
2023-12-19,0.0060624706430893955,0.0020471630742690634,True,test
2023-12-20,-0.013954179408550985,0.002070457086931471,True,test
2023-12-21,0.009437245558765753,0.002128322497990406,True,test
2023-12-22,0.0020076758121667965,0.002132087583069402,True,test
2023-12-26,0.004213637385105742,0.002147290609624015,True,test
2023-12-27,0.0018064529064549342,0.002197643720027823,True,test
2023-12-28,0.0003776598313376663,0.002264198589828543,True,test
2023-12-29,-0.0028991719525495417,0.002207807485188601,True,test
2024-01-02,-0.005612073647762583,0.0022342483231146777,True,test
2024-01-03,-0.008200218753116065,0.002123357243527837,True,test
2024-01-04,-0.003226278085188268,0.002117539166577185,True,test
2024-01-05,0.001368722711720566,0.0020649131470162367,True,test
2024-01-08,0.014174987030583994,0.002039964485012013,True,test
2024-01-09,-0.0015182214715403436,0.0020815706928085133,True,test
2024-01-10,0.005639492806995132,0.002085516120810332,True,test
2024-01-11,-0.0004407372315755655,0.002084041814391341,True,test
2024-01-12,0.0006924998916625722,0.0021833133031426213,True,test
2024-01-16,-0.0036779815254260047,0.002295277122503032,True,test
2024-01-17,-0.005574187544936197,0.0022064646295663964,True,test
2024-01-18,0.008853494233072969,0.0020959553294436504,True,test
2024-01-19,0.012389101331860433,0.0020943006801018337,True,test
2024-01-22,0.002112104827275948,0.0020539112047546536,True,test
2024-01-23,0.002912237082337803,0.0020767870877058878,True,test
2024-01-24,0.0010925624315369024,0.0021223961673697287,True,test
2024-01-25,0.005424155178897727,0.002092646030760018,True,test
2024-01-26,-0.0012712113489856446,0.0021554734721659355,True,test
2024-01-29,0.007888186936642857,0.002103227925631967,True,test
2024-01-30,-0.0007737525103342413,0.002152326646902263,True,test
2024-01-31,-0.016451914258144705,0.0020938251065251426,True,test
2024-02-01,0.013003243074726334,0.0021778935687218086,True,test
2024-02-02,0.010472351923623717,0.002286376572160722,True,test
2024-02-05,-0.0036478271713354265,0.0021299153760313515,True,test
2024-02-06,0.0028990992604667125,0.0020292270247266,True,test
2024-02-07,0.008305819554012096,0.002098092460368654,True,test
2024-02-08,0.0004415833108797068,0.002074380317995078,True,test
2024-02-09,0.005762791733809747,0.0020213361687229604,True,test
2024-02-12,-0.00043904531949477997,0.002003023973588868,True,test
2024-02-13,-0.013868781838918256,0.002024245207198287,True,test
2024-02-14,0.00904659527888467,0.001851126465276639,True,test
2024-02-15,0.0068760437671022455,0.0019252115052353523,True,test
2024-02-16,-0.004992421806456445,0.001925829765050676,True,test
2024-02-20,-0.0055206057201699224,0.0018546537635672896,True,test
2024-02-21,0.0009054231408219095,0.0018971160179674573,True,test
2024-02-22,0.02048425603665073,0.0018500900757501453,True,test
2024-02-23,0.00068942948791089,0.001814682417931277,True,test
2024-02-26,-0.003669253457560932,0.0018406674694619917,True,test
2024-02-27,0.0018560256034270653,0.0018099007305071172,True,test
2024-02-28,-0.0013225219478980774,0.0017974263995050059,True,test
2024-02-29,0.003588498464511727,0.0018527811146184566,True,test
2024-03-01,0.009344468082401325,0.0018548538936714425,True,test
2024-03-04,-0.0010729900314741514,0.002012426900396101,True,test
2024-03-05,-0.0100444113894327,0.0019437615948582005,True,test
2024-03-06,0.005054453726737115,0.0020136634200267475,True,test
2024-03-07,0.009877486355824644,0.002011352854185417,True,test
2024-03-08,-0.006020292976064564,0.0020552696278232476,True,test
2024-03-11,-0.0008602198798415472,0.00207399995266851,True,test
2024-03-12,0.010699925765846127,0.002044868075874122,True,test
2024-03-13,-0.0015687412440107565,0.0019830572368133674,True,test
2024-03-14,-0.0019787351992332034,0.0019518525809659928,True,test
2024-03-15,-0.009992521797621997,0.0018809143662709528,True,test
2024-03-18,0.005925564400416204,0.0018513445725840657,True,test
2024-03-19,0.005541759714507747,0.0018388702415819535,True,test
2024-03-20,0.009206790605195993,0.0018873507030369293,True,test
2024-03-21,0.0032992544416057122,0.001959800880835154,True,test
2024-03-22,-0.0018976059248372494,0.0019391781198597286,True,test
2024-03-25,-0.0027666301033714116,0.001972455554760089,True,test
2024-03-26,-0.001848720811659766,0.002016172198293767,True,test
2024-03-27,0.008368703582209678,0.0019984782629749983,True,test
2024-03-28,-0.00019111406020605603,0.0020188632371620774,True,test
2024-04-01,-0.0017413094278576045,0.0019820010601055453,True,test
2024-04-02,-0.006378400662397819,0.0017847779799467474,True,test
2024-04-03,0.0010978980906576894,0.0017954173186842176,True,test
2024-04-04,-0.012281197944720696,0.0018191294610577944,True,test
2024-04-05,0.010392697227312885,0.0018474250784298405,True,test
2024-04-08,0.0005591824618205978,0.0017691944803651556,True,test
2024-04-09,0.0011560955273918782,0.001726732225964987,True,test
2024-04-10,-0.010063585851018561,0.0017753930303427866,True,test
2024-04-11,0.007518550514969957,0.0015502665286755146,True,test
2024-04-12,-0.013899225274285687,0.0015841998800753907,True,test
2024-04-15,-0.012607265932115247,0.001627280394290882,True,test
2024-04-16,-0.0018254601741845044,0.0015644906095691555,True,test
2024-04-17,-0.005935821400641787,0.0015228844017726572,True,test
2024-04-18,-0.0020598541449591205,0.0015636543501468163,True,test
2024-04-19,-0.008766665273877018,0.0015141374991653493,True,test
2024-04-22,0.009166993946983032,0.0015280663494051227,True,test
2024-04-23,0.011796774271143656,0.0015280663494051227,True,test
2024-04-24,-0.0004747299655049409,0.001632119525580563,True,test
2024-04-25,-0.0038061567197108415,0.0015948966626783828,True,test
2024-04-26,0.009429315293021177,0.0015266494868516533,True,test
2024-04-29,0.003535214185462806,0.0015347404729594456,True,test
2024-04-30,-0.015968060924207314,0.0015295208686427857,True,test
2024-05-01,-0.0032524344116499487,0.0014602373032895624,True,test
2024-05-02,0.00930996529944333,0.0015857614208313808,True,test
2024-05-03,0.01231912958333033,0.001665266195210905,True,test
2024-05-06,0.010273860527033316,0.0017247664684303275,True,test
2024-05-07,0.0011028380684626946,0.0017214195130625014,True,test
2024-05-08,9.665733795148855e-05,0.0017284741096438008,True,test
2024-05-09,0.005745331819169011,0.0017037255777437319,True,test
2024-05-10,0.0012872960520189931,0.0017418044872495814,True,test
2024-05-13,0.00013428613231119228,0.0016710664026586951,True,test
2024-05-14,0.004577659496461211,0.0016918695065569443,True,test
2024-05-15,0.012306991279978533,0.0017324393248269497,True,test
2024-05-16,-0.0020596279688887354,0.0018141972211822835,True,test
2024-05-17,0.0014365015702952906,0.0017702804475444537,True,test
2024-05-20,0.0011514481474172668,0.001716818168561166,True,test
2024-05-21,0.0024495269806736565,0.0017266014606949686,True,test
2024-05-22,-0.0028834974288917308,0.0017272197205102915,True,test
2024-05-23,-0.0073310266367182745,0.001692668109295089,True,test
2024-05-24,0.006594642789596251,0.0016441876478401167,True,test
2024-05-28,0.0006985983143454546,0.0016240028037571895,True,test
2024-05-29,-0.007027184767931233,0.0016088374338867686,True,test
2024-05-30,-0.006655802363201398,0.0015778705648277413,True,test
2024-05-31,0.0090669202532969,0.0016240404604413814,True,test
2024-06-03,0.0008150207199744992,0.0016562815058152498,True,test
2024-06-04,0.0011172741940039222,0.001895914064513153,True,test
2024-06-05,0.011815027054442569,0.0019460491753099454,True,test
2024-06-06,-1.872156590881285e-05,0.0019870569104724492,True,test
2024-06-07,-0.001216396959663698,0.0019955660262914116,True,test
2024-06-10,0.0030849976419914907,0.0018495063821111655,True,test
2024-06-11,0.0024054217322930335,0.001845360824005192,True,test
2024-06-12,0.008179461827137285,0.0019048610972246137,True,test
2024-06-13,0.002011472906592374,0.0019693431879723496,True,test
2024-06-14,0.0006081975017191718,0.0020346813253237558,True,test
2024-06-17,0.007927421171589219,0.0020432102283240456,True,test
2024-06-18,0.002537473758677731,0.001962488721495204,True,test
2024-06-20,-0.0027202277819783596,0.0020248980331899523,True,test
2024-06-21,-0.0045624768099957755,0.0020074418846595284,True,test
2024-06-24,-0.0032559597055963445,0.0020049509758953725,True,test
2024-06-25,0.003843484859423134,0.0020005676310010543,True,test
2024-06-26,0.0012473040467964628,0.0020538495670615158,True,test
2024-06-27,0.0015752381681971572,0.0019883310867872886,True,test
2024-06-28,-0.003942869945335037,0.002000805417789399,True,test
2024-07-01,0.0020559795686297933,0.001984185528681315,True,test
2024-07-02,0.006707171463487453,0.001774756958571066,True,test
2024-07-03,0.004452672374999366,0.0018055434847072688,True,test
2024-07-05,0.00574993460235957,0.0018483664249530863,True,test
2024-07-08,0.0011532627469240334,0.0019522016015215094,True,test
2024-07-09,0.0009719702134054468,0.001938453094204558,True,test
2024-07-10,0.009846651925863915,0.0019313984976232594,True,test
2024-07-11,-0.008659969863070056,0.0019334712766762453,True,test
2024-07-12,0.006287712919899016,0.0020491625244314585,True,test
2024-07-15,0.0027463442535965747,0.002098061115597602,True,test
2024-07-16,0.005912633656968921,0.002102244330387768,True,test
2024-07-17,-0.014120368318038583,0.0021228096474976716,True,test
2024-07-18,-0.007714582945409498,0.0021332111994467953,True,test
2024-07-19,-0.006662727016045844,0.002089114082886141,True,test
2024-07-22,0.010257119582686927,0.0020558366479857797,True,test
2024-07-23,-0.0015697793341651323,0.0020429441872724993,True,test
2024-07-24,-0.022923257821525943,0.0021351412922611503,True,test
2024-07-25,-0.005223989215959486,0.002145182158364627,True,test
2024-07-26,0.011137446118047623,0.0021162306244930642,True,test
2024-07-29,0.0005876006791036112,0.0021628384369992053,True,test
2024-07-30,-0.005079347187582497,0.002163456696814529,True,test
2024-07-31,0.016123916227965614,0.0021773855470543025,True,test
2024-08-01,-0.014262163712746048,0.0022323221324565823,True,test
2024-08-02,-0.01879391883853948,0.0020780819262101223,True,test
2024-08-05,-0.029556211486463296,0.0023375796961697696,True,test
2024-08-06,0.009177326052492472,0.0023178327689793426,True,test
2024-08-07,-0.006706438943734617,0.002229180831784202,True,test
2024-08-08,0.022854205477053902,0.0022086155146742994,True,test
2024-08-09,0.0043999277257457175,0.002173027513932606,True,test
2024-08-12,0.0005252551924453704,0.0021713352079065973,True,test
2024-08-13,0.016311859783682058,0.0022104505069389397,True,test
2024-08-14,0.0031498234853460628,0.002285571936424145,True,test
2024-08-15,0.01699500662990351,0.0022932250056394397,True,test
2024-08-16,0.002239503597967925,0.0021677306785690973,True,test
2024-08-19,0.009515993731818054,0.0021870792632296835,True,test
2024-08-20,-0.0016274080484896213,0.00219267934057332,True,test
2024-08-21,0.0034306271319162495,0.0022598901268735547,True,test
2024-08-22,-0.007879458675625204,0.0023285554324114577,True,test
2024-08-23,0.010569301785965204,0.002253253660003427,True,test
2024-08-26,-0.0023866838456129227,0.0023427220694395776,True,test
2024-08-27,0.0013721560454702131,0.0023323205174904512,True,test
2024-08-28,-0.005822190304537772,0.0024037145185808557,True,test
2024-08-29,8.953171475672746e-05,0.002402678129054362,True,test
2024-08-30,0.009500739432925398,0.0023670901283126683,True,test
2024-09-03,-0.020793707331630266,0.002325483920516168,True,test
2024-09-04,-0.0020489111776035253,0.0017101478021949732,True,test
2024-09-05,-0.002435173948982236,0.0018297844779520036,True,test
2024-09-06,-0.016973352148319156,0.0018432951984806087,True,test
2024-09-09,0.011134003557898288,0.0019286180498107857,True,test
2024-09-10,0.0043462540822322504,0.0019119605040185082,True,test
2024-09-11,0.010206676803407814,0.0019989380046905036,True,test
2024-09-12,0.008388018582504528,0.001968351608658452,True,test
2024-09-13,0.0052091506870809165,0.001949003023997864,True,test
2024-09-16,0.0014757829283282722,0.002021613757537586,True,test
2024-09-17,0.0004085237096515261,0.002039069906068009,True,test
2024-09-18,-0.002970259928318526,0.0020138834572754425,True,test
2024-09-19,0.016920441150731776,0.001992462093561867,True,test
2024-09-20,-0.004792685833681076,0.0020080832498276507,True,test
2024-09-23,0.0024957530732319768,0.0020455438995181765,True,test
2024-09-24,0.0028572285574197773,0.002029722613148241,True,test
2024-09-25,-0.002207949104108439,0.0021031893932916285,True,test
2024-09-26,0.003956812826083578,0.002063037704732793,True,test
2024-09-27,-0.00145137093237895,0.0019974815677743733,True,test
2024-09-30,0.003999270284267758,0.0020459620292293474,True,test
2024-10-01,-0.008998843314137523,0.0019441996317139092,True,test
2024-10-02,0.00042196828437733976,0.0018669938801961017,True,test
2024-10-03,-0.0018298524197309597,0.0018455725164825305,True,test
2024-10-04,0.009046298016799974,0.0017787798598934614,True,test
2024-10-07,-0.00908155546442886,0.0015623626041493055,True,test
2024-10-08,0.009413104474973047,0.0015084624082735186,True,test
2024-10-09,0.006902569758639199,0.0015143002724055023,True,test
2024-10-10,-0.001751558623292343,0.001505353239694039,True,test
2024-10-11,0.0059703946311481515,0.0015116092335371919,True,test
2024-10-15,-0.007800018730859806,0.001540741110331578,True,test
2024-10-16,0.004336986109308254,0.001548413966728202,True,test
2024-10-17,8.58417457111971e-05,0.001573162498628271,True,test
2024-10-18,0.0038391931312019055,0.001532830467146611,True,test
2024-10-21,-0.0016435639908294927,0.0015432320190957348,True,test
2024-10-22,-0.0005312953642281611,0.0014637846885817325,True,test
2024-10-23,-0.009179382812641815,0.001450892227868452,True,test
2024-10-24,0.0021603320122126016,0.0014117769288361087,True,test
2024-10-25,-0.0003453607322924641,0.001419867914943902,True,test
2024-10-28,0.0030866226235923304,0.0013807526159115594,True,test
2024-10-29,0.0016170697000382715,0.0013682782849094481,True,test
2024-10-30,-0.00302985258422532,0.0013826252648603916,True,test
2024-10-31,-0.019797790881375572,0.0013565827694641533,True,test
2024-11-01,0.00421165053677275,0.0013432721790397027,True,test
2024-11-04,-0.0021562536207746716,0.0012934095713096885,True,test
2024-11-05,0.012019254145644384,0.0013370885581591744,True,test
2024-11-06,0.024561438046209704,0.0013260310897105334,True,test
2024-11-07,0.007702406032089402,0.001246982101726371,True,test
2024-11-08,0.004322367453619879,0.0013046097259969613,True,test
2024-11-12,-0.0031112302807517547,0.0012737657559952357,True,test
2024-11-13,0.0004856887278553604,0.0011903532102980835,True,test
2024-11-14,-0.006450921838880147,0.0012424184139092284,True,test
2024-11-15,-0.012891325577101638,0.001182880484005614,True,test
2024-11-18,0.004088981528469609,0.0012059941537451964,True,test
2024-11-19,0.003648802650900327,0.001223269959352795,True,test
2024-11-20,0.0003387740701419968,0.001245109452777538,True,test
2024-11-21,0.005353945004731207,0.0012030851152698696,True,test
2024-11-22,0.0030946170222222015,0.0011729168489489888,True,test
2024-11-25,0.003386343115840129,0.0011468941407340796,True,test
2024-11-26,0.005207902033243618,0.0013137371016312474,True,test
2024-11-27,-0.0030346627838302746,0.001308137024287611,True,test
2024-11-29,0.00619284918482512,0.0013320492967653398,True,test
2024-12-02,0.0017908063224980327,0.001393004089222426,True,test
2024-12-03,0.0004637002034376687,0.0009993912474114929,True,test
2024-12-04,0.006190335088049891,0.0009977365980696762,True,test
2024-12-05,-0.0016470127648157316,0.0010418337146303322,True,test
2024-12-06,0.0018938710475220276,0.001022685260073898,True,test
2024-12-09,-0.005162948743187375,0.0010666020337117312,True,test
2024-12-10,-0.003113933866162911,0.0010333245988113698,True,test
2024-12-11,0.007700919095089764,0.0010150124036772757,True,test
2024-12-12,-0.00516593096615969,0.0010083759368071463,True,test
2024-12-13,-0.00019857863819705597,0.0009690802948519803,True,test
2024-12-16,0.004260875240226695,0.000900214859209927,True,test
2024-12-17,-0.004128552435420416,0.0009012512487364191,True,test
2024-12-18,-0.030256637667440828,0.0009076875855023956,True,test
2024-12-19,-0.0003071593026207189,0.0008086538835394598,True,test
2024-12-20,0.008579451781121527,0.0008220219178294323,True,test
2024-12-23,0.00597043186718211,0.0008384614640146943,True,test
2024-12-24,0.011053692268884356,0.000833697646093398,True,test
2024-12-26,6.658528242378701e-05,0.0008505355348084973,True,test
2024-12-27,-0.010582314487253603,0.0008397158531482027,True,test
2024-12-30,-0.011477250763649458,0.0008262051326195993,True,test
2024-12-31,-0.0036446495858981865,0.0008915432699710011,True,test
2025-01-02,-0.0024600299449544388,0.0008815598477330475,True,test
2025-01-03,0.012425894234247573,0.0008885274186714955,True,test
2025-01-06,0.00574404751460413,0.0008598136715882777,True,test
2025-01-07,-0.011368428798641033,0.0008577408925352901,True,test
2025-01-08,0.0014599285435674945,0.0008263558937650927,True,test
2025-01-10,-0.015385182101261236,0.0008425953098461984,True,test
2025-01-13,0.0015492556723576232,0.0007347949180946255,True,test
2025-01-14,0.0013750458193974,0.000727740321513327,True,test
2025-01-15,0.018026525514547472,0.000756872198307714,True,test
2025-01-16,-0.001925018081736614,0.0008629604968519501,True,test
2025-01-17,0.009989828092638322,0.0009006212766466278,True,test
2025-01-21,0.009111897132251471,0.000863160626956102,True,test
2025-01-22,0.0056057074520837295,0.0008485758602168121,True,test
2025-01-23,0.0054432378568486876,0.0008529394179298019,True,test
2025-01-24,-0.002923546640516025,0.0008477574702973347,True,test
2025-01-27,-0.014246395022121112,0.0008685605741955856,True,test
2025-01-28,0.008555691577218085,0.0009675942761585197,True,test
2025-01-29,-0.004493010193278008,0.0009467911722602705,True,test
2025-01-30,0.005352758414401837,0.0009280608474150072,True,test
2025-01-31,-0.005336125785463275,0.0009592655032623818,True,test
2025-02-03,-0.006752312190203094,0.0009155865164128967,True,test
2025-02-04,0.0066858814388869895,0.0009157831298896549,True,test
2025-02-05,0.004046342844649405,0.0009646817210557982,True,test
2025-02-06,0.0034695900439601513,0.0010139607852489205,True,test
2025-02-07,-0.009195713292096888,0.0009769182652695648,True,test
2025-02-10,0.006768254750559075,0.0008953604990183822,True,test
2025-02-11,0.0007602664193542381,0.000902652882388028,True,test
2025-02-12,-0.003226710229439137,0.0008876876426217599,True,test
2025-02-13,0.010502194965520788,0.0008163312982155508,True,test
2025-02-14,-4.915126231891812e-05,0.0008760119143577968,True,test
2025-02-18,0.0029315328583930616,0.000923037856575108,True,test
2025-02-19,0.002352139176774632,0.0008916330706235796,True,test
2025-02-20,-0.004169002936971839,0.0008980891945708854,True,test
2025-02-21,-0.01725206774810884,0.0008987074543862091,True,test
2025-02-24,-0.004560807159101966,0.0009863032148735257,True,test
2025-02-25,-0.004985585395593816,0.0010470578772264565,True,test
2025-02-26,0.0005046986109214692,0.0011086309294988657,True,test
2025-02-27,-0.01609066754142619,0.0011300522932124403,True,test
2025-02-28,0.015484998634637115,0.0011046855014970468,True,test
2025-03-03,-0.017675188339395635,0.0011723342046897835,True,test
2025-03-04,-0.01190752573646592,0.0012201072150377652,True,test
2025-03-05,0.010690515460946317,0.0012138888778788059,True,test
2025-03-06,-0.01791057405732893,0.0011895386885085778,True,test
2025-03-07,0.0055892137246351834,0.001211615968721668,True,test
2025-03-10,-0.026996739968135883,0.00117542949534598,True,test
2025-03-11,-0.008347624254402936,0.001271972288544758,True,test
2025-03-12,0.005292510968269806,0.001208964504216016,True,test
2025-03-13,-0.013420140983913241,0.0011467355354440921,True,test
2025-03-14,0.020445350796967156,0.0012050190762141972,True,test
2025-03-17,0.007681773006130907,0.0011384067625479525,True,test
2025-03-18,-0.010867271727039338,0.0011059279303857394,True,test
2025-03-19,0.010831972628518661,0.0011267310342839894,True,test
2025-03-20,-0.002895968288907007,0.0011752114957389627,True,test
2025-03-21,-0.0026738394192555807,0.0012137085349559831,True,test
2025-03-24,0.017750033954183515,0.0012120736727954957,True,test
2025-03-25,0.0024009699512088666,0.0011190581778873663,True,test
2025-03-26,-0.01201009991267193,0.0011921068283195857,True,test
2025-03-27,-0.0026592418520149856,0.0011692309453683516,True,test
2025-03-28,-0.02034386930652222,0.00117050512168319,True,test
2025-03-31,0.00669038241901932,0.0012443721620348852,True,test
2025-04-01,0.002820445433097604,0.0012410449938483892,True,test
2025-04-02,0.006308471212191712,0.0012301430453262176,True,test
2025-04-03,-0.050536545216391456,0.0011895732270562113,True,test
2025-04-04,-0.06032657327600828,0.0013515313886532476,True,test
2025-04-07,-0.0017827667365008367,0.0013723542797328251,True,test
2025-04-08,-0.015786739086371803,0.0012910917441355126,True,test
2025-04-09,0.09986280254486124,0.001303403601717662,True,test
2025-04-10,-0.0448080503743717,0.0011028274195247728,True,test
2025-04-11,0.017685502670261567,0.0011746197631450155,True,test
2025-04-14,0.00965469391169509,0.0010713830592105852,True,test
2025-04-15,-0.0028048086018717766,0.0011941289035470961,True,test
2025-04-16,-0.02247879816180625,0.0011972380721265758,True,test
2025-04-17,0.001425760957615131,0.001264030728715644,True,test
2025-04-21,-0.024090541109631346,0.0012213881313926519,True,test
2025-04-22,0.025685034693621645,0.0012593243546598696,True,test
2025-04-23,0.015376634359514635,0.0012584683080562003,True,test
2025-04-24,0.020830464913471305,0.0012301152468186306,True,test
2025-04-25,0.007199346060805608,0.0012758670127211024,True,test
2025-04-28,0.00038123077268862877,0.0013120534860967888,True,test
2025-04-29,0.006279655066741137,0.0013763552339217003,True,test
2025-04-30,0.0003967510937655479,0.0013967402081087803,True,test
2025-05-01,0.007061947672627353,0.0014257115291616738,True,test
2025-05-02,0.014735101628145874,0.0014412881777745796,True,test
2025-05-05,-0.005750854045354971,0.001323704493889205,True,test
2025-05-06,-0.008393491343563316,0.0013181044165455694,True,test
2025-05-07,0.00419668743173332,0.0013611849307610608,True,test
2025-05-08,0.006943622908376454,0.0013653304888670342,True,test
2025-05-09,-0.001274961546111479,0.00125649370758897,True,test
2025-05-12,0.03251306246206715,0.0012752240324342325,True,test
2025-05-13,0.006582239240497496,0.0011907176533450647,True,test
2025-05-14,0.0012772154452027908,0.0011491114455485663,True,test
2025-05-15,0.00487245987223399,0.0011218522177030114,True,test
2025-05-16,0.006314052220422412,0.0012069570694261712,True,test
2025-05-19,0.0010932483080018517,0.0011927904323980523,True,test
2025-05-20,-0.003367857156913426,0.0011940646087128907,True,test
2025-05-21,-0.016994379563572647,0.0011969736471882158,True,test
2025-05-22,0.00039459926151677404,0.0011510415383629204,True,test
2025-05-23,-0.006849177458516927,0.0011502052789405812,True,test
2025-05-27,0.020577416645726487,0.001150823538755904,True,test
2025-05-28,-0.005802208072010942,0.0012439995894055287,True,test
2025-05-29,0.003939632847248321,0.0012048842903731854,True,test
2025-05-30,-0.0011191297769231792,0.0012514723156979981,True,test
2025-06-02,0.005617149058231328,0.0012741678557264087,True,test
2025-06-03,0.005686429764165146,0.0012898513609026193,True,test
2025-06-04,-0.0002685092163333994,0.0012785937623498254,True,test
2025-06-05,-0.0048445063209598994,0.0013746986386561034,True,test
2025-06-06,0.010216626235265189,0.0013322363842559358,True,test
2025-06-09,0.0009008492693849346,0.0012184177854495564,True,test
2025-06-10,0.00565371885186638,0.0012510769605345957,True,test
2025-06-11,-0.0028561537379599026,0.0012556406483517375,True,test
2025-06-12,0.0039664724564183835,0.001319942396176649,True,test
2025-06-13,-0.011243091574180354,0.0013650759022637961,True,test
2025-06-16,0.009469250387736591,0.0012987211625672289,True,test
2025-06-17,-0.008581823000128084,0.0012866649612762885,True,test
2025-06-18,-0.00015067634040682423,0.0013220151752296348,True,test
2025-06-20,-0.005303226372552535,0.0013155788384636592,True,test
2025-06-23,0.009829026584035939,0.0013555303969183408,True,test
2025-06-24,0.010986670773378289,0.0014133760207959475,True,test
2025-06-25,0.0005601216284098168,0.0014993171319414482,True,test
2025-06-26,0.007793376614487851,0.0015072277751264152,True,test
2025-06-27,0.004956038292762487,0.0015453066846322647,True,test
2025-06-30,0.004769798075326805,0.0015165929375490468,True,test
2025-07-01,-0.0003236765254887332,0.001541103682660771,True,test
2025-07-02,0.004523047384945118,0.0015270234490201142,True,test
2025-07-03,0.007850503872320804,0.0015278597084424535,True,test
2025-07-07,-0.007479905352460058,0.0014364988628761408,True,test
2025-07-08,-0.0005478812967819988,0.0014026229553417858,True,test
2025-07-09,0.005978755562775531,0.0014005501762888,True,test
2025-07-10,0.002816287838894747,0.001441320124662959,True,test
2025-07-11,-0.00352160083939128,0.0014477564614289364,True,test
2025-07-14,0.001906398931130222,0.0013970228779981502,True,test
2025-07-15,-0.0042824282681121675,0.0013945319692339935,True,test
2025-07-16,0.0033376520588141207,0.0013479241567278515,True,test
2025-07-17,0.006101000318943925,0.0014101531254997763,True,test
2025-07-18,-0.0007326435702887922,0.0013860030662337002,True,test
2025-07-21,0.00189438096485408,0.0014122259045527621,True,test
2025-07-22,0.00014307200069432695,0.0014465397289796164,True,test
2025-07-23,0.00847153140570549,0.0014683792224043602,True,test
2025-07-24,0.00033100421495464624,0.0014213532801870482,True,test
2025-07-25,0.004215422064666547,0.001397621350632143,True,test
2025-07-28,-0.00025112735570457557,0.001398239610447466,True,test
2025-07-29,-0.0026410841631859436,0.00139616683139448,True,test
2025-07-30,-0.0012601012488224184,0.0014487928509554285,True,test
2025-07-31,-0.0037582825821688677,0.0013722169022325576,True,test
2025-08-01,-0.016526211959548707,0.001378235109287364,True,test
2025-08-04,0.015085429316188507,0.0013710993700882723,True,test
2025-08-05,-0.005082864835385939,0.0013746266683789228,True,test
2025-08-06,0.007630508716870996,0.0013515129986393405,True,test
2025-08-07,-0.0008379711399972514,0.001372135759614766,True,test
2025-08-08,0.007767293178963315,0.001345494791584534,True,test
2025-08-11,-0.0019794363383848048,0.0013038885837880348,True,test
2025-08-12,0.010589754305315703,0.0013088704013163475,True,test
2025-08-13,0.0034172856347253642,0.0013417673631897307,True,test
2025-08-14,9.303100754794766e-05,0.0013987569404636671,True,test
2025-08-15,-0.00234402694812558,0.00132801885587278,True,test
2025-08-18,-0.00021762694880514852,0.0013194899528724885,True,test
2025-08-19,-0.005439905979530282,0.0012972323297365754,True,test
2025-08-20,-0.002660594141413219,0.0013176173039236554,True,test
2025-08-21,-0.00401991278672533,0.0013230370383444674,True,test
2025-08-22,0.015240071172988175,0.0012745565768894941,True,test
2025-08-25,-0.0044107402347726265,0.001382337181459737,True,test
2025-08-26,0.00417822895106309,0.0013409113165860622,True,test
2025-08-27,0.0022759618790200126,0.001442911500889845,True,test
2025-08-28,0.003535147904431349,0.0014587327872597816,True,test
2025-08-29,-0.0059816019593900045,0.0014376918965731868,True,test
2025-09-02,-0.007437821352793993,0.001452296450493806,True,test
2025-09-03,0.005404909812382553,0.001026706884937805,True,test
2025-09-04,0.008322689229362856,0.0010872237605023902,True,test
2025-09-05,-0.0029004384924315968,0.0011061542154518064,True,test
2025-09-08,0.002453613839030314,0.0011933120590466254,True,test
2025-09-09,0.0023091853614310527,0.0012222061490526652,True,test
2025-09-10,0.0028866770032759895,0.0011747620771241857,True,test
2025-09-11,0.008275840916968756,0.0011789076352301591,True,test
2025-09-12,-0.0003346388611921077,0.0012032380374190589,True,test
2025-09-15,0.005309800906971289,0.0011705590751526903,True,test
2025-09-16,-0.001377797589516437,0.0011953076070527601,True,test
2025-09-17,-0.0012432078024016183,0.0012219485750829921,True,test
2025-09-18,0.0046616156037629225,0.001208019724843217,True,test
2025-09-19,0.0021720157224394744,0.0011609937826259058,True,test
2025-09-22,0.0047199188082894,0.0011578846140464262,True,test
2025-09-23,-0.005458462106667478,0.0011218784835935617,True,test
2025-09-24,-0.003186637835817156,0.001194927134025782,True,test
2025-09-25,-0.004624179680054175,0.0011558118349934404,True,test
2025-09-26,0.005712728978095451,0.001090673827746187,True,test
2025-09-29,0.0028064678572210437,0.0011029480286441464,True,test
2025-09-30,0.0037597987345357456,0.0011106208850407686,True,test
2025-10-01,0.003401724390952921,0.0011302072564897013,True,test
2025-10-02,0.0011511936291651499,0.0011150432302785692,True,test
2025-10-03,-1.4866269470055505e-05,0.0011196069180957119,True,test
2025-10-06,0.0035798480464479415,0.00109338407977665,True,test
2025-10-07,-0.003714384154067093,0.001071962716063077,True,test
2025-10-08,0.0059453328345677615,0.001099221943908631,True,test
2025-10-09,-0.00290122316948787,0.0010884022622483372,True,test
2025-10-10,-0.027399732020099574,0.0010661446391124233,True,test
2025-10-14,-0.0012223889242512932,0.001142920717939447,True,test
2025-10-15,0.004429723263551478,0.0011849450554471163,True,test
2025-10-16,-0.006833537080165666,0.0011716146778413348,True,test
2025-10-17,0.005660264188947027,0.0012546467505115087,True,test
2025-10-20,0.010346764260710732,0.0012072026785830275,True,test
2025-10-21,-1.491112831167144e-05,0.0012142572751643278,True,test
2025-10-22,-0.005212492402144877,0.0012281861254041012,True,test
2025-10-23,0.005912439182597331,0.0012242406974022823,True,test
2025-10-24,0.008139332552524787,0.0011994723783208842,True,test
2025-10-27,0.011728646645659485,0.0012009268975585463,True,test
2025-10-28,0.0026524934890284567,0.0012069451046133528,True,test
2025-10-29,0.0004802169496959799,0.0012134012285606567,True,test
2025-10-30,-0.011059045996237981,0.001101655408807265,True,test
2025-10-31,0.0032748348805325895,0.0010723431890900534,True,test
2025-11-03,0.0018749518807334039,0.001069253807691903,True,test
2025-11-04,-0.011924410043879145,0.0012169433199412183,True,test
2025-11-05,0.003459483414779496,0.0012362919046018045,True,test
2025-11-06,-0.01078736388196981,0.0011871931833315075,True,test
2025-11-07,0.0009840946162027228,0.0012446206774979424,True,test
2025-11-10,0.015483826837869972,0.0012558782760507363,True,test
2025-11-12,0.0005562213897330497,0.0012306918272581681,True,test
2025-11-13,-0.01673325109478097,0.0012496222822075843,True,test
2025-11-14,-0.0001636723352538552,0.0012228009712545286,True,test
2025-11-17,-0.009360130957200695,0.0011822311529845232,True,test
2025-11-18,-0.008432960886635697,0.0012019978673562803,True,test
2025-11-19,0.003855706707772104,0.001216782764199724,True,test
2025-11-20,-0.015359612345631516,0.0012157463746732301,True,test
2025-11-21,0.00991194139257471,0.001244460121756448,True,test
2025-11-24,0.01461126057310228,0.0012810845120246354,True,test
2025-11-25,0.0093619869830687,0.0013349649207190914,True,test
2025-11-26,0.006879739399945471,0.0013686604853306219,True,test
2025-11-28,0.0054436398928495635,0.0013534574587760083,True,test
2025-12-01,-0.004575921392619874,0.00133265435487776,True,test
2025-12-02,0.0018505067998367275,0.000833892637810908,True,test
2025-12-03,0.0034567936981231085,0.0008669699426071156,True,test
2025-12-04,0.0007308445808603122,0.0008863185272677027,True,test
2025-12-05,0.0018976821307942363,0.0008555320011314981,True,test
2025-12-08,-0.0030087913732970207,0.0008199440003898058,True,test
2025-12-09,-0.0008634518932949255,0.0008099605781518504,True,test
2025-12-10,0.006610262351014068,0.0007714635389348304,True,test
2025-12-11,0.0023242969879420975,0.0008347288972332481,True,test
2025-12-12,-0.010810246103951131,0.0008598955588444879,True,test
2025-12-15,-0.0015119810060782233,0.0008472408849195521,True,test
2025-12-16,-0.0027360790604627236,0.0008551515281045208,True,test
2025-12-17,-0.011064523100348975,0.0008838652751877382,True,test
2025-12-18,0.00752293651221648,0.0008734637232386132,True,test
2025-12-19,0.006072051078881572,0.0009057047686124808,True,test
2025-12-22,0.006210548734107755,0.000887810703189558,True,test
2025-12-23,0.004560071413091677,0.0009242349633535908,True,test
2025-12-24,0.003511449061324125,0.0008907197416648848,True,test
2025-12-26,-0.00010140918548689622,0.0009056849814311515,True,test
2025-12-29,-0.0035700131092760113,0.0009111047158519643,True,test
2025-12-30,-0.0012218930418649832,0.0009200517485634246,True,test
2025-12-31,-0.0074365385229543625,0.0009204698782745956,True,test
2026-01-02,0.0018313816388204516,0.0009050667216158287,True,test
2026-01-05,0.0066380302639303425,0.0009285225714417405,True,test
2026-01-06,0.005929612162752057,0.000937469604153203,True,test
2026-01-07,-0.0032286065226963673,0.0009295589609682343,True,test
2026-01-08,-0.00010152683713991636,0.0009351590383118707,True,test
2026-01-09,0.006591615971639491,0.0009122831553606339,True,test
2026-01-12,0.0015691657382673743,0.0008739664590664388,True,test
2026-01-13,-0.0020014746381922994,0.000872930069539945,True,test
2026-01-14,-0.0049273421816183926,0.0008858225302532273,True,test
2026-01-15,0.002719522746548074,0.0009101529324421261,True,test
2026-01-16,-0.0008382356227388815,0.000868727067568451,True,test
2026-01-20,-0.0205668143829452,0.0008383586711434169,True,test
2026-01-21,0.011474992875157984,0.0008177933540335133,True,test
2026-01-22,0.005209569607412369,0.0008294116384319544,True,test
2026-01-23,0.0003627894295177114,0.0008275192023017922,True,test
2026-01-26,0.005065280590233361,0.0008339753262490979,True,test
2026-01-27,0.0039763343857141765,0.0008735087549926099,True,test
2026-01-28,-0.00010066406256274772,0.0008995314632075186,True,test
2026-01-29,-0.0019863909365824294,0.0008668722881224806,True,test
2026-01-30,-0.0029870043360058817,0.000894549645679206,True,test
2026-02-02,0.004959001326611542,0.0009043329378130068,True,test
2026-02-03,-0.008491312500297705,0.0009274372345487412,True,test
2026-02-04,-0.004855687699421416,0.0009234918065469215,True,test
2026-02-05,-0.012567909230256104,0.0009199645082562718,True,test
2026-02-06,0.019003086155680936,0.0010144345224020633,True,test
2026-02-09,0.004810191601779549,0.0009902844631359889,True,test
2026-02-10,-0.0026405854589145986,0.0010115056967454081,True,test
2026-02-11,-0.0002311617005785411,0.0010408377036439488,True,test
2026-02-12,-0.015569450219435094,0.0009707178788683868,True,test
2026-02-13,0.000704289712127912,0.0010243802879558268,True,test
2026-02-17,0.0016121586455497016,0.0010851547374900886,True,test
2026-02-18,0.005025066533240799,0.0010610046782240125,True,test
2026-02-19,-0.002640849544883039,0.0010268711967199836,True,test
2026-02-20,0.0072057612537329814,0.0010254166774823189,True,test
2026-02-23,-0.010263795238652704,0.0010135606062955322,True,test
2026-02-24,0.007242225023629262,0.0010556047309845306,True,test
2026-02-25,0.008402872807973,0.0010545683414580377,True,test
2026-02-26,-0.005569889023997671,0.0010348016270862806,True,test
2026-02-27,-0.004813536057942257,0.0010610244654053426,True,test
2026-03-02,0.0005683812096226561,0.0010912125189075526,True,test
2026-03-03,-0.008853417643345903,0.0010359312438869197,True,test
2026-03-04,0.007030608714199032,0.000997434204669901,True,test
2026-03-05,-0.0055911964945084035,0.0009761931838791517,True,test
2026-03-06,-0.01319374775611999,0.0009389703209769719,True,test
2026-03-09,0.008721803397824652,0.0009487536131107736,True,test
2026-03-10,-0.001608361917633397,0.0009443900553977838,True,test
2026-03-11,-0.001255957756553449,0.0009344066331598284,True,test
2026-03-12,-0.015301394970667648,0.000845195797693354,True,test
2026-03-13,-0.005676259604792652,0.0007265955114628166,True,test
2026-03-16,0.010125452659838764,0.0007561455179683732,True,test
2026-03-17,0.0026271435462890255,0.0008031714601856844,True,test
2026-03-18,-0.014051942731962164,0.000806280628765164,True,test
2026-03-19,-0.002467406483166276,0.000735104627281778,True,test
2026-03-20,-0.017166789666016723,0.0007080455295403764,True,test
2026-03-23,0.010445276906504148,0.0006142314318941001,True,test
2026-03-24,-0.0033624966130463346,0.0006662391916397235,True,test
2026-03-25,0.005557288574735996,0.000605464742105463,True,test
2026-03-26,-0.018020135919566853,0.0006653831450360546,True,test
2026-03-27,-0.01719894102480063,0.0005511464165185069,True,test
2026-03-30,-0.003349064243429706,0.0006115403930257906,True,test
2026-03-31,0.028653466042465783,0.0006745679645358627,True,test
2026-04-01,0.00750622148232205,0.0007078453994362236,True,test
2026-04-02,0.0009000692442135715,0.0006503689270955615,True,test
2026-04-06,0.004715661120724013,0.0006736629397579665,True,test
2026-04-07,0.0004399773016391101,0.0006336915941219544,True,test
2026-04-08,0.025150609779818547,0.0006503689270955615,True,test
2026-04-09,0.005752513692051993,0.00067822662757511,True,test
2026-04-10,-0.0006619995879319516,0.0006875917899977417,True,test
2026-04-13,0.009724956729963633,0.0006599144324410159,True,test
2026-04-14,0.012111242670247968,0.0006890463092354047,True,test
2026-04-15,0.0078600237887659,0.0007169040097149528,True,test
2026-04-16,0.002454297369362188,0.0007162857498996299,True,test
2026-04-17,0.012013236382059651,0.0006894644389465747,True,test
2026-04-20,-0.0020016695574076216,0.000758748004299798,True,test
2026-04-21,-0.006568474427903533,0.0007493828418771659,True,test
2026-04-22,0.01007576539985774,0.0006940281267637173,True,test
2026-04-23,-0.0038882734971482065,0.0006871538731052424,True,test
2026-04-24,0.007719426373887486,0.0006480385740728982,True,test
2026-04-27,0.0017213241598695744,0.0006929917372372235,True,test
2026-04-28,-0.004877826001792575,0.000688846179131251,True,test
2026-04-29,-0.0001545530367001282,0.0006316188150689685,True,test
2026-04-30,0.009900455774975739,0.0005529700872931127,True,test
2026-05-01,0.002765286895853703,0.0005900126072724693,True,test
2026-05-04,-0.003670106278149628,0.0005806331435210454,True,test
2026-05-05,0.007990179213504577,0.0005088586694036654,True,test
2026-05-06,0.013803728106156042,0.0005396254083585407,True,test
2026-05-07,-0.0030708152880456166,0.0006005802008156253,True,test
2026-05-08,0.008222178062143842,0.0005510633498341582,True,test
2026-05-11,0.0022749958288905154,0.0005729028432589012,True,test
2026-05-12,-0.0015160886733100647,0.0005219314730397703,True,test
2026-05-13,0.005579255007885031,0.00046846919405648356,True,test
2026-05-14,0.007863259651000725,0.0004871995189017469,True,test
2026-05-15,-0.012102290069018232,0.0004773964395866151,True,test
2026-05-18,-0.0007036831481133525,0.00038067330346501244,True,test
2026-05-19,-0.00668314190839915,0.0004048035755497576,True,test
2026-05-20,0.010196863400443316,0.00034737608138332276,True,test
2026-05-21,0.0019811333287531405,0.00043704462092362603,True,test
2026-05-22,0.003923846005811892,0.00039958397123310025,True,test
2026-05-26,0.006616670069624135,0.0003587763661747484,True,test
2026-05-27,-0.00017321858553491748,0.00047986756116944265,True,test
2026-05-28,0.005501394045972513,0.0004888145938809043,True,test
2026-05-29,0.002488294342467694,0.0005012889248830147,True,test
2026-06-01,0.00271943457453536,0.0005106540873056472,True,test
2026-06-02,0.0013569892364500282,0.000678587291723062,True,test
2026-06-03,-0.0070418865298849664,0.0006796236812495549,True,test
2026-06-04,0.003771565399054162,0.0006484190254021803,True,test
2026-06-05,-0.026148306223911042,0.000678587291723062,True,test
2026-06-08,0.0022616706310962516,0.0005653869527320055,True,test
2026-06-09,-0.002939820675094705,0.0005805899792866191,True,test
2026-06-10,-0.015891143541041916,0.0005999385639472062,True,test
2026-06-11,0.016854009305021588,0.0005978657848942194,True,test
2026-06-12,0.005393677475677045,0.0006781691620118919,True,test
2026-06-15,0.017480321802260602,0.0006425811612701983,True,test
2026-06-16,-0.005979448438013994,0.0006623478756419537,True,test
2026-06-17,-0.012566460148428235,0.0006802419410648778,True,test
2026-06-18,0.007770380179555653,0.0005460007113872265,True,test
2026-06-22,-0.0031519418478261887,0.000555984133625181,True,test
2026-06-23,-0.014628429664887565,0.0005039763738795573,True,test
2026-06-24,-0.00046362452088405214,0.0005799340627871035,True,test
2026-06-25,0.001444591300819105,0.0006335964718745439,True,test
2026-06-26,-0.007257646736180781,0.0006483813687179875,True,test
2026-06-29,0.016340624198741247,0.000664202655087924,True,test
2026-06-30,0.007756640320927922,0.0006385980765841858,True,test
2026-07-01,-0.0013534198977212118,0.0005999009072630134,True,test
2026-07-02,-0.0013149336271025228,0.00056516895312499,True,test
2026-07-06,0.008689545400113111,0.0005922280508663912,True,test
2026-07-07,-0.004763225841268043,0.000597647785287204,True,test
2026-07-08,-0.003094211852910556,0.0005366929928301168,True,test
2026-07-09,0.008429620706500477,0.0005144353696942047,True,test
2026-07-10,0.0043008975551764635,0.0005633339608603497,True,test
2026-07-13,-0.007685633815530019,0.000509453552165892,True,test
2026-07-14,0.003544353050495003,0.00046139122042208793,True,test
2026-07-15,0.003955801420061879,0.0005304944428524867,True,test
2026-07-16,-0.005433351714810402,0.0005804294235451247,True,test
2026-07-17,-0.009946458438716834,0.0005527520659883997,True,test
2026-07-20,-0.0016156827599172103,0.0005360945201961237,True,test
2026-07-21,0.00830671283160697,0.0004978352677674496,True,test
